5.824654888301960733237266510770224603675724763394113684846427245357421899543619185441081942584781237036098062630999557106890678616340019027798300893645790181718937058003543568071977269431876 -46.47276273542268566617222648912261380627912328281129410486055760165769801427833374411396979191112787712976201581494228197370446689521907517097343292728122143951435434510286475416026684237651
-5.824654888301960733237266510770224603675724763394113684846427245357421899543619185441081981639257410040250351920554140277029814513449675728097556251492836917420680515987564136339251242363718 -46.47276273542268566617222648912261380627912328281129410486055760165769801427833374411396946896814243141485631515039702654009769643766674935211944569292859140102278263018799595200439885986825
9.198935951919077155026967750491469256696323327909679467585500993512000204640010737002962442026889216768631461270275731476121294127077198345202464172808220111090739278956869199603820267988408e-79 -47.22924127996815827934326325968478391961616413699408730911687378582080144926313957773744585987027907366996494131090958632122704545083501621698915103382859390677950610843534373716179293127519
-1.396487688468971493511439553500689473371187123928678221090970580322242583224867095461373648339250885942520195868367787321545924821694217685565129724565665613332682557507207701223768447285825e-76 -46.89877910087773374592866270806040594288590554301179757545115809197141631303046193028499258435876477037179583631789332699021267235209184119916669632482826091980868022096271317210295306428643
8.577370599430744080963203221252099705113781454549996918516225425876006677283462737521592984800427643629987188494076526726319780876055756436565911199561947394710929714690598146198219220727665e-75 -46.58761337786761530143011512470929424469049410682522856887246614989915531564423764092893411885032627405399984481484160812974102815491403927006004740050082267823675920946757794113997989942133
-3.128469467270886336017972455355188953386031790134959559695019614300026492825243312164068791176439421200797607901488400036539460310966769777714468901050796689613216531417399329811337959158833e-73 -46.28562637047023720456945281014644053124711666378248686280056145397536278870078846624163258803996061632384390151689685089662469344849936925328772451172226377258633160949345374730908531330731
7.894803150401200622378996973635335801189560116376211916870420888652583517315297398407654731003249197047610381796812303845275717538902964791330696699347452366379613297177348797095223749794142e-72 -45.98922148882169153086268544161355104627389292796406933671867510668079342211434883114588239481915598957662844427530621291766074759125788090596531316538981239428171840053127426322147681434345
-1.494439234050864383387615402636867416110171908947022472404287181592059250366547243831220745805561916243044363476641957736108281447166867276704603129554052586398675317379192832125369882222263e-70 -45.69666521117815640478401606574777932538515875417459613721910867128271166575704378378459084140505166938991658667713324504661082629262119710115508171711728938686543652509725189831014370349833
5.834909435174927520119579548102135464563171828893957113228371126723010890239363462902762857055286614363808463666320047863230410168112836978756212078223117895311225821182663250003335169910109 -43.93153180741693666740651697488717107240073948391935063371695679543430824641914106007940002373541625412240178026845467790867014398480052705784955972847267789864316922178203255362121249353848
-5.834909435174927520119579548102135464563171828893957113228371126723010890239363462874885554563579848042207726774041777616455364084119264764069085092711904332502301958773101561008616862575168 -43.93153180741693666740651697488717107240073948391935063371695679543430824641914105988009589306117795579421224219982826863391357996272520518262497507901797671781657734175235728490017885001828
2.22884449641077739836326129680873936747460861498071945609623200621802280534856509228659968464017836576815184613496697880880901728174489768331264848674332709284471597211207378407092543403753e-69 -45.40699444826058769603518535531859651799195499114785710149883832332744708718085166598909714718093471478886487418984595810904207878869625215810279895856137530382512030141680306602640457529107
-2.705161531664931083658529660427936127230775493515695570879322112462816453927106421260894912795668579466549989729962965863264253765397830557408609347168612131631757732314119198836473036176755e-68 -45.11963818425285320910946677430951400237155128871821121914789447731270311070691263300438690930365905510167568916653883044693715669942027220072570757896134871603508813313704280692514339773635
2.732030773609529447795900250842944541560597559336046118085083191410494488239072862004577415306951805711549163188667140812496541389503556522310414345823546243085249978100675128929757119105365e-67 -44.83425780252097747323315733724016032749540918268073512748974965445835166861891750131623724692110479687831127067143165220235589920949209306418018419742794909983260937191550677403244139784016
-2.331888327520364317895416685624242542808284533164128116700390751039724895212361607591234517338603696139104593675904142276542827814896733754393763041835642264669082305588773136630454092634587e-66 -44.55067299336029017439319892841677516421604107629003490953028465353717851935552622362262314615795246734863216780478549731649709039071529519916250572955956110132445490102368016458134624527669
1.700050761284905496026798155842936147447928245697157185910394634526114698345935866949872706231958108333860395261791957380094550641333472618400051213895299022587265882334289460459861726895364e-65 -44.26882822294903803815902165779827210316341670377009012213940513681597337708130928885835381763998097146148372082348065275907580939105643016729780893858885173406981651331191911481287527146806
-1.065535100038369623236739063592100434117601396076533317007040914563381366888885335126050470290567189017759359048806167974181067203736184703907670403423978626866049562207793370267870018661931e-64 -43.98878265339727907469643127949708010652110309009579468822915756497671583318754858935888348991519107206685022862170530748180100114208131023755611565619296395713204444032297086413517880838437
5.782734824046989352399652566077195295918108446288114410936008268834567728777638911084465581335550981990238827431550544054823120440306678558065664506423148733003482346362229869998097799791325 -41.89503234790881806966833086076646178673258321198790188811290263870092797420770171826609967820392555763588429662617423805866646843619847026557536638230114508502308465900684231904558617690386
5.756139661055574615603222853166982549141905002703488075106933364133257629257824747737373826352620827281305473925409784748839479684992344942951296395173430645949877405876887586790910873935413e-64 -43.71071703006724635018417740318676801616160974970445468134147387571075288686734924792396235169177472680217263387789739063081164769103727062842987332807827879620932074354516445669567163446717
-5.782734824046989352399652566077195295918108446288114410936008268834567728777637588552310611982344111872172532721785314133158003745242442766297729292305754033149487605278615929341110454453229 -41.89503234790881806966833086076646178673258321198790188811290263870092797420770236933529813031858140213583598813780955476248292928091100635965646786363859631400187809848710921505385033063113
-2.674872756093764774233334771321637399152988987910105036547005346643782775956179663514571652710685302282219054753338405339629708211285594812342380520755210786259061585353603179902364870234895e-63 -43.43495504818636602497841121663079678502122353159374259112015021827977552485772349231858689595019059674995799549232608475221437581962180888202140543876616046194719219161564636805227616422946
1.0606912613407170362542630670699371933777567677711007715611028535829338660550890273323924255024537826222054896388424376947977574356584273209922236496289434015213795938263309710229988468925e-62 -43.16199517116955494138011186946024926792558538226613157934339678301472890529343563008738923351646248493483265591604098280210075057552722627342910886653575732589236543594235192689341522656549
-3.526580942407458378881185947293670468162894511253477478829802727499507720965466463458698103354555745317997383832425515404361127273317009455627801271312002741935091779083238047456920919253551e-62 -42.89253563132500710595473532251582425065561698482094488858616611683926190723224230209117357645843285355978192001522741651992990328852044676491932039354519423829116800458773453986367415408442
9.496566218374707883679908684521587844289189872493033045871177912083435823497390036777062458626219515215697878924294773215644456935386051998090871430134750299324175561889650567056009336062082e-62 -42.62743421240850790191569691769976570309638869981994792838115144565401457312601487567178604271749991137363426244316103808894689489104040886292864326816386089722221884956963160064279315163744
-1.928478160815479635341538550911462515035111267012461700031673320365128573612413031271221522897974146638703142367436897539223821028048117759761987330208391192910699097274163429390512864811741e-61 -42.36746416070073620665026252465493434983263775779130441546107632802788586026497459465223423022131108890330240627845430645657012794760991838431503824689220692449974124685156154520289114584687
2.428199137833042458951645447645816996043472779446702015282852000689619083942271347059019125538029218749879967301503705467413327804335402870930717598971658944755596488436659646147293802967005e-61 -42.1127117037272492801454117146880969718137265660378755497198637708536975421651372719789820000889107544663058682746098786238039327995872263747479102882286426572757852422692630383131293838468
5.706181208705749218243150066785378202989449119358803156692620044842486963503584324119825537400765649847514573799997471153327505343141905934700050154407970486581090879585426926079798716301859 -40.14518529126420540552310025085573898390625202871285652590958782720510329017085945971515859228384756946618514118007852651533925119829682081816618361296623272106861030055296563585017953887509
-5.706181208705749218243150066785378202989449119358803156692620044842486963504226179829104362970839202082446625130826062691388393440272914302621078555562770998357564467431654032485312695013843 -40.14518529126420540552310025085573898390625202871285652590958782720510329017046771137286911380126631525244167484891086132561294781187471095599722721929973270442377502510753131372020983206765
4.772365915007019561563697149650645076045381757567404284969279144361126896684583629705843598573184365353414040723815539206931282750429576385171832559168927453716048770703444541497420499406788e-63 -41.86188059565290513910006884862617079230333055439095483968436083855943172098795466866155957407123165831400399961077350220811199742117657399239776096247499491515222607566839042404315462767158
-8.075866716800353807219511598344141719553121323499010325439980986348828764957781447722490611114172196579814107444950280438626354868149562693005466672555735220283197549833854445017715814718645e-61 -41.61253162660743147187885094669040892073316779726321135945862542531526522979532181785499852908103429435552927999686511527630805155335021223294697081626309927759844700325700595903440260651832
1.853797582466959758554766990028137929576764396965614758442569030115471452082161068778324354625955758874648338909416613577562053103536002417994279569866244903281024282527020585862415693946197e-60 -41.36258343018641619864527645151255108223113950766291079079577513485976334721929384778668595044824797916791848622125965100454158576602097440896112909972447648015042237236487072100015330186431
-1.668104571126197160714494004240967584016627053612871627492127223176304510067183953532116974358311565446064280613333132603534060997956122190169161881321742858845524236838297304819497535489536e-60 -41.11140851952744977814019144921208329091645196027320558603335211629158781549934596174415108317164640399120675100875627003584132558129781793507729269281044755317634531736069239112426775869436
-1.68192029355534396118730986935670513501786361296651506429775058929086748981831223333899562653058296638068606839759443919182313750958836106742404116701835208319321550805077888191249459530239e-60 -40.85947598959176463246951138924314717216355442632791857917696242118265431126319545461207428661944400903140376369792796386225822654635113259545481899363734614367142768448149720985247622194895
7.38375719679307529349965649788247535769894545556316247072710187020146510762047693025690917681397710428853010504930787155962083792132681695421302677843670279261632931289659662889618259539445e-60 -40.60745976350307568724546514902950455446538334019698145121232593163943163292210029604273152838583536771559297739942593672616514362385927501106469554060456796070528459057590257859847338610273
5.607970029278619906372347702349705970006308184422578054733699628844428054699054194074150251619108171555650302461387046111274250555506795433094235671936655604732626217271363696684698069436938 -38.59227222718762921789190609142756957414219218236099688912479049361235120351725377762489692879659416179307101704552730676789211202491118695659658043676588040482315062054669121660425222363626
-5.607970029278619906372347702349705970006308184422578054733699628844428054715583414562455233478854632921315244098291444363033462640621079295491395279823015303275507197978211038125118548298099 -38.59227222718762921789190609142756957414219218236099688912479049361235120358695009448432714592006738729603715723145987047182670214534811291646614659543870632531636296248010771993584067766086
-8.559973050758704924866035734771587747942073347784981335711125773629843985533184162987986951315675689703953229053178105206859731644910455481522959376902317911313800335419554158572842170045086e-60 -40.35570677417794418404480572616190564476771057876982369860859352332375909074402408554242353369190848015080234404062629577939327251393980534530885581850650191586457170259024507395971499021965
-3.401204703082028894880642847362309191598796797142916548320542666252917572306255032938410582004394748951972863377629688208653430061405936416883830500519603795436360108845458667839375435050574e-60 -40.10418214483728538697793663559682113875232742486750357311742924852407926713093644530080097542560693317135556941271084799179567080630138427519938529712024683831960417378859332903191859335165
2.34796953520681596797070367579620747094238170563994138022826974149719656638959398491098501342881863921595989433936062923808127659690766804413113785310471440949395300008729710241604513677717e-59 -39.85268861053292420423956321233359877189681565633824808185813759490601310958636914352767562751529755214945794461040915001649745222418793416009391833208540039534304017966395837230395506643598
-2.440969130198564022895539126159787465691906127469084178751241159284341630491359587219229237597728150366907274731830284597116041555570435900948007528114622987625682569623283678509844380983238e-59 -39.60109663192964803242237472935153083598649776706242814179137398244795371820158120189702427143139298663144170350720806885113735174475368196236809278981460058941757006212105044416577330847235
-1.593171903411289480597764220432103423511321850056912573296178830935892017865430862462321135746602436577849047760537073241323332869728625502004966113951422233381144064162258202464967939247829e-59 -39.34941367291557156370106208248621272697911146994394807864004351253483824557011383756491910522056902574152343959224735900381927014276972287672115211648659509891311678573133265302463289066671
5.489548174457882364809607605066591108556090248871965564714111723816864300145638160478412871987486738853146112419858623634210291341551231045841431171698510624771052372108315638241317781849409 -37.18374824613846601273711510588052345902084333663067466078040879042945721344121216521067899130683322487558354323805760690741879767864220858698310348468568835044944623758205551358761954773401
6.390850917166548061726971333622045013215609931314594709909419314107992940980170242196788077846245441744680368103314251962638155611151182759560842628920955239399134310734145765447484161512711e-59 -39.09771034637621956311990107924180332065507334751805700002562592718374723198194529159790332332495815364957638674021423131921760539352655123293992699530858705998953361007457593277772469370716
-5.489548174457882364809607605066591108556090248871965564714111723816864298685263596993166435456897049388888569274412064680555587130217640152450443210637218473022773340166454244213357341601179 -37.18374824613846601273711510588052345902084333663067466078040879042945721514409365022859777170788373402265331660192167823690838797626819884746592184496112010365316265003354605533847968735271
-3.874446901945670721995394982904258774575297376286066406612012788677403822191680606593259609602440705682380223318822355486828845799518707259025837947134752774483879343955983719376747338029302e-59 -38.84602813288205491950023452688632954327916255647697482980255419603988084580386875636040509091328061172433104700967295595565229136453362611539116534156919549162551571874687641205801582521707
-7.172367667939113895736208187468826849035474144244843085669616239512617506796826384705183981765892525980250117893406471010318023273988671731216834269941419164350336390082212748933922592968879e-59 -38.59435493459596437269389666155602455715729762337889344559330405530542543400818030838250365820269598797633994125129316063021448716004999476204674970193402941077837242068188181479083378211182
1.272155044234834678480532298201729118315542263125482581757079949305748104942000168804555542404834184440685853012102872561788346256253861634790022895572340916880893215645368664621120949737822e-58 -38.34266082210745550471791655315720439203969427193652993286641139002743678041578396824577520441384119942825063377796469288114693065201540416451941422415133997955907312653757420134441559594369
8.432732656279889758340252931274552315735517312475725348638199016480252286679949625978297468608543913309698167567716909983781590963137696845610229416205625417253017861239504097075283958152745e-60 -38.09093556260179120645230032261707839374478925176980186373723551661145244014954996492979234259459559136657203010752280163064828128635392285629762779107398064752944363926213673569379870397615
5.353734445914405897404285182502297076373676769722371762674641469498985643716171705638559960648357932724688968103827816180111416288310377743602845806266519748192281491652131888003026079579422 -35.88604962975365693197254513546698995533511581158551428773356554896765392730188866622995738164424055187653756683873379216622950194837688175450796226874380163659690634623450568841763458257416
-1.973986378596689233954425585178937570144969539037467732743129783127582603486294779869190751654665134806917300291952908513935241954882353643097476201155931181958648258709271669370053144379852e-58 -37.83919057719838069208922244552926264589168387034786572169571953990647997010755197922116738425084533434272956127469772868104208049761269479987516757211340086565901943698442575276183967216769
-5.353734445914405897404285182502297076373676769722371762674641469498985618763560909630571359179264714813777765478139513083208955838124101932226028332686460581020406199035064549921572444271986 -35.88604962975365693197254513546698995533511581158551428773356554896765394715665282326464748659869589953829472978590327920838728562886505353953985116683490046901164017307587857038504825325867
1.228503540571333901905513484961336100901811730298495428989030718271130396190632414160183321971654565317925080345162040369655093555206708819240987143350782638827549995242620288188877939172504e-58 -37.58743737365048854443191018932815249898793538777780811208592655643833071796157586634444936100962921308957400140052252588726022455660974157546638066402614024759795430215481575121507811723044
1.965785073984006453643177931030252924408804786611033421245868280911681081189249962486384918125695984712522702904679989416588538158005881035492092337660043925915465592879436096183047722402521e-58 -37.33567431458705363655507375613204316102073886492586586174922906699603625631390424898438462629688224308649716691316144814307034197752388350449673700766144573112372267026797011268498026965484
-2.744442959797047621142099738002040656286654399409683224858601168858652695710030631671546502775144302048844814268043078172269509582183383642401698280966832057379934737793852549558506707415761e-58 -37.08389327022318811643655131741825383812210373012729367610189077436941536171301352868958476676593327525833500017151981079110596597937832837257528605592744125602583214982911704685665342235321
-1.109329887683359855857158747007261470031728324626628373684251588721611541668867390293150080576880921216272593816114608745989359427854593159068728250678712406844538518410681257453092011295521e-58 -36.83209152762095060879532605395074627181730709448790712739390864976360924136367947101254272394238896271938797379334622119284360591890225585895439519165790878371707773454761672448856146808298
5.2036534333296612241326396071183564701413469449169087341605551618863944009882337189171070790239976350289877708107366209475457643093216794523396883983559924442389074036272193512960072450125 -34.67670309751932149385063977778054866015485900742498875775976200579346069384464458353213835943440324061343236410627543251471683022466267504325644508840393455142281125221035051761215560793251
3.883516864515521269518449864901644844841460328578204815642330706274145634854798981236117553523763007117496205388342125698208742954816510051322508550936907454230914546818305982763650284229745e-58 -36.5802729749443859681462449105491443839925364794473262934030427284146032331193880214866372486632765749908521509600469493465059707958738350694467816501806767193385815857977453642631314887761
-5.203653433329661224132639607118356470141346944916908734160555161886394284966553100194428887630551212502504424847292853933036008931262202044014169663999881720223659848501035275244472807426684 -34.67670309751932149385063977778054866015485900742498875775976200579346091457700648094006846624457451205506532028022622556269629327183546333744987885480755000836549103725507855254797244800676
-2.840717002436476156911952394980401899283775314211331629675731264145660378696374355752808712290816332449150585765115587247906058221874304660283529674293867400801320058983799304426278981168368e-59 -36.32844052048500050253515663311627014981062831176225288768612378666311645347155094191372509968981957947511307853298984938249240605505387500248809652696494837055260217793246811035013082727048
-4.320081768282668436891917599073316271374380755188216520551875293141742067256013895736754157518493657891613097625413003420891940063937134455176541161636604569612586489695617435873695992881989e-58 -36.07659213466051126497702865403393822740666987589730017576169041371982981597355564734472735340262462798410248499442476163786016755024185312860310023894782876953833732795899674862122585584138
1.698900499027890952281777438433705800970591834868150236517364236010081180146482206087445689933112489897578280004361091643925708414633631277473072771942936309008935648079902604847841792964682e-58 -35.82472474780957995361993588375712061066738809543016189719758046531880371558074777499344594449170605577526775929664238572967461279959559634179449332949401166999916625552671332581437340781938
4.093990403163912646701819456480981529759879066241132628590533600119023200310019198834912084464274377971483214127558711819298082317832397040489902507032189323574858475250865703114212178643669e-58 -35.57283853803655039557158459368325836982791860395053991025750765395865514078098787301946550338157441931753571221869643810975736712365931430977696654596352476239773538491983942840739788682379
5.042155170476401380459254811994636771726548043117310924367166996630348948324708191299081257245895028579504806811349120417254782962767854938314581927318480351278984134102260678858300158224981 -33.53999704885081619019800821176225842057072197179708550470987010941238991851643104129669153626627622905190163855265424643896697938823170752552145353531357432565034214026528124698370475569735
-5.042155170476401380459254811994636771726548043117310924367166996630349448600198885368862828408844465457064660241055140897455543541576421033826078704833056557435213068445876425381747693475254 -33.5399970488508161901980082117622584205707219717970855047098701094123910223062839096446283015178173221801567720673996617402105420880366191541736144715892757988279769422998765759586925778218
-2.714620395413447967560689136907162376301442262921978768360270731642641347587674269074478464516787272924713226476598333097542328250917750535566768328083998589113480024694861548732737500915836e-58 -35.32093540195057831244835229386836381488065322376172577891847422774268222429218129658619453039871363690341063340664335129003018432584392400145513926786156088994944316912778763403011809442451
-3.476932146816317845118141312799540546179570168469443971225235967424072448711350110662467821665777697177995176792056921278481135915379085870545870326009295370217428781947721014262170305028134e-58 -35.06901519444939744156657152307279445556496558116336501685595239869206913156658223138949835987034573367239471234604570303154955606201505701150997972818766206117820325256917825316435413571147
3.15450218259205237801979321369544639455591462387089262489119796077689287082289394726171481197858314044959112134250844839226017437788050851231731658364338018752708677135035598245799608737771e-58 -34.8170759270679170402310375264211803639095345772457448972880056027919100018944277381621237482069112804563903227827490037502299539864295861149312531937755598196229975899392158268721353862359
2.766423474179071835730205779432645336102977962180981255813369975424120402612734610762013996426119249612969978979593398973200484909875658905220394432756353613970069816225544887651837007203947e-58 -34.56511686298381613261117734251761995153956841280023368122103540901075698906850347729291750929532646104300569729578534782238701664415272916494452370725262996617299153733056610338655631697468
4.871660829960433967247095087640470134099433370006535286553418673109189198972203254976572916414557691520048585134283870499940101524373106296641196107930001453375554012390055100927093523753658 -32.46450963721127583610524036046270924264692414624585018546211499092999181007685613185699889002519662625991619326003811210750790920602374312450491144858255392250452770181348490901821238333797
-3.064769578615061186898726570998526652311902479667666519913442458675233168611762743720744782577222068683737626700321779168201057218528884085404701963747355546798036710002007638864937045547383e-58 -34.31313900026005313048937348476865569338348125713375929479100311179688591002202244116398341540660228094781516028086888068562582003164815769908637938951857533381862201090756194135340183437108
-4.871660829960433967247095087640470134099433370006535286553418673109193108694221721823971193134635853094665362223090971731637409535843018358506977040854098910783045191297982028077547715026628 -32.46450963721127583610524036046270924264692414624585018546211499092999111188560329195235436115774446280608039114037364930438491719970270683367560155984182812789125960080042897778942705715163
-2.150800506525548672621300507865281033047784625369656556434113208884063641754307528795617684932734554993732322685259992136501619914737332533118171859469585129222169424014959710053199110865992e-58 -34.06114252017703252868056895491712794506312790305141192355916694852464251445280278443952637830601857250896709092025734263569795727239535997712952937840254739472671387174840238672472011380593
2.611230099340971265317691309368773555843652243012320717039751803969827938140631777435351035130245915452240143714900245071971399610483333287584274077596581503280287882200572053407926468103237e-58 -33.8091259828804332083301038966754673087826831023888260724120738202239034579475427266725260490974343501953992473201885655010719737996805990103191631885623383958621305010536286724550347034507
1.684841736580514667539456930881030966839290653286899221050709673983275656690296576250988379494071280105819239685917667019685766321371328536000738163874294370105925888049859238468949565529974e-58 -33.55708851822549736180222203751961889516356837776104993029689220522912511676321389981719433441966513192742215067192394248823288126774890050267860322496463817351662983010393858803347241681845
4.694175818860475220883384635315189404994194503478705794991466904630134353673047192078506991581160077732004213137829342961326478443217412506698397486004247863896724322134357169567429391745837 -31.44165212960818262851682206507854788992358158062262050438422186500158645007302486935527099440814097016013064527056836829665597796407027272871325398200361439128598536363792399658440333385692
-1.982850420407959074060921223799770716411288261505737293648986104658401841982387912241218195175798225904403411665791036439288983909870526593865288984874766258053855008261787243874850729527503e-58 -33.30503075776495751106882531037633123976656351354712755042753368759405062018848661764255192737007575410073208271159425284765809659467917022712201928642663001456997906130590962977244547751235
-4.694175818860475220883384635315189404994194503478705794991466904630131803742061280385662427300373729418399358798609007170090828533473883414229017746243785236677293216657216462105048874237732 -31.4416521296081826285168220650785478899235815806226205043842218650015775102735922380003506425690050400934250317043219937287184297583308433818443168551474940861416343927391658885841977765538
-1.336433842883477173884967569876641479915173870928984432502176177496168546561314439990204460147976616433827972409521268951440223193185670794502463955183328483034894454579696483141447669876545e-58 -33.05295282301947765703864254110011620532444229851021825957144220738147326462328859247699149091893316066319212506044596237074836473792247836020689243548621003876999776462792490702918254038109
1.33702020005689906154787891568398483132094890557659211209135202587798384709561529430853542385045653927951692939656546833456005014471540497776751406314194895208264921082284003089758146354889e-58 -32.80085337317195215518438530643587048134887525105150511764461633862311359968779120212443170669562441428732897423709930675794127225098673774593558619965602377240727744523473469775416586037952
1.0495196925393603289011647443666765592806456643967968598633437228312363878497302616228356437902913326947592278843661337104149535960806279478646674862463478588983714772537945731494001409088e-58 -32.54873160300053324613190443947337376423391331649863149396389402688944084751306249796333753958770408975141856178671696723778871522941818714903367352646542287406460513508196494292919180289935
4.511350759629176396079746948591380744441551043957278029124558398350302876832373212075991051009198117017751750618320809310788073523822383038317014625223535044937786683350796458289913149518247 -30.46477825884739680450621115746264615051696004708472625207935741548085698069529679690230543808503707848761286895126882427370046570083704335562180465739567203538577624014342147103194817768815
-7.806734929748677168110632805199895961167269289110897091064171215956131836887027386824789111520552853040054936959904259596979614714377126623839009133072600627135596584233639287608692972445816e-59 -32.29658813163458686439651952556028663950218174690525755426735194542560584539018866340489768918597137029765034417972027089717371724627936369009836704192198484432036624051389829925671596903023
-4.511350759629176396079746948591380744441551043957278029124558398350290278790603967615106017364774126746894545645139244652347780099536521928838598532083930291704375882884795141065770239148642 -30.46477825884739680450621115746264615051696004708472625207935741548086717943688169014163243579032755989506919791667674052371709265158590504020891637224758414620423367889252254823123123685004
-7.868974915217876492866978976399527095776239080254740371467292296291249929140516803650339364159026925848273177844172881333074718737171330749525815893394592371767231435276157452566188212260528e-59 -32.04442285897240426819549456200860670406806702242746686320573599287395984923149195936204110234107994264238689801983605820777342705839689648135401481891325485973658406525266353818743005378398
3.691520737369822294864833566996234070935284157317306307680893581352317341277813633034065225855560712717682312758285777232815468002628866873607767532920138556423922923126529597906694763366058e-59 -31.79223424145626401234373651513242153476092169356969814385428427660665465156728659627545486492930326942759867408491284713485426281505860511155382356841902119091707052143034344776483782139897
5.428208757669287231467295764097961794041240304039703863289167567563943270899334024156970141986672579728708501855214713608133808617404874674888975756110209843013618155819569004582507207384992e-59 -31.54002173521461957588199273709713997544641719670106520690484814312029483638947483694168540494819001683925488562472976603660450919526358514720344831607052739015091092260084017768051104147258
4.324547167299981023930385124969641253912671056473807487468382117075765828593098314650366171250070224373190925279239655174334261568639134040570691320156661046376205866427309086005576089416653 -29.52861872468634771665334744664044680270816304556598251210899513068595339784739365656930298189649853683172664297894114650646970455356676690231340121523861027798004345182053323817872285743541
-1.123504564723131164784788057068571420181627566159538298050649951160756475637995877841597429670443417343129675537623890554088498068688901552100906237402610775535357803211529390105735255724268e-59 -31.28778618473097702764675425497504487999136646270179213436835235535631107600516580787391042272161992874745717776305464169103891408012060632582752914374463993176714579203372432987235011917067
-4.324547167299981023930385124969641253912671056473807487468382117075787013589120563971117381854010186940086295007117401232167041789029453553324381043367790173987713230233338996920672578173752 -29.52861872468634771665334744664044680270816304556598251210899513068595822876542796120241461559084055852510865702454247250387417673374732525328392848551241787984010936417781146337881864638584
-3.325517711892351453885591270223657846735714088624815232096721181432534633715139219188824123645163627622293997910986898559209638232685417645763718373809954231932834739564734685091329012521717e-59 -31.03552693591666344964610013309421248714457935291995796856775304869492491762917993335762063640638204057601920628495394874896297815652583502982285291616691175727875673918247592646057708696501
-1.402478291937340559821068207970913994919329779498457873375538512050744240464362301150056862093195477618480469054235922766330465580839294925973230025344886583797864112088421985945868203140809e-60 -30.78324207829978621900149202507802594918629274197282258246328642849325758992337501852928952324247555833579161859123037488368609753025852518277051254838759628125276657119088316797229128077261
1.736436524469743217255209376849991427613900831645614570516725770170000024219649654490109398884517116004849939427860841654694370730722448046013923501543556721233619039688128637137677556583333e-59 -30.53093185728521515922104257226031318213826089604119809127585111611184162200176213607146363183242508157459516018466589142244850726618807969678105865452930591506945989717666305152200959036233
4.134894765801680973463851873630725646490380697042161925001520931438603331997764858221189836805571863692648771170927435742289960631662681860652140724362815399782047830019384746234621682027897 -28.62890919491389462965896815539510188726954099393305797529239829890113033209869559062780284724356084443284635745628343308565867806955263900412740630773520984735639076563790508725753579532056
5.239735477941728174859757440106336930109527849426689602956876064103204977587714849333662075494908925673946675819546513252668741424257383178859968596811465278411438542994652615573655762240836e-60 -30.27859729962849106309051898401430445161610061342918939408971737644771601310767954961776955664778956963438121232695372075195569085812211324935240994291164270117676792109018658624795150891962
-4.134894765801680973463851873630725646490380697042161925001520931438588996286284512784097372589533590660559670088923116458857122840394315586279757397677140872769075499925076132689955518046132 -28.62890919491389462965896815539510188726954099393305797529239829890111240943316817852452709580519013808023896367556714883307462075484240426368032811771534454523499763024047222855577013749608
-7.211903695750124244989483142116381460464341875185442197525708475706166612066308076491310081409257289300097031340254881362408643939008006595488132848523894135015387079119771138854427456801616e-60 -30.02623637687224276354543284868975799600708256097899677470486787224612200731757660171482361598153231042891129307834522485504274045677096102805720588970884306477238237569458259707196349187956
-4.612610718911383260125135024423089055524482787926162817411531796272700473588162425281485517300031264208204453996863729534948032885824399958772220093753400496646423456235055526701686930206872e-60 -29.77384727979394327444838621078044875375291106690495577356266174024661309018509439818883371563252489177818394136665555603708747934160155548614880751791950080598596995504816918354023879853478
1.966188370257602046490180322766047059816652414645783223862701001082697918059398465104910718527276547409865723994448269626921574930061098799099064696076816574662849499429330336461264920887193e-60 -29.52143211372040425428028450864761042270346637864737396088325716892305316305898576496304781502373196221447166031245235131776910693926306384287410972253358324607256774903044200283530097968947
3.943338058314696753545785212824604840535260400361509273823457654706741309438884021626758922078722946047987474089328181649967434891726934425607548269476945250860177178094248734048831922242475 -27.76213762654044865547648110088878297481321949755769333533921705878808563726582926412727836412400428014348255020410027554374771719015887343926433180161379857774855869893533801473079309643913
2.701904234918670659134669433808107666208985348869905665890335336911614393759143797805996555358207747932028198094896407623460425364721037968854934099057815819004011313011259545754831627803593e-60 -29.26899071859237165675530343577919154434227309104557200482471691785962914353236109219086549829754861560671695975822203353456372466520053385536245870466640903798503030981952031365823229967709
-3.943338058314696753545785212824604840535260400361509273823457654706745380966008819462456239776537411997734430658604441560116255553859074072361288526526325414081821289833640396974897701628614 -27.76213762654044865547648110088878297481321949755769333533921705878810467738796933036879102209338049020869467434692090107597759075658856726462849677257581109475041464993819272044089607635096
2.867229416921251269944301335510746070610185473012607479888226412018870166222372316661710239021811690131579440878694335983114212588901056921008688549888243766331464442660314713408209681873613e-62 -29.01651864144177379483975947442849539240052417962170115934596780380268409376551665972873018939482169773952126869688738050376813270536419119477351096051238023191628735361848788187306753144715
-1.130646430982791463562175747479171212371683036304587464928317438752988802799823414439869569437499680995532070963124209088186078720501075647395621802689308932919113905112580828750705254874745e-60 -28.76401706446320758954123554469285465423062528354112840978082615056438124715294079075169141808058508334395986354477572223357562655010650140986631021904453329481013094159888870336095855895514
3.750673144510361294073184824285228107114201393594225358454865680175451393355688650473824849158074710717951988245689201648465981646107658820496983123463878159759498498638283175419165423493768 -26.92536766913953883503881091874508393184258718976281881019074202093526421727799759509780047144503026783693689113772256763225892085063443969781625398265538617390448171201668089802983998543401
-4.085717404311693970095825622225659803280555096731279169989363996790091268526483434117051297985787694174772658670173122155808483090362902193950636112602427829308508676629804597417006687213418e-61 -28.51148994438877413199192369084451852309796872736535483177919387166448694347649516462564220196852024884404330644775774659153702649677522120969670327644635595697799632596542111756909673268803
-3.750673144510361294073184824285228107114201393594225358454865680175452279942501051546643297141219792478697740205406280778940280954056571385962982403680434645768630985218920639526517439911484 -26.92536766913953883503881091874508393184258718976281881019074202093525077512969888820775406921341537167192726807433704043302849240159451294882602495814073537806880957363225221703149014123184
2.985959205325461071105396648225213683878490399029317067321036586864074366089411913827073162245346030909937723514126539781966174449156478186226848725846216956290474709843108042380986476386872e-61 -28.25893093762927483957420435235802965963119804595529024327387762890959122091990569359794166940305702124808418897978169636677450444747599165763030928614149594268492628257981590635592718682623
2.669044938633452163940352249272618796106702532217650545969760893961999188751825603762893722745385149097693121951473134585869883461172250198100713129470284609955323481408891387961157854294195e-61 -28.00633655109411028404673500867359509099847296271373417924051926577764869716232583057481036585262367896403336217804937201172523914913509697993398237642364435721427795964338291485391387440393
-8.487815466948099557302353813389638668121072526794194408338648106692678934305733785514441585684737682423790305254600934866107005143708519213693460879728029379416247561184711929233771197215317e-63 -27.7537172984801067369092118722137713642241583429233773526365431706582513532207919744256101446690206477142747481497560420655282029375715071787157074462103870548979223899363493855612856873396
3.557576566126620699401508184490926028331830342665542638027886685903394751681420013023324201166427054634073762663483386321669927635737510993040701760210574429504034839995011182814134492522906 -26.11611208743502591498058453415402168479887224734974239326434956927510232511349555409434262175032053320147223942352787680862801748431850814704276249108996498709381836613633527714131411460694
-3.557576566126620699401508184490926028331830342665542638027886685903393434785123373284586468632686596687143333935809273456743918767816486447474839803653600489754911216640353653950385940706227 -26.11611208743502591498058453415402168479887224734974239326434956927510990565147775996399019526126793553180334560025594317571211239251950037523753633074813838302478241840285253320891713665405
-9.852649004978544714972163134542807579366839513712284368013659700488678232326817384878939561930322784456664942683342867058195140205446129102563107908721977798799066686856780200078546834884992e-62 -27.50106809370091642829413093087419884968105071800710868072493503938214945219011960108799796309519010026150414642559066902251198193220453210142926486209821624280344880242661427900767766056832
-3.632755741010920645285128988483554860539558099415357810247178446859232929769898403073612013522428255547971203364900781964536050705948940718047702341125892520012112633718556581679286032526369e-62 -27.24837360274452518304209632485145840732758481509669281234743378970462736536126233319065910166158728802559591772779682674599517930435111368277966502368924003784302684285633531965447271475094
1.806779351054006010613783273774732044808817723426829908182692034922300848797191616543551193802144682518088950277065055425878339586121756564136137221844114796178410125116605209245670768463076e-62 -26.99565365993301502869826939400924394932039355512812111490314531877002749304670116471212691535818487976192075073589359635716955825920143514404266680559408974064824126669556149804416746512085
3.364627899030792717761980409210892617158465713005508442543418892618079452054429838022919185237397922608320471031032990730093649878464192694077885114924488916651923843772596135250346082109943 -25.33223998831452903616463389868355831904564320701774087103620983945819049346540497617207384534013085520515848629233527408305077904038015799259208991044586145041155535239709039458595101062721
1.917113171224380361556246277480383503350198930048085577984734124087303435347065782804555097061494571990125926074629250078429089312534002616265971159201789897150248437139731931936889250321121e-62 -26.74291344944944860673271729507055835271214086767556534922149031164338435246204401032813331938257729035459909556551818084328725730678584526925242996457281523457857800406607369261896113315647
-3.364627899030792717761980409210892617158465713005508442543418892618079898414073729591633497056594663174740855871392209334688239665449822398818325952349816397132369925045833067870767369532625 -25.33223998831452903616463389868355831904564320701774087103620983945818685857561601043986515421952410514144574782792846687111736589953616540355893452467646459153383929091243997291799786743203
2.4458490095927887509035221278167620172744022061882953296445736474244470662966804345512287129417862100016780670151982361046886045081042011208858311846411055819493285220958069573147302005704e-63 -26.49010999256586858981314530484548651722604740125034862513637609201459880581475424194319476368209036232434577381429232245484456686212461007171741748710525185797623549538048465501832931265971
-4.712910960560556590776304311636032488312949895971228827875009507110187349322656485875421507084119161553821514798882017305451781506620839786548277185979684656539748720962782376360884634197841e-63 -26.23727552372371557716552337441462337721993137051324931728440489006084723782667288131861448908945246477838632431805656713530627253835378832604588591914164971106062136779825095516626493582759
-2.750638942812084978059774089431506472394154379438950568407810173494212768594631726864113992791237079239192681064772187506733782279950583103430592864301218038080296458787564049808074386917545e-63 -25.98445170993314405572213069252700775354026838747037475806521153097945631450444018300055128630579681474254237753249024996508253744475340788969398347226760088878779256485982688159011743547717
3.172327518096859449679752420088360534612972089982274503942888377280134717028143261924832633644170915434599134241316515129623999179111696584618832966826380445098361579262599285554405157474354 -24.5719074665583217180605978616389399709970228035556335203347608284517045580578146959808933892188556027470964570933930460893007530817186955616207247528397108457773188306386506962965058027164
-3.172327518096859449679752420088360534612972089982274503942888377280134821188143829792254536772526203658698127624442225033893856209919888816361655127343113525934798787205726677064327031837917 -24.57190746655832171806059786163893997099702280355563352033476082845170601744736616154814254863516908109612772944972284421277844621318240567518800545522561882732190170856743910682784196028114
1.130237193724797315953215660430769463555717115101306927430706191047642010407471798695829083333438176402505677393326679746880023098720634845641480290421846006466062009753616151510000121264568e-64 -25.73152674939157582830557794559981234523551316617997242199392823368586585639873314841160308422210837716399187847787826457228181360200783189288076414446314411334894494632075955058439303327308
7.930499694946168604054598341106018054700990535857029957755114817532570874225308041569631138145822946533104010220621381509136507084002351901348448543725086714412981543780708509934095816637357e-64 -25.4785486422996293746734358968454142603978452754078852322545798778311069632155901089350618771021919231247565467552466360516526635759279930699681271539057524639137557119752554553340064230395
3.260786578540305786300125261152610644501354843991103129264112990146172340181984020208828329784222915270327339267834603091349647840069262829392870535794493187824790095081737672914295724638247e-64 -25.22567715792133592762268478310553002346194930027645373488098318735377789722667272935213692269889579388730063294314394228958433200003636118509556476907450231531832228849124356410439407083448
2.981110652875376248459828054284310599644330454963009562247604228710144387563911229468483176571964035517552468103519093723591208936090396429222849314495625771140447797403639294314805634023375 -23.83350483864257186989339110281770914019309051267761962718227862467406987072898027746560242654028933282465061388934195703701223692186821744580794782692101542662236794858627516815337204202375
-5.193235036092011533658653471696600932106756069295712061605207044339951644610154409562710565532660752160148062897801641679809237841023191548800212110663120318918886581896333152605561560706985e-65 -24.97260444068336474432673933970420822719455288346529075389931925446595957644417920312130639208575215675319057171522578353483339415433021254661766825326159984973594343361213213098290062043609
-2.981110652875376248459828054284310599644330454963009562247604228710144196681219520314550265681606599090942692952024017429310944753268601648463126554485858534099114885740417265239006862201722 -23.83350483864257186989339110281770914019309051267761962718227862467406941617032419249441559259921608099118810475389196622613834538368797828038488749041859938599868452666936621914251006008841
-1.026245417829018900687176187992260336571276891232328644760801350442367674888868246603576638098352835885909466012446773866065879044297713943730296955103277576292862526194130795482594873850606e-64 -24.71940592383494458437901999728935299917755708552559341382027043505944782949001826376042962640774637535846973413264873186089068881521415281896268119457488265477669945646782446823741689375495
-3.502876061812466153665528934538220507458669685287790954117694922800075827811084296061876699135182755950905364232685984955008077693215115308690596692880512938196179114640468911037635017955627e-65 -24.4666308328590482695719518583572225099282293478856654244390419244411394399512913193085226818707949112402055582348090921031806582663922856803316900047650639978912931218454830903977747277098
2.791358589484743002991955677938931726569636628052523664135262311658609647058061099658796926483873583725090640627882641523489188415470363992993168288429168521433488427256753367493696477271535 -23.11561586300604473204633605248956499761203726163944173353841840424696246691369892657075862755521676111935393751003905024620404884771421845347585184106299871848199063941391517318066059172305
6.949845626256833607163978945476566561057566898842877675254709147635493053523056020269036837360989570091821900068997994733378153619849257236263172241417852050370946519921684264882502776461537e-66 -24.21331100750792628398491566662501329507792405189115548134970866140229858470432974534400530089353979185489728382108984077023968924837323099557016535625288341356314376047320000338907479443084
-2.791358589484743002991955677938931726569636628052523664135262311658609752292586638850792363911324532654533306261426645420234062498611250502135976685934978359392331780945713976878413741791918 -23.11561586300604473204633605248956499761203726163944173353841840424696255989336910693398662296747184779769793431950631153962997181506097643367101579169832910351099866527608744642141325613358
1.078286168844752646772357922544802202196743385066056934831214295629223320653822933593938766136781837386071171514988420751842668162736320280558576493903586413609686176145359682166267334945666e-65 -23.95967004220125534970045760177725182971228423972678372592353209168226357579322674129779058559853525361324815920054455042733651997812269031280837601986956191745322819479173491670327606955616
3.591724971644739509154487932681592514417081182293108943801221866122406784574626318835566468568178225940844980112890679479596641708113122064244413210347645180527277078238463916496644060999028e-66 -23.70757878127951242829075473948729509492824257909422007940005945854761651630269372476923880072886884162798802397362044731192562104701411156200200276807697464886110386033743238256306619445759
2.603407667365832919041433307617061752555367944387737502300210789309983835211227181370651643953988668647711525945573456167169713743775014785602983659234668514059539560604852364242690257676389 -22.41698577871189074076225346806780828326026942955684315425171350556968405672152762418829444243113762524791069965251663669680949134929578349477588342169336253541400077060538874513535971274017
-4.995960326937300029084694947801049331789808145913723996772826287624761976696753390890897860792277737196918134864789153438927709061380663002903911778464314732142554612249455722217041533913124e-67 -23.45346243946080284335129632496412590939776493671633398307089876265238176832918919374675807415681222158353666105974501468055587526066548600627479526389990820901526637408380732605634666648249
-2.603407667365832919041433307617061752555367944387737502300210789309983801874518017461677539623716497969667820251846218960847279722007582121252347699916551271568771543205815015149406549777143 -22.41698577871189074076225346806780828326026942955684315425171350556968405134534592207512178550304531074843607096226455877406697895571805493710405304389110531030812992029849605879321790065315
-9.139024528052611123543948674471109610307720032665510565685099631114629234485990854188669015005276969422971731199945991113560969732732196086437378951575891059909296947850845198796874909176188e-67 -23.1988245347313232800197081387168378117261971812152726221940829426073941933706109554120526138336084580895384425933236815292622027154390145167499398637197282455592224456403654933901705104545
-3.434589191366449829537995503709798544820362371762409805645765726016125158876033748215437986341579198522883872822581729236067700806932317468393386175452869770206949269592403690835060720741646e-67 -22.94986050877286121044972980530133346398751830790037230018941937670488658577695410830012722297798074788924109809189513962814551472467949546630733319889385929693414048815820829394608067165762
2.41755656203942685393253544796643282870186146324005981587462643757867102001331890659992317529079264701795118438874554510114370319509317807624696150794580778660382347768988371811961058801595 -21.73649593802812464800461745741639353480499430773481101403905486501552732970450987370883870064409805559469470691182185494208665342632385567054596903423347642033171001970994541677222446175956
6.763016268877952616621648445197046207066374499112229104712151562085980380208406073483332292816164429747756945234594030013793809489129000281446619997425457527001924349091798515153658845150871e-69 -22.6915769280921775052408222339847457797089751143584043995749638662460490735375524048270392177164618991393208105837890181289357271989345193610848512451284861610010665753521487985177093422068
-2.417556562039426853932535447966432828701861463240059815874626437578671025960563566861590503856512583885278422593098563985517353193818523734880948718466057713420574952413497962613759798741718 -21.73649593802812464800461745741639353480499430773481101403905486501552732638987458631108383428056073360103095263804454912307883196204421979847633675888501703808927293767013427174284037538398
5.73214345824901297970090423436658666653221833027573206404363874747876887008789056736867331283824874029911249967270070456331775866673863922325973978979779638411825418903055367251573059907244e-68 -22.43588853956887308808963226697495218181877486579157073559022349949559739869589007792977058110786918160019741986857928992864717107960470823891220634075608208470842200065501093104954445974009
2.923025446197459038028216687990164217970770187337808738024309459729001108718882971773921094653051584774817223291558707504639308678609360590706033076716792607025601727532217741646156595133648e-68 -22.19920053962193004420663744483246263024890845732182135960833348765501808219895746376595535650418247382112165648576342565587910321864250181069281887458906563043054305387687299188749052797037
2.234072226827036677622299585368637334503877465734311300267679169488002318844263606430550059013778370265888275139011331686951370438600429978230395269032623232421537457249458048771840962386222 -21.07314344283898788822066334815098928826195209247818890180293452683614241635642198692704498557507263528318170728825718151035559537858372379799460111264665019335977271738263892042576558398588
2.767963159808719235631113489827641177256185503675414991212357181751591763045682438247926849484798748755828209241001646409464766760120668967316764868706001192130024515837921718062918986277987e-69 -21.91676474678747265792319190716921133097416046853591537505371111513174361821578703280497971697428194063175143067995323092078866273401466344528751886599945418149150349878547826087419050508733
-2.234072226827036677622299585368637334503877465734311300267679169488002318507655853189586884588070926919898912710430680502747968876861348928312361505524400503057253226277746748608233614566119 -21.07314344283898788822066334815098928826195209247818890180293452683614241743647783175370153115603489432387785668025108917457277157416722660143885387609887963694914925935824315557467581259209
-1.677119179830267818730552434049520784328351396457672068520845624090256567547797598782060804603505995528751604045587241262427412594354635010449249243559020002810402880933121155849769307370112e-69 -21.67741635394011703316277222741740944373645228239324714621312643686954758623882747719312283828618629522041786602429267742152418974667244874299614249874720188196662100990216557978267503179636
-2.532204441137554334749507186669031218375410829053824197528699512245075835917708160594522987769672816389603190489209425694591738778287164196117275292072795294224895986601935006609335528254754e-69 -21.4678201195614443590155564095863751629577675064924816767602894928498924067211868208308077314500644275132545869835465080404783121044276191918434189590910159444603391004759468608371431908031
2.053194779646603729648508872768667600463349143380720670164525159969796264218744210650876782681945437194610462238203494249961930822953793222977402348402240928792855250988331508550343301342524 -20.42602462879463279791612523134193961300594450775361081192795531856538952062001464815690560011605944248753555852574714393091251973668030567073367405116143269036298835934605026281158863343602
-2.053194779646603729648508872768667600463349143380720670164525159969796264144396795826655482297312920991607084613237377361426688094671121186599366582065636185850054178483955292456031958231159 -20.42602462879463279791612523134193961300594450775361081192795531856538952049150573536123874725325517986708556882927896664210752653000909805206917621144992929680699241491757346310751225563704
0.08539984449795254939847755288147697917722773082484155159820601939662286816821592678100799211722313077851802045186358516485055429893681595351272622101714222083842281351163151666732394895921552 -21.04657703551646160211429552974533776474389634822223124245954956469940334471640868040014667855234404600851747031626221700631455187570095802321218219947480220904742765878724750839978071304625
-0.08539984449795254939847755288147697917722773082484155159820601939662317361068433138836065472948721387135291277323354348514624166504504265117903442662318392501956731355174573698257995571094107 -21.0465770355164616021142955297453377647438963482222312424595495646994032740561339715606255255810875222441521005620343450442816659031259958239270917652409674522720749084065018518014520688602
1.947333260170824615870818609106858371103121077416968367018272593620758410929850508745863930198638635296892690192337643359904266484576338848003807494672674146955856604408035297461130609890091e-70 -20.70052724938595887330577645968280125229322614856023446322433334617821672772219075232361461099228400912159842471199556675799212183905261535816107448620519132407816261148954129913451883102266
1.875141573220283418432912140073431821592061846640027554574845801195222110109122233414756909211611658950235723266380103358385731401677981007512709068076918087651381460420065330635719986592081 -19.79432151605559355787830067277154584815675607159808120805950186072214249050643738838655913995567215295796687862136657970336342468707762315136458866635755369995307849078993956488763685242969
0.2515359881049973215271657551208905864603229787702346126263167448762189825093595056620456688068180835068330528365498666854380840143185417472627928181518761543750608784108626944528077028796308 -20.35106107597865428421854394587389785041285672404069231321195179773200309149606520525113928101753788552397599387178128792893944382728877889427256124380404686181386015094527937234777189217556
-0.25153598810499732152716575512089058646032297877023461262631674487621898885137898503066620431267632911468606163744902189899149365989982533539314238940008236560106098292096974560857548894242 -20.35106107597865428421854394587389785041285672404069231321195179773200311565249488369142471475074599832944158363735263705247514479527663577616676607809371953557535708632135160082815281560619
-1.87514157322028341843291214007343182159206184664002755457484580119522211012236845231152890024501048982955298703368303949841809588438059336116559398244178443602177312544093697192271148270263 -19.79432151605559355787830067277154584815675607159808120805950186072214249050980003988346089256919274319588963022467468879934966051644564400587645670695246711962029145197625353393446128550546
0.3749082675680413411780638922472460511920025420667755179272926237781661238698636625472241207750380409517874586619125092401010916339577749980618030704146788748324399783593443746652465552714583 -19.73269275419827829508126055718918401895484087597191917770684400736736080785889524876676448068529335055438927492463443413485237133776574706604041859830191673580214426181538158688367869447489
-0.3749082675680413411780638922472460511920025420667755179272926237781661230593234007807315354069300828812352103887509835934176178403935900724282317923008597196566912352266095610348461739751851 -19.73269275419827829508126055718918401895484087597191917770684400736736080994889964134934263979755872570094576953748119196488596064590223241567013303876784021270882137809148683824003594608143
1.700110644814419234133103841330836386890929729388486299268644511922854848784699066025920395543792026398570201053013358795043591417840905351374009564664592537106899932606185652119404141468675 -19.17728988078593925513122823092820017609770276448674274917264268361103885269838444105342493229143553511118027179253735952700699523266358574393234677466093840739635679397254074169434377604543
-6.436598516714433801186762176422908473217573545649469932095758392470447500166530369247709318049929324913734137949841583000316903922293250106261263312350019115769216672098946191692574701589837e-72 -19.69769546537630318308388351273327215645484867845335903211030660983711435919009832735272786615146887282879176031418555434030750932552651969041243582167539003517456300909402254942059881200162
-1.700110644814419234133103841330836386890929729388486299268644511922854848783888771949215844118873419358067936940184818755047449435462482779433444952361471597158774921061390361318664397188076 -19.17728988078593925513122823092820017609770276448674274917264268361103885269815536349862730070839849852718014924802310452617805462502380012217489169379725214230404916293953275967534090294183
0.5449545485123394402160998821215577500073422976258119415270288374860075998527688222428771859050541954920871298206860027808394033827316178768140000837441667935149365805515021631430407444131003 -19.12243064597821900335012450132401102510008823033301073000415995050655569208764179659910971539014806139104287656604202485907804883543957193789830303811639018555569945958158221586021061718373
-0.5449545485123394402160998821215577500073422976258119415270288374860075997780654624769868549034151934350089292460314328539730210348516977509657013515873173384417485283319693357458186177353877 -19.1224306459782190033501245013240110251000882303330107300041599505065556921263097019123238718679461070222233094691031448465299481416246831839859072535707926210598522236567362139989626908622
1.528275374853747781195699157561940536002817620623902512124983701594200834428785511389570914508193597743981959109141836633584543957406121698607246136471982315374304360805844880357487570709365 -18.57423605017484921487191830180923697813866983510275364277191928018033272083203244455659791416245764423466558480085135772381899860125689481985659935812684788871996657618751749284756013445295
-1.528275374853747781195699157561940536002817620623902512124983701594200834429046319918462788497153961020871808088977659574581615513879569394874412592316168827747976772556275794665507312660887 -18.57423605017484921487191830180923697813866983510275364277191928018033272083210481286314787803733693219441633472221037076171448492946826136979063753912907252463957536696002652627856962677016
0.6883400607930252274551276772650769782609965604702368544237615183067674393592178598420895024741757347054304140415857315172562670340966591326001644465797722831911419396480093960038726618596158 -18.51965415035301177455542116943768856095051778835822097512669853644852386274301333538033413239026579189550108433030631452809335906783191497652516743309687405823523634572720410160020809830936
-0.6883400607930252274551276772650769782609965604702368544237615183067674393534822714251518515530644726205679485522473868625929025209505905080063835642075982331337417752900081507332796057545831 -18.51965415035301177455542116943768856095051778835822097512669853644852386274196082258869466656731701765459977879197622528574900171534673957198646681389872366958509651180959820046782855944329
4.386033689908848566894613327792495807797927271833758322885982589036689952123180524321773343419100517798123086179114876127523614779285564387150694375652627919225006479471847468836462697023805e-74 -18.52908966851273388549467478415273395261213084004544738039071972125854745757606870731597994426802459393592644059599762084822435611270048719182323708783047158756008560879138582379964052168173
1.359452102281046518767239493930076529963771320245668052410401192322601413038494628015161958510073126491499581275768258178315155705723600591837862705224098789369570149159457036097735872629064 -17.98438506597237874332450742977200633570745176869608794151518523834012343954105307964505640637409421724207283764091891760062976874070612271333485426272985016585280978438676810571164833227133
-1.359452102281046518767239493930076529963771320245668052410401192322601413038451574067847777711890461057196428481386023287919122490518780407628431058201996328486228868397135962640661583055315 -17.98438506597237874332450742977200633570745176869608794151518523834012343954109566360246304464900376949845543105533661977279941228119906602646188524272234386730506143454218632362795741256251
0.8415910636028451365190895731899312802198678592096693627999253481740182774506319006158126419071038077550907899440804909010369731331450615267578184001532528322046690251800636222593605928270169 -17.93365174998834085244669973501768169348661872663743557997450872917317627471137685210187604256783031098982567307287302752199799262339305207454168392590000332451556317478721887244552383769441
-0.8415910636028451365190895731899312802198678592096693627999253481740182774503570121792944873743905817702254578102182193520086833434049575802672643611137896774097732465455476831100234813679032 -17.9336517499883408524466997350176816934866187266374355799745087291731762747112021411435886634006160674502453509093083372312087624547991506791924401863232327827129275397326599654498014783509
1.184267891414391569230260154927507981590898435136455354744709645059618823694619669212984808641985824119130353817545080587301269946755446825774744928080341012580371811003146930441691851440491 -17.41107252321099831108522650302183374803384588836801711226033992297814948107458156551360780991904991367128694545356803337502287682630336106555007030591212111467615306456035256402411639800486
-1.184267891414391569230260154927507981590898435136455354744709645059618823694616133414147765735423192650762952641940439703860003144183168925570870552613873901290618699097917156020355435687478 -17.41107252321099831108522650302183374803384588836801711226033992297814948107457022385709852082155334255203546644171857088417743137364053150682962597002783435629216092662563783345335659157744
0.9922656081350061917610361549065302319219296568006149559586205511473284286056786736724703143823850111547591593326270694314431681268914470216572357535145374746799499317282571020239303400982154 -17.34652163585689419701012046867275795265891954239583898000864494815045117985631979204942350412967162568373906982216319426425838523251885332768462004595360283754650370955745304181329778424549
-0.9922656081350061917610361549065302319219296568006149559586205511473284286056632919841443994535028289002937770646548148806574888024623429156907482633062022108970987483900183880513947690182539 -17.34652163585689419701012046867275795265891954239583898000864494815045117985630601971744730020418519826330385636661248397587887498074055655480420204752549753402089208872097032027125607878896
-8.177834448756585505637495744816549272561307127399115600397018006756498074148487952060889241499432804958345307746513944027452010896855022521913809330189005479778050492667347936374330476009992e-77 -17.1676126752450314716161334247615409785842885824785170512006476014939022395180848744190490653342754457931780565021146352656201028186317353162519405173555335190179499091756630291263606040134
1.086829141649962912792370705042800263326059979167975559938165182230931225338853972922713512830677078501059607952763818665066718981837961994060961823128325809898118494354096472374301720119036 -16.91756813889730340565009615306745321304764612101167734956091186001359850147527545277261738904386614236958576644752446896489767115591759779432966735414946485349787081686105602701029786673275
-1.086829141649962912792370705042800263326059979167975559938165182230931225338854207648970429205814676573416302928876029017856373046242431044021897305035528555238472993119220070007033294482302 -16.91756813889730340565009615306745321304764612101167734956091186001359850147527376313850545126489942169810843010733652852594866049340917404632829251142602692186327683576397373335411938348024
1.0689827774233516916239963915862019924057594004376637002275585079705498815640815287407566089607099092421006255550642282882675603485830945555346761574397684868478542927283065275807010266473 -16.67409384673574292386366325342319192358772117920444981702607605729746471995400092296459991752508355493138457049013499078346716214729691813898687132162530350052279175371920478843841332211551
-1.068982777423351691623996391586201992405759400437663700227558507970549881564081576004011998242476847976719415563263538213069591236814615252377583509794056428153572695902099121846353287701071 -16.67409384673574292386366325342319192358772117920444981702607605729746471995400057521859799255192708069283864797061915200732909687691214456778376768327430181930797553503870322574778112362562
1.071933831738898532314997264824213308505523788456394033139357128424134905148393172043613904080821486652500058375316040429211978865660926981162796157559328081886751780146541037615131093480371 -16.35295800373982842298361317044878423686129014470381898566705237688006598591926902466298285511963416396067014187642163443935195423852932707887400360986360043057395821883880551436235553291183
-1.071933831738898532314997264824213308505523788456394033139357128424134905148393241393366867985659943465583080966969664449801264782459957875748892495866944367286367743792598679479901632592874 -16.35295800373982842298361317044878423686129014470381898566705237688006598591926896468074196128106940834281798824960105993132393639433235661465182090224113012592148679612531569430290522985632
1.065043694730143568267991075875662323506582757183959140998370105392436727595595975987847168528367965185041734294508418655862490862966992816763631892531854532714392567293659337163896699218589 -16.07003169003135060205452198658138879416438804154876337549537830195547700493979485392191504265015677467689126206809770153667344462722940990159482270573773844497041978172752108265521365213662
-1.06504369473014356826799107587566232350658275718395914099837010539243672759559599450580304455681770767772751477398501689044384372825962028446490420983362725323037221948738799608763256235214 -16.07003169003135060205452198658138879416438804154876337549537830195547700493979484567320724091586906703831004542661826416758221601196788148337275290585580504749205094566004285812434072335189
1.060710521667065644712635164586214797856368767790211585804442562109684834349764497490313014961708371498724901853283920902566641278817470538473211879620400572045449720870524509454379545442814 -15.77449844546556649924928501709103748384964542999287476596117868853121891275842261058381111182522772918290664041274828444205299313964446904235244953408790431678263295918402986757546441224244
-1.060710521667065644712635164586214797856368767790211585804442562109684834349764502440495770159744863843942734095584747794305362866712136543257773580598387061836905169804466719370992740990926 -15.77449844546556649924928501709103748384964542999287476596117868853121891275842261069453360625935360431299255553873585779227193292240910052986677371595144493865111909187659257452491861918958
1.055584136820386190310267892724054722626659164277284201940801980460937563561935451941202745651507471172592748295632489083841672268968605674669737500781280641000643064402791306153353552024221 -15.48665957078877490926386372125151129461372343905502582653722097991279220689512747210294194302188905917300496593990603222847684366856209091250855049713125308746592778401943914147699062227061
-1.055584136820386190310267892724054722626659164277284201940801980460937563561935452965036294230814606483417482353686465827993050314301154727850388597196832660817245295984397781990066451419315 -15.4866595707887749092638637212515112946137234390550258265372209799127922068951274725182069189875010511327696641934976023476650818145518018281536579076504703224224791878325234061752457535366
1.052503691600646989540828696458688272406642819847515925311565335924654257267334303845341022062647327810964998898774805666497898848585640106565107372248395512831832481954585435735237072343583 -15.19868140289139707107524929712998722312067643276333352591355615701633405511028511608205919001960307245512529285043038587970595824134691655725104256940410258772097097422335215445409615661179
-1.052503691600646989540828696458688272406642819847515925311565335924654257267334304020556554373253431516339020308727767523437919693092209606063682512347468768995573613261575525166079613792584 -15.19868140289139707107524929712998722312067643276333352591355615701633405511028511624418479782735672943516701644207097426316803937945956004148891355633782289855848935895791013028969892797717
9.109467260537031819907223928669687833509928413434407115027421724574194593057811863293182751023104637623125658834398106937620628862732605832230060074939270687480270199989248824359339698211275e-81 -15.39478230606698292753376246294480881816134732868409376266588219985443372400870490274473147918157796698282268727945414353777075552412522451143139604605919014732344399616729628658873359711931
1.050554403267846634151904587951619684229207034971964346803911657422920908739390673528672683752155701712510213823465132122989679723305731275037868104362200750110343324261067874668709547779352 -14.9154193069269672203130190921368011947204901188575412212716705415606952687615100347538645815950517022201255051109687002891141633586741881149485443351032438914410578241664921252582580006037
-1.050554403267846634151904587951619684229207034971964346803911657422920908739390673553745443811097219030666014534291958411267762484495792063905288269041720673274084077404384319344501556566226 -14.91541930692696722031301909213680119472049011885754122127167054156069526876151003479548938031621834407153064579347645253547791223511020029365510549346911791940859946360054185410494041904571
1.049085894496759166555961949818930838591059207649991539339407355002018382224942780728590337743028635634580862879114047397493368074442566423294774790413396861782570782681689876686791817533027 -14.63607556038066599849652485570937024091953335738464720742783539654848046617408753793168281821472228160524512267334942000381358230113640683866383278951813437811251544431850153284568038108545
-1.049085894496759166555961949818930838591059207649991539339407355002018382224942780731786161366617936156037467713198259994996839258644460245097944655205216512308105582667836168022808933241392 -14.63607556038066599849652485570937024091953335738464720742783539654848046617408753794092883887888798667087876269204323828410373582505961575666377424253771718901179945252995399275163818768987
1.047073666129519275033697217819035324114140968434883471388507299615282145998794297741715163110055059788186753304636164748549950352077989722653040995355179346254252289087377792260590934200129 -14.36102458612248511688376766517982279479045551231772347334591673933106405907238801768687767335765010901097723184444039485857890336818979828654063993881963104490238625176502432539355902376414
-1.047073666129519275033697217819035324114140968434883471388507299615282145998794297742093660918872962755141393029632324808126181246549868834935091852043221846656835515376912156739125562084371 -14.36102458612248511688376766517982279479045551231772347334591673933106405907238801768881499922224903948949152927944784543714451559000656763925650235801502672573905831659913852781586521946992
1.044126750200802143577386469802207159333398246537480432154333454651960636470362704697331983188142312150605577048227427361945239413481128356801452277161888135332126274445413263385370413451256 -14.0895907960475540347851241690253282400071695577431509710306000458654612623971647743566681221075994480472093320105776916215885816400731895486838531180252639818017266338805795195548558169963
-1.044126750200802143577386469802207159333398246537480432154333454651960636470362704697374466424389381832242002715709349903654508670094005886391039531838420325014423837705072766898810409980926 -14.08959079604755403478512416902532824000716955774315097103060004586546126239716477435707038977538733495549422916653674509576710891739978202790257756395790156998561356661094246192346840930498
1.040107763079208252185266849553544213386462584027454304734715138050687042603054182913033880359063962573860155535603377826538653614462473623738966116655004644896321756658920726669701751862818 -13.82147722009980236464315204304908517482438515301314360824411898744054457963798815395225313641229891899399460493267040514104887673695283940436044708346409628274536284271279006958002170625799
-1.040107763079208252185266849553544213386462584027454304734715138050687042603054182913038959227107581626345932541376498785456663927009969559058693619164928614029284356837766696606040228479881 -13.821477220099802364643152043049085174824385153013143608244118987440544579637988153952337058306444679285791538641048991236990276474784419560197894051594098036078060136975262001673561452635
1.03506131034322181682118362890641142445463962197264569721864007048390456103530058926081464276719540745107335996284919043603647492488816792159454787254285594170843293518087618169364921716898 -13.55645199311377003850559987439870972215514318928469030445179861552245245625278603796464232018064213598354169837412348482613738093295058647058701426337452710743325870847085875163575490698691
-1.035061310343221816821183628906411424454639621972645697218640070483904561035300589260815583252299714118798794955122341380375512177528345640328546405077042976372917231752678637276425772122112 -13.55645199311377003850559987439870972215514318928469030445179861552245245625278603796465999995538687493839695324437965741019557391629281884577514223492743856168108332186877271696953943547804
1.029107075813044483292904244835453401637040020301775975950196101215029589906765817693120447701038417376831090154982402644272320345623930523515582000907547293567920793529615206152766526088221 -13.29455185410178073579798803452634142769736781158565664243207161033260684677597095295179940641801244475728374583225463044525010476870361530884949306029035487292066547979746377016408143516009
-1.029107075813044483292904244835453401637040020301775975950196101215029589906765817693120765701413082805770954920153902593321565723287568318208985105615609264360459639377377058247578308833612 -13.29455185410178073579798803452634142769736781158565664243207161033260684677597095295180315778579158285776000639039279713017153606898085545841553516507812788377027249918844582036098237213146
1.022472921246934524358452861681093756075022545067986101182945090878397407371374784082202884678783124599813032047528625466624399331850273962993004602028710749551623139850588993956934326008278 -13.03605792167575545723569545391358023204982926468241193472791030014033192756611787704113785346242149102101691727896751628088103597164446124141460279892896327091911654930370232791430904007996
-1.022472921246934524358452861681093756075022545067986101182945090878397407371374784082203014786209500884540429742480993133742762502554673704460009474371355872831886446155757962132114123917613 -13.03605792167575545723569545391358023204982926468241193472791030014033192756611787704113864823556121459914305532472812810365493780006857027096146235302841262359508814817996519209798895955928
1.015668151352029642687328013630847944379553278136843431474068612092769198702753377371368492663454129367886784283792562988996423614719078353278732410293089265268669966483497897391007394698052 -12.78155561885012536141697595842306460816004542709530308977649996974794986699900157712443718869170799295992868422702055645513401802116663877586843772972226994928821551717172791394379924511253
-1.015668151352029642687328013630847944379553278136843431474068612092769198702753377371368543770024938625978270606706738034888286569656615978852008751601342901868238226082314961378583000891102 -12.78155561885012536141697595842306460816004542709530308977649996974794986699900157712443735269509484089218792829532971912912020769121340172073267147256712353712321402319780461471836920765746
1.009883609321419744544693251924252170475052528510501289599406690905392157712437888325567834646518830994046867502640940800041135110819066273261339439746470209871672078194266898981058804423995 -12.53174233187507417734945049001014610720289426362075778765239537899024490297994606330538762468108214977484530225631285308304912202712452737404459795759173040273819413984667579057055801433569
-1.009883609321419744544693251924252170475052528510501289599406690905392157712437888325567852566171667935440908456167497139949438429631376631781554864759942587643544900746557538156414326341605 -12.53174233187507417734945049001014610720289426362075778765239537899024490297994606330538765557810737666140803635308900415480885110558409046510410378081786131265336712349410394970555202026134
1.007285045510033343767354045361953934031656786511008929636454431408994027353412480517428506935901420219325092742019405939994449752506590826355270712516814885668209852880622945041550054508534 -12.28655390031751167304373701196144337160502049371256621664477989177188007170544141454099776026561142775726027982553339347750731891672917552904386077910885419755655533961641300910076313582026
-1.007285045510033343767354045361953934031656786511008929636454431408994027353412480517428512100632297063128654084572259026899349993187463312712163482164870599119671289725096893968667708188761 -12.28655390031751167304373701196144337160502049371256621664477989177188007170544141454099776486036364846833967142167689492260738088391691721362720259429557539550631700576279760804294589148178
1.009903844107757341573314014516907157100075071275388827793298080307924685452198213085405066513718562360552283800553316756233268990323268422712596504259632804902012073482557801197348506977498 -12.04392154392474589293297525008246413749876987210834435798349010501205772958288894956922719040575750758121033367161501984560400976117440159269652679903806824881230174211659881118893082869722
-1.009903844107757341573314014516907157100075071275388827793298080307924685452198213085405067624103351824964627713307510935290747219632378060416986907947164582836533652941091392361144860925687 -12.04392154392474589293297525008246413749876987210834435798349010501205772958288894956922719080197643872863503750676549192157451035711751605170848338505456203405340617557597523153897399369836
1.017419236001843355432508916229306493440875858762351712638931295191915827467623483690637108023502683909482433343929800998085252574332157947628571990101859927166464867550871130820503735645047 -11.80068953981850858139751087458655873368633882481376668043609601733503581510080717507089640985326968564948001996517917129629239326946709190917868121844580014901074071858466739052579964338166
-1.017419236001843355432508916229306493440875858762351712638931295191915827467623483690637108197386817315657196060743034148351242070298058092312708117130115518608463004542771403340295486013774 -11.80068953981850858139751087458655873368633882481376668043609601733503581510080717507089640984585854831801156038469403194081363775208968808270959242114066495051837417279321844218127162290343
1.027554023191647976671996436688001866232886258646244189301916168686588439614775661333547071325836463072786867873852923834978184968117269190999461125231313847174652228741310352530979306187152 -11.5552621633181608817241458150231528777762322287037278660844979389884443198573015821070869872826960288069807650764998399829137772337403719935781945881101743680341246723739490853348384305831
-1.027554023191647976671996436688001866232886258646244189301916168686588439614775661333547071347182861767868974027505920259133118955016743884279369236919349409974218015398531066900359332676999 -11.55526216331816088172414581502315287777623222870372786608449793898844431985730158210708698727424431155629347101983482007963360711723309717261941770698968133601002585965905111921243692281164
1.038347085610131879917283296369164918822336269990690547854346113997804781924013963603761887755134385500203472840589259871072119767292829352834573222675721335835627673059158626839280501067991 -11.3078524318902873063090921264046023671875674961933550411170412081525558513566859686923819952136376111266643538429548381400721092427276732075360691535818976097723901798525625800031008638983
-1.038347085610131879917283296369164918822336269990690547854346113997804781924013963603761887757389238269091228196461373567815333021993561511884369799605309032162606213675570050020724892945572 -11.30785243189028730630909212640460236718756749619335504111704120815255585135668596869238199521193687947663655005509662273224766195453015369322196507932679163747881123042116051178384215979331
1.04885281262389519041290055916375495378559108129624553905618703718290390528189421476794251211129063421292387192705603436146130854820901556571813411814351690362251980641426648147884006856747 -11.05914538715861883110230685214129793431794415173005619350648731028026585375322823656574875634456433340226658344882855557564094730868863126714799690992119573499756529352260179565024914657141
-1.048852812623895190412900559163754953785591081296245539056187037182903905281894214767942512111508972567000547290526237395541387759599453212857810426681793818884094133645321615156787362832073 -11.05914538715861883110230685214129793431794415173005619350648731028026585375322823656574875634431311662352605990682419239240363903889309899512933660184514964778541679141094530068972764369643
1.058741435676142243845314218584116479063265775256018477245041342541007341043485344761911100233579970939026334660107398576906952574476179960480177726552353774646190575747014860754025876391363 -10.80960671916457399532174745613141829686516399366401705478141421199313914217491300307378456909520783884756001919730295545479558195125023508681918282374742874979746556737761320971723571409205
-1.058741435676142243845314218584116479063265775256018477245041342541007341043485344761911100233600179604476741761741377554408847532873630122731749681330029915367242233061470478887322046960392 -10.80960671916457399532174745613141829686516399366401705478141421199313914217491300307378456909517563989699878003244251317714783242621056045182634686629498394840432844716433216855238534371949
1.067954296254559905529213816568198201057594216022758987595221001562831130328749858376031479420216598798460104071006257195237697320338016188910509886941915354466192613369340417240900195637083 -10.55939835130712811290187155093721759229252487795381771964625657533199473007623169117987082612009560902895926066151955999041460125537059820877985499549134933716092802277435838953501965303868
-1.067954296254559905529213816568198201057594216022758987595221001562831130328749858376031479420218464681497843613943484346776647277375231430834834556275683058773544173020747160990426960606477 -10.55939835130712811290187155093721759229252487795381771964625657533199473007623169117987082612009182508834467363731364068536724224313659166643502327994568902770694422431147854510168749708727
1.076588838343160639094355882786676396445440319075201045454564196170725927747618309152861656037880206685187561071285548502717515572697656759512108153801589768864994783031340904825086254176031 -10.30845728675764594781443840405025555499574765547044279279568427006263486859787687589582200599416609849218561192394145471975038889010847482552506033123899809355221752947731164862186143288114
-1.076588838343160639094355882786676396445440319075201045454564196170725927747618309152861656037880387937276721007448631916829054218842312620220267393610266839112179252741608798703557371865741 -10.30845728675764594781443840405025555499574765547044279279568427006263486859787687589582200599416568294690252385023922183557449345791063137738543830797132634485654960548514484916135948440968
1.084911296877665201953172794566001937969860655609496115957206319536333432027794798260781109655972186149353645825750074202711361943912351787384741608060683476640845455501784687213929158017697 -10.05660973390116671715500855236462003281068867460267567274784240925119658900080877868001178656835291467475913934440678289733788601372472093668525052077203967181473354505023879189736611238893
-1.084911296877665201953172794566001937969860655609496115957206319536333432027794798260781109655972205396938379142558570346133328356162942622711884997605966865441073073982202087366163282598316 -10.05660973390116671715500855236462003281068867460267567274784240925119658900080877868001178656835287209929183619500443554868818241490954226056135114062515009775107248706435590657041390261104
1.093387664290702195825274459598267624959513380543628903131275373505162617516290581655148616283232112338515653111892168561735708850497399395657154126391098335457601206299822831516121316306945 -9.803744062214260987374148250319898343258312683359280152684489666450287152488975864960551996594646823045858514365047554138389223165216474574052625460644400262839025274234759421319247848404306
-1.093387664290702195825274459598267624959513380543628903131275373505162617516290581655148616283232114516308662058439122027579891351563564738786879507622371499908480877806095485561444749631927 -9.803744062214260987374148250319898343258312683359280152684489666450287152488975864960551996594646819052265883721962490232935149456494173728668321465003361294004685190638838867584263693340726
1.102581222915973066104083029298980255046228629092591022909561337764048534047300386580112297627590603811888001321993135159284308276045802579839463538596675866504866842381685354835382875981401 -9.550035945155316374153522599911242205431995321047722311232831143050067204997324881584859053773238616022550794153127647031596135076993060014486380656282538699490244165118819962398630622081385
-1.102581222915973066104083029298980255046228629092591022909561337764048534047300386580112297627590604053410549913719124452270139881930459855145224353076215069732502517066829164951679857989959 -9.550035945155316374153522599911242205431995321047722311232831143050067204997324881584859053773238615689433388662201810292369586704467748396331867390385083091350207890279650829307203314874053
1.112823386396298755648241210948996521701548367513520200042225950604110665508762025883924158688224249082615212217797789742115737468836013278200789353865517485984869955666798774445176053338972 -9.296011179980035018712861988549414602857323842474967520757332977277748821067363390259599447652844590915177308918162396308512637019286493298930883696799513170914249562605659917946550720379828
-1.112823386396298755648241210948996521701548367513520200042225950604110665508762025883924158688224249107048079554927669654209291183620590485990230752732556993301483763554566207832396485795204 -9.296011179980035018712861988549414602857323842474967520757332977277748821067363390259599447652844590891064117348487354969427800148137043522931668179082590566433498431730385630910708707508512
-2.549109727193543650196119227107680044265429540371098169030895105167358232713948156078199190104723267926702262964765667077642064074054223655012594319078088468118581433676232937179907669246616e-99 -9.4539475865747954924247414376863943201322585934141694611198183426019568388337181020973201905914033105536974047057710291334635573566941033216628923290288423507432694532358269091268619741778
1.123957400965341394375018335974727312980765979173989786247800319042706704963512737100974080893060407646904872078056463040871263302393442819317473459061478823151534823193409942696116148447435 -9.042206775854989008448455537356953829350268678236291366539160346290401035064343768213664052210059386018107622896311003535293250435794855770067467496067441818314053238372965060791022072879353
-1.123957400965341394375018335974727312980765979173989786247800319042706704963512737100974080893060407649114352572856670605078724339674321270538930221070452286742836266625170345834535439865024 -9.042206775854989008448455537356953829350268678236291366539160346290401035064343768213664052210059386016624770571412572472870337870512092805425180988782330617441223506326994915179088439324363
1.135566364077533640075633830670111466985839785571847876358388772346777752205298121247315766853713973798916374175655835576671430885871183333316647186761822608920674918601186205937479632084527 -8.788760602788202283965627112942632031341289425638502048765153858678434033163115595627748047074865033291626462709327626373542071015491068570457578771621497927144188191195981018441875844643536
-1.135566364077533640075633830670111466985839785571847876358388772346777752205298121247315766853713973799096491379257529908553022107065664284689148577487313318562909035044968313342653565620484 -8.788760602788202283965627112942632031341289425638502048765153858678434033163115595627748047074865033291554633838578051035579682767664979621123774591087566801333501300596700559678061895125253
1.147417143515287851371621996315132883118596305628831596427692003951641142216452263268474615591363559156665091711232261329246376536295005473993204801540776397823086639654162433237628611009997 -8.535445544648334725553973965075206863968574176217199081754665823293426975758820313563433264235634785832960471362529016374025345095957433791875227533657666461431707532736298365347740397104133
-1.147417143515287851371621996315132883118596305628831596427692003951641142216452263268474615591363559156678294342190388864942201770738857044855045060131896842553290288582874933888834669269301 -8.535445544648334725553973965075206863968574176217199081754665823293426975758820313563433264235634785832958697648839410447432201916025336081638198214223417679124805155727923467175505959038712
1.159604390732911112219087638182626269981432883280882093646987523634683643253797121481553449736887245352683842931758761326380458176339990114039868736214751451400955043487056564701743179449742 -8.282023691570793389596369149598112790428060817652746611077538104359093300297078314253386365942247943240884345581741218889683167634475740318567510554538412430909951970006280345449981492324024
-1.159604390732911112219087638182626269981432883280882093646987523634683643253797121481553449736887245352684688880261908998758362810183485413732982896161025910689673371420919964667960683227986 -8.282023691570793389596369149598112790428060817652746611077538104359093300297078314253386365942247943240884477246860363949142504097846805386879987799544727948385982892577591918246635973415531
1.172337010462682329891836509545691601954858009092909039757285907397321769274390593751146724443705130427664007323578764879781547089088116839301534904210524991761744302222822187478921277923423 -8.028483952285343201785254039237505179923692758933671947996920967639676949949751039483242465452153064087435050070441922378616403514746393643582459685734162939731214588819105107272084893226948
-1.172337010462682329891836509545691601954858009092909039757285907397321769274390593751146724443705130427664052467859080846219324637035811187697700940201904103062198295551737391613896276754564 -8.028483952285343201785254039237505179923692758933671947996920967639676949949751039483242465452153064087435073800085385287912404973689420995990580339109204224440222237673409047909049088199791
6.774559809378731689032733615650382054910313307929357384006879446972118845870833372071533143030858006786642095331914503204098992931714057471586618043440004603827202953445784044681476217559909e-105 -8.145650557315352573512485030954244423870867153386983268005450825613227757547970930692761690295756296963215437850889332871559814454623886312133281124790629402941549058000492345611224196942529
1.185692343491538690848674422387063376390751809608846550159227122050324699124623910366788458929146667101000389315569985155563988328048717732440744499589782057298251752873480219320071555491495 -7.774946481071899287705226363941667564056459072169268160727579959096070181059536238426214616124900408133055041856223759032955151934757306285958840008396020639662844988031000563371271929680625
-1.185692343491538690848674422387063376390751809608846550159227122050324699124623910366788458929146667101000391163071639918753368842313473870584329744345498329835679225098925137265278856599099 -7.774946481071899287705226363941667564056459072169268160727579959096070181059536238426214616124900408133055043967052193175664284675631759983913828161460506444521888473292191514797832597491249
1.199645643380574445703905578082736009388404583661420060963429455694799115628913801441101759897277102362243984065164878685465232040365721017918060716395109049419740534963440280404272509049224 -7.521457245017493645474146080378294787740994520954638067415204815802993314939013512306957863602130888580741420602286860740104020100532000216379953824839614009535728847380712039715198106471853
-1.199645643380574445703905578082736009388404583661420060963429455694799115628913801441101759897277102362243984108886634585877461826220791804448250468380144512120806953222364707071018615225229 -7.521457245017493645474146080378294787740994520954638067415204815802993314939013512306957863602130888580741420737626293198712607365178910228628331913103386630732511989021429845953135829823913
1.214221667659747847490873725419749748049885037233511772430820303248362103137331381767778737831984337914276135990210611599144997906250686492875232263816175918697964227168014401252130424169628 -7.267993868372745278449230837455064406561608900772171792637060693814237790681178257450006099706807471622583925269266349769471635208640617873744610026693989768906120924633562778106622389588054
-1.214221667659747847490873725419749748049885037233511772430820303248362103137331381767778737831984337914276135989321470697671835808647921374981917050935091847258165519554815477730600817775777 -7.2679938683727452784492308374550644065616089007721717926370606938142377906811782574500060997068074716225839252758254934645786378371583335621548219545208157758748640586291959157443371914293
1.229490539424962346424154761553872902499304037742117867275817170743320632525077703451773437206227806379104394102274693838708745453320273638409509457951124141259635127126558168929989676517628 -7.014567827244127110040895952336094132483882822085991072434508819950425984259281336729779085220420148021004353144075155725777560429379565011438539458400300747802050017271893155686833424967137
-1.229490539424962346424154761553872902499304037742117867275817170743320632525077703451773437206227806379104394102110624265394731563512109522056347555067529496151361734188542967165383287780552 -7.014567827244127110040895952336094132483882822085991072434508819950425984259281336729779085220420148021004353144303473321601081513272306717837120271611168755231368125832848473441839299069559
-4.389299523638539409579194058211602141770991705366235754833961832946492502608205520548860496253385218518923378741876659512377738105042385093661861888779887097742483506985118803819242246244302e-109 -7.246349886862569956035297678608157087160340948682084810846035991241146307282618900273874130798905801316231670338785110159701556456019200880970828937424091568257471203930703070209131430318143
1.245505627813496322392676213543042035410839315976923754867688866124307143059994093402364593333734032451745716416650985820695930127221241534004554022132565891057811749046588104300358156124534 -6.761214536717165079046253026680710986473596694286573172597129902069811499087249903698442392002963272853120518833337243845624430729023869221234806035920085283328574784311776055562158910745536
-1.245505627813496322392676213543042035410839315976923754867688866124307143059994093402364593333734032451745716416641076988385643164461983095445856071526627894132213212919800270976229573722265 -6.761214536717165079046253026680710986473596694286573172597129902069811499087249903698442392002963272853120518833341648503442204148877717734136731760759912404506230792226892012339672295179464
1.2623187426861095079222454348150985008814506503201890211085462278638302172713292926148512340559862642880166225646571806445485314043558305552556791342061078347368179642925193010563525396824 -6.507960777488919664461423642540823059641495828394971571123476531222553396138714087953104262065437817742870202804188110395661763107737035887963963152621383511773720173377697385021545054367357
-1.262318742686109507922245434815098500881450650320189021108546227863830217271329292614851234055986264288016622564656807372227329109593499127609021715664306154583967216922268538515459933033421 -6.507960777488919664461423642540823059641495828394971571123476531222553396138714087953104262065437817742870202804188053055870196794279146617996663507775450605739249268231373964746166510618736
1.279994125712453644968884920420052962017612255455676186409465926608711080216025725450788547587281513888600829015791926840525948890314506172579778452174581295356650452050113016260449402617541 -6.254839685290990133059447697483649966422926304031808617472014802785102950751533733139211074030064684540097082498684647885317475521973321789011321782338628098192180837009069932913780003344659
-1.279994125712453644968884920420052962017612255455676186409465926608711080216025725450788547587281513888600829015791918321597457886645115522995438268863506114654140526969104777145929447122245 -6.254839685290990133059447697483649966422926304031808617472014802785102950751533733139211074030064684540097082498684639717839010800314734260480735019505355488811873453988829137839548567897983
1.285829390337562983057074683581049744248419723992615148459675137810788756076582268639207072842563738051506377248078729481453879936587679529448156710855633133650905998697907308187234755993465e-112 -6.540896529869844348622060650781337597878406468345220187065543286740896039016914847672655352821914826210340306838706911887277262043535959894987669075451047880255821459792901471962816526527283
1.29859958906027383972184878383272576287589673834833859004905491602834450739011640063276959754713085549173169839848959926356717843478143254464028971673843618690989110026856557367285889404271 -6.001894562827704063999430746263916606987064543703076332417718479625574085183261199288626996205493607458380714496038584339067777313916740694539604172916879716399966434179748304481476283656541
-1.298599589060273839721848783832725762875896738348338590049054916028344507390116400632769597547130855491731698398489599213207045912729237324585751778633645296622881661415513231804137566137345 -6.00189456282770406399943074626391660698706454370307633241771847962557408518326119928862699620549360745838071449603858401423627864144011275547032666612286769234671022490272951395721163753041
1.318208303286904457104745590913836846926323739417991264955808591789830000390844269327209375534785550288310592085629691193209728701656077204600489113253529832571040465904767342148630036403736 -5.749176548441730992879258797866888188346673884532698402214346903911405994020030289159021933872088072476370713007411724969639204706691428909301756859087602692395153702040150415898230522052595
-1.318208303286904457104745590913836846926323739417991264955808591789830000390844269327209375534785550288310592085629691197365954659426459402921799244111327158958475164619958886527093404674342 -5.749176548441730992879258797866888188346673884532698402214346903911405994020030289159021933872088072476370713007411724962685772884176119323381399586012987027316478643544332565819430960899631
-9.569643928302742824444266604447617733423963979727465335632745567395066689045121491490070287775992739401063235026378744652489537190648688204312798099963071078274545920299440557991419628174533e-116 -5.954761194681835585061335319264825201974982619281020778266488785932997456786455243872110758778818808797068703434996825812716571568094052570231479224198450356657480032759613236428258277113215
1.338899558733850108242754062336436228007872856555540192426386572544323104079965670105820571174580162954831802897724675428847654052843456775850372527827357774010420539290275474978560663164303 -5.496748085804554262654436668058313929505641375246527499613689127685512722527693156988299089034273065609803115252709918109556780475338057657562435242932293979117889541751122873184980589160353
-1.338899558733850108242754062336436228007872856555540192426386572544323104079965670105820571174580162954831802897724675429015029886026131350267086530933273029217660384062626974083251437494494 -5.496748085804554262654436668058313929505641375246527499613689127685512722527693156988299089034273065609803115252709918109504834470528740726100358471373916522515808438689496324920929216895004
1.360758113024589220939660591159749279972580808234193975019914775253788459494976827608259457348126849529376282994977793711523955937663262450680606078896377046727682547554608981742240961022022 -5.24468490247433133586654979558462144757914839692357898717049948488834507709027356768494023055120973512228280537097176179412518573953819491199759075321108543956808086797724153049222273424884
-1.36075811302458922093966059115974927997258080823419397501991477525378845949497682760825945734812684952937628299497779371152690281619675567801967879808073771673269191243461738244017043094376 -5.244684902474331335866549795584621447579148396923578987170499484888345077090273567684940230551209735122282805370971761794126670852252929519242438459767161229551923014378881270033113086867615
1.366380540160782461908026068239997854181772549812255086023005471956456552270599341180204932697040511967297300775260991948572884384403765094696679291766680689055455764757710202660166838617211e-118 -5.451485060210463996162916365871915232040358730004215050587697071642506109623529403378918939014309875042396112923371159954495603053361162588142641391242819872017078096922437549697169866745231
1.38387395566318805489186598847226827313762595151589959724428459593115791750965423350859128599498407275980523314906391197806710505138933540004304670104133415079627346398682062409233881962767 -4.99307872119017132403324965374440802904901352764558593436490241459240652804419117708126086732414840734671351530535076042634722297076288016156007819604971629291013952875735948512598260285759
-1.383873955663188054891865988472268273137625951515899597244284595931157917509654233508591285994984072759805233149063911978067121008610989399428821976363524070302253481366760461001302636541114 -4.993078721190171324033249653744408029049013527645585934364902414592406528044191177081260867324148407346713515305350760426347274133506311127777058986989273245482960690447723938088477636563378
1.408341366936369739902902952901640870624165939773680703639208660574396468840618761279842692619576024841764086254512073037459036303378985774936510114221412407787256352639217939284253408203783 -4.742040450445778918594886560496223789044384804118000362337211336025401070878424848397072453402158222153874251871052802270275796302642061700095718529917814177310074066644209690655114598809532
-1.408341366936369739902902952901640870624165939773680703639208660574396468840618761279842692619576024841764086254512073037459035927768118452435504532871754048384675179185359153317977206123415 -4.742040450445778918594886560496223789044384804118000362337211336025401070878424848397072453402158222153874251871052802270275796944269074769113002081204592452869186877893127496140828307278142
-3.1815289714677692729572556228512568795469749677852892186344535191233935918864935107062735026925098528955032906405268857761838660731854115776456517296070322029105882167791179307231950989534e-121 -5.009970519583972377756732955507738018427100819099725912865093313397721209697126126227873416640633329412873489882092444463529996727382062517747408535173714340310048268237983460412217271835092
1.434257407110146805159360467848500880965528529131846743785331009331410656429011694326242574333502396309328663683043785077730346306800453380773811806334324237668331172868490994281567442097312 -4.491703837314254696453673485462484818410213570129870254402889084017896716002956425194794522042656833102776618448208828888223791182050625315232315755364003106755725638844319213441526392437534
-1.434257407110146805159360467848500880965528529131846743785331009331410656429011694326242574333502396309328663683043785077730346298226051545664564811634341793149958902508292647556753272100643 -4.491703837314254696453673485462484818410213570129870254402889084017896716002956425194794522042656833102776618448208828888223791183643165413820301387409748557170146102500700912733377846769927
1.461719524485178216582271454655600281526888322036298407461628334875067612136899128740155450017627297083401736575479140132279302574363805490571817788325524238494930076041656294408320919365909 -4.242229606338574755874355866520487279017146318432962829845032247390977381365520760199524970166559419842514517435282045531897908317860820046150521698916497480487394906315510012074583109422829
-1.461719524485178216582271454655600281526888322036298407461628334875067612136899128740155450017627297083401736575479140132279302574297987010411784896531644821745440051840391575344088678823554 -4.24222960633857475587435586652048727901714631843296282984503224739097738136552076019952497016655941984251451743528204553189790831780610563210389738787436384450695181266312704679622070379349
1.088067452910865354772235223589387227932363178552672469075849621646240808650188696731455934447242092978998671484270890731841243086334765058802589184103720422636546323480386965772872319312259e-123 -4.616689867970488795300024811538083253341439771984735708044968136146492338843091947065093033032967323964366740539072787718787180963296440285066777003393985310389879566710318207680422083813827
1.490822018550482704024994062760854498034075509828279430002635363178705421084251274390593635967403340015603623551079712010874363876971717470467159687673208729626368266906119321979363785167433 -3.993810008380043214298609740250879304611205252471727534847639189337160367673120153459152100460470672368052670675958644976260945212994628116455272670623523941635114948169165704358738580627931
-1.490822018550482704024994062760854498034075509828279430002635363178705421084251274390593635967403340015603623551079712010874363876971725940584533450454561929597507667656252056044853164051661 -3.993810008380043214298609740250879304611205252471727534847639189337160367673120153459152100460470672368052670675958644976260945212993932827939061836799797618615444763810612098639710609695267
-5.08264824255183444096426405840221366866210126398819742826619384338496039511090196716097176286784353641328000616901735224959613994694395288038159290140061102892548675356564685642754580825589e-126 -4.262339506894399742389012840086982476397083378422625028869642929195192540981359112107554921306478105997400237776126877546728654532122993996120048685813650370056074926952584979681731940453554
1.521651023402352364456198555849335594413721841708230705697309305196819719591551125554436147517377074055527693269602505681283135314214968340361260832150058934091136288961862734094978967823106 -3.746673637453060813837505705754201254781370547626789317870892605383614767572471981205748290122877004149469749572802789594323782112077946666384274868682571825270581458582893513287914303963088
-1.521651023402352364456198555849335594413721841708230705697309305196819719591551125554436147517377074055527693269602505681283135314214971979168818233751330486041351276097572680478589348323925 -3.74667363745306081383750570575420125478137054762678931787089260538361476757247198120574829012287700414946974957280278959432378211207794380867166530529097289802390214058417800371430001509284
1.554277640187520805906654287301045702960044521389978668719082802772286482781395317954985343221142374416951077151214555560483038368125758882873529386773668204548626077145725382333663904145014 -3.501090263642137947314483393550255579096611448941520106895199004572166676431773164120594459045695509496136243727641278368064189400134059513948295869189133917413706095119443587246626337691095
-1.554277640187520805906654287301045702960044521389978668719082802772286482781395317954985343221142374416951077151214555560483038368125758907231496320865501104143044890712206604443682937529975 -3.501090263642137947314483393550255579096611448941520106895199004572166676431773164120594459045695509496136243727641278368064189400134059519402331839866002246626539439620679427847069997152223
3.073849149279571506136203695587419956306985847003570115629560062665261915177790880492766153460433478341903050823513150849457935191602861087705265206705143263546839842129886267479937405578191e-128 -3.940183555072855907455529761999241850676139770254735905919115319338826191491741537636929965815896443462340513177216389109338448708456778178263756597899311460455306063142822852813751059296923
1.588748818726626002552550960843755830777745366836976299206764753223601678219825365303902765404283921829584070343049535590719504699352914218106226092222842019518527796787069183546345367133189 -3.257375292919430939999024038588678897950930655490696114937748482939831552323295292712033431543554329248930182112965182791636495764444879540802572530975698484998285800724961516658753517921201
-1.588748818726626002552550960843755830777745366836976299206764753223601678219825365303902765404283921829584070343049535590719504699352914218156443405975984142707385386053253212563878602507944 -3.257375292919430939999024038588678897950930655490696114937748482939831552323295292712033431543554329248930182112965182791636495764444879540898359116024723867651016667207953270581916504868514
-2.308426350218527064652941652692990473991450411832328468755399978915600215014622168051548124491678657124133467548088435567558274487183776753989519325386529629115361219175169973915342085574647e-130 -3.64514775108103423340932185360943167542217831765924293026264768982951772211800839159576897733121814239488594468168753783558661803383954942413263877375619586694389708465424584942766259579732
1.625075574328815948276360773069678625905251649877118580541034852827172319320584932373592483872648799206083122871576853638762193193309931091121557016368426147389458301202908568044403874530023 -3.015893291354272502854301194292556253352239563168034735004159944202561624877483703041156122941255480292895312772027400070900548677333412589483979662590339294488950799269833766472449777684872
-1.62507557432881594827636077306967862590525164987711858054103485282717231932058493237359248387264879920608312287157685363876219319330993109112142764368557537215292051580260720694441678309356 -3.015893291354272502854301194292556253352239563168034735004159944202561624877483703041156122941255480292895312772027400070900548677333412589484329635358384778725694412284084263398574796381543
1.663218121510461648032581887058316123558109488596320696651688326646835110674812978105956898613580645622434226448821659674256987035215283926314454609634659111322083023653348399303662533252792 -2.777059781027501672666043929443835930472366828125737171488709424998306251221637044247226938059364593305906183486484134336854883453546459221229194031997459599186151844993572428807203832341717
2.079732149432857562903611605830175235699826449696253056021908440810855541892620991406798740962037856665168022910028944630067452314871209547643147212094913840353442113042489344584133062207159e-132 -3.373285326555972466390837011237130496175124899769506307767748657606856713720543967336095763841061485720653103653109905793553784515656607359326505338365956810505271646660861904664906008603519
-1.663218121510461648032581887058316123558109488596320696651688326646835110674812978105956898613580645622434226448821659674256987035215283926314453682518488522896331554796338239084173326135093 -2.777059781027501672666043929443835930472366828125737171488709424998306251221637044247226938059364593305906183486484134336854883453546459221229194449485819659692179979597349246245304713418145
1.703067522515752214649271107491721504336698860539839002360817675154979178025871613303179770217156210125235093906653954874436264501751826834080977984779932462756497267970242829473125526969936 -2.541340171108811950974783164002286944033287426429991465778994622449789040578690996666712273203224079400884411082135263421699485107306232599195873516358175631316687318331372595379793577490645
-1.703067522515752214649271107491721504336698860539839002360817675154979178025871613303179770217156210125235093906653954874436264501751826834080977982715346331321211869321051396226077682481007 -2.541340171108811950974783164002286944033287426429991465778994622449789040578690996666712273203224079400884411082135263421699485107306232599195873515686739148926409985921909988932600500931483
-2.179531505676246047287724321535874633176701577116430675956803154217728154584373510511604205459798851275010196489424095623421435109636612588917440502437136659941486666191870278154832485307965e-134 -3.121443072253914011856165262641937413707618454988530292767900241790167532414085939664469154883102094028646353707790413316141235437109008067746450564301426494703599267045898018599963813758393
1.744423563918151368567826911315435687981315723842068621463545651160417196716713163540010291923638157925600485757247639079944590041045976534633369987556274816915856305832572985345885700124425 -2.309244127061235975430197132628362527011055556102751483482802783885507357752331254055197847243417271806758461971781934483472953373704878916069946514504034404974083601271435252062565593922617
-1.744423563918151368567826911315435687981315723842068621463545651160417196716713163540010291923638157925600485757247639079944590041045976534633369987554278079947037873554433380324095416183941 -2.309244127061235975430197132628362527011055556102751483482802783885507357752331254055197847243417271806758461971781934483472953373704878916069946514501039164501949483978562767401966714705732
1.786969034197300903897320237294187689324368574364824221118820809508809792515454374900559290671698284957084253167484701306516209964211248483846815839901848277750206467400181644028417353216983 -2.081312806695756225330967459482917764417516558144121248795000899369300669568588950267545374938685222584454250987734357121479204111853397491712422024721786862117191774716329971066307107632016
2.575944135439121174430781126301448293294344620050444824067854137110746490080162585624133536902688042190565622010076340928215155332970490680125476857438785455422714268535595231207233813266056e-136 -2.887042174158871451692358566857977074056271577372189768843951036598656544518065729793779711602762216285514448152713159083726415106055527336466876917669283407340483005295333857688176227476173
1.830241869278084956621029376776182940322160810288216857194341165016437948844565591245359041093776000376377024278643505002280068994178842178810132797692556205294978778555887972976162235014515 -1.85809531373782544754625357076189352418012248570890102679591726326607636782134968654934885834837301037556818306268462016967183670953175978734685107388724666972093554204789593768583685520757
-1.786969034197300903897320237294187689324368574364824221118820809508809792515454374900559290671698284957084253167484701306516209964211248483846815839901848263138419636276337858478078976907168 -2.081312806695756225330967459482917764417516558144121248795000899369300669568588950267545374938685222584454250987734357121479204111853397491712422024721782276061258568212685046159334603690665
-3.307678144568682000372438329858365425751784208100104538586697301511879779819259277880683160632521334598285939168317250343314744553364213038204348498161945059906740288160608330816679777017934e-138 -2.667928133765897569322579517479638048853413403098564232900351516592078185035514378851896534674715858567216239844645857957782261328792206932882731923527572055010628206857005834926496691289805
1.873609346030681889269030704580388011058010523465079414769945385935571852224777769147357931983975191388830530669778813246334882825215250212202948034596621879581954689189175676643924038643904 -1.640110135038892961149333146431544994123292267721146398264907271636133643989096445327652851010297869865372809982835589194104025122193837201023120167029497813157040107298018091898435452584835
-1.830241869278084956621029376776182940322160810288216857194341165016437948844565591245359041093776000376377024278643505002280068994178842178810132797692556207347829963302290805335548177033142 -1.858095313737825447546253570761893524180122485708901026795917263266076367821349686549348858348373010375568183062684620169671836709531759787346851073887246665786549032327322307625801286836646
1.916252619181631746229131744493126059688205198609962749082056102038606365162334825226600273007899061736515707331920044552493211153259612956200084219224551852622560810386982427353665319296515 -1.427788808479886783171200093002114173668369990191576432656625162407126212948197260472093748442330121540138250258804939420601875780589994156984662128962863729771687976119661923782275776309628
4.347677398482282393713883507821112741689457295201998430460449103322696109973667586569215308429880758689465826834755585783671753345030136869702661461117202967275815705110501933084512464956538e-140 -2.462263778776672410917884824400980861857292541545161844629366262753763167779991531872028939238064572067865877931221491372563422030136481435595764741573642499042074674594619048801852943876423
-1.873609346030681889269030704580388011058010523465079414769945385935571852224777769147357931983975191388830530669778813246334882825215250212202948034596621879584359326358866614705010205983519 -1.640110135038892961149333146431544994123292267721146398264907271636133643989096445327652851010297869865372809982835589194104025122193837201023120167029497813154899452040114168834220486161177
1.957173605204771361612473344964445184372623088253161778339911199777375741070004547848036775886095479486837312245871457303014304886623066695605713134163496728949384095437056074098735744348678 -1.221404463162397054906320210382606518292075045759542705170774889217128734743215638574273363496223320369625973337364498455648358814820754632875142700135670212851550857377608778934464841492961
-1.916252619181631746229131744493126059688205198609962749082056102038606365162334825226600273007899061736515707331920044552493211153259612956200084219224551852622562325268258304260604279331577 -1.427788808479886783171200093002114173668369990191576432656625162407126212948197260472093748442330121540138250258804939420601875780589994156984662128962863729771687128513217391752483102429397
1.995235487415485999991110594120269010408024517958077948214066921237301947246466444350788908148823985988998519660106789052899039564574513028082426932237537580507978660284001714493834414011168 -1.020997081877741380269853130719895919440741054862063842183805243721308201516303596344921357908131121078164560760432907638339838441492172746855571616431697393313177843148165182344557918651328
-5.047687106643859462073419410699059129778596301030581557436293543697065086448647644648569122309720134294460421013400136735657238549046593852359895873386384494839688892501597015127850854164939e-142 -2.268449686111506282193409007555685953306102522655469119870219628509300393397028184654088535238387541860755668295169252334157638603126251880122163517343284877363432642291898457974318306661495
2.029239275763840982102090165671233904114614044505595295699607818331265464229497084298130096947744729283710677377172640490609006634494211450356575378683956588443220622765288846371834711285204 -0.8263157371186451719074122186200823863363094022876787959335291992234633552428537118218465072723131657869445145629728090997521170227697338299633314780091209110960870120107990814603209671194666
-1.9571736052047713616124733449644451843726230882531617783399111997773757410700045478480367758860954794868373122458714573030143048866230666956057131341634967289493840960496797278515681251361 -1.221404463162397054906320210382606518292075045759542705170774889217128734743215638574273363496223320369625973337364498455648358814820754632875142700135670212851550857068808399120954476320792
2.058023898579638296802472254681768413773748583404506464673266698877935758611576981431545853372346019700356718763576623108909905651273968724341195747970077744830425514550288368323094542230703 -0.6367978451015292839765456772548477520724231678425193819812712039748997820096168131519950961934419226850131609752451695646194803240284865475107189989296504132166313695599788183450908853153002
2.080565732117607627154677372458996447548764628336868350803294755802069786373890304468146272507728724427249761038085728712379467014190351818353039191007230846087972826242338748486815058448122 -0.4515930969318343970952971017161096846053990750144896256311156412213916093815576836206883902583258058719307987798646421201993582944216425224656589564975350335478208966718759472064986697246409
2.103938438069418398113027140562353345139358810434871340516973417532832856545806687119265439879024610292538299547170389956169725028059403709499809104770124332561338098512979527816934009827619 -0.08964897636399898160077652019821347926014428143751780146700615957413297609253016342005449798967121251272329885412717900435624705873079567830835041740164395303354883584652365697187858490983749
2.096054801619510685297164382947528737525200928161779571973644152689841583404505061536677943647133017423166952173096133078490052261531394989771076210409991971374116145938890280751588586624507 -0.2696220623785357559449912047359199416600443312253296399974070763034267032100704037380192472983773259618095580324632139324478301517999612505626381937792563633913863520987924276011841060805129
1.66415988248776732914047379051422713798540424489077477117478184535263330287715091672955674320972108346669895621275470086782485354048341087890070883024091508314388515044281496875229267156246e-144 -2.085061919592175501949270773019083741764760130336659361324746965634725004282229920545495760624402677525826641015101654637830602987844968192309444768634881872116300525974646110738290397735428
-1.995235487415485999991110594120269010408024517958077948214066921237301947246466444350788908148823985988998519660106789052899039564574513028082426932237537580507978660284165179703270839639601 -1.020997081877741380269853130719895919440741054862063842183805243721308201516303596344921357908131121078164560760432907638339838441492172746855571616431697393313177843148049416220414810874622
-2.029239275763840982102090165671233904114614044505595295699607818331265464229497084298130096947744729283710677377172640490609006634494211450356575378683956588443220622765288869215521663790316 -0.8263157371186451719074122186200823863363094022876787959335291992234633552428537118218465072723131657869445145629728090997521170227697338299633314780091209110960870120107990465282748672732969
-2.058023898579638296802472254681768413773748583404506464673266698877935758611576981431545853372346019700356718763576623108909905651273968724341195747970077744830425514550288368323155911914341 -0.6367978451015292839765456772548477520724231678425193819812712039748997820096168131519950961934419226850131609752451695646194803240284865475107189989296504132166313695599788183384975289084952
2.34821903618958089275970512719394388071169479623067868885369543257172916366610015899254568858855537017740945524469543255418790074095137359656420854438493698601719188472128545052998505871626e-145 -1.910799952695028442344472467771535183273558948171217004168354980994817427342284923853123571417125801242056464165271477308539290562215037981262838615995665212821889006111732176691390603352877
-2.080565732117607627154677372458996447548764628336868350803294755802069786373890304468146272507728724427249761038085728712379467014190351818353039191007230846087972826242338748486814626748104 -0.4515930969318343970952971017161096846053990750144896256311156412213916093815576836206883902583258058719307987798646421201993582944216425224656589564975350335478208966718759472064982013362643
-2.096054801619510685297164382947528737525200928161779571973644152689841583404505061536677943647133017423166952173096133078490052261531394989771076210409991971374116145938890280751588586573756 -0.2696220623785357559449912047359199416600443312253296399974070763034267032100704037380192472983773259618095580324632139324478301517999612505626381937792563633913863520987924276011841061009806
-2.103938438069418398113027140562353345139358810434871340516973417532832856545806687119265439879024610292538299547170389956169725028059403709499809104770124332561338098512979527816934009827564 -0.08964897636399898160077652019821347926014428143751780146700615957413297609253016342005449798967121251272329885412717900435624705873079567830835041740164395303354883584652365697187858490967562
-1.497438742826147539876003516580074645627122744991917036572383180593887385147498579545601856684455354656598851578700138324590139649967212992594751190874235952796911920386972799413870201407292e-146 -1.744438948867742876643927131933207210601426986123131720818324484245419288924785328863420376051933475023465570140851838927012584287155838877026380079290881747353706188127042263544059631453605
7.329379829198058885788056293625650361795903729615799183124292207136156862216366853695531489941004494532242190089753286395335747311477539669633138548391230256963922565600123921584402980193801e-148 -1.58478047565888000747175165618530339908820104499231747780601901990319465326574914690480645101267063722779424645599234316156513842271242713660667403018422307041879248155038732027184840928172
-3.402336658555982661826518583067029310984456328619796977473297957094640596437211475293713361516024275179881018327654856402033295392574318302122999976474088583595005616181031232957795870410787e-149 -1.430593878688020674631152913903715870910144948516869277434890929178785358031863370684289734605314639329935609356967989150162367566477296702251776413331555542638354838824827855643328083190024
1.586365816634644786703842673230465643275541493481736822745460588354967873460062891160597043234370157240525474160349046774986807339355207702032592880464034292917297695786717479597690989326439e-150 -1.280535537063100406810905641367279023777621724607355194640843314469078469230036877114616992555994800475419931909278678367766861028748140570783462039713693245333035685393099668028383472454293
-7.602902485562945407920368968682315793327125787649684436515047719094016145107208125492356824297382417216089263211709267044522283338157093066432617173046002568946389779539555405389750413157221e-152 -1.13302108601643369897000573585253969303179638541839661108970461195101799711571084868713139569488996694654832400015851948940812814136038048396278826598901232544920280157645169365098729302148
3.791469737957508611178478936368312180284351777620662005608077302612945933858380176769576930631068869526150770548124976620272581740472929294004782572404065407784314100088573015316245446818869e-153 -0.9859946254177341551067110269775639962354360281189639650105653869757939090507418130365557255176921702695954816381846638220194188236173957173927588782262234408469605353153215910869804345811646
-1.987053094904753675350818862777883688193983908826926541387380319906106182529364368957546627549014477869772646467676135099878902485741125964752420334397194409771162872110904891950466635399383e-154 -0.8364487418898781822792266515154880009204192418511561165782415767698389117630339088979960857064820838667486911525143586505719028419444795921463279536650105963581681785108122747699532108884657
1.111292305818997137772418337634152754364201660420270160365080523330150164115688573030619511611930563141940910946317372522286995356761109216437653439888040532574129130419395532255115545187094e-155 -0.6792302286252885073469735949616837685642129201862586210101705774423822007690151415385198746090672035848951831900203031769102716856443612321801240621968881343352873948598798029300770570633098
-6.910113079179179596396443358749211303231879257370607429995677045045527797896080889661637045750751234308224185234316324613888116260777861527944648926875314170767062661238395502727869225916838e-157 -0.5031079344875298950310936464351121152932921942562127577640105497719304289168590233664181022144094726424806838184599487579439044303593556938246074638618131063710908376663199876589406218101043
5.981160010611448419489624071181225128165330368440931268634360034553055987785514571958656971195395480905728435672792649937031814230455953070277801482008904892140398942196536024583402258889405e-158 -0.2666413206348499994815774183266775653785020190714091644768283373185167898404249552815157871030219312592249648480773793844202446767962022067842666402265522030455374393730446029403264133947203
-0.2957617443807772858026145215328166426532284269502840691643314456019263097210061274025955796234234661688669186744243188411391110593303593225004085290169624941484899156574030992208084106235329 -0.003009975845589312098917093407424690624144781120188172930577425416772875681563978609933383861494775466291503723075473669718833126880569907590750091003457426377984307025212939719230753907349581
0.2957617443807772858026145215328166426532284269502840691643314456019263097210061274025955796234234661688669186744243188411391110593303593225004085290169624941479221142487149333059516176263113 -0.003009975845589312098917093407424690624144781120188172930577425416772875681563978609933383861494775466291503723075473669718833126880569907590750091003457426373162503334169763238786117056285223
-0.4731882400122250774082999361244497751478132725733335865525665711292589070938858402470389717564188058679683585515808567237346165680174731425483017469471249429734957137263272169134068995811179 -0.002465056514647598610208559184125903565598836139171744398438682316820993008397031563531072947195781917196310098497682527450721922017480240015790347146696506598952492828300841621313032031953381
0.4731882400122250774082999361244497751478132725733335865525665711292589070938858402470389717564188058679683585515808567237346165680174731425483017469471249429735234745105971196123542161141651 -0.002465056514647598610208559184125903565598836139171744398438682316820993008397031563531072947195781917196310098497682527450721922017480240015790347146696506599104096298108634392877586318242989
-0.5852393232224641831088481794797687341992457095484972984801317850251686588558733300083995979060936174014552861759797545030850285608477227152257190476278688812939581120905130939531154548860919 -0.002011051286005020453226951328382880853684584123447158886003419953814862193793724851406297625191457681903638762008924220949769280291361260273178849430260341951894317387665702915773895886320711
0.585239323222464183108848179479768734199245709548497298480131785025168658855873330008399597906093617401455286175979754503085028560847722715225719047627868881293956834434418300097950531603466 -0.002011051286005020453226951328382880853684584123447158886003419953814862193793724851406297625191457681903638762008924220949769280291361260273178849430260341951888202557458437806626116963195093
-0.6673572318792552570351898473786403938444426706419149633187355883289858446465326573428799044337562953685988483458298289433197622257687801750239383591500892457387597932689027797311561601649084 -0.001633564464730017665348142384827294283739284535133329753300345674573110917868449663501534705392593142013741188404990737734727301841994447792547620545954424778881624101327557239312481744865981
0.6673572318792552570351898473786403938444426706419149633187355883289858446465326573428799044337562953685988483458298289433197622257687801750239383591500892457387598437678576576328751334049788 -0.001633564464730017665348142384827294283739284535133329753300345674573110917868449663501534705392593142013741188404990737734727301841994447792547620545954424778881884500825240972426352295312004
-0.7309919931332299334284671408777184814150255487111786626698902929676584931069841500574327844730601613220653148738121175402737112207486446036048409939363003284473955080177537104660726120123727 -0.001320463784751911771045270390352325342828704305222339056387673730504702666329706318824585814487279969044388765858946257326800670986763365705624791108126255015462938706342138908199425723821225
0.7309919931332299334284671408777184814150255487111786626698902929676584931069841500574327844730601613220653148738121175402737112207486446036048409939363003284473955068609141704301886368014787 -0.001320463784751911771045270390352325342828704305222339056387673730504702666329706318824585814487279969044388765858946257326800670986763365705624791108126255015462927813355462051511543411473021
-4.84532752158211011715991601834296475235226627563649040571790920244205714932604840566320342181791112698497930481520627638476350583466927052267540604516170508886640731325969071135141381967061e-158 0.2593154816821296115320463181926716897663516704055724149122583385253985774183882732820685187482738128622702503570658235793668094272622813095575797555664257164307652733033126734623894005673801
-0.7817342095828450315058753029316342985254021418906580268694609278369984404812335373102463536287652744815344600411539257669507705848729166404618961775644519527892140042516008633462186688404148 -0.001061509408669692505606542707086299716532439116615355820164921512835218016071508453604368021952914734590326035836826611399613060002280557285291983650027156746846097227765168228548706293591998
0.7817342095828450315058753029316342985254021418906580268694609278369984404812335373102463536287652744815344600411539257669507705848729166404618961775644519527892140041840064219028389328593428 -0.001061509408669692505606542707086299716532439116615355820164921512835218016071508453604368021952914734590326035836826611399613060002280557285291983650027156746846097640682504219445179991758369
-0.8228682164354269696875704115471907027000979699941218393949773336566255481375206250270026787726427227693829559276202346356499354999591627234691750223543845336782418046474770755222275493692451 -0.0008480478842256271418649411121031239030228095829807522272564559840811557297237326683763896286099140424309305729602150935454469902751209312616987932485193950537889227818798905969423610663054727
0.8228682164354269696875704115471907027000979699941218393949773336566255481375206250270026787726427227693829559276202346356499354999591627234691750223543845336782418046613991470435750012214277 -0.000848047884225627141864941112103123903022809582980752227256455984081155729723732668376389628609914042430930572960215093545446990275120931261698793248519395053788922770375641434594867185796072
-0.8565440572294597375841352612329888196556825252885432810366545024004973108728290158795781634764480634750881744144314690674840534575995138021082113798909490960680339734947557011914102917415564 -0.0006727589756018711768357033581387706864496955040076361394622302475434468924451464945211856795805587362461230162502735341983411741170790687650592599192576501763726693697170286110967763141580584
0.8565440572294597375841352612329888196556825252885432810366545024004973108728290158795781634764480634750881744144314690674840534575995138021082113798909490960680339734932449565601454634704098 -0.0006727589756018711768357033581387706864496955040076361394622302475434468924451464945211856795805587362461230162502735341983411741170790687650592599192576501763726693696525374166557895089670618
-0.8842731853127298023269761831618207038491709847266470942372043920840356671608318005040081908569699690543911130302444787566670695969895990385261185930180765290858445868408176237412040698949254 -0.0005294456608682434725549545773452268406365165067882418678514179722029382599118317354418472198597512169914366804905141671552172441576536940408601743497068684582100585033514562436779574837664028
4.642532491748741839052996511328288307564505151945799735407731470892694794203394569471929341144116399610463263210452865700053683583913926724369870640561353704281631744789880488339298929125322e-157 0.4942194099183257021010479490506639797413961643958978212027570204866320139296899024411538842461145921470183211836052183820607040839730792539828864561039908036366561606657337763235178891345096
0.8842731853127298023269761831618207038491709847266470942372043920840356671608318005040081908569699690543911130302444787566670695969895990385261185930180765290858445868409504462347480466567039 -0.0005294456608682434725549545773452268406365165067882418678514179722029382599118317354418472198597512169914366804905141671552172441576536940408601743497068684582100585033974925555920014401167389
-0.9071729197432739344237442428135960034142775198806260289833212483986194972551158466319017794082164755845395163259376129871429985207188947791163034059650864771518109902488484479040055631675099 -0.0004128594573241021623216652183495061058667683621047382017264361175944775104734841224258122838739945077625542070705508260268601785890634053997028114065015333363167486647281880036986622174581688
0.9071729197432739344237442428135960034142775198806260289833212483986194972551158466319017794082164755845395163259376129871429985207188947791163034059650864771518109902488382337826738488362637 -0.0004128594573241021623216652183495061058667683621047382017264361175944775104734841224258122838739945077625542070705508260268601785890634053997028114065015333363167486647232374721473122808915769
-0.926100498499948785698408387479482308150020789337265608388834854007161711475888751431862825014437270731461429874964143109801941306605590964606740950048369092947602127579785384336861062480662 -0.000318554721831447495198651768347269816224143916879806627862628919360555121037582020959519836655342453916224958028670940125205719718602943993233618352585873774780328478664207565065848238640967
-6.540613268326264240412272739567332887547870744633152174238719517551207837929846208412028687144593851790764997974410002257054386049287316488436975594787342252908308032972227338527551752891766e-156 0.6684735941708802369789780801206576748526736668215071726333512641897259852942306986086277464110301822925676598622463334971331965528777404015771683078288738954349956727902367150747144458645599
0.926100498499948785698408387479482308150020789337265608388834854007161711475888751431862825014437270731461429874964143109801941306605590964606740950048369092947602127579786082230737931010429 -0.0003185547218314474951986517683472698162241439168798066278626289193605551210375820209595198366553424539162249580286709401252057197186029439932336183525858737747803284786646006015558876681214454
-0.9417326179298550543236947311254104477518503412801330115559396607133843632623670519561930830291156427269281980088107296235548949442545419151873954950424991013712303448273005979629990650835491 -0.0002427667617302516943729084755404983615931800117077745836351299908517169757681693378036710171020049809141440084461239287162798776092259064357336487932493601671234908487227738476990159665572097
0.9417326179298550543236947311254104477518503412801330115559396607133843632623670519561930830291156427269281980088107296235548949442545419151873954950424991013712303448273005559349704304709516 -0.0002427667617302516943729084755404983615931800117077745836351299908517169757681693378036710171020049809141440084461239287162798776092259064357336487932493601671234908487227476526454270625345505
1.049138134473712325599649697400695237187802605258472435995385529003885861820324361464966900622760014963613680220252129637005835824731367513293740403146903047031948926160177626930256349963979e-154 0.8234604163940305126536274254438245153253719992506946818160300465028754031658269568870712653686492061374571882375010580115361512908707762668052461751592006675975306216116202358380425463082223
-0.9546156721360943418960310310729235794922281038152463038435514343841490793613805534437814262671136768849722727723469381984328924749994061891264098611147540636757571940600302088058120843161307 -0.0001823095529081561882820949842628675743945260759533201937748037082882808554300641013142598695860812635628697294232214287253612362454582945337593960402310221761722626378201409166026080462151079
0.9546156721360943418960310310729235794922281038152463038435514343841490793613805534437814262671136768849722727723469381984328924749994061891264098611147540636757571940600302109825591766088605 -0.0001823095529081561882820949842628675743945260759533201937748037082882808554300641013142598695860812635628697294232214287253612362454582945337593960402310221761722626378201424089392489623288599
-1.826950031970678727054993919845468218271128278402368914468559630701850569908637817869066403235935200845449825552807290607773433374464933510781809900532246769412921157173525376035301711040369e-153 0.9703412978277503883210808581411445372754268110797655722757956013399716865880213447531149880949291203403626107214414595706250367353520807967222971603452071596613256269439545314761097504299323
-0.9651992918595775499422066460045738330456217267073474008391670999014955687600932631496675863496922474948202022035730190109122015398990862504123801231080950922162371900365176715460879895729955 -0.0001344896621791987800230014816465262502263576043559319668966636160034277500768424898383047543957876722095255374789314334801451480342660291672735758210983324571526893084017938164122296002589426
3.400554119386182207534440755826948605620292168148453531718000940581344277128612793335440413439479414292246252602699460906475406145376862421688418887379568669379226394611734243968671434822914e-152 1.114185610417441696807543083452105440296717660752176089692207588914634069685848504781500784274476046680024159834778879451782640611042269808541516313132532851968423898624429990186126878764444
0.9651992918595775499422066460045738330456217267073474008391670999014955687600932631496675863496922474948202022035730190109122015398990862504123801231080950922162371900365176714532180295001667 -0.0001344896621791987800230014816465262502263576043559319668966636160034277500768424898383047543957876722095255374789314334801451480342660291672735758210983324571526893084017937455587430240298169
-6.727218222690087349972070544576159926092109040007175720846209661245434960668602505554817384532122949415302828156294571065626120186655765464716359270349012883659319847204898628591928611496775e-151 1.25789967153362976902568679634326669067564938982071691799238111645361289208450975997407889477797282865549153079456745003533722478027926593691322115223045878448427968957729621528085957581893
-0.9738601953464232709439074721827960242751428253056845530061581308227445946748172659097304869435744810191686583279849792989180066343803074792899266881966201469221206554608804807480476539009876 -9.70337331205088979915580299165977259997267374550717591549878797054450450819013419376234946477054693577378337570514781111557396896734820754828189426895915451246508820942693772003356643721161e-05
0.9738601953464232709439074721827960242751428253056845530061581308227445946748172659097304869435744810191686583279849792989180066343803074792899266881966201469221206554608804807510827107198981 -9.703373312050889799155802991659772599972673745507175915498787970544504508190134193762349464770546935773783375705147811115573968967348207548281894268959154512465088209426937982559255405399271e-05
1.412119244614596462473338646745596994057476805694205080533113887574417431686055934790791709689868820579805438030143499465612159914690044419403892830468760430858991288922948071052743150855398e-149 1.403417066562726087953685135008241673962825516728729248735462979795412459017525533258365177092216783977175844807194685077422541217787206785477765567242012274593922384373837147474696164292143
-0.980921191041102121175809859312527997093857727439044098062012419730225618529312085537905464075954366340664756125246837906768086321703777209682356380854047141506176210087806643767244356387232 -6.802811037592279516609226823859395541462400892962213856729739805237918119824036644996882307233847823729318221192495866196016470796815375484059458933817783144038124234427991643911179739139455e-05
-3.146265773322268702792820458053215829952078341689944597540486835698051672056345274184351639848610353804380889262268776818498441983695076929200860926436525678667072747910522144514217317729441e-148 1.552173631774628671518281562820901164949931651772605929797483406255322001738996311192171456423625369432410705110426973724286210459472713495055572829866836331313527673643749167867924864986113
0.980921191041102121175809859312527997093857727439044098062012419730225618529312085537905464075954366340664756125246837906768086321703777209682356380854047141506176210087806643767177860860788 -6.802811037592279516609226823859395541462400892962213856729739805237918119824036644996882307233847823729318221192495866196016470796815375484059458933817783144038124234427991637258519059199926e-05
7.450965872601695615592942363404206524443863677748518790721155236027270543688830996211290928582553297472178162001871796015889896055618795027364863376336922110026712167837066917436702332901558e-147 1.705331895794263598622418920886874626767023508636962424533142535471549195694223906679141513031544837524333941435183649751793318264276523855501521290387674547180842657949076726930741612083557
-1.879367193708489773090474970102370909435686706624842759816792784901582993412428028769616256556581255780373149436000710634124785313883905420022797581796031368635036313192081482875686942577409e-145 1.863900719853290407904411782434500942785497843875831336829767441207376571807829905170744994825968209162375016105929546220141578153410217397736632353183978320393145408104258394318802076937162
-0.9866714843087080588084214835968317095908079609252007090762916903443858920331886581219275822096130526002668664415050525638374333724699618072904960331959362421781815424943252986048907252982556 -4.58742093072434198720032425560313048586716221876120419523695741815687908118279323521966457703582198739968471591711626357692691799549378071904299762999154951275187751671708349735557647356242e-05
0.9866714843087080588084214835968317095908079609252007090762916903443858920331886581219275822096130526002668664415050525638374333724699618072904960331959362421781815424943252986048914522393658 -4.587420930724341987200324255603130485867162218761204195236957418156879081182793235219664577035821987399684715917116263576926917995493780719042997629991549512751877516717083497441534224103885e-05
5.061410758961622215532642314860237712379445383716741305112468124879725430536579572859345643815843278016329904905598249406830239873507367977052516351402076943577296764822929038058902648106798e-144 2.028805523039179670791503670022132166698104232447958842313919753641122480453639848038616537379741408375472823821033190900926864368577861862349368350233387486601887717688675915096842292350308
-1.459526527284343958074286921149681180590127890399692422258218916913888038314679051173158438157233127543158338101243027976101613871357239627558100517138694382101208380212121849902718743381004e-142 2.200933175994831686534519918487373220109813912393699323525350783269429961768808114368800087537472025583268466318107785520185012980585729226150299840391837602475331030127988282732466265982723
4.520297055442341304734093504452369680965697164750437213327389381669491417599656559410760161760322298354703128903922582815918502069659007976923978084629903667271633212442387334168209120564996e-141 2.381163164203976848372140157973136786978454790901269247530480033785170717496977449152722971963307766013098361770744883434932876398058911189908665682523371495514357271822847924002003923988994
-1.508594555841444157247042168681224787613745738163125567986947248156881486842496083069558562556560012418727331044590288636549099419171287842524720661368028241887219692991990396058709866564776e-139 2.570391098340903975759132425011469112320670437673118128222931678920372951800093456308632046100839791876681308399776706945966465846736709827377020634751045208407253727149607242189238959681818
5.444553225553807019396218212025360311094421664536830849009192745889953133207643915139365600821600645662127165876107311320982223329553063471248256299742618927599163944946290652365910356361655e-138 2.769548004009102043503227941238328094694306023633064827421009360663477210499524070462468034251253626842656058599814387238753268535607054745395767521208085977649327232865396316779956139925447
-2.13288995123976797860452799615862008463166633993077065750660243834825005066738008520975802634736923721161181547836325253497540030234899582271031023323310620854546789493143498053322646165588e-136 2.979617480197801397617963969819275534467085145495611309335442448566400547830561586794772146973954840789041677239842492391971302994479087426842606205448467401385719509704182150739865369854129
9.105995719427801682303564984566013340381374972127466148432002060094339290542768574507657499655341810832486693585256848912582256959275451520460570196473110163978088943468983853482644221875693e-135 3.201652108066484641498285941571268613539347621703000812443859180210419475646968209595144794944640466538982777081544179845912474504629597522038901089006355476794621114595510497547037460950127
-4.25488594753834706740128599945139347362428180145101769526270836437771908786850041868708078881122455170651937440447752726837846204508051876284455635749484594550407692494883164107783261974957e-133 3.436790116107508177646715483550333764947397099733036217659678665797040022588460508575819421754573109614218895610489330162279860287296993732422971858025891493788921901062374165671919376487851
2.185859489077332587238206945793502864458878378484426552874012813958608625349506632725767166538311734844213017560230781703439884021604629785307570574504539189021567811339808452552757911761626e-131 3.6862731187990866596651502244952343321384939889797607099706051026729532856593892889714528686417126799819041765166783763289255974043313152218912779401724222284268082464093122352529719265694
-1.240624589548229687018468078543517481088075535547282425318361096412513015365845382903098483816746648445575836303104543703199746995434294161617256495830454750604316678305510857180826441089858e-129 3.951465671200533241159686414764590849445071631898889617072054240774337447564993913287426859688449366133999964199440232939820466261225571764213543111914650966926679395000700626338206089501079
7.819999626453018546316479400563546032486717274489803324257678748809788191579707911527437413788634733931752356777482516415654653083285203192240819590513396102663253471997797244646327182332306e-128 4.233877385569311182079936328340876997691463333339806927981705916463606804842998168364349083562149045457411459219525760252405349835743177142734853889079895941244247289256038948899680592560659
-5.505030361461881061166600437517198776407025859855332063481014562823015126720465466350747090396102645578924599743360687037152148063533875941064643267988544076654544828313627793182558073206637e-126 4.535188421487097898774595458266807890676276266189105623114596045010775936842676927462779997853123257610759073455601208975537140281385396676292190085086172836583803113293876926188448305911078
4.354463494473167911494082729671469673728571717926992897789675570837097978795615799520249410009494410491470503531211787670994928750111320811620214685040904272231672029628502224292458184606881e-124 4.857279283231864353196241155825499947849241123661761926961024096996734664962898338684140536412577927929451324849918960398011368166059800587765506556379915514029578188507282591811382605614858
-3.895740408604552286641711539233616414566407176623548087080484515754470468246121618486871881454417432982692543786619260796825952978762769432802640581464707783557489186580892037826683667991461e-122 5.202266040268094099891615944520386834991132917840739929323566834299041409248644097898949957637413014885336503113779052439857356667291848879455993942837678842308881317049917189669203375415727
3.970430127663675080100005458948745072568303592115140837683063352986771113703402193671533194373916085426527401155334685236252281061737717521280353208209831516320646505721219687256725177532153e-120 5.572542338478131445781014376706564967995491534988946127588047921759740014332729219848925580853858595803214827019787097001646843752044461110075489891774076505343406053884037007093797742096134
-4.645974683179196339802853669325453927609396166036927266981252864605097524515296004718084037369934821790679759127103405427363218190294957884806666023493018718042593907641772474459446374053927e-118 5.970829907670840714555514615175299293676154601078800603421677815880708858761896057412151171838180942965373336575128715224608191565868155346583230488543882416985613304318653888724589946346278
6.295562865329714861151355192102447393067011617731559361018095173891763604430772607545410289576616200938546114817335942939353295321580507492874004920804761293579140165244800941164510599110009e-116 6.400239719582250835944989174619721063409110082039401809254490409795976920077742359282568325199821281100789436657014350393871483129132118242780704604823683925590479899107766825463245581100017
-9.972629118766922339089332925789225438629823526679575537469530075745314773772587632126637493695097960352760357905555430363399988126531818260261414346778992208205723275808531599118611230576736e-114 6.864346545050665491379484254071255054956851541121780872298189413720535772534747451463210020344076520116948817741012962012405088827267342274293552848359084326584303469409176132499390185046879
1.866057007127103973871608622968896400637595640993980687011414364734145264938395253331914085721378980733682492250907907525093916820227511449765364775966412727008082211033886917757680633364845e-111 7.367280448502174046399280210094870802582804182669942523191760219473688338016817789463297225797051080294432852333815920643644103415138724006044429540090888281523747631811019221482534342772544
-4.172401883099655232661503285770818381672816829877839732676430571756843245548520317940617146891623226193507907825789478393616725538039799300964506888262021086973467730096403868308406322316251e-109 7.913839811355614526713682530555048531464669470851793862681858468112372258439560937531203629688059579866601712469652884752248690415118821153316597349734678982421732706973011070341190881399574
1.129147189140748755993335168941227768331691559448837908314068518578288522614010425633595336975943471353670726909635674174316185494013638245205249006340359835160267690019724440847758368140682e-106 8.509631890783523542088596444260205393688327901897178022601584770400832219084802046348815595849555464512918567091236156389151057720085812858789040851375347548670486473111289894356057499937025
-3.751506337441487151078781484188437297530752373036862464928969263937140034335206194092712020279339308996392526081778090805469477999566706606781355435940067720901873954118261084654339975259854e-104 9.161248834763971312836593540898723567444140024160835219464780772190571291512541196406293316417596629798516219925931983253823686415969120368162936924907965801521976663143152340857369367105215
1.554751191876211415291268798719866716884036534053498889256291851238384146901316374301896754181270082077477159675294779159988928082958918559439744113358953313535060927349701371397494845185155e-101 9.876489686998126992617187377881454347312811894829744503510891638100690862432623981886353164942097427220117001727505780214506151167449507643293688863118343005765947936018352306592425959517032
-8.181900479758716994642003425167490805951312661694747952325779071358078575335665783902519374713114143654170360538622637371001770800399143945154966713634200977524560861114151507337827101972488e-99 10.66464251400381728988481579352773568083195203287600556428931270719521487762481288983982676790692657985067078296745568889646672451313216521065419757344754479740735474644099163690192951219262
5.577981365485990253981841316682868609285580291696812366275180885137340247076021444566737344865071216700541044886916147240084556474296473567248265693409002398865206249537801503215124996019066e-96 11.53684579443022172826775023680466940686006164475869202025898763316828458474788914743124335128371097708228525395373368478231998461260900817618515953251816864546718008330131843653706491823919
-5.038732803703214577748266866738499692235124265243082966111013815214463459645416633394112755883628104280240926338610909206009675348256197610975434124738758324702398156976123069944262008838665e-93 12.50655525673037693079736766482648648058881008371080611544108964251571690585569855798821677828338729253676936486695104719307785998194250508380817458301144798917952574086344132676129314945263
6.186609918781941963454448469919419541419451115271907529793494786937323444783479276457512320952845218798893816007974078522609544893289753938988188622603226922967299776894372161656571136774093e-90 13.59015238575810479983192690371523604334472134399432646190269402982054414726858738260355289047414702518920459472143860119384413185317334803556885716021930322942564421074894246141385314775531
-1.06271618314441239039931736430655032893702096082483084575180358725433500637268611565604909501076741734129413336013564954246946505529119657758386194362587041127872323081422325422888988547773e-86 14.80774529748176652890977539678012192341893091390820970564339062082844499012078738043165738733659723612847465338018646164272786721002637801260465506963701198556485512883754839726663166375451
2.63929847003763270472186604933606098712466438434323857937272535809213036579907095531014132323023268540342041896327847677220335362662461153453148542816618941262281774402119592373400872710728e-83 16.1842338713011043211032755050055144216499486387132335328881722220064028622339365029446469019737653661927280417467331803185807928863174930889013091119229141449883254504084644331864168670907
-9.839337984293223268931977751133955255561946845524370157599991304627217542388909268939238022883916910450165390645949894192697554631516318464624783828627646817810309173105122191560839570883113e-80 17.75074252434742438324865483652421647147581028544176151716554068006286884735983625833739607951663030301117518360371643760838634073653799407522556587485509145272953922820640699090781948579672
5.748295771102355944289279516780151141591981230496351902915697915928252307840711600766934241606505109676174394809673425693355048539973987214426806625772849616070548381104357769360431699485609e-76 19.54657161072806728198487527195244992269833425471077266506747242371715580786084044267796517241095650252836896910591094065349986882437893387732135607775189500928749188800414519314566056512867
-5.530157218394043846085043862637057595408771804462479029001293655135456554654505140170512869605822587776965240429587150669700698727593130971965987168069263177023903788607557421180962828751343e-72 21.62189167817893110990496238032221263557715327876507442207582975700350928176983595741560935578762193739339707393625829872266773340520987573768704221763791721363843931285496372057469360074663
9.278802940673960624533415964854930380055647767179175018755824627959595502024943364966549990538332155543358455487625159953214262209028166773652431492013066141132298570358781636274522720670368e-68 24.04151977407064668004068593271008502426108493221303691374005946524570084440257201458554096916708197087835855822319529092178819420825181771229010994856567988058832993895361349206861915752408
-2.903011407533990641105527122952073110703627168681499779943459701346995370712565151772917321673468607088538426906412739370589453285279762716306858234108107074010232134327205511496712770946391e-63 26.89030131511862993722574790185751765714359194956521444185068725030229342730375423400867487629070713784203994293452891671752008322939495970073726371752320394450053055939908566444378238757111
1.831851958438109502993099235579394509836187462048934321154619605341090139792225709427056926043191441712448816399035336298998865235665850676285636839837717939928452810368484974073384089999649e-58 30.28092358042341685152734613927821718438428120730008649174122768720350465243081293401715798298472072194870103660663115380903511203468351192714000536444662851709544045419839786131804416626635
-2.55826632949466450544866923342012404211552356934771535466499669993818942841352826667095990118714085853405766174823434360342572181617715188948009531271279194884393312174888859060235143478914e-53 34.3654964815872340603626094525950162045874206743346672736498579028600628367628109878439858645587451755318315771195371302253008468693257231500400908158234174636467906524356092686888322442748
8.835071886452984716284681030023975306130613380273550904027204691821044303450660074650571310499845896135236828507990393080905637188058559903674183655532129892796652983091562620495185670553043e-48 39.35311958638407782475760132580109061897785801923418349266262531074668791697002606613532512841388249897685850979718461866295580524611388838270630029856588518328103043370994240857446881008588
-8.628916347610090597322094375608351416688743542297803590073061052761047124218364997139192549149744211623695550064970242227238430676083496840577213028322662577784415851830958726899823915845535e-42 45.53723546064847784561672040789049496695596829283575970655355992223870688640580927852296955871439323361859052626840818726213293606521455276563764252267538976172352264659409885014297173875266
2.809416435160872574333327916193211866458059078327518483795650123480790077288342650383637073170318281681792046159466383362127658035562440801181230036451852890592396440700732057942246021089456e-35 53.33950375485524724063081057491272355397129338771941593828135558086934052197641327216682705155667400887674338247647424219187035783969179262793302832978764406545700403169479242482751022554294
-3.742549602869298312868495193621197324168515153683267033572843661090015637296674700195273847185811733971330921918796566610196135065933036011530244129977625482976541341539624857577785676551791e-28 63.38260522556132221566995281359004724311223819484580224473965306076701864559312041930152426383962118250680628225535526844194724628626204712232173761342040158450813780885120391920219418630865
2.645629852549435991859129594718453221882000718013932247569980083144597405938431177435845625426059560077552435988972970086806630462474207348302955233030525875476043889718593013843670750772877e-20 76.61589031247462288108865037731275030789722062712074730107724378690647848439331172357661273112084825500389491990047848557029041485347647666841468433417446980676211251341816187953170850351975
-1.390378636319562312497092663442782214455780605591637015772291452664265085419732228924873260382405252370687656197030857621396462604777903655679242358398461204393752881438237533539115182217748e-11 94.54242895866034618233684795331512112815026738661134652218721453920728634790336571179049949557728666550298096390721626355009129745692274339552298104737860084418452880017841031431492722567039
0.0348542997788195298016897927259485298329725711681022189300379262461295583674810765340304109575454380389597349863285442213027896184601994666966248982314358190465076533846631140202488491042633 119.0352453880046051070716877422990771537190860974218638689611159068510509745929538985745201515911261891632680020195830730916729181745350080970994494561555182136297203425431926894324347094378
-5.357854166139492217335084025408369669088458017845570335104777617138195499327026768191599626234651304701339456175476453290815684378709318096916599206775452705694009268232460694808842803073889 121.775119347403370538587457636679156465324639065167224974394349438657839893061104645673019447316343881987406777948231644522778009617277411325431807551331477994807042201479667139059271677068
5.574749380262886855415848281078937357484590847915232216550306941801136284586348976871751153466765061981606529797013620265617307421683688612048653895034054419865434232483668381581297328931593 121.8245939357142050842048014111045119435113059367176589904546213042377818373166221145236308472972797254328457664325718408692432666005765788565462730685071845447099812707312376755327256129406
-13.53890926191080498955785116655858222691001982059682230439018328232443908591047801524812686374063175568903184437233669076697974969983884613005857571089022494264920942226090014537319034699804 122.5608465720901748171167936830491903681503479174875730595170664854796370367373099240453503513141187443085438728814260721939904459140150270793776109723297263808357373386216460826807250400002
13.74935735955182458172376304170379607858875707944519634898201925909061513561518068973589324005796746046507963017518058281033814349898570201993258607278582063517922371365897221077603894292195 122.5844954968092205923842169299237867225862453590974863084498297783057613859089530904216511772466138725538000554728546679872871736367977409545865070707887664514543917156326290028053203148038
-21.63773372946113054004356082497364593824651067870986717946341909008280748738447657780652037250103075185754406346612998464277600507325653286657192877647921362358037635407175143163292360429181 122.4866028469194285099484268389586941036329806540256369959170338948970184024981094338838112974878511212615216395121599540189084958389287959514441004538778000594060993637363617510035451236226
21.84567327417059691253464700565002906040636921911825260955172629950995929439531848160870772290769743002914837402062585000715092688624527438167790511079484998176438432026692094650032586170265 122.5034420901988758207170330568850774538422913374680350075602607671148948785153213186353027817330112319485923865499305104278145444928737300864765665948292742138632399305302563293729001373394
-29.71049146760920313583790920280638655419396313211358948865067709204118799279752399422546602394134503454290812138344733349238702461175531839207768682390140783506295474673062182309307790597767 121.8353381942018066784239349883127900804311788015236304287240707883331223787245010232519462291805058078159110263609810223272551161866485689979233891779039236750741183051508136867650673859068
29.9164446065185791531134790540991328444002256504388022283186898159350181772118138247214736500550836551197160521572808868568782905505980845212095588065060905164758181231806347099687378703042 121.8474835012143998466109502021507431109250646122389886971136055050656987121992006129009074256792872802822523629661544812663981166901294916261701232905768911624039014903083916960439617857523
-37.74694822332537847660606602202326159389131564830517790885913255370703390211317743239861195488225048353980011707000976154805284058343489479599792734437475074149953452362982718648455446468502 120.6453750433911804364038046367934366868905823544195921256694826045225490008382604643925161420419700687170735132782693330467798079558287761484790205662778767962051420474653802219138857345272
37.95068474106371791640824620204831519342241449191066929141370114828867204351820468550272748078067795369917050423836808414485583184633471932813578640140291872107024409573478560411602780812551 120.6531200547932110291297859521951784974704573761178620224469860303881453760038247863584889081275729612988932635426214116977549189472865643772520142224541665150160456395507693138631157549234
-45.71896520131487813258253524484884603013259965663917731488471524281406077725422851380359881121704192771318951969039121743130832088069001179404629616030778546099397799727600786049552510559262 118.9241344587505163119625504817333565965675675188381736910267374885680988338330918707095176988004059343205996276185898428743304191606659725234849074762473317719370862276605406267415568986815
-53.5932002902075465871051906972698013959822063616173588933667328114772071229822224712492308380963028857023603567696891879510275596218529725348584964983841942949932464623015117142180505052001 116.6761542928086819646411300028016169938528443288272099654162516131323935686334608458907912773186567144043789954679136580129753421185502960842922830880740950182290308952834203669927766235541
45.92003762874001682221983665203324520489670679740945270607699370631923017765643226088656590732564108741311772966516672437339372056354586113698158471266948655372726737231394050887755595939523 118.927499935548462743306243324610084805464195452866088906775445308126703994833380731445554315802751827904771650056997175688055536617676421035179627932325437684733404203056921572452553053875
-61.33515393879927418484063946156395768469204153928355792277005459922461346999300460713083013889061410695606247480007628221190004566238181117355724625752217838582402163238225061250322190753575 113.9076793426189096667689414713419663557908522590041654966950510654077798472034115549005414214311022303859475585558832326507463532532031057918625858434257604094938215681353826768008970978654
53.79110040851711302271991260417015578916765978082474997360078190226770474996969091846362579655643308319495220681220034313914054988200727614593376671285418380290542518958545937839033023680771 116.6751464990702311299893289230949265040662480939112693162925457843598998368548716906515816237803884627398016669781862868588564466842805428176760940019012097621022141555764760760306384616446
-68.91043144666083855616681586880617669596638437173774774522107547558138272276557644836766237702214809599933498448769690942525090976331060722871844323543556660594062856736541715587556476223485 110.6272712351902879207007981743166030272858395891384393379860738637998643542160603863579568908370072217640751033802193295358218477760857649376312563875276402090705604461495142871278501675671
61.52935993897608635789116804800186560253167494377086465360179142399895311368185937309405550872197274371274708693732184843407253114666168102448301386360875262544723853263441813129189367264622 113.9023311432640221661714626432080408523491165489369572389913277910795769515563822083589258971833026477538315813421310715370169664221377932275845590694675097935860655725522188429758503417145
69.10042181905738705551231590959334381651849597201164956560980053064180183051438141365936638208603872867628788200348372839801663447297354248096498036792876872605735576657969035242872702987087 110.6176460550678404542544314960191150217012136647365168559901178981109192146027951709213898668333895592596058882570680557356755562614899401236025033088203085594765919690194918658567586419996
-76.28517367471423376116287262832956463107005185246634592392248502417746405686876862753146124657931889893754331976431138580277586077143645927147789594001864213987972967516692429742023583117024 106.8458080687032174149043397357792066109314463823435545912909234372705328686104943699567935870850111555367754873131265958650958097504411217750930028628594378257510318192347179998086569980986
-83.42626759422696259858766614068928726935855351927968340971665820190432936404525698590876409942889000561907118102817709565780660307878876227410608209600137013540089182366776307516743300364264 102.5764207395094210510649628075516754057627764308382134575088157260977935932155855920527755622792117468897319266263572889109975561064665608353760790543469620751551066663042022947562284408603
-90.3015041428969982636901026770508176603258309431720386657225733712509362976123434873164840070513644901945318490103444706496617970045291980906747055538818895643140292591625129442641976261104 97.83442886841297637325305420072170096933856374759092360093467993021813622212847891546394663635129717752160110652108463441743861680134407599727095153049352062882090981893148365543164656765739
-96.8797230344411523520832607698536596563157955287286516469742847418921009923960350958838335269204502317060437271762272093829411501508115464311070069920397387608168733947686198549086240979944 92.6372741567663652518005537829090819256174831739642102707990426289842041034263342135245568850411651232989481725510393215725596889938816608491210545213158550543310401273558511056937619477323
-103.1309520049552500947810341179816088835217877538927610393795350606840477763748841590787295280888353440818204300929931957570988916182259569101636634341376193255333214103653048895349334435147 87.00444683107877244716132461928080826390735892307926098290168898681145141151045459319421328053590277435719308317780160448346877083990909502512307372132456396870742654645250436106573461355246
-109.0265410525169401143134650292813424610388438333737410787015223295064986737842148312036412212658577636824587453580243777273807584991159854388052113313549596601559709518176804904818814804849 80.95740360371943210367703073106299908434376378580689033959038458150565512629035802570657007975272755606258067591104526769196099261037928850555569566924339430220897053019159832748696848923719
-114.5392910821346785485662939769815403673481202401358242183631041773121159478608857601340047390662965221895210311878208520745099842768129808080882171085869350870131001951668681329046631738538 74.51947695956170260782997316789286057638638958189854021655437337452794607040623881792727800638488350855279090004209398337205176977041509327641277403039045599996990663211759353760615658620146
76.47043190434045181087774626533679694137827006393221653072811060002674410631062405255013316668281348063301461006395658947559857007104760858967398864618329576695188208489407627395670036612359 106.8319985186187207308042978170793249930604931655818411422198388538824930502030770623418639470301580909244558671885311415223189234848189320396897562243496160350391295885908580323063784414316
83.60628461390153521879619478624383537927309926845128907433000630004365708733642800355297002298903666402493047861204783899556793076009343233673839765534457028676799849415741125610900928495987 102.5585467974361561356370595881365742078555374377641127902591542192792427175285036401911873755884048894972869738749780363989729023685538875883349994244280297960627704186492321685020805895667
-119.6435763072539571584588336874600338277692656921829021766772042516918266726291777443534584341988452946343848801080419206751330118390511685779043232146822022602281085580520147895401960397094 67.71577604558447213156752848866705934820434357891140756053578176134221965558560435689260064597050203435843036994690840675724167704267863801760059880768070326392303189429387137807749672571323
-124.3154598252014959054610737667213832844727716453595379883680123963147077508751601424204959897105339155803815526236354503651084338642507988555070461934718426379461534072437707650363259236383 60.57307958156963280570958049450577295154595355253422334642651706696717576861020056520758263210809481886210605449308144570038967037783458558165386516567101173422645256943415606520201545688906
-128.5328018376711440659642128787578443202719424033125202756538415092646975251484171975807569733477827949783905241891106707237023271571378369985458923230502537391555814283221101368204720865773 53.11972126257868861663110439494830550750300404464765816602890978101260363122434971803495617056222456116935050354152398087496119944120050387815122429747859143291813113194007388698040373264917
-132.2753600279494785973933029434424989258182777405642703731778918270090391421250784684871885309399983952122721558243266450534448522643679768706136483234551706067224596245613717491932596332859 45.38546815742710630909897852364100700535966655510713199388775907271262618579293888103759398732332034358335157333363871558431421929842013613407804465151997734259408735866131934343038780942836
-135.5248816433887314311136920285194050216623142727631830845972305147146829750108870654578926096857816772478319885981129397796197922177804457360186244855071792688737654390800113107044363692005 37.40139263731519785083291401264090903061325691622987134451067660354427745423396374463566511873352191608015791220037009279305052745214851249523698168933034888955001288484417307939949953074512
-138.2651868689628042641163222856587229008225052739750432420329900850914887267375621309944384787616658722954710941528180855301389604196511100180932820627509834320632844553256889758097013356872 29.19973839706925923901059346291906086863781684842936310240209501598942241509809617884987351477098081479494380037815164135419509414208059502053419979745465544267664211984638742223137874388101
-140.4822431167712512398958741732306497044604007778906563407918285687963037085157108298301541590373910138164936756113397406787732220874556691539930870150963805145057378726792457480335443834464 20.81378115773733139322227966923063932856629962824416346817981169529603351705157404029356726420856452713472638876435553171927166857646468238468970237017777049743143968576665895459913125301683
-142.1642298971743463155567263837592763396940684524900333244663634050674720726876019728017451768507008142731624020647936588077087347044141682636846311722895451260499871668009561170518219563742 12.27768466318213189256354652353482951853142426284701188989119119038179494375217375077229195045726528742092198968358909322885915128524686617889384684834902048910211808997588715825847339707045
-143.3015939796643980928643017553012687613460722381979980416967239842058416752086540355312594497016380176402934993796328364983061671633106299051508575552868514375210495216419292528420727027994 3.626352604618961204604424134848621226190063037378861601017101374434454996090532006394851520625445322009378651025500658750097109975967769081118606134743433543377075828733771283170693777306942
90.4757803375414882794651348343183915335064905944262310726973108930339268686859679423959593877371353155709127635863379053652559981851342579240148409838891441235190899936596160312671311609073 97.81263608877364211300958565892880940818992285765425365273358291692363201929383897850690681792983125281598409907590165437734429375960283519282686668958045768653212080247095273812701152099823
-143.8870945953743183140283613394706398304676319070274712736271242605083256025869182482171976798541276745382401084085248635576097620321096312248085090315302322856283764714425019520017418163528 -5.10472287434044024683955966803759529222083209702133900957281155349266765420519425816060563079519400132414152283888187698096876742648365408827634570441941107277595984790655957424462387083523
-143.9158384780583327686540412249485238743085483511636325786454911877417780309140702412203658666644462655614926223094277748943066681604104594374097121922084731243253724495511487545774216762889 -13.87961542371715308396892300925105693633181392326553118602064918586270169645483173373460521810881184167655510253394836312958215010971752617360157096294480042130422506883875515245418340683429
-143.3853045862079154689759689183383244864737717263841746968979191020757870094173142203463232369766945404893702205425640650994882764091399871780565827438226238513979627202695312439890730414779 -22.66212080278833394144491690579324674272550170944725449382522232392292204242492068960229147910110378386913747185052781142109086443841844074561674449097498054379342679638117185173793287898354
-142.2953583954326214900853484912028641015363815389120807915974567410107067710236924449216175189411497197949824083828282089534749658104492261147404307056738567654181199646057310000154466582714 -31.41591457361392839595250732874447078474474449418797777948127901196962520269669903407002083864078974331919909192897991006631369794763572108380667720515358443291417535021277033183816141017297
-140.6482556970724503125815544943299435027795299426376805424078212698321634406632595226713218609464181635570996910268875879504765424905398537726085716006394020075291465550666826457760362928833 -40.10471047345804615527468501487985283945067444711251544310886864925933619266840701000874523543431896870664142956307429053983209468261917259684819184175596845021395805750051247062474120837621
-138.4486358859393475433411571830117896695627381122411605345193754436493660895751829968167748735909417557395187994581716239909183176124677443403474755829828880365388590427566853341840035322959 -48.69241876272323109361547742380270679685143230821090962465303994626138019059062966481726875626178556153851165752750427572630674305725087377513393908505908963302755483866752198887562843572798
97.04777020019598477653247035900651412578635290367835019413139446213854076277958406186494900069325143623676388696549088506591634104327993952555765435513806329931755604663121484442197257858308 92.61173185354441675445429931993789074862026204806733932409446123713718228291161056670417467027321276533045498869556677305200406681397672968108381896478595384001861584726504642104552847311703
-135.7035047668326480585743445001162876465033147782413659042399120000462612757512488686498777910607687017878498609794277846507574426012586098666063719893158321324996959550912487650426910180893 -57.14330384365008895819094974635896780723187280175586710867329259734601988743125003999481990263475136712355528816617194656960409402924716613618063679135648173971589308402282924070761324217681
-132.4222069557668086685785662418737898362121160351961951096299674432574541589069536436395820674893044278302487150252127016203728470238243055015201990490282737891353881636510734250245629130146 -65.4221404467503522751455997554137687969602353412279607278031803815899963639519768760817588381170874121159101576807723505307040427926560066158399931037570913427366204046374239344844807592589
-128.6163879974390581297306625097439350522705913966334343266562089366119233111364292592856408411707414778547218392299717457130822614166177804733344617363948916938799884191779980709087558179814 -73.49436768682451539596839783430914928513129245181516109742824285155786525453394860624270962309012691132369571775261672556464373584326741247724259510505858240328419181474631550628445140433832
-124.2999463651303655306518755606834492997363515621795550593003148509122797263179631405846339360096489335867870202091960106533437421463504556264421402922963374180466296060164277222153896987079 -81.32624029855904430553942452200428622901283031233370011722265876227293278969712134702647648256086129126139494597589293585787435238214966703780703933648089878258806254205786142978677538651496
-119.4889755527986638330051787175600588603605296421074511064086808136862661177981670103631644140371239993670633600580623799348457083137920785524137418413354638217196917291824783213789860305795 -88.88497637319414503952958859425683658843412519017280861000473842183011827340245316541749832323185351545728556737251174662888880325268135451587395967757006090447006091801061345293269433350883
-114.2016965114622100217866758433089828602021125923215372181747927941473733196232730222228680166197883414766616610749316336372933810677181307439258416800015253859377791311182748167350578506355 -96.13890093267611149119263252816868649432532629211222258232666912986006199954949120578233939093262942770298144452795648447916466499569803872364832612140530215516698551555261383140761808046444
-108.4583807230095364929130384488258377611039708574163901215934697840311008068670440257517959430951994592975079725562745748911036589998897179405752363766982210813207137623016737120658253181657 -103.0575846960990999782642246290635939179040468511424137379982038244868090467887074725583822102818624596196991513850609330160970300514526869092951272994719093496104222005670839798097973578866
-102.2812642442840373986633717149077975907377550949108458734842571369815483291059722811437742817678033516793703414453630849930234668544740053335321723109848162489232323717764236921174056941637 -109.6119774150872204072153477752885071128626840221291000207134869729723883127230391556386905082016900067292793777566606214544983062751647704167726870182543883177796476120353467776794450886874
103.2922953332098158478551402080408324945902388869030200748983369328704715480596514559460075018815563521898798882056748594393697548461897345868723118401584230450787550258911669007607079781904 86.97534618943173625917103036267984587704216256989378186537130109254440711310118930728581446014847421633643470356525417870826517876281593965010750415421021465469554592949144199163091518364965
-95.69445309268259735324634697086864037076891111643151976079197278294994382576202950053105072327605154953104631493657804669595303011760541937138981863238570901219889258018937221938800004194116 -115.7745351799863596446756492039958246830386301339324225885547300159822097881286810624849196774785504996554407246860165133421385183427444948764271840161314592732760505345240595131914286144276
-88.72382038159765561016823502399240797356071410599041248603340948403205340070417056085642851995058302118260723106059973685935687610766244165700768405111643937157048584169302919130862691504609 -121.5193411271625224938520465965673713242797703046179115087667297414911626856896623435004705882351801519795497169020313005686552634757495682317575432087381969495443327309039487787651648510701
-81.39689564982569146910871441468976219210120262331215849101077520763838078308446866366426738075733925506473775052457392023510680119620638855200627278328227613841762266156661696828078756583648 -126.8222190090938987661284419344117241657264230904534960139816603204297881153790417442408030893107098007687777733427625861773646739829079212937003111867939177387099174883768092062546503562097
-73.74274686352725056809537081758619509753242052977968732742260713409921290419199976487797047582533739611985844057036981640933421833025882402163812957953642016821668501565485404481631534967335 -131.6608391229795847559091072389959568836951105793680279297388027176485556174946215297065534551222061126282608894210852494269621526797277007435551830134089257046384743141872174284454041376837
-65.7918556023579697173544380707862306022172768270732203786099272362263615767328447803420302729110530294327933226324598707652156025407089751393817144571645267358220014442770621675879221661532 -136.0148161299004664519908535763250602715962218674268308534521922099656787082222078903094708359119631253439383929731172410715958443577621529802741044897633951932031070069340840224115066239106
-57.57598597282748690657159903570670623017319679202823758404186327446110636637871864634875438271681256741333125029633680285549590498788384814239437475020112241877617585229863581599545346790967 -139.8657983347676205592465411209801697888165334545519253804048323696313056097880811158235306108543611521215576513528243679029198252197300698118673817085903432036832157670658551841619436414314
-49.12804782154298843917823989319617676374133636864254203003671251853574583539057648210878554785584183505672031730581855612842927824470924192478279511004621011225564058235638835318453033679364 -143.1975480370027920461722299102931031120840084734848727925177773910569832601171411459856672080984460837264047693176087325562891425518742791108514002077824333832421648791213923827067210494982
-40.48195484845861302597136688072247184875176860711606562238663947273432965899586986891082286954142590119845144195715388910025255355745573515761511103024583316805153836491507231448894088786705 -145.9960126027779868672152072461302340287006178413002716450843852819497696141446157921733831971650493833547710951106008349255646936779436007233565740158279253770926252946414203142089902069366
109.1807211400758738045674305946015807447933933052432773760859633728998789974057586698814065742380706186359977066336762150922768729038168633848464066737718891712262826269106315651881317904924 80.92495570918563406567823922597300852513508307938940703572696973282485363412318599357495341829465899002198463042407267896141957624116442453865305869733227591690166681875886444218549555439005
-31.67247824525101830676879655252477448738021689289903636043563752484138964560535143961704102578582802984050971927429584721956432780119882272984542172654757283946476596303361904067646460118424 -148.2493859514247201697940137620388101478961078709100949136393633066142833787474414245381847382393605875974057394266305673950979767740967044961876485801262797333643719685931229842240020909055
-22.73509650614394051508738279862405140603534372219460386396602010907258495717440566594923077004101747686777658710651049701303424089900035064283273250344727957984007089611917999610682015773773 -149.9481601911096201779535899271448293768643250613714964503463411732925470546535975671799706831352568335221873153324748297082217877847195906836834887673016081882125712724917305292636847979292
-13.70584207760924758908441379489392862843325148435940185445861463788771435411945597078828796201795774043520572295286861556863330403865615935114429123182192966492303333704599282821190013898653 -151.0851671819345216375875637257407699946233325910943528052035612749451873966239024805635406896144536028548943651980374850380528875190727600725761186342101877289378924425352377338768829123016
-4.621145529133135955051959066120255672879031554974994417329049561599315538145472418617939486567757876201579600813406414621700789234438839032752351216149043652841724698256640172579011120686575 -151.6556098481852719042734318579311404903736357331033373237170153062404873755339845889150768607003206981555122979552114270663132569139259014577615767220772522982166251844304419886326021087005
4.482322060519709942487258389792609288380139206741169454413079829934206832461672979747958532985608184980870069022490062088086772142135377768943581631639646609063942989414288179967713302056137 -151.6570831054886582326125028601379758789465183678959807342866583023110001019319821584052691203072448027922302236762999415058840998387239533967874303082381785007168707072316741598727302740554
13.5678077984794195813273891751531658318093018273959462774167659562896126761903449310819713439821905207298637805635906117539496976296339252984593490976461450529837909001447932454216951010636 -151.0895843131162580332987340276860443563767248812190525553275267449717192784062031996474479862429354305406355048887842783692547401973582062615700178457852251320301147695404652022405475244399
114.6858659581685856304449875263964210229253683819513482888761488852466324961241084286877427329270464438758835404286085017441293329251392837166357607339725234155466561978571990942791416552013 74.48391074924015403413392267700857347737141309716213361906557268539474951214647263213005310075691425182994236657105442617530638779914471690524575214053352378142108469476317934145623155712605
22.59863604631936642027950016043766613677790790192204136696728002018045021589585297017505708694083858234711978640371058756577773067670316820694904223209453207729110078793187404547445656233258 -149.9555132065609315467494556954269219621572238245772477795783322494858863181154959573475682436064409640822217347407165648702849850959730640335510989436367043025288893821128339554540277407888
31.53836715251310611174686479967169278048205401646114075217122164041535502856241878936904767633158858713056058983368626360238861547989946528021472352033643928878635040850898392847851571315509 -148.2596613107405346985067400453799899206728827115530549886305388145453477124237073308305604472506019822367222371618479545288532615144636224395164083911702610133754817988597008189340546168626
40.3509551414356659687218383624488244305576165605003590264567230691843750493000026417565080943868560922763149539554017839885449680629594055226099778557379255131955772780199110466529791572948 -146.0091908796497733528940387948275923664427785939521614910848003174008825736243333582938989982764647527816326385836044557195951289328572487707226829516054046839608212249880967772914442506367
49.00090365703809378925203535571158293203749685685858251858775136654178728312100106473261693314693791375486696572000363405759411036351841130203717994292492394191301538586603773989722506663334 -143.2136034538389019262543440764643227368530306555388195702988854977842188006127328117856843103070110618455365386840389711158650085755235774902512838229686317281795185583061026736436433406016
57.45341946807719528378982431670795162218515139593268064507783808920705730074774525831663401201131752834395999488526173687750260039846198732960032575729055018021787654645994273380100307051984 -139.8846981725629179381689550766046021352995084296627960999787891207100822170701730140682497515083898876775264594500299264076486397433737229789334131621835139126899229684187197910555020751164
65.67456285366163889046249700648817284210649631915000283899248248082297985158316560452595757060993408235937267148195949078878182580233532542722114008078288149391124522914421399556944926251995 -136.0365200226020892875537048702140282799013513139613526438937149887928151341171958463587910458555045686587628476415747116314493075157606606540412420640112284594145326800118940602956990754629
119.7821234675746963114096980125751082853068646658035932104651191467107980556261827637271117808052549061955509727954199498809177458152369968190113777400154822252356697307151680197200446653999 67.6773361908618592990691057791669492512598522993470308893837199518907729892356438027461137653633955210059575503744911703270730033219481007299085697056255463834248095772993160868666682341061
73.63139420275154424585264325111863188049209532063712178778103796442867955775544513415104344268740276026386766749706898561512271540140927416200821386432073197598090904673823662596384934580707 -131.6852982503681922810667026827750546567419169479652418501348019575363057080673272899145611262054351740145492506528121319545131840125983879337550408832704086271719477965936027877954549561378
81.29211617899927708018959011309673749444715673071754558083061164926488134159799401805557615020073472359626950959008319900259346967094789175923116258890706667769937495518315081044465418538057 -126.8493752077339528850798942447516524678068267806456019542562742593483082914998999085524562501475942286465499584095809617864637546001186187659935172290046949840783682570450433489376565107215
88.62621082283010867461418623529807993222659111931193709164480935314669607347587391396896381862054172885822318194747451726608390211504174996821818280011364260159446824131121905131697695290421 -121.549125944807259469713592488986301028713044460983714465089974401326141988742012662083285721679485945054327094568495784964662516038765966114549751068413157895663853978721215520053151478472
95.60457098582397970210504167558887119493779254231101731948085370720371960712519253375867865258146290850525635470233384041462659463549796926309110518747033834091700570992260315616465341201846 -115.806868904373648373003925381981389113996556751464478784143250247801198881543658585505420273506133821126275561935601644024621661154926464613057055735900607445417018820182831476870124000803
102.1996255181676066538433525414445544010988276640910325660906154049522127380251192754832863607425022870685936863557203960424661899795224013389423782195716369172041100118994153984401403677008 -109.6467681127180870061449133368430509495381866107256409528243902775382978290376253305641479814906145551850227511372142224538567783838121497854853441739614694755575439899075192263627119516116
108.3854576580922548056630150703954588045818681018664439527221993990008656478922124868101648474437851750173849752922533366335063876240340459999123555477753978931231962068840973677895822518781 -103.0947272997921773428334203119915380217940863622385342177950413754019997585178549806047583345448010268988375216773837555312411363181613933818118373612834053601982291739798304801522684393903
124.4455782653932600214584387633435530924953477713091117060898878120725935037979139599133184678064920453172570265765424635883313045077528494854198358434288876347243376923842574691147090230367 60.53202431383075457081491481354784299408998631441527027304378747352235134590935101926689353218077502267509390268530661506521448175206954656152421732471890365639943321377117832043920115730911
114.1379161026849509376745211070126390003120873177299309540409634967929426311630279961220198090499350631535378890977610595906098318441521043778449459215011663393186870995544470364219418371614 -96.17827641801362202380361766458522908872356302292660411640126763301476553095145380229728459305816691750934225914781418196273021891349719766868712540643877427937228127666278113503096020443325
119.4347182721409371759256781325825167414716676764924337806325042669941710947499818075483786766333896376384795157149121009620178742042455031803772676472303843176108065863117640112022355932745 -88.92645106318585846682168282960008284038155668324373203747681415392470848394619268830703733271763185716594717253596904141639265402679990722857935039321182886363183889103069910657630835384615
124.2555453142850618856575683510858273487891192147294373162083213976576131297283588823218572172600207738836906631499756119159347703631141335146291795895041986004152692236091896481033811953168 -81.36966533293839804043532177012828703713293424642823728237805295268196673448075001010929250654255945557056544450790561402067602460679455393331068337565111049147405011714464402476598892168967
128.6541140774068255118642373174058627710329173368160610536379244272507922637948123145429154857138762282553698333735679954170236976240838754116232737888714101962112738627326419680889481500492 53.0763201544027631430093915536759106116767116032199762622561569832653281227395622118226941755995179217661699009395262245999706917221531356724323815457289491800313976010570587719561328751944
128.5821284328918774731548619678892459598317372482601936022260504363770328047866679622524073773328460172757107773400985325542038180746351496528073591870664584672112819049147235674208243658991 -73.53957868755973048270377974817605308691553292201590729168735143494449357083909687367886733217675528666389685658516079835811838364551580471087576289350828091262852992954065629867010852598186
132.3983261618305050472042638713439444114405142315166567320596349127160390181502288776573958284520118020111290439291661176594223274918519367019816574067706355092984688989512291941724223963681 -65.46895740498693539086574317083651522337974679186455101087620278214209110609776563230523492705120114137157785543735545271398570960210769055985084403501958363366113888169074973741056018932606
132.3875141194281232677235960789300049811345413251216266843376634320195090918355858423266015348211114333514951192357991322842892500400392165620151385368611198841285954592057040601407447730665 45.33999987278044863094213778397242563360408954202637777462019046525529817361352474813765860918242112265893831341516075352744685448107376415663644569346234067403163655710504529459389408973234
135.6901922471929075035199609314109164949916775565647366873933418635279300928508903734980604300402457881376283786195417695584365547924747622432470458119962535055149999853665576095957840059511 -57.19153124590608922419827999379141142303524170247271612974695635771393831095463966781450672955868530495166220058720401593167319164848222621144101493212796884508607807926829183914168752899736
138.446033841165980298528755773685653053875772571859301809451903379369154434020526033556064584466849216727306532194133390500213969888615981966818508952953586607092485538903104131405991612776 -48.74184596629578513062623787074210243590652806436375774137338694515378351909300099522750420678567366695379328114234254033176102314635574031847185787971964535497392252818949657974774367534611
135.6275531573010576262508667866603765431402684995981453572414210262579523648647868244300529246013905218346452498287217463525955766785568927549240433443901255567804999263752363414009058633966 37.35414266538104711498908482878397070580610018289524772986928231050431575567681969053233729477065881688898498447628144137784842069116927624895126619950384101627235303322513346928132103595208
140.6564597543036314897573184330904777933337341824230512957019161910656804508386423942607730674012832144084871525623292829657994906292318578475280812312246026597803712825094799402050831334759 -40.15511233321683697610845879829053012673408557393660836601760395302257697579844168048936528171273727225712511237516332106728557656082038713211990230050919722901176983512338932806812815035525
142.3144185568627685961432273146942880248425945796704102479795497686856857161754055801216006421122052000060886357512348777452827219819106028161530317687051656415806998229365566955686003003219 -31.46705231513236549299279928041809700753666046372347348068878901894688934723882864110664747144151101898315887076966838229084557326244952398976261014652231156701942408851146259957548026062639
138.3580808517093568151416766641626886186699593034233877257581842330494497643288750376696374380063025064518044247748885070639792883351721055239288894458562087701815567303908871303003335505331 29.15099678564282800608335330934475486605027068063471843224962968777837741093989157220608322354393459044640273915361311287883341858115897939879407298809957436518395675004375318758739679866318
143.4152263647993207078565322511596233347280762321315455686009647168733210722723955393690326857672090681508430424501911290632319811769678195084011052473662163210622550426361600659286813474066 -22.71374313046564156577142971834681584308042841326393409494625210347147762851270776956520983148400194945840047615648111279316728342842937155154235321939493628337507390325102210369708106223076
140.5650960127545603009266694565280657971822437026006494666083664435608435045000319120973789135105754080522423517271079671003921391723468344574332121581688285410534756073372720697128322554806 20.76384026355123179786595480255795791396601409505777901293671336432802139647916883206824615251816714118687766667818789528203071469545999011584422367856970930156004647095560203978531522781373
143.9565841916853218186863674665937879884292053307362232157932487025709544255694799588343037480077898492331897316616779118857189978982025313822753292134635284169184155088655494628377839558262 -13.93145984741422780860406536658505406861825977005991019522446127988218701068151702303484092449665365669202911040577230637850416620753628146878704413140731552225730341025692942327837478002074
143.9385847940107262427771939211037798318171101986852248646059152118785494784405042395791668378526874103042922521868186475208980123000522193459418139202361812954347934631478174719523388926292 -5.15651723419887814788040554322917142897831865618013302054020463711125018945578846837848374947732364202261115903388825503778126079178789215190869922817792951048533089673082380609699364551696
142.2368114297728682675714949535423918613594203384925260400500806489783091878401266313821773510837907006018700253785498970670585252518375279121879822162098770661402111958188780968995475030619 12.22683693807926108507768783049475679580592338702583231110282441228649686551356491347087628457260371105468501984184412713098247502755733615181101182609588986463716434236302046807646726445874
143.3637089838768069188927058676807122418839234050569254665527871471280916437204247471888064053940984530062667574550428024738822761170700698242907855880619107394353656306482060664771314749805 3.574888438089472038742443755615121623216608658046502082032030670507973546617938591614581591732222185675038802745753391888891104550983855875446785933565483731048022598737399936248669066886493
0.9914105763102670394279165703706993683627433496540665261734851962336601833241031435047878336307307430003159674253313759756971548807456828971793400740782184258909247214660518758834418969753727 -2.931237072666183903658398391117252513252988229460595608613439142038610431603311899461358861158910738597147149188216183837477483266963170810848362711742180770494203876597855447871896591078174e-05
0.9957773111744330342106030000998043615846933148361756393794523014416980122062110440089820366130205498587475121565633729474591892816124046147028327358766793022834626447447549163814413686882727 -7.228543004649629752925605503733484794171036044041587806249420454664643616423250438458756019248413455627020362550776102763301035370216070373904487972459201547412818015001873483714488747024905e-38
0.9958730904347692956873799205105253294143578518786914048595642704671799466833105889377043203084735374734509078033476083905987938440282581065377160114007668482340594894134889554000603280873054 -2.115240805345652609797037890966944573260162431176307580303232817659777456696215181471775174202722531378915553371017632080638117973545326101918927730275425274790591624110194399971328132835208e-05
0.9964493759374391198932362450447645907716117424561150931445999863394112157038823549567977072896266563671974840471033583049378436466412367336616295635026711925579886073433269977234338222143516 -2.072568190306379065737002914928330123095882720737117347784241520489675317463571139541538211828528813233288631305755130839661712398158004228165471636134873517431016260688977522947600490645773e-37
0.9969666703561106391538091117455830408764502284411469187442895351038783966552251872398280942901620748161036006393984145539804286957463842772005045004362665348283620191521436688676559653824279 -0.000289801553715101273399001330739330413012622217504132486090468916484464109860845988102685075332620209390458930848383984692393349073501508653590655266724716788705381885281302090727204345573199
0.9970661918842483913293644521078549942721005176829606004015972735759856666497758492897805587595064016639546032620643583907955292048979195444337760385443136919337491246243914779658638942641985 -0.0006881731957405339305891468708270692284482778509336717541076128178180353263485247341850594084745997565917409952276646851327836843745725174670560928735481950258043305784779639216107071687781859
0.9969492249602051935204499296604609319263594123940912963141671445731253595487042234905984344304288957522239986913010543058063723859803802433569921306499592066036916766690042684652651725061018 0.00011982939131618406625235875519242181667866100365366590019785767027947485114337708424482695631961239359857282743374184471213641567061308759694819587494333554282709171093962185112649915962111
0.9972322610448953482851859873622780439270535038838983445643802392721356938421616691605613410553212500515749317474120899958425211082538891376831774006082739722985861321221479944698546109744445 -0.001064876607792122713523832470663880646916826321165835114012917070465124230241358299445185415770408814343839690178293125168465620342712721690437947393158712472310070140420915504835985435979036
0.9974545927059798271795016131304830936632999888845975239728589361515347519692511281426804575406167036402201990053392125479604728846975750570081898639098371689376297994242002197489465806886086 -0.001412852653963298592185849482682029939979732489714056228562888441149851782866793697122848555691861061578664970299391320941086416145189619938077756608853106772208508336137531323188034851908869
0.9977233509170193267782465555305100599985006337518466140190356765620351958753942267531448313656508424208046367441290518699210623384213836262870132636306158502141680360800695154135439464834606 -0.00172923894275168646892021217851583292793255357045522605188307849424382924775500992618799781967059364186181932190910280678735038341020019683198179879676836350479995133970924737542855991089833
0.9980034760116259021584455466017697965705256115171584001606287430546151973257664206102865344878740798537296110811098953110001973289733972900932108917754217469375335168915346654868896567502951 -0.002039329072045895229639669204739221518329838400565047654035772646494641110359546095372155427907678751739414776671619361144766743529695988853609394026506268174046112097418221055542786206776366
0.9981826847995507909458106046603837322472781187970084808180709460644561614313153520425482527326817272741177108649744879639118250515642132525470879035313170805999101338014859326605864312105946 -0.002168774263621715554691158548618938638110352771744615144409629713903207609022246058433189362786699785236464587249742923898544970709981799785670966698934711911413707314719777395497925796118099
0.9970180501477726498199075035306276888127736920059892701851923015817005840745509712636727254076684008604651141672816179954953888104726269597189225062051441555221667104687108414257441960513525 0.0005230399757217237212921802553193497576394954176831479517278415442280312810979718139687942659600188610864962730700037879072230225071067134984493660438321491425124305491576981411055852733506544
0.9971584304616770924579770959956803552517203199215500248854859812465573017935799082807613568543806257092172310795558363405796576558396006904394561544645682350178928940090252031631044707704087 0.0009074961098620075860809133606970616351346815211177791683155836733882184207483878586038640720448847912853385451271522874202545284593605375173549498099835285033605064101824049026993356985022771
0.9973580073513321255231794149746715293628734726145142912166828887206584955829122558605289996475198336902849537910805607318900197213416954450855833087144804028479189281583641580856015240517647 0.001266089523843001128748355259856079890709796657768335643620219616455721809351375099343414538638794352707512993024286764376929535933265845989275199318008900744614480662794716520429539907799806
0.998576579969294115916644834201433390915670290677810185741172164002952017807537752112377550941575153703008907485806890026195219466582037371957513383361425372848102240995249464059960182077506 -0.002209174924507626399973286536655163177651986466723298874655583939934677594820402299548286666178196521600320000343058259877816708197173007196892589057970573854739841381476804367589602287248031
0.9976078307196935838198410646736299446199297087056767027583345860932021138384574017938761780502803114200494996523486719950097390697167574718898053717578935563105672117341640517735104574981427 0.00159343701813710303872672348997044075219055535431769494451349975490416389422264898664895756870309017729665791851236689389327293427036161292397819519900843173496115332777687177536321961277568
0.9991471896888078634341158687665809874591721224805523071996681229072050017830516780419454929374606480994129248064990119078580096587961975527891719141482023927676554367788238479416671598534985 -0.002432085664738944749537987888796686924073501197594900096080757603901851139685450607089636312412246590904718048300866814609561735773529027648536706866209820524155346466080758126079494152888433
0.9978929982417149411809069128597342145101249720075766225777159813633275901318740573186482612862786436197991919473288813315423216971219981174492918969055398187913187657640041950306007332107584 0.001896981766014547073958430230413765127449960556789609516264717180524047492401330120738585804172527958308160646466047472536655526365038658689593327255423687181843815757431526074892780059196974
0.9980877259293351611513953798986907420753053021727082644134035673735240209254990106965395347153559818258936399668398664628326330326101329272816981913001216517887043229227805109384100242195805 0.00215097547619582015011411615747771253440519969924353836505218588467154719353165936505992477479359677206007286155576306766366040646394308048178437861139728260220023657497089344601552807177331
0.9989845952110164559103381622407167108177292005678532305409973569300522430083093487039727551124216970045443910637782588700456886088696019661303559631913437976646920631237902241170967130579975 -0.00229532769953774544142956827747183209452220824044572147975570128321860811392532654265020869589692365468958775431254493110900124222700037961923240139478042042038431901823005435546120727671086
0.9969739567664530906086644121072029020561453530165991937380486159670120302236952531644601690341864763412860212205858923159315064023132823875566506870281071319747297158120755243606574265490365 -3.62693107475612368628369636036043630495244305850395182143801584926555325466577156434907179434337595983581832232479924624401817614288575823919914278484979848211841588870213262919294361404396e-37
0.9984041718257091587587270079434454705060747182579209107873863057018755198562336455906707369242596473279983892348687253563286100590915093878367693204998974090663075289916824933103382574136326 0.002167596079077081888084434864081278301935961167974805369708157598447751116393272897594109622913543044866674085835430332507828712332250757951193935503752837169641317478292337228006106420429343
0.9998690215606845095471020433265078179065742247099729148816395239329033440143433768387656919077343411724788289940241017934813487164184925129682110068903516131576915571067240604847136838168208 -0.002344471350612345892430181087908470269047314350428115044559003689136246923735412955318050964930610958362539728916110989734424644115187492777818290540229698837707466628686203576895010839448911
0.9994622483650121245470203301455590395641664171293227240750548519542258695456023311473142118958500354185608041549222875700218264858013589667931903136302042441470704373537283384819512709060899 -0.002213045772778929233848607374505461297073358810515298348925621580074739670238063630778200976346227142377284326715050912840443690155014272572417305528062663800123584722338392917614348852267061
0.9988027592101781211558020648032245794494152102237752267359810908333887792167646227210986672723926237509608855141601869032554185805590060536131875456385960389413345415217745327029141178624918 0.002246273246747546321446022155925022249701162952233213341538021553325513725123091086423815623564936312966505353344126041908771869362365113569070508442820548226423203874931289042272584804198254
0.9991096733829215339515889717587320567363135332554065713400821368615793374224795761504861062074431674197725227546808275839198162747641040125188975881187420273635347517515738187119575505954792 0.002438183932372187836712281507025183212204770959184390196373829843062023686740884039973099141512951788108349762701470132607096358059688870726104547351737384273463974072431399031236620524698123
1.000396438380209593070192413432054585299971838637395468661063096903324768892108173763942350950990752585010006621435009068534705002402091793601832646350639171507765563846583055325997797165541 -0.002090155015465993348459711564188756799898291927874718580530929560393680043696299125767943851618223818327929607335679183784684390847593405796563660228885880054077155228521395702511404496082967
0.9998407248707413728009800432141384932454761714055777458986603349304230877513795217125388710028316094451721352155431407610322833009941638904736354295887888231925039537995732278466381031722478 -0.002058747435866200898270364671968295968464330991918573411381860991499907290954077443963048883064107084900821816709724606762086625576347861726168370705094947179259661675349660619881834836167091
0.9973909958471529231630074184091284888894767260428746000904909572937178570114296887563680673022942537508655447819099970192014365630960699074577043451610875121976616684166197683428380992602459 -5.046880190198209115639954403949831037743604882697089667739279459766112869011919985362772936490558504821146055109015643571579354813653261451590804028799818246133044876674740122010299601535845e-37
0.999289174922153800815114446621313535794420527530420140941173009994371382856144715222673013734570677180366644616930853950107178633945273519411855360161395678375991774788756783651081811775585 0.002258005173413828759096311909994527747465948731368147330139332605586441882958841936731612855367053568077891528903746126153516279229445848168948997173773243498698230011047152985570409781563045
0.9998648951202228290017217425352162048296844532875860587877056678813942326240266335753023849438826033610177087586870203816444086693500936768913990380532762998327726852928988213485036615972696 0.002342938485060118031749578557130180434036709316186064456876504497521402519619579565616962809398236567266249951960158972354572437095657754576166661503636208171842237510955607303073331662925865
1.000748717135114128356250582967234160835295133461297986285062754624986049395863289119226300101173572689903357415772002091628081432612955159541443581835899841977967386884395080245402643621195 -0.001770277647512712182730283244837016119294517376003194306275699497463862800779566274154792828087749153277832509235052167236148300958312907288595832126983323460401258221210596944509912256328323
1.000123832365495636257692744001682311913640948421431025122230796538046959029741561120004028231032520305759574713071673312630626225787080820952968768681203710439280381109580789318689782614675 -0.001828266056437691745310055753686738006860689686012219584051408981663756862904120143313309340578591286500715892768652854411855083183363726387525201521152151035642582770630764676502504224489934
0.9996735262198597046750970063093759398384734554357467508705618857712144090209490917734740811134788223315616813681159419870583889089566690392641243982139266520810838200252957864381089372293153 0.002136183677708941115126895535362264214737293023528661669766175818095558085256494754586846232940011810354264912045183641782474476497327748661771052389614872855367519833244984461017564606661119
1.000390915404838452936566558159417662039217989830998471907639692186200043612986207901919428097585373344943885014054753634442842341286876286442622060098629784423738361800716463576431758462269 0.002094006211356731881672529477534327628187469338827227959686939019667174264064076301680454091487533217475576298143405925696591692859970525654793930948752398170843859230452984938285080945139958
0.9977278470474241466125720012837298733418313232164831555960206297414970569123381092486453194344086876465015587985961633216346129713535180973967332069994944954038872099190923545215404706237756 -6.163778327065873883536456722684419230476158689638669929050539143430830708823765947406485756544206187477509887611131966109461188113455523476679333639888841434545858272617269519918394955689708e-37
1.000964307452352251910610706636611202759735164369663216032510292386804278750510670124433051581280243602043297835118083401677056627563027206675236085338243544599476154187693779952613498397147 -0.001435935088636127160451157739344302078898070902877745484269978797298113217631454286105535398798931843347330150001202782606098645726877554296725594320425168907555712022532881564353894838817319
1.000004508760935017846727618548163654489973916360455453674340166821100397749608300603078980615111215773830177512251616636271436420892724130664294706053280426711596655077356224570820079822846 0.001928305170740446177262626932768038485448111049263874927828665151776495668663534927887800384508450908914685857849566633073240828663360134468727870493065750916788043747431652568216700324503324
1.000316923314036355533586329966605615383357182681740307837826738884739234735263443461400923729932773842492322068760741259986640937212033441461375472342368113370268227417893078007121736970777 -0.001576947431887670031234203647411279185413484487505472555722271823028839825007246507909421627964514176866845039714827779025340374178820232782655635086028781825306184076974909408931430445531863
1.000744782332554548951983573137386744834491843644707886699464181531352442813045765611425098214723849723001112099031115431559641977979855364866837672940990027128450828563209962445693548800131 0.00177527685183550472144877552553381099231466414143337023719478732684367691457048614143584764165837855910788635219579867264646322404622069514147247821069178823007391465716519244906391552201148
1.001074319309503288406557656700827674223879060390609719053106733295852381155845947874355633866932700829695784728439875086076057457969923770457557478050377245988292096692958708687186534249947 -0.001116573543941029011411679119320412452173150656411042327765477774930319520965721324952938632583209692556438721718694231766869291254840972102862067759892229736735434673637527557369856934300172
0.998003730234731367447026622012924104721701833806879118715468822411236968373143087027351930977591214137274247766160841771558763153216965973099438963521891276656697065267536592872979561286444 -6.936941760914988775076311466821251478435740071182292240629335398107727560507253592691364684854161756911704741140753512119150821347741052278762796413965820819982857819388500922186966894453382e-37
1.000238036074229674331305079456652635614966765393766660724683471018983007920954558410947957467577754144341996197424597656908470248477923579894897163732175550207120862216996359463836739524169 0.00168571641060310969404883184604514755483648031288961960897801847862343288916909585214515742836573042972341166794494286156500260255141577819647925690109199542398474637239098350681672428642845
1.000430802820008562116444233619473142520488215936052339498317887844295686246860626949417845413396876234396376408595638509748343972925419354146790444334734005704524305719038670806636401622077 -0.001335287608714151067033266687707212358902470502852755976286810441848451733868660294662614003777150530080344840355312200859334776700879960958245692734602392841949050831667834580225523490651793
1.000962170956753307874064323176681144409454200737377214852713891789778099686936956474217784863604376622001984077604570280899957587603558447728486185479502209983123519512594783876085909991112 0.001441366803243855770945679432844883378828658031786943704909006591762039833541147519821268168925295847532080524035860986575805704769420479261950846096897135951625720777929935101656135138145132
1.001104582847274750388937483015743812112970120414908570812873107221184542835559066037463547837210415146753001675148049444292080150004961802786734918013845760974314829775770398303897505580285 -0.0008284659057545694274195833875402700896170419501116822712075981377591186187412806889531426995465451860556993726661393164912762446099106689362037252711935817011369373641940615822994978951061846
0.9982324577508577461552817975125486120968837692190045290124392837077055369476992091592304912787167568514003546639967064983501144612153248454178276864114066180946387753483505602591252707661242 -7.395018611669401793587667348830738639240304827868998684712070040603246601663405699871613794600434338313416550898277563067923673354972935360538117247948081736191838632635300806179821880702652e-37
1.00038495644537431142523111130688274029497142890540891249730562004651850365923734786587016348122921810710715552194609887791092417790407993443110894622031832397240947360931171814335292666564 0.001438700834471357709231844429010185465782735760432209436513185132230370473915895070462292621567383733938396550552671472555582874112229619305744060172801665360116737519436729907804241320008757
1.001073749156993977676789639271339566481583859708276077177534440319202499242070658825861451621312822260662541441305152900015421176095812710206095444343966401651896162043904465749281417098652 0.001121881502035195114565445346634247962709173609592184988594550363885243946954527125477999452433914159965638396002179765910396496446410777105003264897139063862441280056089183970079697330391431
1.000486536531706343870470366134446219318520583921512255898028857973367388335136774937601306638171828782048188662995856465326422057571657828253527399937332116940283446942629166503391218474565 -0.00111983263520106436568718092346976600065294092522708585835846483298681448134465330677354131398627717847014564584849865708835215717509358872886414275366850550980215388780419396155462651459504
1.001076416338085289867977306892769287210375014636205692082495961269714681639022628888336614975314645122273564340844109644823564581019216188327254067193462165933855475064574719109779752102844 -0.0005799136592189331236835705382714920489007099145019706088405958022952024774238384132561008620784894876282735473456042374199836014857714481756222194937940644044757072065626678606290852434643264
0.9984241555025492319573349893580621510800257830720620210211975765814066596891551366956339262430860041205976476666758735215029228506127632857449754606558875467618848657056715758493793360373155 -7.594384484810543045577943347382572293404524652845402116078620347065629200624660671170411699100206035418095037925626530545649373187904397501025249105139940046333387612289680390856691800152161e-37
1.00046467098543418800661863819374219091791599311804315781638372062912003911826539913125467491821949740761005686408594210799859295807930861056864703720742180275356809683959221024650732070126 0.001211230384050780641349988694006333903871299382582138128426197338543807473642771645433682959352750176447134330874814776428223567926584434255924661925562412581889541485093427591582151522433886
1.001105266259737875304083612402731853793356585260359986931256837417093133526745584743044348796267541230729864972489925794671322053241157875909031447812578107790736302025634707360813782660618 0.0008332833208489308454861416221767508566502528054941944228471319702564556684080202494878929588593970149187225889152445366625607848533358427369470010530364994390480459842542080642840505632097924
1.000503629113229765830133559901452024844297550785930692741857942218886353257523199975136359034455943597671117974207142804738773047463438066593819485860778004651713938438049985194025319031724 -0.0009362913573036648795918106457145994652119684813534227475260989581880483482434218733705383782113391886365122356568784417652253269934382149517053290375034426088725294045673504003402622604936339
1.001007194767145229914149135060969785851923457103500540820706011847171128387610911161258885061932482129766173254550410454703827010238052041276521220644700885936130196485979731959579255316604 -0.0003742544609477771941400587624570713246312134899289631925597420802919777303777347373669922902552164340833652684346959275676353704971178471005248751933208164965695126715211621662735766452077995
0.998586379534275227721054967051404341869413450966498271573387538496093037968795967199324566366708578251439002316259347274883998026419081182417956588963138397682750901445778441947198428882478 -7.595971278853463954896593625792290998057899918854423693889316691194325844834417033782133000614226705659817823447573977574548607052364607514290944325260151902873744267925344508802045197998925e-37
1.000497499611231419450248045728860945212581554088164383225524857975391649903081307240892951268622254609922703489769170473263134400413134641293115195170448219476136932984141584702451065013368 0.001013746656764466025396276410562237455798770871724628316223722903067487517099931648278941550218268238506388081585621671861076516870093042388039842464201699627860239217788513438770925671080705
1.001078030931583378707696946799997377909305222760919774247518799430623678586802078513614701418119152953574287193654600277476185120032786933883899450160721903730181621082047936522142239064831 0.0005840233855935681704707191262444123532600538485527137925466470443534812193293049662103771712288993321474125696406591093772511251075516314662210345986447339240606574140714799845560003906182302
1.000496981269136952547640317522569531828607405911260753709026945487661607746709156411812082660107549722312949983213914987477121325257958752637144167322435731075698309244837826554165992890396 -0.0007837872678146480126417435945546477628768613972670770312971473964433883981138447215581681316392320979993398366710531636306280912546847244016543205587963566119161260692478503055428209432290882
1.000910836004593875944948545202941635873869553519751251652697734566302236989904413697020694450604772022487628524862875209835936610042656810378606915677182697011887813676137614899899842767011 -0.0002118512808571965730003437639578755028795789017114566531287173792626552201602319508201655820579322652382305492484691069449190548955045049071839099114209697234205823174361467496506404260578402
0.9987248583178624166336004331851565757430266333104608626246785111891481200620680352820897634831581340008062651709001819066851497623321354032679066235960568797097811574748556619023622934590129 -7.454586589038182543879084535046029694716384378183387752364350315717634908939043539895219257124062807844572232839486600673436268781825739067055572431391697842200010022171161703789229992912624e-37
1.000500411686253704934909834886055100167731936836531124554098778193440763141705810580330701285580018275222220786786655572621671740457937607142954093196959038001967956302624152706038475518884 0.0008479536496943886714041737199836021791584599713236150547661245212192969820633616942538714609946506163269184664782544853584321578110383022871220871392115412457577349916381024216325371589097513
1.001009438873952455062790659752823422023778609466158816289453495757496464644930313239641329042823535988717370715566497868429955113295164834883411318763012884359138756522306338936843146663042 0.000377548609231414630128737507222942499391528241797174261174894665497582781927451731208488670375178484555027990043370900043358020561432809781496087707360277338561519027890725306699180295575861
1.000476818199924129516179603953026427791102870958055145599842703037543311330406410369734550863368437285670908232163573481521166762889438869913475056067078509922682747414560740994079932597914 -0.0006585766109318340490827451979881829684124981315476614873967848595441317587724535965329380378736197877052484299433311889145039068729378111215091303190228800149467689753892579495253894780095722
0.9988439971467215737732624444837257324990443995545776819734790581298378518428176507660485614180025811063132644444904352440641417243484328148883210520724947175657589193046713828548661968645964 -7.215248552750128802626149647453578263777009253214854928028478808192174242983092182759947430459059849125616019606591727144988284375173628631403225121766735743071606126634595449430663651305259e-37
1.000485627041843268369727565961581210700668240778307679376201268865180130223663034676893580188820380954238751248157635547289634685704508111888589703224836301733142845123339493132915003739331 0.0007111742813003378502890176696604255330524461341403908167161256177297667114211059853773897635710853716556769946551262709920490565270241966886055677726927890579789603802005366467173232307917342
1.000913442659195043053554217285436692349829008624498147310737115726355085569343051520760174190207304422703376317979844585822571228854320072553291270922020905639297007819532451911301060676361 0.0002142968527439866131474268880000957243794158563137044057489870117573047148538880032773966154321755900347841677199154396060486126015016885362668093984978865014759601684427544793306804110662772
1.000798218347520934346666656985487916400867360931480580962377166514090143100551833812341663052880424677146572410174393234942257180060461674921530410888083403902113588694414919700382659823075 -9.172519466657215550425315661302634136422805353246147452957860184764559451428404668037161269322302186785247130430150739009463803437170574086094626662184160999088508040580482901690047948446421e-05
1.000449709325855488242571046680991233111420767043111764249234116127416339590165194634127898107244435080192635578769371467453069620447739556271184684747826484988344554438193987805469156191126 -0.0005561811101060973859578360184299324827350475625399414952511411315522936755937075330280065959087600340124495993728856964958189196174205157618424538811038725877157197408001407646132920703460822
0.9989472277090024740166088485960664995549430749779853936678942475014103076419169863421761096652403924332420155342643387506930189095894630969030755549452273494828275000823867386505423909080301 -6.91296432109547353233593699844744125000200140052153771216496491934447892383207204932248159129427397322103266220762424673670482627892290233164103359855305206567244819416568926607119131926349e-37
1.000461232442436115920833466681405812823475424152046981897079093683696121921236786916772842832166706653831880184766185728210266631723909774591032344806266179028016760989011240932669414595799 0.0005991584058957633696327657967826810673833804272991478427779155778377131125315071287860348458604917647201503274676978450192678419829626463695590978997107250983957301181867266680181150623088505
1.000419693105717211080148436110387483297903498741626971233844813686287227264470415060010639800546003456042650794650603749202659338294815139438358813409861453094086108435535519534654538719272 -0.0004723735029685015658438580190931313748440298993471991799196401590530601527305988951754992708523980032345304240690164558632262084079130050969639374115985037166866362989953891570415867118577567
1.000800957146550657720802294534521512702736252233582184371643524288177835409292486380924400312561671819436886919792686681783939017050973008375978097909940191832413537226970465730145375185764 9.333242016703364946596434923529706539434098404442109293706529378907683848179434598840810736647951785882182793907257731597565687286529179424499971538557027818392348672899103704179475588332748e-05
1.000678197356160971531469776828635566605261502812139443792097491531142945914737010315139274263690803440383184013305809494111320908056308975037922554502221222762836824129508274875780844823057 -1.571429344737566868077655200970391319110611198177228229814926669995773871558645281688855752727581556305689136856056009512900960002864654540747984639607676004085923203053422694143509454267254e-05
0.9990372547289795855379727913684168413756419537665366473669141606506228081703805695260994810256315678748460591531242099668134599042777207316067961054830667016174147490823569575234192868905453 -6.573944578713825146223971373918049632993625308614690798137504564458257984797061606256467712617886504897445740499360365213234439453818279524430773934146861430526020420082992034280008826784056e-37
1.00043230247823232436636058141304788028367795959659226702218709435738134545551056469690843738823656101502409805321888606089439840205045247136047822344800157388307521317928626533806561831014 0.0005075327807616189765994060696659706277703364859528426744286868569397742533826541465970929326015670919941330280383222767708002960614886606577256259842795700261265458081120385482257723413248157
1.000389162892360488345566134016263413195378412046690421660624471574483651607192282147996594100180479194850379930811997011620881313372455040445537260997718550396613299994084467396690282744703 -0.0004035280803478454381313280179613434472294782644968186109244546828431590807668192265420242741855960073559709684909210507476903836245553466345512423808061998636376138979207144366329003449544647
0.9991162328349497350974595118278870351524409892856945021553667242673733805550326247835168981460246248884879771321377330990120695421353794092960965006966258122258301520551914374017300541914373 -6.21723556281123763654790209769945524252881552412733849662945394903021968924119242241639607122466928621620308921788640412997125987213935412011165644638237234139140684627936829125402614056563e-37
1.000680889890841430615971699811666370019445180655862701544608623977631527273747093001689697559347316437746567653602684448981777801557853633846484482884668696407863406510412169083444180083333 1.638862307333987431719116223190586323335086448117266655125478068213566191011866849501584262109764279224735068115523162690359449121808946696665115176404550758997096056241948452976830164883007e-05
1.000401899097282752434271807105964989579068492192442302247508189400683691078994923942725706819953393940734595565373880813044171200712269593498865116740003457714416992463069892026289387243132 0.0004324006331343908094914603149811855988194492922064865027955441510196859394336982908016551652235351509660121509788216937316450702509341120708616758099978928456072767024860650199611388320258977
0.9991858952869122742692314851225444155769441372832863989005409922490126342552618920656518940540621424557441048359444118325987818786176623064699119522090077265583239812896842744867033158230919 -5.856304438197852274893502530918273851126195000810000388466609339807420513588754087914302721184527333095919506827802475993031691320064880769120484206406316094804694293765418486386013893504398e-37
1.000359479174297018756064150657602443611807415506817485797176216087237977244134362338664067239058652864462974143752183367522500284364020751105617021040282267658314242854001987918001567524595 -0.0003466731293311881379111794723465186108796435183044436663936289607451823925719968031014795993123141457625865843467742890860508665558682810208993718617024718886822356391308518183358329244226818
1.000533570640979490861206415901732324672490513451708362436296674386101517274583755928721134758245213523967886202715321645850944023175792212490960437262512393318227540270713481614157905223362 5.617273207749085267691775379047157080415686815491108669204478025725172556681362813563049220781318799701916854306435076964704245775975995900053262393957290418375920453263412924482430720401131e-06
1.000371800888975995887662899314319274133193316674451490653081510494112733614236444413217695563779498598634765770579684299653563192935415368437321392937959780277081836213704775360121928285159 0.0003705079713496112723560905327697687507057667104292796427185088670455237298998959157030229500424119825969885602927875020782614251833214406007209667264873922706217507316833610718932645293454363
0.9992476489483948893610006183202813798780936515908808639175724382479333854385704159124316212234052694901082542467034221907454173202101559026749890674657174203759942101842775618582896585187301 -5.500400530189250826302603601099869475646078293816307238000315988064304616715065046076646963142605773313124355251925540525226049067968745629872244510450160543456001700886316837201574684595233e-37
1.000331366290709438605826922470302470414926709091893864120648403812442139360030414028876342469551178962576628619267662886331403549050134539162545776902331146849586783131047158849431880497014 -0.0002994253591795921975562983899957890466579159475401057791700101627976730226597307506009670701206397979940557606482917905531616417100859939404261949409184836913123686463435865142399467039567376
1.000536543613800154036340641366329686494674569277381805776395942692142572128391322846537298213325656494413487637693084643035151985549146277755127618724020231874696476599714601317637580557018 -5.649814869650001350757581151066502509598470962478094884892921515474283407990090868821694866078115790308989004748105293901132161365905576130802154116008412752993090581398837119409467807009788e-06
1.000342989100048498235270186970026054350497085259921707796053793957588253522205032501958275694910018656747314487647739330840818252612962256150540209796323529769605784030740401505687794285941 0.0003192214990421807545254218095490578797167007327548324657913008678579138594038373331229266398334313285598198417848403252666615757774132598399501568438043042545331722252102990837274146217639478
0.999302645234666216456488497052932532478860959838614559620308620267971402857125797653216328007053023532464854917006536966764844851365718889859179149867243601981565596131533090070111023225073 -5.155652093211217662482580268238782507169402498211978077296933640293958309063266474544888932115627413951063102065064518452544862978645718490448472527767460682412693408103595345635740001622333e-37
1.000305160478611508512485150516760996395984107671141514216048139496419146939424653046331312707817637902438595837404835499459437403617419292141541824291316579452072059619201457216337852022777 -0.0002598921721937572269815768679300906180310111586510526824929558281254009118698560225108748298823275931689540906629856870946533830365667728216667614407491040049183768749591123749044613083502692
1.000315956272854478466163696614516170566350948510333622999467284528348940112414148789125980746283312460534428576310045574951835092453392567340670128544573236619800345780858576518568773782833 0.000276441396703717125250245162181831318207867840372066481984576302971494036760341999987212265933622823144010499051220807139842230500826319988137887220754533386336814580795487730700838207260056
0.9993518337282249291448990568575903822457519703011453120926892852406030482779947961670054716011849792804464169995641936932432949759863416392489105873519803856725845779661556529420653362676309 -4.825917311321885575757934003134867731154410129160011303510386689826213659842655012488337583555436480129119815646824843192534092776626750735599289619761517837001202198045080958586283985067819e-37
1.000280963396387158471832093345819991961956217635019440365565312657085829917030893199021075433877792633538874926318434123720584779837935609186553680168787756189053426187298927181681536100398 -0.0002265783391109904133894201567123136601603618244280406332707949682056109014950563849757100466237251260915115972777962921081593577956240080480896307260746112518001026349104428612656854915181188
1.000290897790622394755807231818739451544309683609666421878329404504779836542669712515927450832738620382681759938797028284542247520743682018738210954624629359906699849877808190057523198350889 0.00024050504110435605854432577785762296018325736224121823831039120789868767292182645025482580000586615667605906277845063547106268446818628534368087709995210889397152445936762347843539464158046
0.9993960031299517969287775457319069983423339895095547103294963901587302550414675824097519208938469447086805190692217274982766072536197343695897769266910861061667344825186929164219861561993256 -4.513428705900912031311078181920256618847530804356278455806773083047925451286285791003052861785356547092628542927801752117319491112685660854284610748023005474742771408588867237794231489691652e-37
1.000258739552287599425411212897375899046247672943529699849158178488187771257521697969461440519624858757489814380963334359676927095761163597333687575423570470491263113548175085505907233826574 -0.0001983074955129933195031617827741607547446577232263216300595012410712966023581601955097496226831654197731603345934122566425024675247162311359728368285462996246099142260973342406270644046192636
0.9994358128479728929227266131639662939632418424002983051744883999367981213514557334460252292011268801355424899743216204322034769873774172891169012938384619148025900850783919452592393541597932 -4.219272924337175232684396959130798636546187514612117685344830785235745789059561050356378412186448394570525168936434678009328040840111571538219419794790701500605096891226737500347323979970618e-37
1.00026783194853949551864711180332033007708229850761620764185972215342106453704025149493657493935638314867452587983141288171919128368646116422912518301838667122754740906453947283110061481074 0.0002101022897358336449292607563360986513923405655702763991285574242038750013479867231587682004039742154087396716715370031694114560345853232058519570077538479554632596400255917579842329686691993
1.00023838016073137685008552553731998785698658460599991904416952453344739658871130696198158585765425030833864396743593694442593588908585868368365102521173320086325676894580254408950439817661 -0.0001741568634529125987647860038177998373940031691476334125847342234727208749182805531476813046616658000739909482761172549265577492822163696147254526861988656434087499454670847186450359509042504
0.9994718175896416107886202245896876220472619399732049710627381211914420898266196045598882560204512601496727553093853245459585383358480721548244470358006472027211918880920915301396013529457239 -3.943743489357880012800858553801667834258580687725408119899071278864509068491291985543439902566514624825287497907976914377860243407770361402577784036055359407901810634896849066095912621068068e-37
1.000246677861848463343774237897228692142873044906391348125082559939170916340709289519950767452496421876111914818911094419381195551743183566833982292934095347723143630504467433240735282050107 0.0001842047691025569193823415386176814134422105053912977000156316894542304800649554397905626773776625350999899519994611467568260386723284304992566723747646968309338693269949383408778754989361399
1.000219744233468437278449676183052313276213626780790569953120368288384905551078261204493097688665474669432082839106569007657640292981578292057776070178106784621310692900368475384608332899023 -0.0001534021588100047366253877747454164287150962705388613619129510974637136652274770484677074109276221970740915290413695796843163202295452314696690271790377365273423044460344120631739045441193999
0.9995044866711919380553553386072998353998288406287743202994351572423155216031125319066325281862844619761212852205343067124600903926559971663347197440564832801359845319440252117549048294510531 -3.686597506437894222345350823267463327452253215790427176345051354293333206941633739670785323395692761447611756342126452219713564512154720230024833834454692939554847118352793721138842251221196e-37
1.000227306294523777044418510125650638314254520964245617820952032628511097308716217582734229488468595870519909046086170319688729950332014375706774962383508723003281995539593145142652801150568 0.0001620061955489785600027013225024864677849907083686768524939172675147613522746692595569524453521117432016621481084781062790063873113625930198885018321172570140405498388917466957394964334124542
1.000202682952124805306336153035531813120267164890609929906057122027586906908120045418018446174036954975252046666135757703045938952512614115096740872740306336831087597970869876478307502137849 -0.0001354718890990096942736561882787063338038531807686399859408105774914724898204823937843732543990599953627721597659650729543476749144266844162307769294836843323893609267398285643455646615145396
0.9995342193015908030200342808966335328505350504618047194409889392454465681042695167226441414496146068515286673756912514769640706178753541010479446809675890562366248712835649531857236695819427 -3.44724076790671237174206077008858345969886214355341655883012217137776903845965154397091834787944961564410988326705401886734538454698403163810475530958586907509573635996150729240120688462772e-37
1.000209570950693014807813163071426798006928379443121782618866233676825431287579524494767551792680332635092281328439794234179219208664193020796657128998855347034093463947979546346752739571809 0.0001428722471476422892211784684162042052914202255120100512712253590422715163104998062492098731341426339537588993950416767509899774755816673575665393228868029697250211278138142271530286505539257
1.000187052446419288308278505977613665092637816900726021121481615836293038829476122380857113187745757236469651730039104789904464269130682502918421070092341276801157309627252426676267699423535 -0.0001199110107776841129804296327245068139023373604437400553384189491354922341191004268924802296693186125106475795517851585138366097720883676005840445277995519184242248724082397899442680136680542
0.9995613567709638822451191125827673205053557746113228937019411078634298344017617026878244310980888192069535896529417122105452194346332341034805217335587110877942716168377697313158005978016027 -3.224860000231264713245475634676845635139357527610052698805228848504471901337012748147694058611853132306790845027157749396363273082074933469904027776932576636769040020262151159916720960563961e-37
1.000193325791594452252826613172066616437108705284580107714718734460100365041970480512564913936089406998536542066136658285753776067880803415406197156563418189072965024063130776013693233715145 0.000126299986666773368675862294387985644013380150624000310219516720271648770602145825755271370990491661967000562753281461222372614553193044815331695523543453301008217651989417380252083099323695
1.000172719433638030430330245256249623999104074919422033155273638191801924790737036709521150876375349230666160582454456323375169736468833432313808365861310850139856970437235214506931976922483 -0.0001063531771345877118840987204164704864907907588371351595357972005475870661863169250281418847212719018606920541786243869191737984530668372085424019906999464756455208769362317431990731525147829
0.999586192239139040546084577379643424870692312739346284320500281066715635703727027394598226046569751869087768225417470091825558273140387252039765483510447428584999992001969450240264093937056 -3.018516383501830720003373443551309533940490612791240783326018447564142892608303573874476296908069484878438760495937003111166895159030985635563001868264107459879985802639113957307238287329991e-37
1.000178433338089681085299803607060394323299886769631329735104791383702283299811057019133964487872274531189109275185811213139071776026962715570962584271786103211257800459726014946599309305868 0.0001118864334475227871813663886301040338871473760435042196925594178562298676800711553875608211889541513925178664994885226327761045428509854486801182178368787710343801257059319382320131509679278
1.000159562967632548676600699174489458994012821331213067284450621624951754432248750313680825363833620318311820065301981220908326257097324686617790999734775462107069821336380870628883082036395 -9.450007811885483769519854574163646907695327860910114655512929510334106924945340985868533242956341748325131550773957585386797757745432730049407028182997123410785436924014307108113041867046175e-05
0.999608978649013155753348575936444077549428723509682767885747202822365061070546771324796498408974794374591023796586959434799615731245289946462191042687874814678974061773461396703822776204527 -2.827210867515548421858241899080496258213425008109080634998197098485229832098083606975675183237800762504242284649716774733621792190486209458079002114865833607000485477797235239190172337643738e-37
1.000164767824844606182095612150649582511297045830851428170420737430859227044328643738711948515534527721720854648844877579330281780707255023905609678968532509566692966718913095530759617240866 9.930498887517991826564381081459484648570580301953668222885215351987542623877515864553203636071985044362088898334995452504450203307290502491788018681716362952257854320940171494458347884071302e-05
1.000147474305707218437295584698527297546898643353510556951150497986346280775612738462218929210443073050609959734453723527628413929502187514955343483665345601205096358761418989508255893724647 -8.410620309552801184807241414728589060361200972241827929144111249468959821333740847292894281175886047354717633779219291925368232282509538638597832176876788580362059297715396779510398009009757e-05
0.9996299351639479639351588189296354827939809210025773534342862191110557044137393269691256532532957344098760522529955540503437488880353698384247313360923550618869212460778181310275483671806093 -2.649929060597661400393607398746813642177330449350956386701345056752217246163445313159206664827365170906244758539409017000332751856212758947372893793023734132503735252843010743802920774463632e-37
1.000152215736116750045618290492375506585262593073116790025450764863960778710573414917839776854188697279027571831140597383592076718729715899333810146625829438957570149091079785792576732946292 8.828802164909650847337963846481410695853149090362061060239519176201594256891182644392734792092612831957677332626770012039446376584654883711406762140960812743889273549953611374388262669085809e-05
0.9996492524353581476040412232048560618548831636978675208252950493597624375208029000780406609831456121256466560212964626099109691866531547089119217846307633456419656178980913784399864409921065 -2.485671403738583460649924430965749690785032415196010910486442482231651499557860481930486436278476821800950860117410265367005156182284156580131238290685781582933133421952273019539470294954905e-37
1.000136355990809272595147598259610186750271300129414422013061161316522539071889269118758285222765326455386384555262306153108302897788534957457992401327198768064911750386315977569351272990952 -7.496757204327314564022837426071997848203080074125702091091860504967472284007868788467809502540614963273149466277455563391148938182262430235515951212963255866107271308632923919651532454242411e-05
1.000140675167223762938007572840567850961044268601561625728730642426361093795627928829493881647562071647309736086687202364372485388616867277027477069161894603274224878270034047042481116139044 7.861402129788460105593917654106558527099900183050449344414422467129706100137833234712776965554226218643087137279755688068222435734144695676922096674205282370907292647105556362193126364352344e-05
0.9996670969370774553082479424453830623054168752916780862015265971667406867643232475933083156136547470737584919295741588513797874399238275994656043920318595990872139237036866384807725443280216 -2.333472809212237519346836972954627373358757572557665578651445721340057354816825420162533179362357387197092443540391534028900100080457845075259084703034077633073139542918753837215302082392447e-37
1.000126120692942675402307618244044307353683347204293932099137412738907250561930193382134836921801402889795646260150329483789333384710369860699756299286069085803006520482950581888831817103433 -6.691331543733777944381408646678965683244462025549736631992879145069421886116018951078617982095557820282887245392970003679234570379885486727596525492803812631592138306104232272772204883659485e-05
1.000130054755054956659888277534822959973097472691439713761289980926914361550759812399234211486198683552939824159747931866353013536142593192038132718437112038382694100172373306120655187096355 7.009804668886377362424962086548727758263318193927497851245144072997337726975262193392199333098554076105709166151777233189101054903859170406576581838921226400506478204339866062940291581275309e-05
0.9996836145506323436739665042682229712965552609460499142334456732933486272247402905919414482076229963152820720539549612269444574517624619515084538728902929192424604557218860703575398122680935 -2.192414813015571871952394262465076404134366512778077990453701341276209909485299534487974571481479404272355799638925536907030877129790908960241042777114210210751478890108800005407246451764276e-37
1.000116690054530974349946296215393586968361354799210430960504698001962490372960594045823619395088391313916901421705183961464745486492811964777534304809106210220854258280965316926558815607182 -5.979929330924871533937553104358352811993662464911756656243413418711887389406013919539034133382630282330357646028575220314683791189723869230034953148297855194187152065119080916905936838656226e-05
1.000120272527018206347615801119895410415988326288548530855325052933673158644214532724697927908908951104878232838877333956525252274018177069239219506308123513552430833077674534676147859628322 6.258453145519858878394586592940232034450685863385034092751692563036580902826568185365764570866228978923924901614910042777462318568914830738512458449658510931878530240625651483504732741256443e-05
0.9996989335456982000681097551713757728671681835245449850504095925976114990191258499819257904091278426704568697892275743946560723469079351548219704604327655187494022642741225886536973572824175 -2.061632468750120426202157014498471482573084647156159125766604840932563792142476231678872078567399071451533045178608421048394856591126867361123717603750631024724439635027425302229120967883109e-37
1.000107993635393829288753046290368518302844986865836626566407754224409738403933402667840264491587126568994268871168210107600755693889189665187129835491946374987448850382652409422454937675763 -5.350318477019619948911920933629306529235907490314966614303095529839425710700363653252271995974359046287784968316563488052171444497694875431101843241044248554785211096497181334714195433771768e-05
1.000111254815502330700387759433591611815248074972406281030996077543024204673214752924091318411949818983519384035954191473397915894915581630478075722206667383898361920829478797198361368905429 5.594178215079712147943384123648630690761434386006620908728930714058157151788144283656713258651927760371828355846390217617958225518922588225157934948907087809645818349287825239972346581663434e-05
0.9997131670695111918073832782533511210819935877637232761924009109449373796084369543981082505003908453516467040670851814671884324187858645444545927094043116628793621754549765835584755969766238 -1.940317638035511688912504779067176762016822126140710754007782243316123662620813779931137463134101438750821310792314025528095531998398326363127562281977057676100535157144606087702377312439246e-37
1.000099967983870853859814831456561467713287799808102807466001337951717547185965043390140447846768763850810844287981985496425948055455270187478174140255012185452477238531304394771702504271205 -4.792065180000052497340483614069770700173246599578948486999130689842295592514120250797913113483098400795716434017965669820567674636137219149610784674173588427615239722320532896721701473334278e-05
1.000102935288175013244589086285453467192658073491268662032244662758742865918004868445156763256242873860425527064646743119713650790815575918415406407083841340462684499827622215459621664000257 5.005770588020467293768212409765363360262471923166892707652903110578396470327047491359574260497219699484355286744973132630528575550884756929768591834818970747377816814287666227997651018409433e-05
0.9997264152355021867060388226908496380794650108714576555381248704268973551863914612508914897854660328333380573562477104785550414383620596629169901240859307474469078800545187466606977231573711 -1.827720009056087875491887282930081868012761139005719386368371417836302066203024912993146182710838218040595264998922867213412551667439170115969497875842415415318624222623678374754946143709891e-37
1.000092555831271942073935274243388284331281672053415700018383723068715487085432446907469764003625425754972346310624871209656288004102392293163200178142685599293179201256783734640062643476081 -4.296230027833611189172548918005313411929772108309526455147109110322035962041781451252065595121189982657791977645948152991801157314828579738594272929710590536291058004969245343535357019868137e-05
1.000095254101501781250209095268959907459352683607005085977171798150940282806925937955114055962670344787559132387600281164606783237401079630980891513809206853053445262326922093129948424755794 4.483644439290866999571292244471538114708834420319152847537088977651155516582115845831135936124707124654137176842271948400009622393747692868980218173987680335085725118676157692060267722255543e-05
0.9997387668831840319645038464428996790468601629732826779664022046856400202659940338796335842232497630226879382964106139161051981514574698307661206995034212418330824958493637865906039279973205 -1.72314723037564011967575146812624027385985901799811745560959911144021184888773604197156588087659863694972629393329468535379832608939504235927348867420938500178310813903163352001606487049227e-37
1.00008570539620958781316312923069941105134305058829452995478224207326378164501313866938422455575130003463724937658352412442881088213910925161041783252791777488658039835237309504460492740232 -3.855124247607261446255985865464732689609708168852860619720456356190259965598918335214959707479452064927587978274200216120775593215008320778162100484933330185504461838057393326591225162887104e-05
1.000088157167874348783155415905917151861795301408266758139502881532811331480829058449385146997100803042790329382136870056144588440798336857568834763810896217782082302957611767668188030686025 4.019568750796562231374981014979834414246996371160297332365732774857758401920299557070818061045354633490879361444441400627707997551314284350358060026315020182441389117027941540005750335350597e-05
0.9997503010670888071454659460896231876504647562985105036850635409687697568921083682595368332556903424500832902881074383388102323691721418235332278263018752226203990285286158125285290809198365 -1.625966443632396403441382725134989460588998221459114431798625707661384301391028910688463419865196259444005104254423941516977925144202758984897090889950417017297245668058866773539660521432287e-37
1.00007936978303395064604477499566072058910519792244147172857438168287502958642528430300956710898231961524218444193552144278208179322158654002272809312576266644593251821705886289458639440561 -3.462112060790461033537260263776105288075660732146448496220308895240808279027838526027094815561952019054024300687222764264328787399735107685205856614913768023583122850375881629983961528986214e-05
1.000081595521566712563673644109967702366569964738016580561032886886110086379209921577425261095099774618912186910919322017158544932453154050400791828435713174853187681045191539275681940443558 3.606450399948491854767371728079152014438102051900689421365904062548312299929210415968723465329050215850647240475725067064853448753254783098482338744070393907668689828219955373794467480291743e-05
0.9997610883213734259366423728593037525427822951592685292323469355859347845699336563282158454683530565021919330175207284892938630195165247208026329588529529028385194401818281184521777293438603 -1.535612564255798682440900529307291843067162862959767233828382754596851790401223501673919844329400719199112228481190319487538447126293455081907168066712520219954757919284791102363155013833104e-37
1.00007350645958356432825844792053820108263042772444215451130849904147154547354919388134357333784666118105116134289475617524463079659356966230468628548175934133817745099446626525150645415868 -3.11144891029718678868761020398744581654956291866382872888164046788261321619677270884152523825996248337403393775315868834972034122512140211872705587167707905299490435118563940040758330657781e-05
1.000075524768570103057601596343788663040255441395545611371133468633620228075131238058608410539257303181267452353269876661809143158729979378253165467543556935100621545096786743730940894731017 3.238157273816027276696749977897642881509589286263910002870456991798856459664556278810945039600103841462004644895209744275717952607347322673619598057112006601725673199223999551091065482947844e-05
0.99977119173788387511085709718172202642278080298305842197289949477109779041630710741014930987122166733422717890280540819796592383889636932271651569028722104255226354714602823927228716829553 -1.451617441956303524562158141093535303652310257796962810523104447218416740136309861062191635404778320623116657214110922590787429080521901078216337919023123491356183310734944083185077347577841e-37
1.000068076801531547744742798250252984964240988022121734943123727271019996411794771428788905053858103250299037933341405766415203878441714360634718343827895181330522572585844737522495842225332 -2.798147972961329301750323952225765813338794230371164644726357344593734074094567702708656100984353047724866945502987259327901008658051278078586706820568823887523216183782348317213269417209987e-05
1.000069904607027819787531310984641525050237739575024364242950059769162169838667092419551448714590692157412379948374369319703209654942824545419370234631641446519330609951991190669787059061184 2.909372779094855351781583054609163285539398306717680703603855542579654508019694716453825476736027238111787496016482001150672436894783415147774182906082304885930457730143100424818010849793764e-05
0.9997806678884584447527267530649144034627545284142452975969501946255594474512406329694722932359286820453557842106538168803730688953108452932226793409272899996478109117816763301440659642504585 -1.373697612934876352916855765474013689114899557858446656790676376113306557910795490869618315722869806639050612088327240222161132082146121200707444280471250909400366228755748615420427909967966e-37
1.000063045692792626588696991006633758869664334076807407424062716941284701045352817849042115647713988091995754368382373922206069216811186122542268670774060219196232112448621131283216827304561 -2.517869241581984755989763410269754176096449049515402268969402472066012999580625838255368142989124388491915479550378308226220008119626758717126528234468399139139101730426087354865176780796216e-05
1.000064698407106384052565679744990666049525212552939783498380466164438066271154931200928885200661598999296298693341488152306990968884175034569946949695646795533685789576875899576722203178865 2.615475287668136293797264882171058494801356695917955263668037004861893017646999515042887487977859740997418631886305018503478312611946283654238438905167395959640078973104352930519740637932399e-05
0.9997895676166551716673726862045094042975482343213085982582585540123304039261994919501356433816162605178166923256911077926125492424153080785561159599008922680870708900790342471850866790866549 -1.301999208653854612797067502395160766916148726847773535498741688849666356937963770967413739244432601975541816549852146088743246686325729418606266481695462198277918635174267277189983863774188e-37
1.000058381173402328854079152527242975823693273249047469771687957992082404925911724587274644802989815163865457032883884820100571546795910719370448631323897441310620090407856343384497768368651 -2.266826803792032223414602766373798290839107220877483926782235320463316559440443951302964717542994061513786479498860133064921205383032855532654320487900921860330818259629330679338872824646184e-05
1.000059872841141134889989399074579598660855697505835459934772179610609415410174246779134449670399017594762151663753997745856414298224332448995326642521151969594883057762448101125084571572364 2.352437605063525806219796377394459076729106896707095499179760044537275783385061917899600824019854738754607094493113226673573566564089708841045921052895518103758008769398190371793227222375369e-05
0.9997979367196006711086305849036614724344508317746473724501484837295257358219873821803250429165508711150742363496861493310601610332923727279705477944531731587537172424155853505858761083668039 -1.237750732175019937259091583741534032672859800093099908356538787205192180300447070191403308675208994078774903391442566494115510270089155674095707656323424865893667096221628214246616349858674e-37
1.000054054127892023499017291628712474173381927400004663911395159502915366634379840119552970562472900677470842969794323742215545693013436594441016007289209730151661166880817862483216191485151 -2.041710925462601939417609964904928961928507259698332143892617457242880468554673270313865368262554042345825282854741725851327231980196545142058658978344263599954261071903153370903498510747736e-05
1.00005539755659888691282627658002223168003145791797912249906974402034932096655826587152524562000779301341913268717906321114337478971169675002552224816304358459339296573849597916340500444897 2.116742671361515417160390738619542957391114931093288848227357786649271059780772607645326320457176851061085847078970545365976658881094948106514448700651835658627802294405563330859275210259079e-05
0.9998058165370404118676591549309443515268985710906888605844297495133969505760475895540742563841505382965695302886930910485792014987359086068682031845135663407654756087808803930107345788899601 -1.184944269004675270191896811161766095872778922342458141520823617260915992955846692034068537656138800667283184359358165223333033791910200859857062563817473779153290718395665498921387706963436e-37
1.000050038008474487189841025429278121117227478623738806885495898110765590778047104828652911167550696072513835869333599362198461484623190547629318162073222602105025335396528679859009668992121 -1.839622273723730671272368178259621312507662960357724478022525313530119767518633697300520390451658666843792953880255527698743918222540688666716262065037208792182744038341328150630593182743975e-05
1.00005124488578340226089836850127409687899443915503565110406233455731977203131284805977158202918241364333220772797678673282921394838043404060162046410295511895435896702215858003919951198946 1.905312531384173002222702002628409346514778799114544985818730496363569907522416251837726927607559781555274530606263089121711400778752989641128748803330316900058990936616211560425719731916204e-05
0.9998132444617420204437223819937668248690373039112163440639798557754594391218734173319913544480707318179324829815192143274814194013747282188627789176292328846932493909048453830091324630179583 -1.15454187476143344855667576017505091718142927261928322298756714403820401510141394018270872117172573621627883453570599271578217214383592489104689948964634634769538696374450920138890967442341e-37
1.000046308588372881565754138115292759627480936917846475139959893937185149041294649672035794611252372620733908365769379986759475950785269298504073228809436262394337501835453539252185933459894 -1.658016162599317173614072583848314435600729256467549527142703058264849331939707833783193424185143253821358820612568865932005394042377260912707021126616500510763694020334788045875208908378594e-05
1.000047389587306862204988758733964528939047464845289686850348797324331786702925901666197738291878250355660645049034674193484689303880707233638169956610875532682491373321152455820793461936842 1.715448230447461706479253930048147746867226723118832290785156165391651415490354052905797007572777573822270527864737906136354022407214082103060281063691599443920279486782744366359257851364948e-05
0.9998202543830219248066878487241727208929683641733360189689852445128061830260756033195449456627872720222723266456814683053681335603126404756606572443474280549568247751351704904861946770148644 -1.17473029717304792885367147898803962184134094511724770060023413260684028288412853826544395068777018576807084058808711134366690112663146079267644773695833231712425091296694355867107057762431e-37
1.000042843741425696943280245660728854713516710758508699580569036165215470651663358332365539387000805364178083493286865900890807909518920853354160844946246554576895344009284789627481804708347 -1.494655122890329651297461193523662148368323100906028490577271717334643645231803459191377295279634232646421157243308667336291328640925294345492978647265921603420845858452433119337155301977662e-05
1.000043808615213963195852163204512162079127243089585232382465043290483874058044327071742982388991770316286033662377401876457084085012683090946215895771631372810218917969171291182419348497756 1.544778762643481064054745724592120549047788614526593816027905523367151903140819081494553037097414475103247723417977234511537467563759485348288805860200155315875952992091482362016843971662935e-05
0.9998268770732212129044222514404861765862780415553738354693763498650605603694661594760681583508989422564882537098094322211561083023783000095061314293577661459711993959982476853410558805929809 -1.315330012073603982807501275379763589624272273559385415993768246241236609240077870064109706381247929810023248687008687838355012699066822114497318114483026880525355771543872814918422565073694e-37
1.000039623244729986732130142725724138395051312492272585874683764505470002279500518662655940015137261416101821358282925774309513792123612777405369529522907060394919226546241216952638123572541 -1.347568421968744335975055149951628337198381987279125715021389609134148633207139721707161846670054569718027536432030600281928253725035368282803183022431572671252059705579576881772720882149775e-05
1.000040480912324698622830802450460384325570288050979009117694722569914252606349008017212897360301400169829403214441821401063468541858226707408824132836926673161629592030661965275450857892814 1.39121756110375895257728949612164787691379306176853113752088243669761243246104049392843882174553312782616877089350979835887304008299608767639952856831592702662347508017665496773936014097225e-05
0.9998331405253624619554126271167919126032457115115469956318405459649557831579511941307189665599517536388208330294399368703519067732713939246481469934606241067330735640979053829398173049507808 -1.74461352779017803998749356980354182198160318003710754775913469454631091090382327054476366314125889422300928693539005282217491876655543003213058677070785305816659486489149995995931153141087e-37
1.000036628601584788751175624329173519618206952131550194984800671135721243717450289870529919204884401072264703674827246717777328624651327126545861301831684904685307614439844524859536331000198 -1.215017412895354256178160180616825477965491613482674539886680781147401433562480694200969989177233573587556078181825869409065953296449990113470796791758437572178017781442759231488119757355498e-05
1.000037387224899581874415495466763249252171187489404905180045611736205516277486668302966474335622833344069506038591637875684954673099787703751707908689934108329774364251824215847001197084039 1.252925302277106127671403959355191321271777292347772623714918811192080524900088324949135527956047966860009558588901360219811833732204124330557638070965325619874077739177805128805826595465551e-05
0.9998390702489073247204436009540605966155777178180325064199161927565685243159567719150216905258688539571446012696494817982219263153058776255073068001092473500158051561981313876750315440041772 -2.85882512549522443244809582591715144731928093326184928530288443333238129443485714794827062007387083631525157426510902193080773288877297657907223853058004159669574180863613180084265080116348e-37
1.000033842882396952513609504140932281290547453967045650161824772629792292253964993443906547824730422125828614387668834821539004285337483201093807266396864839830915035515461259959533220967136 -1.095465793079056253041509165381908618681412859771664565914866681901469071549240353050219300304843413878627649969474133162128629139991730948418584302000558765137953874972830739394045683753972e-05
1.000034509936160548812674635465452560588897420711927302354826793008774914117279225867042112420125544560073235011129571656211861458678628187003469385443286526197026941680361568415765927671114 1.128278018971552239303356650534861947381031184132416244700828840117785065451456495354683153599621403659505291967497716563554609042143027933025358478232915276339204096173792384333085029364544e-05
0.9998446895294508840610208947836474962813631754216315569501118807530662581115298993232202579240776869127143173365125420540086392930222199163381079023667055957457047710809867707951798135892387 -5.571667257743368139288082855325448599790399693010845205719565197332256247672524332260806385594371789160670651120386521374027439109380893547294765139399733165668676364620506988372691689344867e-37
1.000031250581536173157095595111950610639611339381033418598400337837425869032684627502795105780764255461330401063823369553535571413142756423172903665662639273675916115643202681998293607335323 -9.875540130861381640857519642718006520749976026395156590512978384747927579658646988785821645141665542586475554142649784224406988158741108508378861669010977678733389215820539350467005313163694e-06
1.000031832916547763728829130900211925158753034741838750608760554878069754894506223755192534957945273237165704430913785246298812691710876221986111272111771741545643828129577774178330373653129 1.015839694162486688852310295330202796596477334904233508924247785990881990847795296146971299852408148286574316937894179204117262233876862348737499348456278378611933569004930581380643225025796e-05
0.9998500196572903114087790120635041010311656278984577021206544288380650485475662689165114447409693227739286202506079014733287285523673344363573754955413564070629630161714514499418617647628081 -1.194941276189891938095293950037891561658118867628448031046131548143268641421811730668958884012664703592550520854308595540971831964238434766095542744042025509426239379254173806077725078011161e-36
1.000028837488392484326449718244706325805871268549164267363847580604260567851771043405631982518370280492216333086552327155125934297223568592769994851012840427073991715121769091978071314664436 -8.900772053799272021791711917971693622639585890135405803774346345103982966771718215515933110363874095040211705548523303734149108641816959518521093151805843929706070648251968105622861172657233e-06
1.000029341388876399875223385620897256653567004220184050612595753707215469044481204001900891839845907196659401762970085148056198404576970464935571579671891123494100109158517103889936099236225 9.143386498653134173780698344779028516123183015450093466716990029620582924041979654402053096488004732761972169269139456030833145695015086372586434093424279382206845974492374681367572602012242e-06
0.9998550801290579378238638290152879622736095940755642937021801145505475710400495491017280505447504158824276048765483514120158388478781033635399673950593577286647779612350457013865048738875094 -2.658004569786125172609666031159455993735282260932756877800322041750725923485726655974214560092094976072162132866595673575918353068824240730012830183546678858875628730463646557819446849822829e-36
1.000026590571110895070845525281672546498738067316014206446458085243318883313365105300309284569232471343621036241593752474925859666484131461328580629834668731813662679625527410050319717412897 -8.019661075630071238973876115960177713115139933819133856482569617912245128818314815337681325172838078448368844705888933070585800848551087392603008142221890229701444008183133443795554387918503e-06
1.000027021806792609837130229446681884261421561619895231473815264089588696209914690100131226729628959269924531562329764354447660254133463920953247622976017410218704177251588389583963430861896 8.226471604843390473170361508470267487909924830287410434059111065030752943070542178613057471725696814087993336807467753667081518098990046205101337217804949928580541457663314724347944591778345e-06
1.000024497871664021030580420136712868282433881428418495157322991999382576529330171393827375624324624293879600688556409108182369474021363080958390095934898147343904236848050854448223850130057 -7.222705402595009312452441762372871621930365288459881487343993676146243603369824159031193068931076680726441530968733685118064155880582922508940519840894213416682311145950029535172227066101667e-06
0.9998598888259850072458662678796240530510587589483369436459472097423392243482887878577211351962901325838239031416975967856182253307240413633541864376027580448405627052066126684946987057165228 -5.947615751556799814511218234704889475619916524348241404377001233147858799326676881237919488917174446626459453651867811591652554604871951324156977915745991550488094145280597048119407314374457e-36
1.000024861745125075264998422679354487433441368548965117606926990216425316189000395999342824634655565658673027762379635437694833924896295371393428946348640471261527787977769675059414707460786 7.397638138087749075182383840903305766528584866070958002882224952065838781930824936160887542114592790035416110844063477007377171177342813794196330693700583651296079291454239309274106032022786e-06
1.000022548411081732845126348655016760072238723422980207449662955909720751744558345469835387939755027626461831092396590886220695156183994125565374511320566309762965139675193626685806557720774 -6.501450700439826886183784584868594898476321950254511377109587740561554413373438293112023189899456709518492493938707032240315871079633313214966463399814753224132154006515250186738081722822243e-06
1.000022849800895722972788563391421794428357494244949429895871992576791487186350270467782455203217929999891287417849455093909247444340175817565423349689553727532660157769916435427262646837114 6.647982196565645345276919891356159253370564150557459213761939351227870684508655611413795088656383180545035584793850238253915075128257798030072335146826810242226746161005994113295425896042305e-06
0.9998644621718400252148440798943179485774580929206645934354173020707329935594786516933040352850382238074744212682608558277502816795232501751276764300692276828640678654659631414363401522777099 -1.32133655860528756610651938248614065514119211929718548041482918205358104894251082491651474124400269320660500206070338692030946410992203479793441976033142238825666074358402707164874398717992e-35
1.000020732103792486991144921438849173238296229263780210159987913793725333351668192724571107109324803101138175136334345422821205117747559747099706363311731468004500659459165875440636029049445 -5.848365458274224699214892823190509192769366072863966474637562210044233450401834781833355549467224919897178164995894667293186824171090986586224073256988114650849129268820598560110768020730544e-06
1.000020975503896400736361291939117107355846042175888024756978086704866919328543667891381545379297418536380737675817976565608403161036603208080754218564648456017933805827340468180012219773364 5.969577294656315175675343223481054784749146000211437632659004078347575390774614264179914256791122918645695836896730913362492454894880814086318235976218906361336877182848435773156280715328622e-06
0.9998688152731468802947930987021741724611229886384087352961857967536788948493061647690589711631301084047112114632589079156933454707644552172612440511196094955657871023567677182642379522670048 -2.899896894092659609605759903150458044350649000435510284169459987668243773614896335898098372771518961928783481426485116945694952850686863155776199694183538044567238008228077821980471214051022e-35
1.000019039680148254559357523274849699540786143676849645434014686907343713470296723689510369065568695174614397567606340302578079018064597858593919121500472466851081810088544253830360512730513 -5.25673245210505422968950679873156093301007851448361053512919170524608916967995382045507260364217969763209525832274033877643353862171159738170170472443551125352949832580058073955048248223807e-06
1.000019229235862043162741762356986227901574314858097895422594667712298265820888863327385564715296788632079393600899842701831977709993224589335738667098596983554954567128461481702197311816106 5.355358825380829405907382613654483915818088638922111868438788523562970152988055390683666143010892022212048095070511608289175124389849595767899418653692599907777886941180218340637831693186405e-06
1.000017462616306992617891307824411447270029422903804224864595918933072550703155327659603222868685442979674264425458667540021550301085935210468696398146060170926101252178290105085474280192473 -4.720554073674315122822523930210505746764149606694437732115631264988083057732491891502032178933104756393824394730683761844744521142657653259565310325841933482264039236871675757974103136356243e-06
1.000017602157378582007097056653520480035777654138934660847333514774120686850131927908750579681232378233929919160539996556788458317856599564985052865502079711709389110071910622333928728494661 4.799023382239875550213497361738001072993792019983713186421165060140798569069319430252586291981255767125141170862892499512368354221880728187491491597286685458903791590810287555749161932479423e-06
1.000015993070735871619727319295946670093162299263614331380382761163689189922818806921954772202778556520328316136047008485238649928714818160152336715789895561679525882936353325492684334268086 -4.234469625012452122705363832334201415689750645194710075954343642842667349429893304758193774725306720903089842389086627395103818002056511615748432974255888957212680835408935690496783751496043e-06
1.000016086141758246313021430728699979898809361551566547333946310965095891761101158821711707378388759332108132691444317053054670113325198823022311406697004844431841017281961990866844321055274 4.294940897239419184260724038346443584220228245753232731138559284539093928262405860312764053503141862144668562986568875966357428694713884641082346725043813799887647476969635281366293354065882e-06
1.000014623826676917329034913079861901432596178940753540120428858315942074864115852564422807745262663846134165466163003295178239707829002090553772960630226231230257501143152156955312719481498 -3.793682959914857099374510872662886802664649537918047721741664704668134082952624844780019618505998305294314377625153134975198763224708863520924685431601939229176657901277871991920641248451416e-06
1.000014673715198069634357003726888798625558807024774799245448921460123696047171841796286814307965133870775998887809286100465692681687684462678926713820193076757815929401275924965860726654942 3.838077857001558851152578864767870869535896742645530102641786413534846690333370836655874605241049659678698827245794562070907765820079433812829735643205895322034948998719519139568606788456807e-06
1.000013348239985893102129024299104700700702835327678811160049588685919274790397430438694494840772807544859202876430669642467155851599789070847400201132475953676532384025524479021926440045959 -3.39389908983615829713136121574277986024444079966244912997765786386478175984583836007416471681208561555375445102565654013292864060141982186341221963778780242360307192005595976601469573502666e-06
1.000013358002611075975903461311326784005602468756617272531740024473198516786453755365679517237828730904088524158765160955771016164192790539062925449769691015926577073463476165956634930286164 3.423930115669202831904744345432546371433003414594658117353354863434106214810673849028579486281682880808903870478796413638446158114340491930993161438261340476826433567065031771385494965271316e-06
1.000012160191816390951742537435042701885309273413003054840364698105585809234006843341906419456360922994483184261946626098621756406674444865568616326916581176932409351201969438738509720053195 -3.031268571150813284131311692797446955467131232002809078029179402667150477729347904670688429518025580355351599084769232981821342491815818386958938500831582061351254987436239088411789610210112e-06
1.000012132678585158168562087446881589024591826096511430821217361911677384843850940244832689063224437722401923648231178567767182158716458350450160752151640998548311286217928977399433065212867 3.0484640404046492629434803183403223337270549868260037095761346778366553913514377974758160723573127746912416332173007814369941707138541608887027351656380621309889807587300996887177500590363e-06
1.000010991922983294839585217731708066854284952566282499291683301813169311223945184599588058339127379254074700571199634559007835758120523969948628349622642439809733285852384061177425091283855 2.708064909740377656660058965742228912700030208512394603282759984954766566587072415137965186543584013552798095607461679356540206181798023898950192969234951121485330503080209002259191556660276e-06
1.000011054045675249127495870553897268067855451959561363903453550798179848013181166956728711693591035166170688288614326330731128643199944523731555892218685204808704598598944893044924831034955 -2.702338659620654885592394661791484142381280485906935913046443564797386153516323515679101941493583351802811641939377437360694699804179982042770934429579974692233084536589939480808958824808809e-06
1.000009930380751564464963599703195804144914563328887785548684536958082124679666776326273309157139842210740248022865378057245026570004345499197075289103858552435076553158396990575514708158221 2.399491642864381682121275320404824840688218875696092363771524941070029479414618528466934009387835240514135530980641678073670713441367068623789352329497520118653098319466486384447972688299904e-06
1.000010024608423435964897881013298372863588636460876560642084070597030950663184345299547585228437470847784768549550356928304634788671201081919903518277259946291043087387789948323561729031478 -2.404010361408559596431563945723159998822786369940808226500922832939941619967694919363590654191461168345748383357153212580948501196273159034518436992504884521043126998766841674557430692446799e-06
1.000008943125549493830353778099078257349209125522795436323759953478272487143552157019397522684557666547045353397890588715795753701697390216049238517140017860659251604757594722609778872022709 2.119837074423064323700104482556681147839272887040960456667582627204257484532256719159782341784088556871888050155201571468888663323838485430352509155394062177201710240986309869869288775833154e-06
1.00000906709483918448310465710497495086195233478678412813416528111819328665460133782861831421126937128711127996909990777204151358721015355793976239524255502450728769606189188348346137711473 -2.133500632396732571383291050608178174128220263324829133705526038310638803059593476261236295320097483380905630860241810215608852086485550283114986719788247297656940409982947312747735280889068e-06
1.000008025626861881431965725190383862404281560138818480371498150519248197636289835980554566882071510059902568043405638373127941078431325538764684740612628710736655289081665323265838889296364 1.866493109742213489616590109276736291243502478580585366210502219771053024905456060916929506953105441216289791358151833678357337711788952354949533422487367312964336410629857480321497938126203e-06
1.00000817709539811963707102493708897687828985493465215671020867912737011702462506527978360544866467412528441624045066371326232300904788114909715944499922424327190424692976213911852665166589 -1.888309082586380982318215338085470479767878717655037165197215721067266200494805312468687813548980235576507161424869095865262652792956145839210022536384881764773543613426940677480654850300967e-06
1.000007173720294095829737995470151269244699375802831058836546040050411266031785405564622447000395330472223474584928843422052475743860758214011655302140183344851328531803290042556811789214083 1.637120205381344009461989054710117324079242257758040613920762442103171976630802461315922022728234635144634585389587454159253356685712359960482835197202863844982612570436692471963045698943768e-06
1.000007350546959106743587713663503863846506167989855939990009419032072046324442831751874784003881631816008194062399290912512775019447678530246344718456833524444354910703439390904908227779193 -1.666188633225590760852393995135615433493982573128064065938935526569854125796350743531280264871645643180660997713603265835130658542625114132310744148514906208144639301854406302652433044566744e-06
1.000006383580796630125007232507714856022112890754785853153541761071550999223318359777110018532235572711181955767459062712414022959034510051424641971268319131094742566999050030610941900222793 1.429620728284305268154867004827804517043705669922466460507723961096021404037209497819501411777197738032791872070412947782324428547503091790411272954412762459797168197799535910495277859442509e-06
1.000006583706075476867920345756053970520712717338117966433538063751278945405134787161203126700203599462064619542946273836335676521204602525518079163591930430228908323510363155632315491061812 -1.465119654094361111299591941809524223877757561713755658069996907777625366289783622526824927826395651483115591424054400567343153912662459529355693964609855413560782974247667190642581736643583e-06
1.000005651698613215381427344068550106472564252374542479278486019833470940003169656603195036661215428162068678472192651808536305571282395774241907011737096748193425428470095084436555342508203 1.242115869813325655655979404785556623450526715920295225436375080103445462381691598250935942971927077379235491747082188200682921349710376280391829434507826793628473833382154959823174299520007e-06
1.000005873124680626353190622231368452318174568141499526581322667023333951782810425606532535737456090620315794762599303992168665676267379372122127025887362200079533938414593731370136235039943 -1.283287180219809822447791617986193971568166282395171285340629989572672525215194318880310497818332985224330870771568799230209174954305302257378847725841996732922332842125835342972257002875817e-06
1.000004974857802471436912552284163787548047840738177158381077580391658983421130044085410824651716711632727040767696700075665161685351378464871169479363927764952327112831001541594900691568605 1.072925965038746178125843457511771430766351489153175614061147227432461591762691010859658355808815821046602770303720913445882335196692817708664957390310287450141227117630038975289731491404837e-06
1.000005215627927608679545081929394751667171220910817649069143705688727864866675904576848697364648600065754631139025153371333362161072544433650814782646327069847508657572417740837893276496671 -1.11906087476095360743718223894451357315737275690151622637228858229786560116375793024338651272566294855110363531479102588266893407663931667412623765128585081562602734906104429651659636634302e-06
1.000004350117230542907495207302258827048005645311061418580199221446785852947827962413625199064866103705856374310524511304100960302700848621592809716387021269568660192841412539024755858790461 9.205543780508540142939733831109329207523717988021053404358571845798286413651925880642567655926314987594930614550208427679839060746944178406178559346212270769053081055886373625239360194534424e-07
1.000004608294000367103926192304508259484400238284839472090316003199862425878350984662386465656233672210089805088691580457635717155409571687114959722758986552567810652129659981522289632556115 -9.70977472030464907047676529115212838085481197271565881975765995294000020518139179847839368774668405762979978947180859695958127750026605811357426357853738949060591833810797961471776437590282e-07
1.000003774793868537135622753500415418815325043373247708151757468553608514569977834452327986019354309631730335887840009981079919882781154599439081588489894463794728242356295557956464819061966 7.836757513082270079747174399332451553444192335368389762152445271439248235709518113206521064730581927355652521376329493154736692357573378997929842711053941957743006485958302958081400284936055e-07
1.000004048435773174100649481476864570534969461135380133518746091577856585964705835074022095953337075428755276887548885437010165844401824366056754232766251679366745258925295624779061217726679 -8.377255054847821114568185390537036049589497738426682189372785717820410991937902617598276702524243137699282677325100581720992573590889893742661654657790869825830092573896105663959421866317049e-07
1.000003246447620868990513098325761165280119014512903146775996224723942040101047971290900005064918959212571837069172719983848194837068156567103880733700461772412180673007509306804232762906195 6.611307364732704298517904287987858487106626115470094756970079888664494074127039778055605733994456402208010178253194791088862896392904708508249710657022093101771295708304731467651511779424413e-07
1.000002762864305030011679948132768391129587562494284499179100317069778341475076834763544666344217052715968114137316846471189262402996031130982728414980542759658487629323267780482476769207806 5.519316530254143651823551085950017314494950832854946440298907827411670527633964212968112785162820160517068915180270360194669629400036427921304788504902347621355805853800496403050695495857213e-07
1.000003533584303727948883346218949393117497678871446656843882290963174718406702308499867077135108850264364714411454420122243982594121477962133434527242713638078524953625948283442905341078832 -7.181321987996600779648810998014802673362012300262549673813083400333983133873234672684386554347661735704743740669221261336373225996096594313800112541464356877265105525219530690974901759019131e-07
1.000002322024953533647411535357395986573103698574856670830257543101527193769656884697900983690418958943057988202794808222658808632496175357113006722884372554604915995881813593554424243424771 4.552855221064595683478454593662310908218533708154264594575756068101881746262483227639340966664466128470116944241541027596475996036561651922966237030170893808523428583721005188955911349011447e-07
1.000003061474362914277969043264611104376437322844216057307152115797423446893564777049105482608460827611810889996264723394251923575424259362687483545794349465408567616846590677411100282088139 -6.111524499187326859998748175982838362017783885541658214190740860962219001110787793967327393405438179389485231887162119041474450165157854552588184345632379641191915761736389730896033520688728e-07
1.000001922029178222272906637548857410890149617111686166073534552629579176405266998838756761661802496430815127302680666332588795555657570069518226659273709599156032238104511016355158526148668 3.706329907880902036988854187724340284614518540354882767695965142167621632261067398626348167152688506881232537952134541788194562665311447514560921601557190488562379959836236529945213193088313e-07
1.000002630032632119849542255508560907654386493138360770037997273753533627949130946223584286501321831030738507873649729383407297001494256324515594203067280805673698641062620694289677837559547 -5.158597686170996777418072269268418286049857293994924069263856417809577981611686465610759115369421898689799610069602677172303447534331527660886941335391413299981408551904272532627084949635656e-07
1.000001560915675732445535481580501595357410710950490920966947320305952349915929397494416618091475864958604386086952660418580934814601299072847080701115298834405629824752847715278771404410442 2.976524255078304595385838300242002380071946690629201990936526098147435213735121783208438486026150135405713105706583666241726748028023833023063551985224561433985299302545119215468292868980423e-07
1.00000223736994865256748963366458828109900158309624205160078041249298976390191082905799512290617805761240743259533670786019629157678438867500468681855066463117462144848478727745971569925035 -4.31438530453992609338800590267478013344801262045082237981518834809747604960596150670547180558057756537527974840853410978637676048218819042226818737939692857247776587471452460801238671070297e-07
1.000001236379168008224757794521856000344582314250972665005307929958733542578531474875014733006983616886041950710368003863935221150637896708117758117285285827757668720693335593176572863765908 2.360577560101980878359641532118097334764742448040360510223351009877139845787815749143418158719704798093089208690628552017816039959101993036409605993935270494167938179718804778859950033858994e-07
1.000000945678328311947166414978386966359791374863251269271972517889338048035488252957514916155883411383938064987844015198109327401830086649978513362862212032163213402285390380919174782006338 1.850054158538762948298027651767643508691300042354206640419701259294099901255580890795617083978609927995967550661418740620165418500531209361511259553475118309151687392988690850206833607909646e-07
1.000001881779917953632323755689633996056660121146099220780146080619839972982433212148497446546753633168835867121746447568812451195308007198403856938884232920305766531280057585649397937331755 -3.571752311290986765056776713592260749684356449259652165028123463049743217201591957486525481267566295869086899304446505401749385486324816892971552589441810388393929412630381403864500210083906e-07
1.000000686214921632010468659772070987176009823172071448940368951861140485277149022667333892741661651776764894513506344639727197118750288708010916338539744283435440392721068592632756724471051 1.424784005698894163194825084881329876712371995250646582912668169481106860337519117201611367069229979145361831472954546449072587349923947391223799404750439675929542488117230612577113422475829e-07
1.000001561746047779917403193934173668366268387881194684680878319714909139792866343600633870423598755140448129609805270667824249759183780784636610054853436896779822053937131714607421020139841 -2.924422924156625499081308567021386635100231349783947818144980041055056683855274746646886618912027124533191174877092283489664330448720590709226017082223785139954821074459897690000370815099935e-07
1.000000456300573313718023534663398227960830752780014967872347167645967010085398994125001212772602384754648474867829200462895358607383905933050137424430024838125679730058027911923000196190441 1.054866599286284664199869848590133061938732389169985314698701816194956081155559971593934565881841032987582474627032425901371478720184581167964849345908757308741161547507031803192689625408016e-07
1.000001275953994079732006890602982989455545605580920483452939374833133436836210119732575071995351783876679780602227262100758464953218573125847495398370078944277990429311355862590701741911288 -2.366611732542518108052928321829633416271966533472450101821808531684262042455494231081333676037462474549183057849013078219290023399557403802970996433374985200652097157766597289422209231648218e-07
1.000000254053965315626841901604684338817622394669107600512529671767232910144475746032250651950860895129311379933519013821902142403852817513074836093108855973864157995384440250721431704895641 7.053688798735592782419509539914165549530778050454200351117964710550976930785385266007373937075479894975228496187578457709115111322917779741153112643157364173702436105623888556406658250091489e-08
1.000001023287616866640375243526810414813970563437529342919664243548533256577606097510016712677117326795912202023172522735986446608201365808029361533029439236385714014876946998113550893953416 -1.892293740866922970244239086666618902575266615780010976153953129770240587243759592123260217509844753597219043214382785632665807330760160360394801656796027669728431087263153932193214898228837e-07
1.000000802762752797094076949673546941286676421142931678509655621315491760069105724577937202487680563702895496869545935220387646842380092371349797036114600203806457755743600782002040307352213 -1.49420191132447758856462483167120529482477734334901236816682050117550705908242904606697090155966676203815851439667685860473979883820434494041966205798840020816713184298898032528485148618988e-07
1.000000613366474776845115733420746851317733303489545712342610900769910971746520012450031275818383778924965969458161456810165463630827494681353477685978096720902004466705544865521548821930976 -1.163231689388787982789190586772563209922857558547936429155879543139741199559727518844111445878972102789022262659392992762584187508677312500939826458327025362582851637103999931193534786467611e-07
1.000000453861544808620517148213557375425536418533836354269675951433893425036597470872063958562119832155300771492855530655935291162088820327340633036240301889351048148516500442027137558962206 -8.891176307136975272161162009203646179073321303642941662543610312092221623775179230640343160931732329922267517734512607128886049173097477995285796218765594540044140772028908399518150755145999e-08
1.000000322681233723257584107777345840186401293299127193321480350689429428721692825383563797847675702875193303188611183469129023401595072982689876778801850518239025501377465366776051783055832 -6.6217845113604497711838567489661198569573314521450346255039837142832054675967886546954720790447207276026552031083049028740809588443545572637691324922576289892369672303964310708168881844461e-08
1.000000217948060170033864184936692113938061842362416177834593176291479454852080582246082989632999381350020714433604404518413956227563588879311418238322335525844097817121424310345719678496818 -4.748394654636371320545706225007602660203818037288980963968849623311736802881182910519250596373372871646501930984803900146359154162671969615873030537806632029288033405966146223160810310718056e-08
1.000000137525141843149850683984721679287641848186907452712792488146137277149669989509682576459631441399820756949872576301491912322775714458581780874326844920753397919994364507220260507731044 -3.221122970571670806033229947585912639837516377355707647215164515998794134144260629476584625707422259351929742562201254041716135773160876038207721568298504302497738951052028325820630252119744e-08
1.000000079008658619542992197986688342630562764979446845571957520814163700533664415676440080236596752809435965115378593078027407529664055626457810398526607225757957286116335413086955896426411 -2.012251558758263748978869518183165117753511326681500997099971540180033407237529310324069003910598581771190144727871692676394640427565185946655718234347039201030959042976316186284881910739959e-08
1.000000039636146267225306520028976053287855276333414953721617616828792580491546512619023449004425910828663396216561449444629110105776647428127673295385882863017414601549977640849551058396243 -1.108243865872156157324998438210187943613793684915229099495606112508433971573455389899262523061130047541522798098198900680432095170988501729635924097138016031077038882497928605961074818619687e-08
1.000000016136562995821352688772757164108245293327990115102148955462202846361937630334974265760740402506874889957671968275129586813671458056544050401683181865558531547566981357739414533256637 -4.982249123336998239118121112141867352922794120036401966044929930142570184273346547683269431585056344738083574055889191989180138139984826012117930923848904535309426196520207669118756909200422e-09
1.000000004608428997464521277928877737112278444069426339656935013091613461540454122277275854471739820935053500331664831438556496730238310961012324273041570171278517832391181202272295004289031 -1.5684279533537273130324296425778515518750656850225087021159025301349651180585921800263294909714015143282265466065722630679378288948463404035620988443169737559951890245388666145107175940464e-09
1.000000000008201225589705165476214577865785444254704876059037740813411820186354066980801637592203112225824929143879751376359431541962599416764381307744030094998663814664526324810221716483449 -3.180030066076541239648818019712260462794009974367410608195014997735647876606849335043064070992450574060586533607139657523143073672426785840251601492647830965996976198471416435297904292853124e-12
1.000000000640097344190056614216086456850501833244154320793503885047234347727667968552175921893731328645362617253370156203462632561920234524055593875995360543683846240699694674360309065391445 -2.36479828229955635067592774522635283772592983164091371817902950874676729309958942501525884465804568600267594728514183238624573999257622955122303797693552078021116563299789469173792334927598e-10
0.9998729620439183118917670963036351941218213174540917746338525323329358809248765549447123515607253569131438158247223425052262569729722386079885363302381040308449262694514440635711801656262473 -6.276781108187850354140428916428608909213324839416179583954139658480374993129377213885715635031341369723099992750591304716166681148093990728749782208832285900562620428110510007965558901392693e-35
0.9998769153168280342760927080268329947712133849915128816423705335421942415585313565443937070216984423979826088591553202149479996538802607746287159590323473981447215685400240028444329063196284 -1.33954366657602615359493417597322414051976241207232025996280994313157046742979111254985045659320412893417611164848135024355050218905716289622622546864477637831149363094224630684686447351438e-34
0.9998806869424802698695198813791478679075586110573963178783123334883243705315977525807582872222845011990423041550460133612486815334614500997841694125711956524217380343428888604603940010196365 -2.819389921682952698408738318076338371050739317629304893589258395138628128217246727980355037551517389171476471098607910748591790802082075361052409799833681076013478724520913244942588478450464e-34
1.00000047783530480148003339426248476886476258972219521371825832522861365878571171257680733417792747508046310918541726514814425491803856303330305396424800102709094323699168363258583435042082 1.051568025525734762675058063697312849339469392715418953939766576381431046237957763498984390908952086653053563219791335071699476865167451643802050222998497637147584505795611940915676254616881e-06
0.9998842878782107008977443664979760956546204784403697130229887359381798698218107479008046622101238658660140790893078722960160377807373908735360337841206318238855666734171594692874881773474766 -5.855056549107354902814458411986736806814079079159671533436210896620017057088006694363775381637720559539956407454630768940856073201269863427158164249448336832758702530219349379417477513193256e-34
0.999887728267661426515095475709592033490675665112528954466687020461390000030072909719823171634933358298805242366006054515694413674430407837847679790391392073371466078421743915257467667779844 -1.200358807644100813028122962705777742391694680053709046217104915658986711057940761681884544652249063551259156039788013702764961255124911326019776753009288118783019661445020088379415914709034e-33
0.9998910175122090588856299547053258067311096901370758948254309089481603024043927930819141997406362429554488302812031103304664230886560255847212150676618756565051059565210594926684675230222493 -2.430661964228243116660035623985905504979471832516703622893577310568749782159721702361506438234233440007119826010267086968513284043358303414041976914454337005717478035381808828183233554029295e-33
0.9999995748639207427911542586974334984019741161740549850231396966381307267594294761370127092524299366315935705093707544085338104269510752031610401473340039038679976833638209461337787730165317 2.221395780484596201359387250670060009301770029218131735448387819645361382061917837908521354625642969123036517247532000993476690641767380651928044486652606571570680652946935466788804130905934e-06
0.999894164335185177399454622126907485088117687816143746204682856536997903707463369365118835571219407872836951254077750506550859268597209436292950710674752582397143128006247208539838551345428 -4.864012211654111678203730479807643532021874182288380866909007649467399537482178061661692331207860804240440366670359285921521387772199316610993868327847704507130706562314151046672042922711643e-33
0.9998971768397083102349693896870917053781880479334685942845021848451911492137416245248923487635581866013674233988892875838885200951473058361363978670698532689003593208318305035325464371086899 -9.623536677004437406896247846047413121581119301113480650416147809533705680381424522487344521522049567315948686624404226307544144280103737539544183126587465340152408018568036126504797350284341e-33
0.9999000625608433688396987049872160265888128250020710308549572770355099899777711454678488425535890715497201686316396521473093403584354574268305463995611087387618638978507425377934025466662938 -1.883420707656967340877494443411083222923711249456651964365879963885447388120862249302999791009708236387308669969296421760793647971033403749733013285706754748537070759499732173898221452335728e-32
0.9999028285127154719256468136964843548676660483514535973598426979747280485011436987898765835861378417241591800662451363908282815453784998589761980011644180316145304837965164607873099803744379 -3.647745578604541229889070418443072761374521045657076842347411422596923831248363278988367569381448518989924547594795276836714999811762793372661103561530885839510385171257806557267405067308183e-32
0.9999979955384320883859242502038354624819653442466814363745153599764661129998594030479703849845217512243599158271564778945616039145188450802470053699969086029597050547215453393187514562542676 3.188210612261082649448704898403865342048589231302346120699768800234450410473312611329400275484759607537029107173885383359940472220573093510161147306092892468187176483736543215448369198443343e-06
0.999905481231128226363535472263575712931351026208121499539869851477259974850490300851437874175065848671723269448821448012918457633229736768239245069824441946550554614325274436352676591616709 -6.994361835561583892336613424271514139584694503889380642226686024061068806789139141162512679684540435408909072230239178306705711228046812812232558025447826573139028696641364707572772668097468e-32
0.9999080268121699920533287170161471448572073476985868801276505565800597561879508800664880905524129085538963879092527374062427302442658518793140807453871325461494786457682363158007468249282325 -1.328281802718989787170683014017919737921904972748714077739048003206772034872674109449002860112101867164813163742078252350941986278302502316287684129001135394890388486359736790130039396430448e-31
0.9999104709472339403705988014591262345149884497434084984772676125918420912883336267735479903097221577073071338529256274393479607877970159593245449388461051407820684931583483286490477208738967 -2.499275808302120354817039772486885093526754797672705977210591558953811572420100538167597961673075944276403059113103654981489732671023410038654764354691529176487108154591619756510229791823384e-31
0.9999128189548275514413910492930077170175429941316690829793675521972294607697626025214793489503522788870927322573656711770448028603815183330107557159321932564304146745151005177466463950930684 -4.660954978622071220500230264408518607609639523868382142500309832621268304385773617428985424220362394829049515841336253259408346055407598639390621400238631241177695273163738216823332333432124e-31
0.9999150758095035112987365164911414122022900777645182924620061852111139068942949561063082139748841416008191393367307481191625975578384646083096762485930873648921918639241728198039957956787283 -8.618259167294600950559094120839412345371794793244901695836925372847829166574299908774880771991967601214920629786542510339876338396946731157812163908261729551437755482757702301419509033115564e-31
0.9999172461682058570642671947764753402246101798772154045710136053504431297195511114665773683738090382354721403157972572561622911987772607104696278954342040879484869400932387997943365339543337 -1.580476485925877059783260879567112773031601062026613528867805647524744561013091159660448883944479218008183279200911540705995580118690350356963250902464368601686347180007046222423459319073851e-30
0.9999959242014139853642860950068213276870248404762469193917020822300457281207250112326109640671396598428232896444099490341798410168501316364279514895912867847146555820103850411104227641461007 3.843452680968971351249970142457799341982982225524815230826062136279905690948929022965434254308480754099939523958238864036265746654505225810829549686880146105383218348036076616211732617141704e-06
0.9999193343942919050979723731712406329198260833102216044760934358431269197510850182314175128102230044620847338256939966023361125775903192288806945837000660703597202528444320717913917140844935 -2.875501256319665109363112641459979726067061596876579706296270723051850348122040785645911672174859979621070079960255835293312084639075668355478523257567409730611664891843877808664555698386285e-30
0.9999213445794613270857643945813487289367481017040849300907927444603600433971509240987545154763045649562263382045259665473274339922878531873991100722944343052102050829310948056680315075179465 -5.191860542342693222714588359477777393313765567992747888865928052376503084383851156597815328919722209941102506129219825163005568672113690958655468837541192201450046593294632044791161800334256e-30
0.9999232805637981525362404966378294173949536481716084119474346861720178393016936830451574091005943811097042813024981977354672657608847661735121459237261730511587071468768364245700002631744517 -9.30545127161512835938351575309620107177383349126717357536182590835987407982973905850379663522551557212874068581229379021040416844027035703092774152854714053657427446841225074054819114860406e-30
0.999925145954108994862959933108248223803089862827796410111800941669914159351494682005704474147217905667508089460834280396352096125475028820398522513443958366156044942629693725323448740509469 -1.656045896578026793898365498561975446938815582495850114226818565950336449892561106782542814800792044673272458373212367002481538794027743131130687608845203111006814326248516612159516898787958e-29
0.999926944140721012652425214040318107373643681449565516037030313747693145689412307157367276407520944320611044787167603384501042717604531235016329370274774684464684090126561041130005999714461 -2.92710445956213324555266834099968316823999006921445275701400352200027594584063247425207208198694384057986780100761452419095422699131826208125899317141281294075215841582207732578095555682432e-29
0.9999286783128856765752276034748480692730883635215450775069337459490465014056733049664988844681999517269157196162614951448194482416624561053235945880823820122275785028121299486438565962400211 -5.139733577968688450486808710689469461741746064671731776533355587716919519668943292672754593845927200539733403998124686852637142517274170091464693087814266853099624265088714203888090919726202e-29
0.9999303514729190137473534589811785171792958451791397635362876914337243254027574275226490934281762623654405444070819527560856054374575009980027475689440161162148753098886267828338848720839381 -8.96769105855511242312144755251420738239498377848085572270707388548020115205347774219973220989297797460463951915733436610847683324142727066183029857128774164764249060998523100194211284975107e-29
0.9999935697223528629589536176944313630764689596398068101462312344787542501415364540564349824616871674511492102862164183422275782542700337306331988904119371998421647383582093229188860708954063 4.120431358382330376234814959066549349838520262553062520119172323628914609701650172205117833076207894049389531417801334886343570363802824329484187426885792599305600635574864748103978467359035e-06
0.9999319664491953851730425195280152658367717040391886343234814879516602553485643515524446278312738690601146752145244040494641009062111699201323759828542548029754356542253248607846923289261524 -1.555088837677272132370570012455629044123726402369236552474839216268919910518105242077341859380623189414757689970239405315869998912976233467456133439188562536234190829132006564297722651317907e-28
0.9999335259080997938733381135548066376443950409074407884312336577238966042410284235169105277355996844176644460808061670803314121121391417883334764811525835906304597776456810829705740097261089 -2.680755689814995309446355147817547738313456173645942520169417351301063695403764272842035700512062626272025407964576285595051541107943730257998233417227627047740186787218353022012080350679773e-28
0.9999350323650330275436058353765257361338452609281315437146900217770828445570399665653315465956891923292017724000607361653881853452186077641558422124043862232646035720297472965644019551842316 -4.594898776235372520194885872614956503427431136770042054743721342898909304859095292101960147939069216648269393693366316106807775072622683589848296867892161777095239641140986540435464921852088e-28
0.9999364881945544422261069405845386985706982264456965504465383146560235151935101530894997760861290304587203930716587049861869400971625237099185488746380357130274088830430359385682217879147181 -7.832439695560709527413452215055219721472208238969261160626648519765520115626099088600419235965845666888719143620694014928734534718271461390919037142822389681661765479498979903262549909911573e-28
0.9999378956397387469463924554055970388911523785243639902938305614418396641878890483685464993921820817681400447809188631091058591384230854951434511393898370791024195025239632078463580172687497 -1.328015076396369508614853843642324174272790742869568078803476262982440805021408760793053190622582064526338917095873695589568039547648938826888423512957051949521333567082407605633962362414802e-27
0.9999392568208156270722187762597187055173505993680004093954465483738194137010088554815574949196830181374328981842286645164152707306412749693746967439087265474157576176930603926686421571455646 -2.240129528980381359783362882976988678921494211022681012587155890916886206883668460025478443808168607738971733239561656263677749106529580361683772081617986272712146477139683339735745067995973e-27
0.9999405737431543362614482784280995512694271271402047626488184219091322734343627140004697413673225458227431246631220408783989620927775812281944651068868251256619380445538392437754828555342655 -3.759965621095570244320327560914029036885181277800445607268488460823589914436996783373974913125260771618575043872215973358302840166736522405951061194304841129061886931361116490755908814657109e-27
0.9999418483046493973594792869649036157080485053353979323942275206669348492822638250230932856797139916318686703073300321070487095710342840807068988431059865826691621328196057643273785611636246 -6.280712805163514094265373085156897839270374461012633166258827115386940985938543630185578467296523375653191946822264274793408693318912712855439801347621717088974592353887955053258920457586796e-27
0.9999911592146211791402672943026156003151943033435000017778335997248453860377106650768022237436236012369469539629515600546046730637613589023683127231825167446755162272043006226891473170761252 3.99566247367249990976398323552735163994915015290256484809653316605403979423093851839363804858181524737768923658387060952240770013739212930665158799521350524580091896851096879476616747630082e-06
0.9999430823025581977670603608719493025624787230194623712786275279816094461006591794178077787006090815411518839504687962566489776793248668684992563070259466765084324707560039367482874592829217 -1.044285952454693444328389449919202068258383390254426427752207035960438887298154703629779768974362326914280805509899180722480842297368993721674790533833962297472164479680477060020763791721779e-26
0.9999442774398364714362604997304664355188329125632289419540390834096579086187881772814406348069370436837332161267206462322304925744925793849689769284169727439022687555088430361550428468487009 -1.728558449070652583739700420653415423476989091917638080905096159274846968376952254752328220950762072478971865809201984486767109610563287237892995263760565548905318003925555003658746877058249e-26
0.999945435331013363686905663795456395274980557401136509259533329770128239454939488234017161651230864448446982776693534894637594222284099339220433488080962861476601379793627259344849108738793 -2.848847738006450247127390439390532881356853699816584967468520528440326331676981971795795832211703062343034133777178942661531312169132126922006563670442603671580898023403873215923263341874237e-26
0.9999465575076439202837990795612881387041737391752431474809716423902557398719091929906148174105177763070361747095666782708907754468650461312514940453858491434549354185185234676938252143611815 -4.675619790965183150954590530226259025867836128928986871724906995952716267080056396144974601456810113032151339388727432743334301101629657600485371006370436920285321161896202890868975275032902e-26
0.999947645423373379344314590100887032290482646135636027058914816909674229877664632159441017338223727733533162431331802302858756077409180930748913647987664870000974887684427232344039780568491 -7.642863986953494624815945718994287874657985753794249580821763701509015429776418450939206881167185161391170929173386526340430904350463446754389786010377617753525251139026207193274656616998705e-26
0.9999487004586445302802005942222221817737668724756858284853138472008995006657627401527879966526283880012526931351913375899617085549136176769548882072835170217907048859055378965166103258814835 -1.24445833314190639783899141320821653051848242177265362499872728321674840041524190722916812943984844759328174283642207136835052972467895517432727361992700725348098141756346928012993488282622e-25
0.9999497239250765999251640990067523282291323936220748349261543264076461678308366233807729926733807657656703190769864099612426139764760895855450091485455209542323292500100525735750398581399993 -2.018693397435421115335402851120862783741723275625754034289774130797211058845095456414148730350555104876741134756831896494761678302724757701647324483076446961643744203508142725909217908711371e-25
0.999950717069541598589645958675553950113962075760172423106362793794826141804642778659088643742650076777078016810579030866198355666694771353970953993960235443760890523527442859257748699190322 -3.262743409726521499177499346667069055609538480721131862234009098309201234493786712784914304279424366384578577736679883075460009889011143418178277578616130463473638178648750787235951453334991e-25
0.9999516810779617782910736612637176810066387179424156059834286851037920948328696997052625623505995753637790215717013989365688531204951135827039157487999306502343787281779707560029014750536469 -5.255005969260215568455242598365385948532782018546702029333429081338005756182278896880340262215649337146834294668787819020419328754247927685848005452670794576684607082109708355520591015611732e-25
0.9999526170788497955568693884056576510638292173001077826307924426014797445559221985657065692000091389537652016674108182365837336247843331343960985034707916275505501150009831369396775711725524 -8.435190713108516066731914111298526306289938262290173991790985475514168934491145520749117367149504976985874612647734047815351268594213312641358409876624205417617239115970238797051584212932802e-25
0.9999889182281088367409833240064772168524328095338524122675919905919791620948462906387257529311601040227135952687335009901785642701795661382438177938849989846444379165279007594320260364514096 3.485960598934502897345210067929914378321861267895124630811319805449813639956411395265367113130772040021809097089208266955553977035156968286469077265568456957698897162792782047190351850037805e-06
0.9999535261466113087342214219880953634960504909163432776628311368508295471582862696271082964518695382034462323609348960285805995504592682183472132695564172667834585884413442816732830400104672 -1.349584993907683933720941851049506880956435613174026988719881189471711991269802423759151684052524009946474757470231935431560922254842829037044403129771700893312282700547385011494775602836424e-24
0.9999544093046280540587001259950690256019626912193101467364060718457536646762075950814246057615557769661367271700686744122037109011558791265672646787630125578054139620426715994594594229403472 -2.152484933500817230237355310925782915427533867758123301786520519325419296593548947251310917476935318185745013918495856495797492007945630865814153023171006760241276237081439852041048988432743e-24
0.9999552675281379175512567691516699830356231405489309986217226918747602356639790925948835014485953335211809773887944789370536673493858360835785752910433075480693565392298526538016147232418677 -3.422663380499829055471304170713566690550737726748913080757840759519348701228442815247960298932682320958383356801464547783903882664520472342133545313439420250212131093488626342782078212519287e-24
0.9999561017469271348910907515521873887033393979739379699152601876348898958125856279077112409902553781662569403393457109207940865423808175031036364087690834024880302003829944319224374341791763 -5.426513718023898894392026469995864684672756073002838898478786609768487217026920210546478092809907139776641608254412595914698987840413542474965755666874906197318450105911920290937653505939608e-24
0.9999569128478484943094453714795891428994747652344485743457814803472253651000584549931973892704003855908649959242117483250905714859934939389376723530850283204195138102940276806294074334780315 -8.579413923468562832482393155512066842962462185734905635809773680895438623846412304205041219461525933533481560341419612450771635423688762211150935174238902818509465427904552075078231543716091e-24
0.9999577016771782754100830153854378852697823127572105626878599735949283150020947741528576389422266392871861826774115717690917426229762070952507085046883546270878428620420242452403269067011572 -1.352759669050257370536491529683968637659783790653543171751041217201888233096391221821237176004552125187390253903311169380846833860274775456501002255168588539100828924746746535868115385122648e-23
0.9999584690428236181872558603576230744828486724849686472870570474505798674681658622727185051587896438841565351708593003862061040748669217857327682340806982285053743599169067192173947572852451 -2.127430192340531447442802870073275457073919462025549457817666122670499616303005234314774185754601354105016677546570320698241585862793256742612147584149440531017473551348301876680038662844247e-23
0.9999592157163910711573212674361857969072819159188681225169237741018135258384562277335933867676557099846872755164068841650788844264041733606403723832107767750945047378620686581959248494059822 -3.337383114124332900998062757553823883565725338345381594266918832561589529399958145627540760388305912001431731385610556390015761684749172828821377007187585668865302749536547005857731007770329e-23
0.9999599424351262063134657212768138609611425328586554897851716079671714078460863877373148793612836762002367590165330697783482590897036413927397844862014719313725106307554670324133503384622656 -5.222957181433172974751895279321882343918248179062745163586562024366682742816356051128110276808245648690059602877015024827549499702815210319129119137591032796050134935193609393923253882080364e-23
0.9999606499037334033886484775914098719294701633666137960299617262058032428820729025218445807319747463531349518314127390415805362436685775506767110217388839690387703597722231172224787832939211 -8.155100475277591838324407880454587761478831029219759295679825560754127915013037587655126873216134554288537412335573866870855782773605807116405300897335566093558775202994357652871171135861732e-23
0.9999613387960841893609816598835372064339769279530784868403545633468367558153236314060061279653431038869226837983197266897702297175655944734883900336373136754282455677167158707631981181670463 -1.270535140898847496663987851920954870803148957586747889647830459133758907030113785170732461535324759829598074703823310224595221967125299997158181146269845053427375682973938924430081390695589e-22
0.9999620097568218647096938993489378057052883332965184332700770376568539218234885212455647410054485245029034302045874972845615325936482642882760612153859958098720029597872003955722650360999326 -1.9752858527363938134471383965671105085809973640390584883482649486111431512920059531705096656751043077351688743668068984632910833976102382937698164826249145728772184686267451520725495997559e-22
0.9999626634028695497552647409998517716197122026973105146447565973231193040283113454695793941296779246503262230129798288590307827909990735200722246680147279033804117974333992459308601948034691 -3.064784237003840172833341236009481454370881966578957726051410150428437981077390471512878520353689601239992341923522042039374548638193919073791686703472215317329183493960094412777094550235274e-22
0.9999870509997899449611629540935547066153248195897534447252066365903354526009937527004684216017191653059450680513374717676332205941983309930879812387415540540288240753890019393777969358809545 2.64293230979290829468841984177255797621101535962537668460284080798586219563665415314915179594174329131936888333356382231370145180764218955640387881966506475797448448847452939855203951928015e-06
0.9999633003248482372214759901626421815687458757227082517521153566414808100452220381568415643302362189169038060624662246253998572400249900329216592317905151245352410622055050223387632260197241 -4.746098483430072865139511063884589576567974103221366459813261662025927306891146088187255296247464552149288601572589196740233739521640790708525973400346384577203060316481247557467598695810265e-22
0.999963921088410936201787371938381447482480984198066513109401741896698101605621552253425039777461984049189533012351103539876033162323239426989276992994107333546472772460178758469511030848902 -7.336352149680084708174279334768513104402431147757459928616769764235049925693930472566959153053162068329562598235226455432447985277085547687733300358002032211379736830772539745237713584079502e-22
0.9999645262354985337357491165874769829412123382411984343807762525373799304003319011079728073545622365733310219814759456621900153483755101293262731294138370383543767551726309929103385169305772 -1.132059905524000884732677270784523622403402821680360573980000604796595638535849433572464262685499859831442920325422840619783716888014648153576424359141756651992023902006144000167941800139744e-21
0.9999651162855225793661676588807972346580428037228177192243652052554153013649924899631310417226916612085561489720338727478332800446634158376341247289576250657962514882879869648624243970699923 -1.743987164464723693078664929380470148566141005065428042905866277900935384315851695319652560300447053432972606354929651528122001576481753990346510149425715314189762502303651065199728128817878e-21
0.9999656917364798118968970778165797748229231135644019554323589864314769278285502584231439329274510527430279595191818136636757320871637541622330048809790742095553871243367093083503774853285452 -2.682503216344284714909664374809974233582126398108291587916351494119728856035075757286265726176625763000527969508207607296752044827102951107103577126998496920694180903468912578152828823918743e-21
0.9999662530660028929859871277265792596888494690906766433683480316537329482214261381147444640280994057729645750234710218002283785493950409782225924058059109197409597145181999417613518564495457 -4.120011726380190786073897296156379671112710370446959127612836060437403478574185131245315405670731941531027779655031527475647688731716383580177553361346735331239596107028135792680453170249354e-21
0.9999668007323514863743897155917983640047391140609082476632255395133373927372419478772217053752597387698015202696905421036835287700239820734021595810385598638448668042921293680796683325490007 -6.319107761210551558999915677989814520057727750063848629285057373948541275031579417085947847999515126493962579000203526405119247258811739946614176736465417057171540474096506829094904847800704e-21
0.9999673351753475219230722144628527712779447435214210581586185080906099879860456459870373555393393986728212682681036222482438126180114675423470074453804292321691670692693607399031368703785072 -9.679431167523716763946000829079535067582563889197666771555926442447138217592299601720027357231508851075720644780402364615437604296223557244128414848594548824831783326665849412716076221732658e-21
0.9999678568172582079112531485856555667278188481054417494092345860655180755211018304249805960329823765789596372607007733562136530417969171745273376431686172904065295218998897175052383005542094 -1.480874176223554144413692696671491184357825834498958276039421363144886708168944553699272978991069607943050322290286022636632626513630486259131747006073087338937924925777488838853389899323861e-20
0.9999683660636301011540421667026924672281175719963448755308289445690578926617749580687295793953610384214640518510824741507145169883061171690801580278916179270335155966751548588608415868087263 -2.26307056056133352016384466906569503796790215461768668557779850656058484639317541355932992039642055682598402339869013262491797970455391539902842294555955280193784991411096353495904501343741e-20
0.9999688633040773105436484262687107854950476175266219441933826421930095188854167120500273318134950965991562832749441032770487742792556663559667995406409387146064601305072063357645627971655941 -3.454831946858096903697198919711149460498460234400598717068809403627857827426518648931970628127602377663594213293615403241816631732181649626784208294242965141449119712927556272310490819440229e-20
0.9999693489130266938954100716007539915473736097900240855255681641422554843289580140453753082223098828436374194794166035934983534830332630843782073139270688102694491457789809858916244252198577 -5.269166385801868061764725091812258819336149806230524127247419430269970554149531808953121969856588135697206471392990323935201893023690231717799406912466862643525631616292378846365404132352615e-20
0.9999698232504227089376425299554663252717677742946589320830955609805981934045240334554705973354059869217760838403708071618694075012374891861376765319297495983362977342685167969493550518105564 -8.029348903905152917435024090005539099099804001337811058239286460311695721482578742603321269608181645683330586721219001211760205366613376365039839912252835998730514197617783382108293825186724e-20
0.9999702866623943955149026836249031364975296748069804455769207162088858052509419561147531709953952669997774189497703531134845549204277187280752097710707477740152414189514961258467831714574427 -1.222586301950139574856823722257301240713961270845822946416358144851485361065791923866246885781649996845696617286437001416825056793427216373368399009977040800663525763867127756515391191818994e-19
0.9999707394818867962985384988935965086560190555698816456132984665415481110718454847178487828864726165544835057835974077206210908904661534073803344440621487631573692533879038787550711150744476 -1.860274206482616104099994078530243025721204845257874027908337140104065966400471262508302959621671593398292703959102584766805585940940596823956602097652548598546696209704454168347475984338399e-19
0.9999711820292589663531472604173755923725370779077483534652336246754623444987225641744910230373130597694702126655949362503471177835342510835231579404615242358826335840068892829620730723510279 -2.828852347512259195494724954976369757937206389781154223544001281932780389156299193295514697009664099766419704530458056404424593308766225846811678259840126352244563389661396495171290709293902e-19
0.999985724086222104972092827988710461222706391650816147852160390517594449582065970027171705981970721571649516206102914068773687598773458942697513200106988019240929787831488023027391768618948 1.545709881315101721193871085322071168775556544569318251557392638251377312842506967247043539266960416547195104706518143459279360081590176914986645773717460512777888617722370679991437684318142e-06
0.9999716146128505767342914861207295310971563296683710440591001578311246490861682932275683816836023213851016189391958494638951979661538825670496081751970144395602797780277387012722108067289487 -4.29949378044616418999336218077422173862881279324938633385229855334581837128117927328928543759652297539511229429567758861747670283224267694853304582942769673276315934344978139221952568381314e-19
0.9999720375295189829275680182077940485501770131952161105324513689061023311106456539907719201628853608554807930963058485524250620198881238134663711342826929069620764572338673644561388005420451 -6.531850315023759602370538713328497050299561669795111446563418264181779196821768648666500476347534478640437343613551520392431255596940699487204839947189767901569045720712159138467647211872023e-19
0.9999724510651485045034197940306371939002939605338956564662499809773306901902956503787840162410125900537265798789191645643005691205927903769089947178982675394279386993980623782242625242597132 -9.919857298824529777069128148723353965415045699462354094009576873359497046136405872075686846250631000916889945227384799336372019715733510963945330891346363603179706109318338929054973324444518e-19
0.999972855495133547054783842515719400836856838084127539720461339503060611176251112320126083966482978428800527258445816343039331550568097194231912462055298708791805101968859955592422988181889 -1.506134492334273029980649309975836036791034023939926060730644714858923965229834952764833913219099642213476689550780043604977637788957524788263357434399905306476727072537185943791124652731769e-18
0.9999732510848370905746709009607581848060956289623575598655359457761477167181451718643975152582265502671930158654000172134886653257512503556581980044679838020474594884724465052719314685053119 -2.286390852133607985241606744940369536766969149595641950867373104357519412745482159887312172552750650937527466977350142477603488455950296895699349724494432416109963594428295991262457703549343e-18
0.999973638090025969250420133844742107804740714805899215504385888165732133016053616085058241620994340756934753022642179428945800232966766156337428637220337983063497607907699847278746877589382 -3.470606162598863143531186597602127618227806002736688550301009766757734713504288232559660085966351768491896729415750340747977324129996465858670248753712235631031998276995163387478570672026651e-18
0.999974016757284275590579741868153788520373490694453792274131922469134165594278178427876506083657234057231995562947322746548863262052385347399136066195660421155886737196900216214315379118812 -5.268277381903913337265240614910989987822334798989176852460141394233361236150105950578960780106822053259547221392962251648743829817113144794699386180870580877406120862496002297518197165521281e-18
0.9999861492283340181982178219255113595124870947169604024598806093709923597677553327704130331846025017134465991832660454133954334617832570193016263926983466728228905067170593279277504523649729 -1.997876949571829390143412945724310938851410979447079376670322445012716961556017188998448277237634097880644089236747513470073231787379836831203184018880866268904755887426494410998468961719617e-07
0.9999743873244061363013148448306538661765563142709480231248059323540977727315850794531879811441840642855672192764433155163500607017879899964398733468536580027315821259082756040955316762199115 -7.99799777669118311307788966919018388057312738519105283651902534522369764372248888060648771450630963374797602786805445428351069020949974546623406641603828496736419203732075060353438329700696e-18
0.9999860019050174868729607604327613403394580351821998867123558634518645677540204622873422742518558112891022019097413773061664960085752951480284718431933875049319216908139378045492126058212977 -1.587830175149549680396122854904660362658670406589070744989740455514999917852557520659943527675653029166931205433149090659491962555340778910702783077721749773710024211298497337585098928212686e-07
0.9999747500207690278816472169800802268232478772425416511118954569788356173700279390782718371117564680280207689005353432089645407274519942938591585894374077237042217626079777709026646439838926 -1.2144645612609058169559592091238124276310034677218929677806540939351578269107985276541746970863389225192670317192769420538289787107077169713167184265456593186169087119496491864844615375675e-17
0.9999858521319903802150942620027247983071324959089665693753748406864585381413407981061411221946313867571621623510540260126138717494973782795593175625908106546566921345230658354951298166147866 -1.269441444044307511275565768082899032263414783193798214560691978039382328583483843565829121926682256401961486570351642375082869175211219273747212981394180047842024274509201480857505861216735e-07
0.9999856998757599254869065575390912248700752793878368626975867544819429647357344025168621496515363393495775305957192918797741937977685028281547442959257481425336274631181068113010175316386755 -9.949751886403352605580539031107181126501951719942244419438222249466548511145179402495492935027859936035018892913710277295419754630819041013655649986720721211473078564953792758749449843820369e-08
0.9999855447670444484067529967590740284826472977000482824467767386920885087864727304661769408162253950726350137225089488400890988424354187900165220668031825780522067025793383679000209488173984 -7.452849987072084355378774807322819933597709301762148989996384020711289461230569463513277407835315984384460300873372378373834374573232218390200741156432223542675272845545833755582303415013614e-08
0.9999853859732258633695735972642108912832352122923908928972045437294765399194061911229330921477945055596413180859565191293027271083086895505253500570283735534255900432449844448790734807760946 -5.102699227527089130489939702429500179173030632751980898089042166845484362223272443634893271441115079908318071019959768609906423394050566250016802507862918423513043963698882065006250691745371e-08
0.9999852216362357128634975498079323055861331549621050664195363327557121914796082570326938031296450157206559931383459823007433864567918497127220283678619908129628364659173013853432421349809229 -2.879162189448678953802339298606163865772603623568808792973609178778174211829270889854515371843610000951798756824445641209355171301777845555446275770845193592524691537856154123382417293156196e-08
0.9999850540604644137543969999199125860758461680635790011131395852728180181595313804350416873951864243152013985036538668376534966780981925388265978735584091202390578929914918786294070448661939 2.926417144406675452352399646133284455057917899978256525296697685323040900560170617727384881496412547151049421427712494208826963125653213851979993214952234732547115802419487722441385350605083e-07
0.9999850490321174750197224901632744130832649723420244214180506366601996356370101295949451274993531342531894961305296299977634630045060599019952360554219738102798635287748290618071300483639184 -1.069283417769479725049046332329172170534513441841817790062847198541185605022501747225489074381651929551079796047593753491505719649574534384318869843829234644905041396729604858382393292659587e-08
0.9999751050676887260436803522723556690963514177215188441283049883461228468510110163879692277497175137078295712876025952591980775271507339009486490950097633300438264477579216678328112379639886 -1.844682549308127272549562585158800225378160941955630582794748782348237301035183712654555954338541370418949481299485558758047816025159192394950836270592366145754644130232357488456065668080212e-17
0.9999848718593299757550949802905208546648440612353819174501825794299520661278005597487100406036280263952848930954550143612572710084780970003436760227549896448139714204698530032964287874686105 -2.625800955952220459056143668387229140060781922188379069742221533365311220620684920857611457484010361059563749204427701854761164503642630733487963943629761669281833625273108446458421280585472e-09
0.9999846967884820616453287757812843655370387968652240693328919720378188417672714807016780787148655754593317708395286393775499566257242589184240326784520682943289364501918970163901319940714806 -8.123614062768722614485992769351201321264595074089309065810267994487474421910323244738597999272728902872879938752374134307207740859028156832751175825552968488693257301669527712432213935327394e-10
0.9999754526787569143577685981526728256936796771495687247049759718988602854290701196388454361856303688151151101599739845106019372495869174313960831923071651986013088273587539883031567246183493 -2.803075234590762195808992459543379649217631528697951238194987765487674044152997512488580545804949274477257172517239175802003694027125136166308649581566758896052805379298436946292441127125252e-17
0.999984522558375946799279767325633735726468411679854765619984908259738263367767274003970191377340223253274140832360423170621629097924290506380292086274456618331481293837817708186859684442353 -4.050636577291940297364119850886171592057045480908492348145409400432930836098964982145001289609103647548658023302329109913938804683774118536957518975642843098736352089520068581714000880675642e-10
0.9999757930601624135820771284763804031970875590895333668088249344113192119360189073330445062981727689503722310387540599446825297215235714705877300456128664396859946108013524394869473585922095 -4.261555441436324774833693664930699215328531593006060047972415536545327532784811070996837624212214762148022195664403827788478027744818250119639992705918798688337684865237129039780633597522656e-17
0.9999843471998493007056680727140134781123935051462652736563343831088328533374952040423580904134931749430185284989857814198674926420815257388484315495306801591549046155714308984378674549893517 -2.531261437832125562440824645885864470545043652035498785622560815338277668490329198950879474498684826668791101808518306587663608918785021690462049045161189505082968291589317796231662106738531e-10
0.9999841697228507984169541375021806087261622154969923082304170561478043084073280037109845179712638214761747935813250365212644215018265823653827763958228199982382516858171021780709421174323509 -1.650581278707674136216434847550109767111690687977562666521023335504115066878139458499985511343042663965212620964921838856350268470872941308066359877282448590577528206137428384270502475069361e-10
0.9999761264109969336032706571154495933820257700802419234802537292704383836332207086714265369451991993186605239939750247225642705967038547652415694561363395635509859983621184655133756752832394 -6.482860466802050927554577987617028909709401740654918895246220949375538721962331805377154060040932398437466276232167621886468263417577517501440251338754865452460656351167632698891542711085516e-17
0.9999839896380911766140494508277321837167439372778118559242408895358592024675440583136748322310701066633794365120614357108447104989548315185787045125055826046960417235665042012613489473764963 -1.067064321630280071928845984061612828550431790044122000974086543254575280415661934171443570192447203883353021167947892266768473605315136587560811929713212969853712517034019559392238355276867e-10
0.9999838066773478587670088801671090434575738642117900465544753785247415946137828380883161514638825834365786952424298693240621269824300248121395913782231226454911304419442870846477295566036159 -6.795220708704173675408086561979736582597704620963661289480855354675675604282364734960144986387961979856267343172175476701238156699792045465435446047711327911004704153609052984314514407825214e-11
0.9999764529235461944633910752277602988882847288731263901011684925035298281036526689728469997896124646780497369419973604892611804860955273924600403167846634038476916860126009554371776556763257 -9.869069300348581176042360757535047901611831073347359022149275327888434376051565043632783047082117606413926959049529849998637367138507519807460828186241947234054383861968612991574218745774271e-17
0.9999836206725260014122283166210169891091106240738374917099931223519576897908510789537565810830436182469899433034312808739752868184652888677161507567081724834327945097560280355078036893281051 -4.276995788807568717815909282884905402035715989529659621941516860078715486527200949611896718007685334317868293922850573300465254723065101198565982765381641942094709427462281895072281840310745e-11
0.9999767727835672112800424208426149403487060036765398803354445302820532269597503500531242656265834334734971350879880818673097193089782147513909030108409180674257716459272829966046454268285468 -1.503639090694633900282313350930519709083621551237574143426668994991837030054585895525596228918931686726311046061967814713772644837696174607901979057254693403826785800874437492614965295807784e-16
0.9999834315020860402394170060347445857293102100793805734803788564519233436568781147953840117092435278871760071568480213849672581615352614174308865060816905382807332484381694031118260004246636 -2.672226990313540993373451870896530465961965248989762727342696800195228167736578990754208528339658119072469301187086565439747930763272736565122619331099514345759443771611969519594300248887784e-11
0.9999832390662171765877456523337442287521142208779703240676510870386545144403424928950132933895529068760072241443973651071271495777497056717551895787672755873886519099759076265783024099780001 -1.663084311229380978294574553509792006516613545020952469561343590841295506767281730509131432206927541145336736496479126602155248643612169661715609822833701818523128873942825693183535196426397e-11
0.99997708617055248971422591916151987473215771638025574322553560748951155867051592152371901355825205043825422494638668192907825878062657001852577356542076510593261970850718355768844931837641 -2.293067785915603876514701750931875435438421306919952845915408619191482946599001494762836057405261538762391932471857951815082797565930902337833125581321960159353477885191295042293710237774498e-16
0.9999830432749014289999436691718889499110067264766170527771089363334460365583158851288060822866759821396663881777769511910562813475390179673182732342846516724762130902591785046824087029715267 -1.033573198176723879910378295306964383912412115768573066428961253746806019075546610748562456347823895053771613488760081353743667616986742697975511786909548158367261452166630540434630441124666e-11
0.9999773932579818337632415586767476652595126132385603125856257665145841772942647612164133021153203267926590267577783121929746178597089443165963839575905742083095370766658312282152154825568502 -3.500621859311983413850044761446004688038022911996929736664749820193290048902055632334836482747910121848363580869245703254699935284213220018938377858472501999050961551568285664036481402302372e-16
0.9999828440419988676811041393341800787346412273580777378536886197334463766011143636222200044145958125545368789751403448436306372663928065591165787157018099113393152114615361541039559088696678 -6.425307149106321261749970898109543325747353368298306150990071862522175938054996370859735499083202088731754173366933988630769883041005144222815163759330650265459344411042003477547551848749193e-12
0.9999826412822313905625850687908941413152596553772271085853244607577719591538088450445775857049512824298499290622885093459386972671400509288873566525974322540152216380021602343595534175684413 -4.000055612415933667006203154594335051592628143295805817097861078296518120457705215535371574130242602300159035044701578102673769400166226875605700512398098463417852371377640145640070445983513e-12
0.9999824349095946140063460409592839880051782138297434922693315587834488769026886113310336316064893739586420777048879666621061413453555817207404070947961895152978032157560082090249811867171738 -2.495624853621075891388757324285660077014535642231645453290511568552431872783605367153226459543294204726480834067120840241085272976947935595746181619184812944511682203562080376064424271982344e-12
0.9999776942135624258474352796421338733047528089747380416354669173536957835739665575190611279964951049120423307039261603172798538188136647021961288545103375459894423280872228185648525355209448 -5.350309129279069856150216846978619888622341011574263261139193931327474170398407896046236742627907614494733391318193396406087749700628743677886043527315488649856137998488854284147949897406028e-16
0.9999822248364867448761242592381492988564002574723314158935776913888517030467163149639408295941908212274400646766227293972607367125179521306118518566951054463556358256603946470896481110253543 -1.561119015751032988625608438911472115927713009302572165136753147621201870462294895575753193392619910293838111775420953081428028232987226072896720785203369016619699522877944438535882633331115e-12
0.9999820109732029291030192063258033972976623661122023809531191721933838541524546231436425346640357183854139119600294008228696783062082546259121703477277306218328079172283847082456039113780323 -9.793903969521433841705474348319651152748521627346576875738007369767799774316085498165915241963974744063781531925794983385570047046168434915714632004105710921844579176478137195553201340140844e-13
0.9999779891994578002491000510542091336248849401826893589143123841501019101661310199609975007297369648512968534305719673837482237831022682364417486056651565491823011776062947670635295152305165 -8.187842920556486823849361140563315678707950102423006368340196331430272911025852367223432837977503377256481349535344949950637212864440805124454378403712832464698088883088337499363643845132208e-16
0.9999817932276179826639251095902334004373930737751673274953070422445018711423897032350530256230958635425204369290714102778097892781562932199733258831775208882710968203538025719618758607081983 -6.16312787051793112646591980281170437904802770589025701372989130979943844927414467268085609917880968525624754466616062965903826647316065118647621265824094402997419778262904707578065051082559e-13
0.9999815715049667036650860177954915538654884765333131244312114883050667573219226036796246326698158170671006608393310452313113554268566621374643802881097564606498356189719896098890021116313518 -3.890403454503641902104101756741734165700569930575908756284924939010428514048794333083925314924001580415137034830461602118849913517307449919443509283741974890117183916474173094287186799215409e-13
0.9999782783725062948277914765138251730715669083834730663725445991166286384379947553546602218691070512996688716135813818792451009391849466535956643527398140579983819317251276495672742836147439 -1.254786759457825181171350970495564856595800868415115716224821265897510619907271002054197243315937898036114438436885924221673736436072095090865833727868949084107207814389199766351993657640868e-15
0.9999813457076744242639266292707544571257057947037098519770831246998669167276778498239883240618283001454914251982775636669434734628770051604779293290839506980158778318729364925854446155953508 -2.463378967313522326311109052502057834670013742856099302146165056402862935484476603396624557258167979717297331116062033630311764323284212817854407961934091955929625358896001941631396359110185e-13
0.9999785618844295325251329204435719008062170309336237099286245413937513972274451005703693790011935473230713517198079514843121939253489639580045897588424891547465158071281564990902420363024313 -1.925902346426022690785718406027860448437017995893912710074592525318548359337100013135532717543551129866306175707623794757928837757241383710786597156984118420872843701852771357866442752904282e-15
0.9999811157352127067076446351287483216513340852044174149586115251215285942333741894616637022775945412245000156419887146328063626675977547729607882052944995958786196036389060733074112925949031 -1.564540502863360949229227195012616244348810789986131815428920637158093068635855680745788725168572656798947794191403505484958976090621285328553163677396135426315425766843423084665904745180154e-13
0.9999808814839666455248166656990262930172261541528722183584903882844590166983445798729521908867087375141992468046947868931101200929792913974319439635456686158319496417193751082702329688170749 -9.96607414432221673605219365058308819148026771210301784250183830807417845406031571240267253247240093232761609116505476111507712275594123648248175197277300630760598264370435197318288076272408e-14
0.9999788398820314535334265600828086437613076413554081602943458050129139082788151011180716667709860441623785826342731503819329229848454693096825142321353144490895236864576918785112104436554923 -2.960859932216292896926390922407511441101449381553735134856397872025769839005502060269082281571346203559310519124101622543926070710335304988273052287146143161676323163013727055558792619925494e-15
0.9999806428471063254696918326919529947733751205999738892175497644973279879217405097787056452117330450691537705157078420841955609801092932245110885188111751130985604856669822251739282128135777 -6.366444474940551135133881393288076093876385332967698557845241994097353974425410879870053960437452910382081352414212096771423586442331586915255110924702876065923071855809634454135186212692981e-14
0.9999791125073883913498368995149774035752735956539124262173733075149956119643110497658419918007201378176378753690436967955039242026125283375125576884204331147571417539938936793027103079775471 -4.560130493847015395590389165050613185779166778543330608460444448882334488890643331220553726982915659795002292783518901646908455808814887725008519056760919317230869538790773131097831593817843e-15
0.9999803997144582308902631599185566866204483420001957936836927508266416410595650243491243807257002898608587961893348117853033090122583276667705456504234615528775769963572605292019732294154279 -4.078056692521547598459486751393349610110443505866614874985651791466651637648629533251277327033295866251381860045023850308015615440220869944535318171507829322880974453471487489043879147350681e-14
0.9999793798980306617562414341044687341999551532349848197790787632807873950142126435454679992554185737701339990021529545169849162769825773182052800963674721724549150094841642244118156520618862 -7.036717324634740745198457925105089067492747662311474917871340347230841773465160907041620422908398923949462149131703772524219301732245187759557026333404657829452141791364359188865801041620667e-15
0.9999796421871161139964490571992519527610174330105514923771726900066213436513105539029707133689131239880386417375697831180461340806458179581477307063133376884656663381284937997149134133506417 -1.088065122688370178951393428201984948520845356422787712957380254045795721449145676391298476293385339587322239096095034427743213575995640519120228344355102317870602370376559703599584056877262e-14
0.9999801519723741514911399228937818808343597681335943927310223653611384338739493297406148977163811308251298334030320842868796217073019821349004157452238752767926733369974996353720787613134026 -2.619010302695226958893823292887950068166781546073481250209896902575832496355897526965344037182739044874345620727934229698625043287236998991335197630716812122791168356958233017086234780341455e-14
0.9999798995035960797966060488093806714922909135299355958305439129832129114171118251514101660836325951214637850699519749104122318659612048571982411306124912695530037203132020411419794264678059 -1.686128952990590972848812989871926824674043422386331634540390161100462427129004039573834187537282487269837946866108886673280543356121255626823823505226281170038035180368823016162830029732463e-14
-0.9914105763102670394279165703706993683627433496540665261734851962336601833241031435047878336307307430003159674253313759756971548807456828971793400740782184258909247214660518758834418984484913 -2.931237072666183903658398391117252513252988229460595608613439142038610431603311899461358861158910738597147149188216183837477483266963170810848362711742180770494203876597855447872109486658782e-05
-0.9957773111744330342106030000998043615846933148361756393794523014416980122062110440089820366130205498587475121565633729474591892816124046147028327358766793022834626447447549163814413686882714 -7.228543004649629752925605503733484794171036044041587806249420454664643616423250438458756019248413455627020362550776102763301035370216070373904487972465137532750817048683806038702104838140635e-38
-0.9958730904347692956873799205105253294143578518786914048595642704671799466833105889377043203084735374734509078033476083905987938440282581065377160114007668482340594894134889554000603281474893 -2.115240805345652609797037890966944573260162431176307580303232817659777456696215181471775174202722531378915553371017632080638117973545326101918927730275425274790591624110194399971336116126202e-05
-0.9964493759374391198932362450447645907716117424561150931445999863394112157038823549567977072896266563671974840471033583049378436466412367336616295635026711925579886073433269977234338222143789 -2.072568190306379065737002914928330123095882720737117347784241520489675317463571139541538211828528813233288631305755130839661712398158004228165471636134657681531009336979863554289648976514889e-37
-0.9969666703561106391538091117455830408764502284411469187442895351038783966552251872398280942901620748161036006393984145539804286957463842772005045004362665348283620191521436688676559484099224 -0.0002898015537151012733990013307393304130126222175041324860904689164844641098608459881026850753326202093904589308483839846923933490735015086535906552667247167887053818852813020907271797645022309
-0.9970661918842483913293644521078549942721005176829606004015972735759856666497758492897805587595064016639546032620643583907955292048979195444337760385443136919337491246243914779658639176110283 -0.0006881731957405339305891468708270692284482778509336717541076128178180353263485247341850594084745997565917409952276646851327836843745725174670560928735481950258043305784779639216107567858472542
-0.9969492249602051935204499296604609319263594123940912963141671445731253595487042234905984344304288957522239986913010543058063723859803802433569921306499592066036916766690042684652652012521618 0.0001198293913161840662523587551924218166786610036536659001978576702794748511433770842448269563196123935985728274337418447121364156706130875969481958749433355428270917109396218511264949467366613
-0.9972322610448953482851859873622780439270535038838983445643802392721356938421616691605613410553212500515749317474120899958425211082538891376831774006082739722985861321221479944698545334058888 -0.001064876607792122713523832470663880646916826321165835114012917070465124230241358299445185415770408814343839690178293125168465620342712721690437947393158712472310070140420915504835877279244434
-0.9970180501477726498199075035306276888127736920059892701851923015817005840745509712636727254076684008604651141672816179954953888104726269597189225062051441555221667104687108414257441457559105 0.0005230399757217237212921802553193497576394954176831479517278415442280312810979718139687942659600188610864962730700037879072230225071067134984493660438321491425124305491576981411055346414927475
-0.9974545927059798271795016131304830936632999888845975239728589361515347519692511281426804575406167036402201990053392125479604728846975750570081898639098371689376297994242002197489468395428491 -0.00141285265396329859218584948268202993997973248971405622856288844114985178286679369712284855569186106157866497029939132094108641614518961993807775660885310677220850833613753132318842034695607
-0.9977233509170193267782465555305100599985006337518466140190356765620351958753942267531448313656508424208046367441290518699210623384213836262870132636306158502141680360800695154135434408282425 -0.001729238942751686468920212178515832927932553570455226051883078494243829247755009926187997819670593641861819321909102806787350383410200196831981798796768363504799951339709247375427240827231879
-0.998003476011625902158445546601769796570525611517158400160628743054615197325766420610286534487874079853729611081109895311000197328973397290093210891775421746937533516891534665486888735280035 -0.002039329072045895229639669204739221518329838400565047654035772646494641110359546095372155427907678751739414776671619361144766743529695988853609394026506268174046112097418221055547416368089152
-0.9981826847995507909458106046603837322472781187970084808180709460644561614313153520425482527326817272741177108649744879639118250515642132525470879035313170805999101338014859326605902387906208 -0.00216877426362171555469115854861893863811035277174461514440962971390320760902224605843318936278669978523646458724974292389854497070998179978567096669893471191141370731471977739549292028300285
-0.997158430461677092457977095995680355251720319921550024885485981246557301793579908280761356854380625709217231079555836340579657655839600690439456154464568235017892894009025203163104493871728 0.000907496109862007586080913360697061635134681521117779168315583673388218420748387858603864072044884791285338545127152287420254528459360537517354949809983528503360506410182404902699466242469935
-0.9973580073513321255231794149746715293628734726145142912166828887206584955829122558605289996475198336902849537910805607318900197213416954450855833087144804028479189281583641580856015357352908 0.001266089523843001128748355259856079890709796657768335643620219616455721809351375099343414538638794352707512993024286764376929535933265845989275199318008900744614480662794716520429459077612251
-0.9976078307196935838198410646736299446199297087056767027583345860932021138384574017938761780502803114200494996523486719950097390697167574718898053717578935563105672117341640517735109165602279 0.001593437018137103038726723489970440752190555354317694944513499754904163894222648986648957568703090177296657918512366893893272934270361612923978195199008431734961153327776871775362921283507357
-0.9985765799692941159166448342014333909156702906778101857411721640029520178075377521123775509415751537030089074858068900261952194665820373719575133833614253728481022409952494640599540706632832 -0.002209174924507626399973286536655163177651986466723298874655583939934677594820402299548286666178196521600320000343058259877816708197173007196892589057970573854739841381476804367593871005609894
-0.9978929982417149411809069128597342145101249720075766225777159813633275901318740573186482612862786436197991919473288813315423216971219981174492918969055398187913187657640041950305976311957516 0.001896981766014547073958430230413765127449960556789609516264717180524047492401330120738585804172527958308160646466047472536655526365038658689593327255423687181843815757431526074893179468313042
-0.9980877259293351611513953798986907420753053021727082644134035673735240209254990106965395347153559818258936399668398664628326330326101329272816981913001216517887043229227805109384135914024909 0.002150975476195820150114116157477712534405199699243538365052185884671547193531659365059924774793596772060072861555763067663660406463943080481784378611397282602200236574970893446018961105351737
-0.9991471896888078634341158687665809874591721224805523071996681229072050017830516780419454929374606480994129248064990119078580096587961975527891719141482023927676554367788238479416506839814404 -0.002432085664738944749537987888796686924073501197594900096080757603901851139685450607089636312412246590904718048300866814609561735773529027648536706866209820524155346466080758126077408344934748
-0.9989845952110164559103381622407167108177292005678532305409973569300522430083093487039727551124216970045443910637782588700456886088696019661303559631913437976646920631237902241171147661850912 -0.002295327699537745441429568277471832094522208240445721479755701283218608113925326542650208695896923654689587754312544931109001242227000379619232401394780420420384319018230054355448468304204754
-0.9969739567664530906086644121072029020561453530165991937380486159670120302236952531644601690341864763412860212205858923159315064023132823875566506870281071319747297158120755243606574265491229 -3.626931074756123686283696360360436304952443058503951821438015849265553254665771564349071794343375959835818322324799246244018176142885758239199142784850230025983284761585708676617586099721045e-37
-0.9984041718257091587587270079434454705060747182579209107873863057018755198562336455906707369242596473279983892348687253563286100590915093878367693204998974090663075289916824933103380197213963 0.002167596079077081888084434864081278301935961167974805369708157598447751116393272897594109622913543044866674085835430332507828712332250757951193935503752837169641317478292337228001553553538735
-0.9998690215606845095471020433265078179065742247099729148816395239329033440143433768387656919077343411724788289940241017934813487164184925129682110068903516131576915571067240604847131657977295 -0.002344471350612345892430181087908470269047314350428115044559003689136246923735412955318050964930610958362539728916110989734424644115187492777818290540229698837707466628686203576913076139741801
-0.9994622483650121245470203301455590395641664171293227240750548519542258695456023311473142118958500354185608041549222875700218264858013589667931903136302042441470704373537283384819460102477222 -0.002213045772778929233848607374505461297073358810515298348925621580074739670238063630778200976346227142377284326715050912840443690155014272572417305528062663800123584722338392917644840351420154
-0.9988027592101781211558020648032245794494152102237752267359810908333887792167646227210986672723926237509608855141601869032554185805590060536131875456385960389413345415217745327029108022106784 0.002246273246747546321446022155925022249701162952233213341538021553325513725123091086423815623564936312966505353344126041908771869362365113569070508442820548226423203874931289042266666020207254
-0.9991096733829215339515889717587320567363135332554065713400821368615793374224795761504861062074431674197725227546808275839198162747641040125188975881187420273635347517515738187119395333528133 0.002438183932372187836712281507025183212204770959184390196373829843062023686740884039973099141512951788108349762701470132607096358059688870726104547351737384273463974072431399031241664447785209
-1.000396438380209593070192413432054585299971838637395468661063096903324768892108173763942350950990752585010006621435009068534705002402091793601832646350639171507765563846583055325989647001234 -0.002090155015465993348459711564188756799898291927874718580530929560393680043696299125767943851618223818327929607335679183784684390847593405796563660228885880054077155228521395702500151356220546
-0.9998407248707413728009800432141384932454761714055777458986603349304230877513795217125388710028316094451721352155431407610322833009941638904736354295887888231925039537995732278466379402047451 -0.002058747435866200898270364671968295968464330991918573411381860991499907290954077443963048883064107084900821816709724606762086625576347861726168370705094947179259661675349660619805046559842541
-0.9992891749221538008151144466213135357944205275304201409411730099943713828561447152226730137345706771803666446169308539501071786339452735194118553601613956783759917747887567836511202028815449 0.002258005173413828759096311909994527747465948731368147330139332605586441882958841936731612855367053568077891528903746126153516279229445848168948997173773243498698230011047152985573006809007465
-0.9973909958471529231630074184091284888894767260428746000904909572937178570114296887563680673022942537508655447819099970192014365630960699074577043451610875121976616684166197683428380992557291 -5.046880190198209115639954403949831037743604882697089667739279459766112869011919985362772936490558504821146055109015643571579354813653261451590804028822375005619544128713940949276063001428046e-37
-0.999864895120222829001721742535216204829684453287586058787705667881394232624026633575302384943882603361017708758687020381644408669350093676891399038053276299832772685292898821348515759503182 0.002342938485060118031749578557130180434036709316186064456876504497521402519619579565616962809398236567266249951960158972354572437095657754576166661503636208171842237510955607303076427181201298
-1.000748717135114128356250582967234160835295133461297986285062754624986049395863289119226300101173572689903357415772002091628081432612955159541443581835899841977967386884395080245405830883351 -0.001770277647512712182730283244837016119294517376003194306275699497463862800779566274154792828087749153277832509235052167236148300958312907288595832126983323460401258221210596944502532466155871
-0.9996735262198597046750970063093759398384734554357467508705618857712144090209490917734740811134788223315616813681159419870583889089566690392641243982139266520810838200252957864380671144082077 0.002136183677708941115126895535362264214737293023528661669766175818095558085256494754586846232940011810354264912045183641782474476497327748661771052389614872855367519833244984461023650767643029
-1.0001238323654956362576927440016823119136409484214310251222307965380469590297415611200040282310325203057595747130716733126306262257870808209529687686812037104392803811095807893187315917212 -0.00182826605643769174531005575368673800686068968601221958405140898166375686290412014331330934057859128650071589276865285441185508318336372638752520152115215103564258277063076467656671718365602
-1.000390915404838452936566558159417662039217989830998471907639692186200043612986207901919428097585373344943885014054753634442842341286876286442622060098629784423738361800716463576432579462092 0.002094006211356731881672529477534327628187469338827227959686939019667174264064076301680454091487533217475576298143405925696591692859970525654793930948752398170843859230452984938291273515734179
-0.9977278470474241466125720012837298733418313232164831555960206297414970569123381092486453194344086876465015587985961633216346129713535180973967332069994944954038872099190923545215404700449359 -6.163778327065873883536456722684419230476158689638669929050539143430830708823765947406485756544206187477509887611131966109461188113455523476679333648651238207701244092766846221529633134395333e-37
-1.000964307452352251910610706636611202759735164369663216032510292386804278750510670124433051581280243602043297835118083401677056627563027206675236085338243544599476154187693779952614197667738 -0.001435935088636127160451157739344302078898070902877745484269978797298113217631454286105535398798931843347330150001202782606098645726877554296725594320425168907555712022532881564350016781720601
-1.00000450876093501784672761854816365448997391636045545367434016682110039774960830060307898061511121577383017751225161663627143642089272413066429470605328042671159665507735622457083085243766 0.001928305170740446177262626932768038485448111049263874927828665151776495668663534927887800384508450908914685857849566633073240828663360134468727870493065750916788043747431652568204677663778662
-1.00031692331403635553358632996660561538335718268174030783782673888473923473526344346140092372993277384249232206876074125998664093721203344146137547234236811337026822741789307800710197124578 -0.001576947431887670031234203647411279185413484487505472555722271823028839825007246507909421627964514176866845039714827779025340374178820232782655635086028781825306184076974909408924818894865579
-1.00074478233255454895198357313738674483449184364470788669946418153135244281304576561142509821472384972300111209903111543155964197797985536486683767294099002712845082856320996244569521775666 0.001775276851835504721448775525533810992314664141433370237194787326843676914570486141435847641658378559107886352195798672646463224046220695141472478210691788230073914657165192449067396812858342
-0.9980037302347313674470266220129241047217018338068791187154688224112369683731430870273519309775912141372742477661608417715587631532169659730994389635218912766566970652675365928729793609723456 -6.936941760914988775076311466821251478435740071182292240629335398107727560507253592691364684854161756911704741140753512119150821347741052278762795573228781321694918120446911875777967963034618e-37
-1.001074319309503288406557656700827674223879060390609719053106733295852381155845947874355633866932700829695784728439875086076057457969923770457557478050377245988292096692958708687186244694713 -0.001116573543941029011411679119320412452173150656411042327765477774930319520965721324952938632583209692556438721718694231766869291254840972102862067759892229736735434673637527557369178585604918
-1.000238036074229674331305079456652635614966765393766660724683471018983007920954558410947957467577754144341996197424597656908470248477923579894897163732175550207120862216996359463831284124341 0.001685716410603109694048831846045147554836480312889619608978018478623432889169095852145157428365730429723411667944942861565002602551415778196479256901091995423984746372390983506809465027945595
-1.000962170956753307874064323176681144409454200737377214852713891789778099686936956474217784863604376622001984077604570280899957587603558447728486185479502209983123519512594783876087635960281 0.001441366803243855770945679432844883378828658031786943704909006591762039833541147519821268168925295847532080524035860986575805704769420479261950846096897135951625720777929935101657801265278992
-1.000430802820008562116444233619473142520488215936052339498317887844295686246860626949417845413396876234396376408595638509748343972925419354146790444334734005704524305719038670806629382116584 -0.001335287608714151067033266687707212358902470502852755976286810441848451733868660294662614003777150530080344840355312200859334776700879960958245692734602392841949050831667834580239294080344458
-1.001104582847274750388937483015743812112970120414908570812873107221184542835559066037463547837210415146753001675148049444292080150004961802786734918013845760974314829775770398303897501011086 -0.0008284659057545694274195833875402700896170419501116822712075981377591186187412806889531426995465451860556993726661393164912762446099106689362037252711935817011369373641940615822994488474721355
-0.9982324577508577461552817975125486120968837692190045290124392837077055369476992091592304912787167568514003546639967064983501144612153248454178276864114066180946387753483505602590880214389218 -7.395018611669401793587667348830738639240304827868998684712070040603246601663405699871613794600434338313416550898277563067923673354972935360537808180401427177644588301692500627272655579041971e-37
-1.000384956445374311425231111306882740294971428905408912497305620046518503659237347865870163481229218107107155521946098877910924177904079934431108946220318323972409473609311718143353334374091 0.001438700834471357709231844429010185465782735760432209436513185132230370473915895070462292621567383733938396550552671472555582874112229619305744060172801665360116737519436729907809785416661468
-1.001073749156993977676789639271339566481583859708276077177534440319202499242070658825861451621312822260662541441305152900015421176095812710206095444343966401651896162043904465749282319825389 0.001121881502035195114565445346634247962709173609592184988594550363885243946954527125477999452433914159965638396002179765910396496446410777105003264897139063862441280056089183970079960749300761
-1.000486536531706343870470366134446219318520583921512255898028857973367388335136774937601306638171828782048188662995856465326422057571657828253527399937332116940283446942629166503386661401874 -0.001119832635201064365687180923469766000652940925227085858358464832986814481344653306773541313986277178470145645848498657088352157175093588728864142753668505509802153887804193961546918822124186
-1.001076416338085289867977306892769287210375014636205692082495961269714681639022628888336614975314645122273564340844109644823564581019216188327254067193462165933855475064574719109779747991771 -0.0005799136592189331236835705382714920489007099145019706088405958022952024774238384132561008620784894876282735473456042374199836014857714481756222194937940644044757072065626678606290784489180225
-0.9984241555025492319573349893580621510800257830720620210211975765814066596891551366956339262430860041205976476666758735215029228506127632857449754606558875467618848657056715758590502634311799 -7.594384484810543045577943347382572293404524652845402116078620347065629200624660671170411699100206035418095037925626530545649373187904397500964773449026867683589696442106488002326115577014079e-37
-1.000464670985434188006618638193742190917915993118043157816383720629120039118265399131254674918219497407610056864085942107998592958079308610568647037207421802753568096839592210246505648729052 0.001211230384050780641349988694006333903871299382582138128426197338543807473642771645433682959352750176447134330874814776428223567926584434255924661925562412581889541485093427591572397681387012
-1.001105266259737875304083612402731853793356585260359986931256837417093133526745584743044348796267541230729864972489925794671322053241157875909031447812578107790736302025634707360813988580874 0.0008332833208489308454861416221767508566502528054941944228471319702564556684080202494878929588593970149187225889152445366625607848533358427369470010530364994390480459842542080642839561741029777
-1.000503629113229765830133559901452024844297550785930692741857942218886353257523199975136359034455943597671117974207142804738773047463438066593819485860778004651713938438049985194027329841886 -0.0009362913573036648795918106457145994652119684813534227475260989581880483482434218733705383782113391886365122356568784417652253269934382149517053290375034426088725294045673504003397410639929209
-0.9985863795342752277210549670514043418694134509664982715733875384960930379687959671993245663667085782514390023162593472748839980264190811824179565889631383976827509014457784475934530609963184 -7.595971278853463954896593625792290998057899918854423693889316691194325844834417033782133000614226705659817823447573977574548607052364607499675000329934919796497803386642394990642860148226204e-37
-1.001007194767145229914149135060969785851923457103500540820706011847171128387610911161258885061932482129766173254550410454703827010238052041276521220644700885936130196485979731959579256685858 -0.0003742544609477771941400587624570713246312134899289631925597420802919777303777347373669922902552164340833652684346959275676353704971178471005248751933208164965695126715211621662735757092263552
-1.001078030931583378707696946799997377909305222760919774247518799430623678586802078513614701418119152953574287193654600277476185120032786933883899450160721903730181621082047936522142247891183 0.0005840233855935681704707191262444123532600538485527137925466470443534812193293049662103771712288993321474125696406591093772511251075516314662210345986447339240606574140714799845559608184546387
-1.000497499611231419450248045728860945212581554088164383225524857975391649903081307240892951268622254609922703489769170473263134400413134641293115195170448219476136932984141584702453668490919 0.00101374665676446602539627641056223745579877087172462831622372290306748751709993164827894155021826823850638808158562167186107651687009304238803984246420169962786023921778851343877329808485559
-1.000496981269136952547640317522569531828607405911260753709026945487661607746709156411812082660107549722312949983213914987477121325257958752637144167322435731075698309244837826554165993974976 -0.0007837872678146480126417435945546477628768613972670770312971473964433883981138447215581681316392320979993398366710531636306280912546847244016543205587963566119161260692478503055430059271415237
-0.9987248583178624166336004331851565757430266333104608626246785111891481200620680352820897634831581340008062651709001819066851497623321354032679066235960568797097811574748563689233926853930579 -7.454586589038182543879084535046029694716384378183387752364350315717634908939043539895219257124062807844572232839486600673436268781825739519122389402660148606801503116016717981826178387266448e-37
-1.001009438873952455062790659752823422023778609466158816289453495757496464644930313239641329042823535988717370715566497868429955113295164834883411318763012884359138756522306338936843141882602 0.0003775486092314146301287375072229424993915282417971742611748946654975827819274517312084886703751784845550279900433709000433580205614328097814960877073602773385615190278907253066991766063230431
-1.000500411686253704934909834886055100167731936836531124554098778193440763141705810580330701285580018275222220786786655572621671740457937607142954093196959038001967956302624152706038579725322 0.0008479536496943886714041737199836021791584599713236150547661245212192969820633616942538714609946506163269184664782544853584321578110383022871220871392115412457577349916381024216320592043255482
-1.000910836004593875944948545202941635873869553519751251652697734566302236989904413697020694450604772022487628524862875209835936610042656810378606915677182697011887813676137614899899842493516 -0.0002118512808571965730003437639578755028795789017114566531287173792626552201602319508201655820579322652382305492484691069449190548955045049071839099114209697234205823174361467496506401369128212
-1.00047681819992412951617960395302642779110287095805514559984270303754331133040641036973455086336843728567090823216357348152116676288943886991347505606707850992268274741456074099407994952051 -0.000658576610931834049082745197988182968412498131547661487396784859544131758772453596532938037873619787705248429943331188914503906872937811121509130319022880014946768975389257949525528521787783
-0.9988439971467215737732624444837257324990443995545776819734790581298378518428176507660485614180025811063132644444904352440641417243484328148883210520724947175657589193043709664100807407942729 -7.215248552750128802626149647453578263777009253214854928028478808192174242983092182759947430459059849125616019606591727144988284375175584112843977445426479296062958575074143723826232556033852e-37
-1.000485627041843268369727565961581210700668240778307679376201268865180130223663034676893580188820380954238751248157635547289634685704508111888589703224836301733142845123339493132914858515554 0.0007111742813003378502890176696604255330524461341403908167161256177297667114211059853773897635710853716556769946551262709920490565270241966886055677726927890579789603802005366467176410534076223
-1.000913442659195043053554217285436692349829008624498147310737115726355085569343051520760174190207304422703376317979844585822571228854320072553291270922020905639297007819532451911301060213372 0.0002142968527439866131474268880000957243794158563137044057489870117573047148538880032773966154321755900347841677199154396060486126015016885362668093984978865014759601684427544793306809275339642
-1.00079821834752093434666665698548791640086736093148058096237716651409014310055183381234166305288042467714657241017439323494225718006046167492153041088808340390211358869441491970038265981024 -9.172519466657215550425315661302634136422805353246147452957860184764559451428404668037161269322302186785247130430150739009463803437170574086094626662184160999088508040580482901690051104543812e-05
-0.9989472277090024740166088485960664995549430749779853936678942475014103076419169863421761096652403924332420155342643387506930189095894630969030755549452273494828274999559098057314172949352208 -6.912964321095473532335936998447441250002001400521537712164964919344478923832072049322481591294273973221032662207624246736704826279536949917735659843186096157994520715433568751614075905765691e-37
-1.000449709325855488242571046680991233111420767043111764249234116127416339590165194634127898107244435080192635578769371467453069620447739556271184684747826484988344554438193987805469107871797 -0.000556181110106097385957836018429932482735047562539941495251141131552293675593707533028006595908760034012449599372885696495818919617420515761842453881103872587715719740800140764613226887171681
-1.000461232442436115920833466681405812823475424152046981897079093683696121921236786916772842832166706653831880184766185728210266631723909774591032344806266179028016760989011240932669458222553 0.0005991584058957633696327657967826810673833804272991478427779155778377131125315071287860348458604917647201503274676978450192678419829626463695590978997107250983957301181867266680180338284334953
-1.00080095714655065772080229453452151270273625223358218437164352428817783540929248638092440031256167181943688691979268668178393901705097300837597809790994019183241353722697046573014537521307 9.333242016703364946596434923529706539434098404442109293706529378907683848179434598840810736647951785882182793907257731597565687286529179424499971538557027818392348672899103704179476905661226e-05
-0.9990372547289795855379727913684168413756419537665366473669141606506228081703805695260994810256315678748460591531242099668134599042777207316067961054830667016174147540534787985308338565737329 -6.57394457871382514622397137391804963299362530861469079813750456445825798479706160625646771261788650489744574049936036521323443938564585063492677836102101495349603262687414571652768370980781e-37
-1.000432302478232324366360581413047880283677959596592267022187094357381345455510564696908437388236561015024098053218886060894398402050452471360478223448001573883075213179286265338065602999347 0.0005075327807616189765994060696659706277703364859528426744286868569397742533826541465970929326015670919941330280383222767708002960614886606577256259842795700261265458081120385482257798019151166
-1.000419693105717211080148436110387483297903498741626971233844813686287227264470415060010639800546003456042650794650603749202659338294815139438358813409861453094086108435535519534654551970953 -0.0004723735029685015658438580190931313748440298993471991799196401590530601527305988951754992708523980032345304240690164558632262084079130050969639374115985037166866362989953891570416064749163434
-1.000678197356160971531469776828635566605261502812139443792097491531142945914737010315139274263690803440383184013305809494111320908056308975037922554502221222762836824129508274875780844842555 -1.571429344737566868077655200970391319110611198177228229814926669995773871558645281688855752727581556305689136856056009512900960002864654540747984639607676004085923203053422694143507481881166e-05
-1.000680889890841430615971699811666370019445180655862701544608623977631527273747093001689697559347316437746567653602684448981777801557853633846484482884668696407863406510412169083444180080062 1.638862307333987431719116223190586323335086448117266655125478068213566191011866849501584262109764279224735068115523162690359449121808946696665115176404550758997096056241948452976828138463118e-05
-0.9991162328349497350974595118278870351524409892856945021553667242673733805550326247835168981460246248884879771321377330990120695421353794092960965006966258122258400884153532523769314758104155 -6.21723556281123763654790209769945524252881552412733849662945394903021968924119242241639607122466928621620308921788640412997118553025928054239768667734035645006655359234546600200722525049276e-37
-1.000401899097282752434271807105964989579068492192442302247508189400683691078994923942725706819953393940734595565373880813044171200712269593498865116740003457714416992463069892026289395022483 0.0004324006331343908094914603149811855988194492922064865027955441510196859394336982908016551652235351509660121509788216937316450702509341120708616758099978928456072767024860650199611351897159118
-1.000389162892360488345566134016263413195378412046690421660624471574483651607192282147996594100180479194850379930811997011620881313372455040445537260997718550396613299994084467396690283210188 -0.000403528080347845438131328017961343447229478264496818610924454682843159080766819226542024274185596007355970968490921050747690383624555346634551242380806199863637613897920714436632898805226367
-0.9991858952869122742692314851225444155769441372832863989005409922490126342552618920656518940540621424557441048359444118325987818786176623064699119522090077265583730883154211157313984348369751 -5.856304438197852274893502530918273851126195000810000388466609339807420513588754087914302721184527333095919506827802475993032250010491227867725527626435681436271592002315074029979686664265986e-37
-1.000371800888975995887662899314319274133193316674451490653081510494112733614236444413217695563779498598634765770579684299653563192935415368437321392937959780277081836213704775360121917603233 0.0003705079713496112723560905327697687507057667104292796427185088670455237298998959157030229500424119825969885602927875020782614251833214406007209667264873922706217507316833610718932647058600237
-1.000359479174297018756064150657602443611807415506817485797176216087237977244134362338664067239058652864462974143752183367522500284364020751105617021040282267658314242854001987918001571280452 -0.0003466731293311881379111794723465186108796435183044436663936289607451823925719968031014795993123141457625865843467742890860508665558682810208993718617024718886822356391308518183358302919938949
-1.000533570640979490861206415901732324672490513451708362436296674386101517274583755928721134758245213523967886202715321645850944023175792212490960437262512393318227540270713481614157905237688 5.617273207749085267691775379047157080415686815491108669204478025725172556681362813563049220781318799701916854306435076964704245775975995900053262393957290418375920453263412924482428302867626e-06
-0.9992476489483948893610006183202813798780936515908808639175724382479333854385704159124316212234052694901082542467034221907454173202101559026749890674657174197738258203709253200321246102388923 -5.50040053018925082630260360109986947564607829381630723800031598806430461671506504607664696314260577331312435525192554053123849655501514297595687547862775009574127580022798054996477505348656e-37
-1.000536543613800154036340641366329686494674569277381805776395942692142572128391322846537298213325656494413487637693084643035151985549146277755127618724020231874696476599714601317637580542679 -5.649814869650001350757581151066502509598470962478094884892921515474283407990090868821694866078115790308989004748105293901132161365905576130802154116008412752993090581398837119409478319324249e-06
-1.000342989100048498235270186970026054350497085259921707796053793957588253522205032501958275694910018656747314487647739330840818252612962256150540209796323529769605784030740401505687798508759 0.0003192214990421807545254218095490578797167007327548324657913008678579138594038373331229266398334313285598198417848403252666615757774132598399501568438043042545331722252102990837274190288076146
-1.000331366290709438605826922470302470414926709091893864120648403812442139360030414028876342469551178962576628619267662886331403549050134539162545776902331146849586783131047158849431876392693 -0.0002994253591795921975562983899957890466579159475401057791700101627976730226597307506009670701206397979940557606482917905531616417100859939404261949409184836913123686463435865142399459623805537
-0.9993026452346662164564884970529325324788609598386145596203086202679714028571257976532163280070530235324648549170065369667648448513657188898591791498672436372408826994373455304574487573674526 -5.155652093211217662482580268238782507169402498211978077296933640293958309063266474544888932115627413951063102065064518107565143276906970657078950481450547573266833556822128008270268674581279e-37
-1.000315956272854478466163696614516170566350948510333622999467284528348940112414148789125980746283312460534428576310045574951835092453392567340670128544573236619800345780858576518568775477858 0.000276441396703717125250245162181831318207867840372066481984576302971494036760341999987212265933622823144010499051220807139842230500826319988137887220754533386336814580795487730700837031062575
-1.000305160478611508512485150516760996395984107671141514216048139496419146939424653046331312707817637902438595837404835499459437403617419292141541824291316579452072059619201457216337852924933 -0.0002598921721937572269815768679300906180310111586510526824929558281254009118698560225108748298823275931689540906629856870946533830365667728216667614407491040049183768749591123749044624439294157
-0.9993518337282249291448990568575903822457519703011453120926892852406030482779947961670054716011849792804464169995641936932432949759863416392489105873520065203275103291105472052728866956384998 -4.825917311321885575757934003134867731154410129160011303510386689826213659842655012488337583555436480129119815646824481569109861665832951612914899431516329863862124507891119059071290941910685e-37
-1.000290897790622394755807231818739451544309683609666421878329404504779836542669712515927450832738620382681759938797028284542247520743682018738210954624629359906699849877808190057523198052008 0.0002405050411043560585443257778576229601832573622412182383103912078986876729218264502548258000058661566760590627784506354710626844681862853436808770999521088939715244593676234784353932109180638
-1.000280963396387158471832093345819991961956217635019440365565312657085829917030893199021075433877792633538874926318434123720584779837935609186553680168787756189053426187298927181681535838468 -0.0002265783391109904133894201567123136601603618244280406332707949682056109014950563849757100466237251260915115972777962921081593577956240080480896307260746112518001026349104428612656853897336376
-0.999396003129951796928777545731906998342333989509554710329496390158730255041467582409751920893846944708680519069221727498276607253619734369589776926685591575508321342082347687079661898955165 -4.513428705900912031311078181920256618847530804356278455806773083047925451286285791003052861785356547092628542927878973821588118882405635975445923107861306061467546079718608764774851033971571e-37
-1.000267831948539495518647111803320330077082298507616207641859722153421064537040251494936574939356383148674525879831412881719191283686461164229125183018386671227547409064539472831100613750546 0.00021010228973583364492926075633609865139234056557027639912855742420387500134798672315876820040397421540873967167153700316941145603458532320585195700775384795546325964002559175798423304238303
-1.000258739552287599425411212897375899046247672943529699849158178488187771257521697969461440519624858757489814380963334359676927095761163597333687575423570470491263113548175085505907233655812 -0.0001983074955129933195031617827741607547446577232263216300595012410712966023581601955097496226831654197731603345934122566425024675247162311359728368285462996246099142260973342406270649682537715
-0.9994358128479728929227266131639662939632418424002983051744883999367981213514557334460252292011268801355424899743216204322034769873774172891169012937578706278751140369400797530050338750340719 -4.219272924337175232684396959130798636546187514612117685344830785235745789059561050356378412186448394570525168941457519147594640532253983333767649459557509090700036496829787846698342671421308e-37
-1.000246677861848463343774237897228692142873044906391348125082559939170916340709289519950767452496421876111914818911094419381195551743183566833982292934095347723143630504467433240735281653225 0.0001842047691025569193823415386176814134422105053912977000156316894542304800649554397905626773776625350999899519994611467568260386723284304992566723747646968309338693269949383408778758592459327
-1.000238380160731376850085525537319987856986584605999919044169524533447396588711306961981585857654250308338643967435936944425935889085858683683651025211733200863256768945802544089504398924684 -0.0001741568634529125987647860038177998373940031691476334125847342234727208749182805531476813046616658000739909482761172549265577492822163696147254526861988656434087499454670847186450358490706679
-0.9994718175896416107886202245896876220472619399732049710627381211914420898266196045598882560204512601496727553093853245459585383358480721548244472748210432693822731264862849150142656082384834 -3.943743489357880012800858553801667834258580687725408119899071278864509068491291985543439902566514624825287492349269056753165176457926888401480641827207372952462896737215338851699024184100866e-37
-1.000227306294523777044418510125650638314254520964245617820952032628511097308716217582734229488468595870519909046086170319688729950332014375706774962383508723003281995539593145142652801528903 0.0001620061955489785600027013225024864677849907083686768524939172675147613522746692595569524453521117432016621481084781062790063873113625930198885018321172570140405498388917466957394972703181777
-1.000219744233468437278449676183052313276213626780790569953120368288384905551078261204493097688665474669432082839106569007657640292981578292057776070178106784621310692900368475384608332629815 -0.0001534021588100047366253877747454164287150962705388613619129510974637136652274770484677074109276221970740915290413695796843163202295452314696690271790377365273423044460344120631739041766588926
-0.9995044866711919380553553386072998353998288406287743202994351572423155216031125319066325281862844619761212852205343067124600903926559971663346593589460629765185936865156576170631010592156149 -3.686597506437894222345350823267463327452253215790427176345051354293333206941633739670785323395692761447613220834261522854945821122206631932923589301405722935310338011016672997113810671222551e-37
-1.000209570950693014807813163071426798006928379443121782618866233676825431287579524494767551792680332635092281328439794234179219208664193020796657128998855347034093463947979546346752740170549 0.000142872247147642289221178468416204205291420225512010051271225359042271516310499806249209873134142633953758899395041676750989977475581667357566539322886802969725021127813814227153027977613662
-1.000202682952124805306336153035531813120267164890609929906057122027586906908120045418018446174036954975252046666135757703045938952512614115096740872740306336831087597970869876478307502191121 -0.0001354718890990096942736561882787063338038531807686399859408105774914724898204823937843732543990599953627721597659650729543476749144266844162307769294836843323893609267398285643455645464561154
-0.9995342193015908030200342808966335328505350504618047194409889392454465681042695167226441414496146068515286673756912514769640706178753541010575554493982066824259832892378442057353700215669611 -3.447240767906712371742060770088583459698862143553416558830122171377769038459651543970918347879449615643859167535533844331336779037959885612457953057898430747482227325299011931436741494193214e-37
-1.000193325791594452252826613172066616437108705284580107714718734460100365041970480512564913936089406998536542066136658285753776067880803415406197156563418189072965024063130776013693233123277 0.0001262999866667733686758622943879856440133801506240003102195167202716487706021458257552713709904916619670005627532814612223726145531930448153316955235434533010082176519894173802520829912118663
-1.00018705244641928830827850597761366509263781690072602112148161583629303882947612238085711318774575723646965173003910478990446426913068250291842107009234127680115730962725242667626769901464 -0.0001199110107776841129804296327245068139023373604437400553384189491354922341191004268924802296693186125106475795517851585138366097720883676005840445277995519184242248724082397899442682123230317
-0.9995613567709638822451191125827673205053557746113228937019411078634298344017617026878244310980888192069535896529417122105452194346332341023181283821688115502017524341934025331663865986173679 -3.224860000231264713245475634676845635139357527610052698805228848504471901337012748147694058611853132339518204302526922920163006005821992192653340956665868625500376357730167302480512549362345e-37
-1.000178433338089681085299803607060394323299886769631329735104791383702283299811057019133964487872274531189109275185811213139071776026962715570962584271786103211257800459726014946599309394348 0.0001118864334475227871813663886301040338871473760435042196925594178562298676800711553875608211889541513925178664994885226327761045428509854486801182178368787710343801257059319382320134775682979
-1.000172719433638030430330245256249623999104074919422033155273638191801924790737036709521150876375349230666160582454456323375169736468833432313808365861310850139856970437235214506931977179292 -0.0001063531771345877118840987204164704864907907588371351595357972005475870661863169250281418847212719018606920541786243869191737984530668372085424019906999464756455208769362317431990735073188746
-0.9995861922391390405460845773796434248706923127393462843205002810667156357037270273945982260465697518690877682254174700918255582731403873668605975936000631414891166240629050568837994341034871 -3.018516383501830720003373443551309533940490612791240783326018447564142892608303573874476296908069481398620803848477375165553690590620033119553863314298961565924734706269676928517317210419028e-37
-1.000164767824844606182095612150649582511297045830851428170420737430859227044328643738711948515534527721720854648844877579330281780707255023905609678968532509566692966718913095530759617457845 9.930498887517991826564381081459484648570580301953668222885215351987542623877515864553203636071985044362088898334995452504450203307290502491788018681716362952257854320940171494458350324501408e-05
-1.000159562967632548676600699174489458994012821331213067284450621624951754432248750313680825363833620318311820065301981220908326257097324686617790999734775462107069821336380870628883082266377 -9.450007811885483769519854574163646907695327860910114655512929510334106924945340985868533242956341748325131550773957585386797757745432730049407028182997123410785436924014307108113031216940126e-05
-0.9996089786490131557533485759364440775494287235096827678857472028223650610705467713247964984089747943745910237965869594347996157312452803196413324466806727012891768922604572024056760677080572 -2.827210867515548421858241899080496258213425008109080634998197098485229832098083606975675183237801075131667726742806424536151091501757992410994071069496161781810675684675998969460471118395336e-37
-1.000152215736116750045618290492375506585262593073116790025450764863960778710573414917839776854188697279027571831140597383592076718729715899333810146625829438957570149091079785792576732970528 8.828802164909650847337963846481410695853149090362061060239519176201594256891182644392734792092612831957677332626770012039446376584654883711406762140960812743889273549953611374388233730440926e-05
-1.000147474305707218437295584698527297546898643353510556951150497986346280775612738462218929210443073050609959734453723527628413929502187514955343483665345601205096358761418989508255893810739 -8.410620309552801184807241414728589060361200972241827929144111249468959821333740847292894281175886047354717633779219291925368232282509538638597832176876788580362059297715396779510378498012034e-05
-0.9996299351639479639351588189296354827939809210025773534342862191110557044137393269691256532532957344098760522529955540503437488880360715858427619057315612228170145081744272569840019850522642 -2.649929060597661400393607398746813642177330449350956386701345056752217246163445313159206664827340873053730706437527268546563671515749671923703714233273265421696819957477255972060257290065791e-37
-1.000140675167223762938007572840567850961044268601561625728730642426361093795627928829493881647562071647309736086687202364372485388616867277027477069161894603274224878270034047042481116032308 7.861402129788460105593917654106558527099900183050449344414422467129706100137833234712776965554226218643087137279755688068222435734144695676922096674205282370907292647105556362193128572549428e-05
-1.000136355990809272595147598259610186750271300129414422013061161316522539071889269118758285222765326455386384555262306153108302897788534957457992401327198768064911750386315977569351272883996 -7.496757204327314564022837426071997848203080074125702091091860504967472284007868788467809502540614963273149466277455563391148938182262430235515951212963255866107271308632923919651521872823139e-05
-0.9996492524353581476040412232048560618548831636978675208252950493597624375208029000780406609831456121256466560212964626099109691866079453600004342617166120649544245330415282384671974263176954 -2.485671403738583460649924430965749690785032415196010910486442482231651499557860481930486436280137892236224880586348245113689906242255681277113030671766954131154814238151875110314192210490338e-37
-1.000130054755054956659888277534822959973097472691439713761289980926914361550759812399234211486198683552939824159747931866353013536142593192038132718437112038382694100172373306120655186934878 7.009804668886377362424962086548727758263318193927497851245144072997337726975262193392199333098554076105709166151777233189101054903859170406576581838921226400506478204339866062940301248647986e-05
-1.00012612069294267540230761824404430735368334720429393209913741273890725056193019338213483692180140288979564626015032948378933338471036986069975629928606908580300652048295058188883181702692 -6.691331543733777944381408646678965683244462025549736631992879145069421886116018951078617982095557820282887245392970003679234570379885486727596525492803812631592138306104232272772204605857318e-05
-0.9996670969370774553082479424453830623054168752916780862015265971667406867643232475933083156136547470737584919295741588513797874425284608777020451408028983784680400447401547889381931155969002 -2.333472809212237519346836972954627373358757572557665578651445721340057354816825420162533179261231308590829753412876823128433782455079991724511511311466097558460963672594086216798715564652869e-37
-1.000120272527018206347615801119895410415988326288548530855325052933673158644214532724697927908908951104878232838877333956525252274018177069239219506308123513552430833077674534676147859817498 6.258453145519858878394586592940232034450685863385034092751692563036580902826568185365764570866228978923924901614910042777462318568914830738512458449658510931878530240625651483504730479093589e-05
-1.000116690054530974349946296215393586968361354799210430960504698001962490372960594045823619395088391313916901421705183961464745486492811964777534304809106210220854258280965316926558815582671 -5.979929330924871533937553104358352811993662464911756656243413418711887389406013919539034133382630282330357646028575220314683791189723869230034953148297855194187152065119080916905935737928535e-05
-0.9996836145506323436739665042682229712965552609460499142334456732933486272247402905919414482076229963152820720539549612269444573163765531736296673131626013311839105795299538098710368827579859 -2.192414813015571871952394262465076404134366512778077990453701341276209909485299534487974577017144366534262521942735859891313343310794121407232884344745638132188520162532559113383069391965396e-37
-1.00011125481550233070038775943359161181524807497240628103099607754302420467321475292409131841194981898351938403595419147339791589491558163047807572220666738389836192082947879719836136866134 5.594178215079712147943384123648630690761434386006620908728930714058157151788144283656713258651927760371828355846390217617958225518922588225157934948907087809645818349287825239972344729481758e-05
-1.000107993635393829288753046290368518302844986865836626566407754224409738403933402667840264491587126568994268871168210107600755693889189665187129835491946374987448850382652409422454937631909 -5.350318477019619948911920933629306529235907490314966614303095529839425710700363653252271995974359046287784968316563488052171444497694875431101843241044248554785211096497181334714196109638875e-05
-0.9996989335456982000681097551713757728671681835245449850504095925976114990191258499819257904091278426704568697892275743946560787395818698219111773167638710988039985111822049788352156817555727 -2.061632468750120426202157014498471482573084647156159125766604840932563792142476231678871803995985328481907313516110881580356287705075857543087529255374196268880697678957579482225946249963956e-37
-1.000102935288175013244589086285453467192658073491268662032244662758742865918004868445156763256242873860425527064646743119713650790815575918415406407083841340462684499827622215459621664111314 5.005770588020467293768212409765363360262471923166892707652903110578396470327047491359574260497219699484355286744973132630528575550884756929768591834818970747377816814287666227997668869557549e-05
-1.000099967983870853859814831456561467713287799808102807466001337951717547185965043390140447846768763850810844287981985496425948055455270187478174140255012185452477238531304394771702504309663 -4.792065180000052497340483614069770700173246599578948486999130689842295592514120250797913113483098400795716434017965669820567674636137219149610784674173588427615239722320532896721707398599716e-05
-0.9997131670695111918073832782533511210819935877637232761924009109449373796084369543981082505003908453516467040670851814671881567102824919602208955232391984472260262151265118750211845235870423 -1.940317638035511688912504779067176762016822126140710754007782243316123662620813779931149881658670085790130139639033287644618462197598617486865922849373746987698444695134368389370871073177833e-37
-1.000095254101501781250209095268959907459352683607005085977171798150940282806925937955114055962670344787559132387600281164606783237401079630980891513809206853053445262326922093129948424906728 4.483644439290866999571292244471538114708834420319152847537088977651155516582115845831135936124707124654137176842271948400009622393747692868980218173987680335085725118676157692060260812102205e-05
-1.000092555831271942073935274243388284331281672053415700018383723068715487085432446907469764003625425754972346310624871209656288004102392293163200178142685599293179201256783734640062643460777 -4.296230027833611189172548918005313411929772108309526455147109110322035962041781451252065595121189982657791977645948152991801157314828579738594272929710590536291058004969245343535343572494743e-05
-0.9997264152355021867060388226908496380794650108714576555381248704268973551863914612508914897854660328333380573562477104785659516015320344586903653053637923593171275527269646202778525851417406 -1.827720009056087875491887282930081868012761139005719386368371417836302066203024912992631285402794710762165983299844463757104532379282460362925709433773251169158956700268154831524192772216205e-37
-1.00008815716787434878315541590591715186179530140826675813950288153281133148082905844938514699710080304279032938213687005614458844079833685756883476381089621778208230295761176766818803056022 4.01956875079656223137498101497983441424699637116029733236573277485775840192029955707081806104535463349087936144444140062770799755131428435035806002631502018244138911702794154000574127867843e-05
-1.000085705396209587813163129230699411051343050588294529954782242073263781645013138669384224555751300034637249376583524124428810882139109251610417832527917774886580398352373095044604927214336 -3.855124247607261446255985865464732689609708168852860619720456356190259965598918335214959707479452064927587978274200216120775593215008320778162100484933330185504461838057393326591242370411163e-05
-0.9997387668831840319645038464428996790468601629732826779664022046856400202659940338796335842232497630226879382964106139157075695573951455531695899936728502187221218559103735160022831281642893 -1.723147230375640119675751468126240273859859017998117455609599111440211848887736041991225554619944058450563798238980721993058457361655088124081864091942759045785189419796248135148935523264503e-37
-1.000081595521566712563673644109967702366569964738016580561032886886110086379209921577425261095099774618912186910919322017158544932453154050400791828435713174853187681045191539275681940457876 3.606450399948491854767371728079152014438102051900689421365904062548312299929210415968723465329050215850647240475725067064853448753254783098482338744070393907668689828219955373794468287476227e-05
-1.00007936978303395064604477499566072058910519792244147172857438168287502958642528430300956710898231961524218444193552144278208179322158654002272809312576266644593251821705886289458639463678 -3.462112060790461033537260263776105288075660732146448496220308895240808279027838526027094815561952019054024300687222764264328787399735107685205856614913768023583122850375881629983968978903234e-05
-0.9997503010670888071454659460896231876504647562985105036850635409687697568921083682595368332556903424500832902881074383522013742361759684276978076389672077179300353575546163242277371324847153 -1.625966443632396403441382725134989460588998221459114431798625707661384301391028909994488748691650531901051721885110256559588333294579494694133911165070743364982658586251148895629308070114132e-37
-1.000075524768570103057601596343788663040255441395545611371133468633620228075131238058608410539257303181267452353269876661809143158729979378253165467543556935100621545096786743730940894686463 3.238157273816027276696749977897642881509589286263910002870456991798856459664556278810945039600103841462004644895209744275717952607347322673619598057112006601725673199223999551091072682036336e-05
-1.000073506459583564328258447920538201082630427724442154511308499041471545473549193881343573337846661181051161342894756175244630796593569662304686285481759341338177450994466265251506454141109 -3.111448910297186788687610203987445816549562918663828728881640467882613216196772708841525238259962483374033937753158688349720341225121402118727055871677079052994904351185639400407569963434923e-05
-0.999761088321373425936642372859303752542782295159268529232346935585934784569933656328215845468353056502191933017520728071357772369964505521600319209140967267726380769887020648867296999458445 -1.535612564255798682440900529307291843067162862959767233828382754596851790401223524399818894777500509632686121319297842373281325533080303252953314565028566366255426796349337590720051823066732e-37
-1.000069904607027819787531310984641525050237739575024364242950059769162169838667092419551448714590692157412379948374369319703209654942824545419370234631641446519330609951991190669787059120898 2.909372779094855351781583054609163285539398306717680703603855542579654508019694716453825476736027238111787496016482001150672436894783415147774182906082304885930457730143100424818007693117606e-05
-1.000068076801531547744742798250252984964240988022121734943123727271019996411794771428788905053858103250299037933341405766415203878441714360634718343827895181330522572585844737522495842173234 -2.798147972961329301750323952225765813338794230371164644726357344593734074094567702708656100984353047724866945502987259327901008658051278078586706820568823887523216183782348317213269613219402e-05
-0.9997711917378838751108570971817220264227808029830584219728994947710977904163071074101493098712216673342271789028054203173149322316839289367956432630243062965471016200004810800280526753197268 -1.451617441956303524562158141093535303652310257796962810523104447218416740136309168530868929255134727662718130688572581973014470025050889987163862125999253127129976324881127033357750709648556e-37
-1.000064698407106384052565679744990666049525212552939783498380466164438066271154931200928885200661598999296298693341488152306990968884175034569946949695646795533685789576875899576722203157687 2.615475287668136293797264882171058494801356695917955263668037004861893017646999515042887487977859740997418631886305018503478312611946283654238438905167395959640078973104352930519743691094116e-05
-1.000063045692792626588696991006633758869664334076807407424062716941284701045352817849042115647713988091995754368382373922206069216811186122542268670774060219196232112448621131283216827336153 -2.517869241581984755989763410269754176096449049515402268969402472066012999580625838255368142989124388491915479550378308226220008119626758717126528234468399139139101730426087354865179036723761e-05
-0.999780667888458444752726753064914403462754528414245297596950194625559447451240632969472293235928682045355784210653489584095209978945800719169232932474449321155571487550148731197304426581047 -1.373697612934876352916855765474013689114899557858446656790676376113306557910815182964303602796066968442184354667035162710048228000574723703648678086921394899327959182322196869390709426058547e-37
-1.000059872841141134889989399074579598660855697505835459934772179610609415410174246779134449670399017594762151663753997745856414298224332448995326642521151969594883057762448101125084571595886 2.352437605063525806219796377394459076729106896707095499179760044537275783385061917899600824019854738754607094493113226673573566564089708841045921052895518103758008769398190371793224996720004e-05
-1.000058381173402328854079152527242975823693273249047469771687957992082404925911724587274644802989815163865457032883884820100571546795910719370448631323897441310620090407856343384497768298873 -2.266826803792032223414602766373798290839107220877483926782235320463316559440443951302964717542994061513786479498860133064921205383032855532654320487900921860330818259629330679338872082020906e-05
-0.9997895676166551716673726862045094042975482343213085982582585540123304039261994919501356433816162605178166923256993570844309902711900255059751783703357478955043373703526473187323548791828001 -1.301999208653854612797067502395160766916148726847773535498741688849666356937439980793995052439479267780780112165607155041934668913638235569509726725023804229766637582133559568563985642772005e-37
-1.000055397556598886912826276580022231680031457917979122499069744020349320966558265871525245620007793013419132687179063211143374789711696750025522248163043584593392965738495979163405004426024 2.116742671361515417160390738619542957391114931093288848227357786649271059780772607645326320457176851061085847078970545365976658881094948106514448700651835658627802294405563330859273448647249e-05
-1.000054054127892023499017291628712474173381927400004663911395159502915366634379840119552970562472900677470842969794323742215545693013436594441016007289209730151661166880817862483216191495933 -2.041710925462601939417609964904928961928507259698332143892617457242880468554673270313865368262554042345825282854741725851327231980196545142058658978344263599954261071903153370903502611103527e-05
-0.9997979367196006711086305849036614724344508317746473724501484837295257358219873821803250429165508711150742363494917278574535885146151341746012296873044027021679296353428484401233690874355571 -1.237750732175019937259091583741534032672859800093099908356538787205192180313509315356014932953040982130281365298782317979747700244476872179291954418444919771430339987454254498405330346512894e-37
-1.000051244885783402260898368501274096878994439155035651104062334557319772031312848059771582029182413643332207727976786732829213948380434040601620464102955118954358967022158580039199512019025 1.905312531384173002222702002628409346514778799114544985818730496363569907522416251837726927607559781555274530606263089121711400778752989641128748803330316900058990936616211560425723664110484e-05
-1.000050038008474487189841025429278121117227478623738806885495898110765590778047104828652911167550696072513835869333599362198461484623190547629318162073222602105025335396528679859009669037514 -1.839622273723730671272368178259621312507662960357724478022525313530119767518633697300520390451658666843792953880255527698743918222540688666716262065037208792182744038341328150630593115898298e-05
-0.9998058165370404118676591549309443515268985710906888605844297495133969505760475895540742563841505382965695302929853415473120341029245747572075654234661573934358779872522064591646552704028313 -1.184944269004675270191896811161766095872778922342458141520823617260915992649810544388500508155782832583221110833499893402760451585108937563202311609433985495470795416772003583296867904423452e-37
-1.000047389587306862204988758733964528939047464845289686850348797324331786702925901666197738291878250355660645049034674193484689303880707233638169956610875532682491373321152455820793461915296 1.715448230447461706479253930048147746867226723118832290785156165391651415490354052905797007572777573822270527864737906136354022407214082103060281063691599443920279486782744366359252250706207e-05
-1.000046308588372881565754138115292759627480936917846475139959893937185149041294649672035794611252372620733908365769379986759475950785269298504073228809436262394337501835453539252185933443327 -1.65801616259931717361407258384831443560072925646754952714270305826484933193970783378319342418514325382135882061256886593200539404237726091270702112661650051076369402033478804587520777393554e-05
-0.9998132444617420204437223819937668248690373039112163440639798557754594391218734173319913544480707318179324828926140091783905924814693686082415836664825581105039171811000071271945249221266538 -1.154541874761433448556675760175050917181429272619283222987567144038204021850573121062693069356519349369969691993569568377485045147874744388790039170909597084900611101480962890352556582320511e-37
-1.000043808615213963195852163204512162079127243089585232382465043290483874058044327071742982388991770316286033662377401876457084085012683090946215895771631372810218917969171291182419348473291 1.544778762643481064054745724592120549047788614526593816027905523367151903140819081494553037097414475103247723417977234511537467563759485348288805860200155315875952992091482362016848955052363e-05
-1.000042843741425696943280245660728854713516710758508699580569036165215470651663358332365539387000805364178083493286865900890807909518920853354160844946246554576895344009284789627481804710973 -1.494655122890329651297461193523662148368323100906028490577271717334643645231803459191377295279634232646421157243308667336291328640925294345492978647265921603420845858452433119337155796254264e-05
-0.9998202543830219248066878487241727208929683641733360189689852445128061830260756033195449456627872720222723283758423645866759323358526759388393701245806636990326001901103949713649836362452058 -1.174730297173047928853671478988039621841340945117247700600234132606840142533794450582023063184481044969175899180275863590496518979330869673226235549336779222157749873321448804412495067383422e-37
-1.000040480912324698622830802450460384325570288050979009117694722569914252606349008017212897360301400169829403214441821401063468541858226707408824132836926673161629592030661965275450857906335 1.391217561103758952577289496121647876913793061768531137520882436697612432461040493928438821745533127826168770893509798358873040082996087676399528568315927026623475080176654967739358999071314e-05
-1.000039623244729986732130142725724138395051312492272585874683764505470002279500518662655940015137261416101821358282925774309513792123612777405369529522907060394919226546241216952638123591617 -1.347568421968744335975055149951628337198381987279125715021389609134148633207139721707161846670054569718027536432030600281928253725035368282803183022431572671252059705579576881772717217689364e-05
-0.9998268770732212129044222514404861765862780415553738354693763498650605603694661594760681583508989422564882220356249480367101720590954307477922139846346228073050594869947277743441255134156216 -1.315330012073603982807501275379763589624272273559385415993768246241239365836706645662151406180961041654933959374888103311557570379589423467041590942854389134816195552295651723919435025089715e-37
-1.00003738722489958187441549546676324925217118748940490518004561173620551627748666830296647433562283334406950603859163787568495467309978770375170790868993410832977436425182421584700119707731 1.252925302277106127671403959355191321271777292347772623714918811192080524900088324949135527956047966860009558588901360219811833732204124330557638070965325619874077739177805128805827997632549e-05
-1.000036628601584788751175624329173519618206952131550194984800671135721243717450289870529919204884401072264703674827246717777328624651327126545861301831684904685307614439844524859536330971339 -1.215017412895354256178160180616825477965491613482674539886680781147401433562480694200969989177233573587556078181825869409065953296449990113470796791758437572178017781442759231488122101223312e-05
-0.9998331405253624619554126271167919126032457115115469956318405459649557831579511941307189665599517536388213791005956723187031708363110342105906027621882154477067768850978071582981261015891896 -1.744613527790178039987493569803541821981603180037107547759134694546259696931700991079387756236871744840033825793921057971064964521249438029445438018119800502364321831065450214151813054413538e-37
-1.000034509936160548812674635465452560588897420711927302354826793008774914117279225867042112420125544560073235011129571656211861458678628187003469385443286526197026941680361568415765927716002 1.128278018971552239303356650534861947381031184132416244700828840117785065451456495354683153599621403659505291967497716563554609042143027933025358478232915276339204096173792384333082505335026e-05
-1.00003384288239695251360950414093228129054745396704565016182477262979229225396499344390654782473042212582861438766883482153900428533748320109380726639686483983091503551546125995953322098603 -1.095465793079056253041509165381908618681412859771664565914866681901469071549240353050219300304843413878627649969474133162128629139991730948418584302000558765137953874972830739394044500306314e-05
-0.9998390702489073247204436009540605966155777178180325064199161927565685243159567719150216905258688539571357276938751408508473076188860175130144095080665520159978061237168541938088013157844986 -2.858825125495224432448095825917151447319280933261849285302884433333282603920967960715157002067754721119614288508936126663179846271606164668423855307528282419080163260542965952664760285115688e-37
-1.000031832916547763728829130900211925158753034741838750608760554878069754894506223755192534957945273237165704430913785246298812691710876221986111272111771741545643828129577774178330373659859 1.015839694162486688852310295330202796596477334904233508924247785990881990847795296146971299852408148286574316937894179204117262233876862348737499348456278378611933569004930581380641020845315e-05
-1.000031250581536173157095595111950610639611339381033418598400337837425869032684627502795105780764255461330401063823369553535571413142756423172903665662639273675916115643202681998293607330419 -9.875540130861381640857519642718006520749976026395156590512978384747927579658646988785821645141665542586475554142649784224406988158741108508378861669010977678733389215820539350467025008711819e-06
-0.999844689529450884061020894783647496281363175421631556950111880753066258111529899323220257924077686912850317200712680845188759959442316007122198196861533325385947305154456167350098034213605 -5.571667257743368139288082855325448599790399693010845205719565197317210841553857544444714456491613464684733903838221214406480419312831000237968895444261749491361308065348166100959096419418003e-37
-1.000029341388876399875223385620897256653567004220184050612595753707215469044481204001900891839845907196659401762970085148056198404576970464935571579671891123494100109158517103889936099187016 9.143386498653134173780698344779028516123183015450093466716990029620582924041979654402053096488004732761972169269139456030833145695015086372586434093424279382206845974492374681367588635096693e-06
-1.000028837488392484326449718244706325805871268549164267363847580604260567851771043405631982518370280492216333086552327155125934297223568592769994851012840427073991715121769091978071314659606 -8.900772053799272021791711917971693622639585890135405803774346345103982966771718215515933110363874095040211705548523303734149108641816959518521093151805843929706070648251968105622826552824449e-06
-0.9998500196572903114087790120635041010311656278984577021206544288380650485475662689165114447409693227719619148316105482904131773026831013566170640478823207516382025681214850058203892382802555 -1.194941276189891938095293950037891561658118867628448031046131548167120140271155708336151943660478549281584505217816848755314770948994160208619090259345832210964743158469969082119763988968809e-36
-1.000027021806792609837130229446681884261421561619895231473815264089588696209914690100131226729628959269924531562329764354447660254133463920953247622976017410218704177251588389583963430882053 8.226471604843390473170361508470267487909924830287410434059111065030752943070542178613057471725696814087993336807467753667081518098990046205101337217804949928580541457663314724347951836864581e-06
-1.000026590571110895070845525281672546498738067316014206446458085243318883313365105300309284569232471343621036241593752474925859666484131461328580629834668731813662679625527410050319717409288 -8.019661075630071238973876115960177713115139933819133856482569617912245128818314815337681325172838078448368844705888933070585800848551087392603008142221890229701444008183133443795567788874038e-06
-0.9998550801290579378238638290152879622736095940755642937021801145505475710400495491017280505447504159092643444035369242536501473430034267766242913524226858713902904529560349060418269692074967 -2.658004569786125172609666031159455993735282260932756877800322041391214559122492589507601793032868237813067273473823872711195922246724007522833475494416540123500359501796082418996220768847048e-36
-1.000024861745125075264998422679354487433441368548965117606926990216425316189000395999342824634655565658673027762379635437694833924896295371393428946348640471261527787977769675059414707473922 7.397638138087749075182383840903305766528584866070958002882224952065838781930824936160887542114592790035416110844063477007377171177342813794196330693700583651296079291454239309274101188342993e-06
-1.000024497871664021030580420136712868282433881428418495157322991999382576529330171393827375624324624293879600688556409108182369474021363080958390095934898147343904236848050854448223850134975 -7.222705402595009312452441762372871621930365288459881487343993676146243603369824159031193068931076680726441530968733685118064155880582922508940519840894213416682311145950029535172210486891527e-06
-0.9998598888259850072458662678796240530510587589483369436459472097423392243482887878577211351962901322383998126237209007500406021089508364688131041143767473181092522989696135201651440412826817 -5.947615751556799814511218234704889475619916524348241404377001238305687366532946073011642485683928520909976005972949062107469061395231893687539329593114034001618551943761147253947778064304452e-36
-1.000022849800895722972788563391421794428357494244949429895871992576791487186350270467782455203217929999891287417849455093909247444340175817565423349689553727532660157769916435427262646837396 6.647982196565645345276919891356159253370564150557459213761939351227870684508655611413795088656383180545035584793850238253915075128257798030072335146826810242226746161005994113295410961664062e-06
-1.000022548411081732845126348655016760072238723422980207449662955909720751744558345469835387939755027626461831092396590886220695156183994125565374511320566309762965139675193626685806557704043 -6.501450700439826886183784584868594898476321950254511377109587740561554413373438293112023189899456709518492493938707032240315871079633313214966463399814753224132154006515250186738111158575328e-06
-0.9998644621718400252148440798943179485774580929206645934354173020707329935594786516933040352850382279972923480559863578526791964875600959566458786539944507437506013489510721659678410632055715 -1.321336558605287566106519382486140655141192119297185480414829175003052101873936158474004124392386141034405926142846803773972289949578330190329662403942709155880708920697512805651795485436669e-35
-1.00002097550389640073636129193911710735584604217588802475697808670486691932854366789138154537929741853638073767581797656560840316103660320808075421856464845601793380582734046818001221977119 5.969577294656315175675343223481054784749146000211437632659004078347575390774614264179914256791122918645695836896730913362492454894880814086318235976218906361336877182848435773156305854748074e-06
-1.000020732103792486991144921438849173238296229263780210159987913793725333351668192724571107109324803101138175136334345422821205117747559747099706363311731468004500659459165875440636029042357 -5.848365458274224699214892823190509192769366072863966474637562210044233450401834781833355549467224919897178164995894667293186824171090986586224073256988114650849129268820598560110745523269465e-06
-0.9998688152731468802947930987021741724611229886384087352961857967536788948493061647690589711631300605997607881681206399420464550659974451405928740205662739196878200870942159939640295689740433 -2.899896894092659609605759903150458044350649000435510284169460079584691646020145037065509099526161889472762665752412184598915230569414911668890586551484289039809317802454312392136523865302265e-35
-1.000019229235862043162741762356986227901574314858097895422594667712298265820888863327385564715296788632079393600899842701831977709993224589335738667098596983554954567128461481702197311829912 5.355358825380829405907382613654483915818088638922111868438788523562970152988055390683666143010892022212048095070511608289175124389849595767899418653692599907777886941180218340637840208100831e-06
-1.000019039680148254559357523274849699540786143676849645434014686907343713470296723689510369065568695174614397567606340302578079018064597858593919121500472466851081810088544253830360512726838 -5.256732452105054229689506798731560933010078514483610535129191705246089169679953820455072603642179697632095258322740338776433538621711597381701704724435511253529498325800580739550519165625566e-06
-1.000017602157378582007097056653520480035777654138934660847333514774120686850131927908750579681232378233929919160539996556788458317856599564985052865502079711709389110071910622333928728485469 4.799023382239875550213497361738001072993792019983713186421165060140798569069319430252586291981255767125141170862892499512368354221880728187491491597286685458903791590810287555749141133833653e-06
-1.000017462616306992617891307824411447270029422903804224864595918933072550703155327659603222868685442979674264425458667540021550301085935210468696398146060170926101252178290105085474280208199 -4.720554073674315122822523930210505746764149606694437732115631264988083057732491891502032178933104756393824394730683761844744521142657653259565310325841933482264039236871675757974100649608385e-06
-1.000016086141758246313021430728699979898809361551566547333946310965095891761101158821711707378388759332108132691444317053054670113325198823022311406697004844431841017281961990866844321034153 4.29494089723941918426072403834644358422022824575323273113855928453909392826240586031276405350314186214466856298656887596635742869471388464108234672504381379988764747696963528136634040021924e-06
-1.000015993070735871619727319295946670093162299263614331380382761163689189922818806921954772202778556520328316136047008485238649928714818160152336715789895561679525882936353325492684334249173 -4.234469625012452122705363832334201415689750645194710075954343642842667349429893304758193774725306720903089842389086627395103818002056511615748432974255888957212680835408935690496786626057674e-06
-1.000014673715198069634357003726888798625558807024774799245448921460123696047171841796286814307965133870775998887809286100465692681687684462678926713820193076757815929401275924965860726707873 3.838077857001558851152578864767870869535896742645530102641786413534846690333370836655874605241049659678698827245794562070907765820079433812829735643205895322034948998719519139568565944817092e-06
-1.000014623826676917329034913079861901432596178940753540120428858315942074864115852564422807745262663846134165466163003295178239707829002090553772960630226231230257501143152156955312719509466 -3.793682959914857099374510872662886802664649537918047721741664704668134082952624844780019618505998305294314377625153134975198763224708863520924685431601939229176657901277871991920642245950939e-06
-1.000013358002611075975903461311326784005602468756617272531740024473198516786453755365679517237828730904088524158765160955771016164192790539062925449769691015926577073463476165956634930263006 3.423930115669202831904744345432546371433003414594658117353354863434106214810673849028579486281682880808903870478796413638446158114340491930993161438261340476826433567065031771385536741588333e-06
-1.000013348239985893102129024299104700700702835327678811160049588685919274790397430438694494840772807544859202876430669642467155851599789070847400201132475953676532384025524479021926440050431 -3.393899089836158297131361215742779860244440799662449129977657863864781759845838360074164716812085615553754451025656540132928640601419821863412219637787802423603071920055959766014678266809153e-06
-1.000012132678585158168562087446881589024591826096511430821217361911677384843850940244832689063224437722401923648231178567767182158716458350450160752151640998548311286217928977399433065200286 3.048464040404649262943480318340322333727054986826003709576134677836655391351437797475816072357312774691241633217300781436994170713854160888702735165638062130988980758730099688717705939515595e-06
-1.000012160191816390951742537435042701885309273413003054840364698105585809234006843341906419456360922994483184261946626098621756406674444865568616326916581176932409351201969438738509720056263 -3.031268571150813284131311692797446955467131232002809078029179402667150477729347904670688429518025580355351599084769232981821342491815818386958938500831582061351254987436239088411792521970945e-06
-1.000010991922983294839585217731708066854284952566282499291683301813169311223945184599588058339127379254074700571199634559007835758120523969948628349622642439809733285852384061177425091301591 2.708064909740377656660058965742228912700030208512394603282759984954766566587072415137965186543584013552798095607461679356540206181798023898950192969234951121485330503080209002259204032892768e-06
-1.000011054045675249127495870553897268067855451959561363903453550798179848013181166956728711693591035166170688288614326330731128643199944523731555892218685204808704598598944893044924831015274 -2.70233865962065488559239466179148414238128048590693591304644356479738615351632351567910194149358335180281164193937743736069469980417998204277093442957997469223308453658993948080896063473138e-06
-1.000009930380751564464963599703195804144914563328887785548684536958082124679666776326273309157139842210740248022865378057245026570004345499197075289103858552435076553158396990575514708123674 2.399491642864381682121275320404824840688218875696092363771524941070029479414618528466934009387835240514135530980641678073670713441367068623789352329497520118653098319466486384447979804108858e-06
-1.000010024608423435964897881013298372863588636460876560642084070597030950663184345299547585228437470847784768549550356928304634788671201081919903518277259946291043087387789948323561729041366 -2.404010361408559596431563945723159998822786369940808226500922832939941619967694919363590654191461168345748383357153212580948501196273159034518436992504884521043126998766841674557423462681294e-06
-1.000008943125549493830353778099078257349209125522795436323759953478272487143552157019397522684557666547045353397890588715795753701697390216049238517140017860659251604757594722609778872020002 2.11983707442306432370010448255668114783927288704096045666758262720425748453225671915978234178408855687188805015520157146888866332383848543035250915539406217720171024098630986986928615146641e-06
-1.000009067094839184483104657104974950861952334786784128134165281118193286654601337828618314211269371287111279969099907772041513587210153557939762395242555024507287696061891883483461377106058 -2.133500632396732571383291050608178174128220263324829133705526038310638803059593476261236295320097483380905630860241810215608852086485550283114986719788247297656940409982947312747736460779056e-06
-1.000008025626861881431965725190383862404281560138818480371498150519248197636289835980554566882071510059902568043405638373127941078431325538764684740612628710736655289081665323265838889275552 1.866493109742213489616590109276736291243502478580585366210502219771053024905456060916929506953105441216289791358151833678357337711788952354949533422487367312964336410629857480321487218980236e-06
-1.000008177095398119637071024937088976878289854934652156710208679127370117024625065279783605448664674125284416240450663713262323009047881149097159444999224243271904246929762139118526651670965 -1.888309082586380982318215338085470479767878717655037165197215721067266200494805312468687813548980235576507161424869095865262652792956145839210022536384881764773543613426940677480660034500434e-06
-1.000007173720294095829737995470151269244699375802831058836546040050411266031785405564622447000395330472223474584928843422052475743860758214011655302140183344851328531803290042556811789215434 1.637120205381344009461989054710117324079242257758040613920762442103171976630802461315922022728234635144634585389587454159253356685712359960482835197202863844982612570436692471963040184161003e-06
-1.000007350546959106743587713663503863846506167989855939990009419032072046324442831751874784003881631816008194062399290912512775019447678530246344718456833524444354910703439390904908227802178 -1.666188633225590760852393995135615433493982573128064065938935526569854125796350743531280264871645643180660997713603265835130658542625114132310744148514906208144639301854406302652434134150403e-06
-1.000006383580796630125007232507714856022112890754785853153541761071550999223318359777110018532235572711181955767459062712414022959034510051424641971268319131094742566999050030610941900238201 1.429620728284305268154867004827804517043705669922466460507723961096021404037209497819501411777197738032791872070412947782324428547503091790411272954412762459797168197799535910495298632743773e-06
-1.000006583706075476867920345756053970520712717338117966433538063751278945405134787161203126700203599462064619542946273836335676521204602525518079163591930430228908323510363155632315491047612 -1.465119654094361111299591941809524223877757561713755658069996907777625366289783622526824927826395651483115591424054400567343153912662459529355693964609855413560782974247667190642574284401783e-06
-1.000005651698613215381427344068550106472564252374542479278486019833470940003169656603195036661215428162068678472192651808536305571282395774241907011737096748193425428470095084436555342525998 1.242115869813325655655979404785556623450526715920295225436375080103445462381691598250935942971927077379235491747082188200682921349710376280391829434507826793628473833382154959823174069270119e-06
-1.000005873124680626353190622231368452318174568141499526581322667023333951782810425606532535737456090620315794762599303992168665676267379372122127025887362200079533938414593731370136235022332 -1.283287180219809822447791617986193971568166282395171285340629989572672525215194318880310497818332985224330870771568799230209174954305302257378847725841996732922332842125835342972238869141792e-06
-1.000004974857802471436912552284163787548047840738177158381077580391658983421130044085410824651716711632727040767696700075665161685351378464871169479363927764952327112831001541594900691543969 1.072925965038746178125843457511771430766351489153175614061147227432461591762691010859658355808815821046602770303720913445882335196692817708664957390310287450141227117630038975289673807229844e-06
-1.000005215627927608679545081929394751667171220910817649069143705688727864866675904576848697364648600065754631139025153371333362161072544433650814782646327069847508657572417740837893276501645 -1.119060874760953607437182238944513573157372756901516226372288582297865601163757930243386512725662948551103635314791025882668934076639316674126237651285850815626027349061044296516603499972239e-06
-1.000004350117230542907495207302258827048005645311061418580199221446785852947827962413625199064866103705856374310524511304100960302700848621592809716387021269568660192841412539024755858810392 9.205543780508540142939733831109329207523717988021053404358571845798286413651925880642567655926314987594930614550208427679839060746944178406178559346212270769053081055886373625239692554239941e-07
-1.000004608294000367103926192304508259484400238284839472090316003199862425878350984662386465656233672210089805088691580457635717155409571687114959722758986552567810652129659981522289632571767 -9.709774720304649070476765291152128380854811972715658819757659952940000205181391798478393687746684057629799789471808596959581277500266058113574263578537389490605918338107979614717638582179439e-07
-1.000003774793868537135622753500415418815325043373247708151757468553608514569977834452327986019354309631730335887840009981079919882781154599439081588489894463794728242356295557956464819060904 7.836757513082270079747174399332451553444192335368389762152445271439248235709518113206521064730581927355652521376329493154736692357573378997929842711053941957743006485958302958080884876649532e-07
-1.00000324644762086899051309832576116528011901451290314677599622472394204010104797129090000506491895921257183706917271998384819483706815656710388073370046177241218067300750930680423276291388 6.611307364732704298517904287987858487106626115470094756970079888664494074127039778055605733994456402208010178253194791088862896392904708508249710657022093101771295708304731467651474732416746e-07
-1.000004048435773174100649481476864570534969461135380133518746091577856585964705835074022095953337075428755276887548885437010165844401824366056754232766251679366745258925295624779061217704864 -8.377255054847821114568185390537036049589497738426682189372785717820410991937902617598276702524243137699282677325100581720992573590889893742661654657790869825830092573896105663959364254291695e-07
-1.000002762864305030011679948132768391129587562494284499179100317069778341475076834763544666344217052715968114137316846471189262402996031130982728414980542759658487629323267780482476769187538 5.51931653025414365182355108595001731449495083285494644029890782741167052763396421296811278516282016051706891518027036019466962940003642792130478850490234762135580585380049640305084532634016e-07
-1.000003533584303727948883346218949393117497678871446656843882290963174718406702308499867077135108850264364714411454420122243982594121477962133434527242713638078524953625948283442905341082996 -7.181321987996600779648810998014802673362012300262549673813083400333983133873234672684386554347661735704743740669221261336373225996096594313800112541464356877265105525219530690975428050913567e-07
-1.000002322024953533647411535357395986573103698574856670830257543101527193769656884697900983690418958943057988202794808222658808632496175357113006722884372554604915995881813593554424243449338 4.552855221064595683478454593662310908218533708154264594575756068101881746262483227639340966664466128470116944241541027596475996036561651922966237030170893808523428583721005188955727249060361e-07
-1.00000306147436291427796904326461110437643732284421605730715211579742344689356477704910548260846082761181088999626472339425192357542425936268748354579434946540856761684659067741110028210731 -6.11152449918732685999874817598283836201778388554165821419074086096221900111078779396732739340543817938948523188716211904147445016515785455258818434563237964119191576173638973089512007479186e-07
-1.000001922029178222272906637548857410890149617111686166073534552629579176405266998838756761661802496430815127302680666332588795555657570069518226659273709599156032238104511016355158526150698 3.706329907880902036988854187724340284614518540354882767695965142167621632261067398626348167152688506881232537952134541788194562665311447514560921601557190488562379959836236529945508443252236e-07
-1.000002630032632119849542255508560907654386493138360770037997273753533627949130946223584286501321831030738507873649729383407297001494256324515594203067280805673698641062620694289677837605751 -5.158597686170996777418072269268418286049857293994924069263856417809577981611686465610759115369421898689799610069602677172303447534331527660886941335391413299981408551904272532628002614490288e-07
-1.000001560915675732445535481580501595357410710950490920966947320305952349915929397494416618091475864958604386086952660418580934814601299072847080701115298834405629824752847715278771404395344 2.976524255078304595385838300242002380071946690629201990936526098147435213735121783208438486026150135405713105706583666241726748028023833023063551985224561433985299302545119215468823166316784e-07
-1.000002237369948652567489633664588281099001583096242051600780412492989763901910829057995122906178057612407432595336707860196291576784388675004686818550664631174621448484787277459715699228544 -4.314385304539926093388005902674780133448012620450822379815188348097476049605961506705471805580577565375279748408534109786376760482188190422268187379396928572477765874714524608012432580238242e-07
-1.000001236379168008224757794521856000344582314250972665005307929958733542578531474875014733006983616886041950710368003863935221150637896708117758117285285827757668720693335593176572863740398 2.360577560101980878359641532118097334764742448040360510223351009877139845787815749143418158719704798093089208690628552017816039959101993036409605993935270494167938179718804778859347763140623e-07
-1.000000945678328311947166414978386966359791374863251269271972517889338048035488252957514916155883411383938064987844015198109327401830086649978513362862212032163213402285390380919174782030101 1.850054158538762948298027651767643508691300042354206640419701259294099901255580890795617083978609927995967550661418740620165418500531209361511259553475118309151687392988690850207025691816949e-07
-1.000001881779917953632323755689633996056660121146099220780146080619839972982433212148497446546753633168835867121746447568812451195308007198403856938884232920305766531280057585649397937313181 -3.571752311290986765056776713592260749684356449259652165028123463049743217201591957486525481267566295869086899304446505401749385486324816892971552589441810388393929412630381403864576014126026e-07
-1.000000686214921632010468659772070987176009823172071448940368951861140485277149022667333892741661651776764894513506344639727197118750288708010916338539744283435440392721068592632756724467734 1.424784005698894163194825084881329876712371995250646582912668169481106860337519117201611367069229979145361831472954546449072587349923947391223799404750439675929542488117230612576940475832813e-07
-1.000001561746047779917403193934173668366268387881194684680878319714909139792866343600633870423598755140448129609805270667824249759183780784636610054853436896779822053937131714607421020151596 -2.924422924156625499081308567021386635100231349783947818144980041055056683855274746646886618912027124533191174877092283489664330448720590709226017082223785139954821074459897690000369002481683e-07
-1.000000456300573313718023534663398227960830752780014967872347167645967010085398994125001212772602384754648474867829200462895358607383905933050137424430024838125679730058027911923000196181399 1.054866599286284664199869848590133061938732389169985314698701816194956081155559971593934565881841032987582474627032425901371478720184581167964849345908757308741161547507031803192566564086094e-07
-1.00000127595399407973200689060298298945554560558092048345293937483313343683621011973257507199535178387667978060222726210075846495321857312584749539837007894427799042931135586259070174189228 -2.36661173254251810805292832182963341627196653347245010182180853168426204245549423108133367603746247454918305784901307821929002339955740380297099643337498520065209715776659728942179811130227e-07
-1.000000254053965315626841901604684338817622394669107600512529671767232910144475746032250651950860895129311379933519013821902142403852817513074836093108855973864157995384440250721431704907325 7.053688798735592782419509539914165549530778050454200351117964710550976930785385266007373937075479894975228496187578457709115111322917779741153112643157364173702436105623888556407300412772168e-08
-1.000001023287616866640375243526810414813970563437529342919664243548533256577606097510016712677117326795912202023172522735986446608201365808029361533029439236385714014876946998113550894027744 -1.892293740866922970244239086666618902575266615780010976153953129770240587243759592123260217509844753597219043214382785632665807330760160360394801656796027669728431087263153932193759255279015e-07
-1.000000802762752797094076949673546941286676421142931678509655621315491760069105724577937202487680563702895496869545935220387646842380092371349797036114600203806457755743600782002040307307501 -1.494201911324477588564624831671205294824777343349012368166820501175507059082429046066970901559666762038158514396676858604739798838204344940419662057988400208167131842988980325284847578194826e-07
-1.000000613366474776845115733420746851317733303489545712342610900769910971746520012450031275818383778924965969458161456810165463630827494681353477685978096720902004466705544865521548821898481 -1.163231689388787982789190586772563209922857558547936429155879543139741199559727518844111445878972102789022262659392992762584187508677312500939826458327025362582851637103999931193213936909122e-07
-1.00000045386154480862051714821355737542553641853383635426967595143389342503659747087206395856211983215530077149285553065593529116208882032734063303624030188935104814851650044202713755899997 -8.89117630713697527216116200920364617907332130364294166254361031209222162377517923064034316093173232992226751773451260712888604917309747799528579621876559454004414077202890839951540219807511e-08
-1.000000322681233723257584107777345840186401293299127193321480350689429428721692825383563797847675702875193303188611183469129023401595072982689876778801850518239025501377465366776051783054859 -6.621784511360449771183856748966119856957331452145034625503983714283205467596788654695472079044720727602655203108304902874080958844354557263769132492257628989236967230396431070815534619299523e-08
-1.000000217948060170033864184936692113938061842362416177834593176291479454852080582246082989632999381350020714433604404518413956227563588879311418238322335525844097817121424310345719678494754 -4.748394654636371320545706225007602660203818037288980963968849623311736802881182910519250596373372871646501930984803900146359154162671969615873030537806632029288033405966146223160017077667123e-08
-1.000000137525141843149850683984721679287641848186907452712792488146137277149669989509682576459631441399820756949872576301491912322775714458581780874326844920753397919994364507220260507729569 -3.221122970571670806033229947585912639837516377355707647215164515998794134144260629476584625707422259351929742562201254041716135773160876038207721568298504302497738951052028325820918859145846e-08
-1.000000079008658619542992197986688342630562764979446845571957520814163700533664415676440080236596752809435965115378593078027407529664055626457810398526607225757957286116335413086955896421261 -2.012251558758263748978869518183165117753511326681500997099971540180033407237529310324069003910598581771190144727871692676394640427565185946655718234347039201030959042976316186285009890029002e-08
-1.000000039636146267225306520028976053287855276333414953721617616828792580491546512619023449004425910828663396216561449444629110105776647428127673295385882863017414601549977640849551058402908 -1.108243865872156157324998438210187943613793684915229099495606112508433971573455389899262523061130047541522798098198900680432095170988501729635924097138016031077038882497928605961779918181575e-08
-1.000000016136562995821352688772757164108245293327990115102148955462202846361937630334974265760740402506874889957671968275129586813671458056544050401683181865558531547566981357739414533253482 -4.982249123336998239118121112141867352922794120036401966044929930142570184273346547683269431585056344738083574055889191989180138139984826012117930923848904535309426196520207669115927061310409e-09
-1.000000004608428997464521277928877737112278444069426339656935013091613461540454122277275854471739820935053500331664831438556496730238310961012324273041570171278517832391181202272295004289181 -1.568427953353727313032429642577851551875065685022508702115902530134965118058592180026329490971401514328226546606572263067937828894846340403562098844316973755995189024538866614514147643365104e-09
-1.000000000008201225589705165476214577865785444254704876059037740813411820186354066980801637592203112225824929143879751376359431541962599416764381307744030094998663814664526324810221716483264 -3.180030066076541239648818019712260462794009974367410608195014997735647876606849335043064070992450574060586533607139657523143073672426785840251601492647830965996976198471416435577029368605494e-12
-1.000000000640097344190056614216086456850501833244154320793503885047234347727667968552175921893731328645362617253370156203462632561920234524055593875995360543683846240699694674360309065392824 -2.36479828229955635067592774522635283772592983164091371817902950874676729309958942501525884465804568600267594728514183238624573999257622955122303797693552078021116563299789469171640767855422e-10
-0.9998729620439183118917670963036351941218213174540917746338525323329358809248765549447123515607258683911072578763985227954682707259205982851596322184308116221581023445996531408555585645983373 -6.276781108187850354140428916428608909213324839416179583954138514621374630929379692067449257754235872089405703989957040429238559945849082453167631303192546475781302638205072133695329671550381e-35
-0.9998769153168280342760927080268329947712133849915128816423705335421942415585313565443937070216933379894137355905858819720508214675363621299812355454035838165952086062232253770106012371971384 -1.339543666576026153594934175973224140519762412072320259962811303093535131938077938022876960222938533504463527985951025148981306131198805926008992240476434339534421160260729769415667741414084e-34
-0.9998806869424802698695198813791478679075586110573963178783123334883243705315977525807582872223315760955108023431626933780626797408300109881518745046274574097983140515257418706873033389715991 -2.819389921682952698408738318076338371050739317629304893589242935443946070554808169860787192218517138769246232151120127676639754959677215611201863506931608440492974924370147550516062770725275e-34
-1.000000477835304801480033394262484768864762589722195213718258325228613658785711712576807334177927475080463109185417265148144254918038563033303053964248001027090943236991683632585750983175242 1.051568025525734762675058063697312849339469392715418953939766576381431046237957763498984390908952086653053563219791335071699476865167451643802050222998497637147584505795611664681927862281033e-06
-0.9998842878782107008977443664979760956546204784403697130229887359381798698218107479008046622097295926599724683806583050716549050848142427444187731038598398993461641424241871517750912808463227 -5.855056549107354902814458411986736806814079079159671533436379055009401997489421368254242244868596907613078783713784653330556329456403560893152598827751626964031652316737888101279039416126137e-34
-0.9998877282676614265150954757095920334906756651125289544666870204613900000300729097198231716378230855685100340461013823529828297430382660000418651733226972106633892458727985547206862146989736 -1.200358807644100813028122962705777742391694680053709046216929776643506312563566428277984638773414997090245597118585142317134816005596707576469958258233756895124925505483032531414255587305331e-33
-0.9998910175122090588856299547053258067311096901370758948254309089481603024043927930819141997238914614148285553148189317080349708699781983819379939535699752252756864722569294453779000396196287 -2.430661964228243116660035623985905504979471832516703622895325054170839076991214593394458815604598701163406562986878559585817699107138511852786851131359615559157842702116766378213264626559608e-33
-0.9999995748639207427911542586974334984019741161740549850231396966381307267594294761370127092524299366315935705093707544085338104269510752031610401473340039038679976829044637947038396146834832 2.221395780484596201359387250670060009301770029218131735448387819645361382061917837908521354625642969123036517247532000993476690641767380651928044486652606571570989284327729791413124161741387e-06
-0.9998941643351851773994546221269074850881176878161437462046828565369979037074633693651188356156236438063262135392637073096808532037787074984704792193536925308249423734089294974807424708743915 -4.864012211654111678203730479807643532021874182288380866892286436797062802021018009500871262794673488992981738087891056002619103133727213835948847289897964431428230827078126475334344031250259e-33
-0.999897176839708310234969389687091705378188047933468594284502184845191149213741624524892349426117262793779216409499255206827522727101093868930869867909724254428119595310694079983639641686218 -9.623536677004437406896247846047413121581119301113480650569609277890870465667614246798575997616349384768212347437210750966232330273232938718168486387904246814693177679184384623330819012950767e-33
-0.9999000625608433688396987049872160265888128250020710308549572770355099899777711454678488271605096550057234031170048632595989446290538532236208694600897165326815509546152305512004652118171421 -1.883420707656967340877494443411083222923711249456651964230703667714270700989586586590834494381453102546604055862808726242445457184591965342764191537816999213165983730904981206846656975500372e-32
-0.9999028285127154719256468136964843548676660483514535973598426979747280485011436987898767963972389287687059643846122798030515757659859545998439247880965951749524715351452234259460025535553401 -3.64774557860454122988907041844307276137452104565707684349076697748107691012942562510742131282524062848506887189997728737250441802162269757591871925792943513148387005660777631282173363064986e-32
-0.9999979955384320883859242502038354624819653442466814363745153599764661129998594030479703849845217512243599158271564778945616039145188450802470053699969074240191544298928634119292906984749016 3.188210612261082649448704898403865342048589231302346120699768800234450410473312611329400275484759607537029107173885383359940472220573093510161147306620871198264950352951929273367257666968252e-06
-0.9999054812311282263635354722635757129313510262081214995398698514772599748504903008514354528055491437757334854004131094081679436990560521433229283247758317867312298948758559981240887755312674 -6.994361835561583892336613424271514139584694503889380632936309085300653476145242054399383547814608801638768376504616530024672606268320899726576926986747197641288325505279580811452922501373975e-32
-0.999908026812169992053328717016147144857207347698586880127650556580059756187950880066512627291126219275514852979318453737602498023644924781015908475213932995802109712136812630403820640145709 -1.328281802718989787170683014017919737921904972748714084993918898237942962696092245105267648425157346359690390171472080518178045153914279986275129852870246913513592510375766336397119214447815e-31
-0.9999104709472339403705988014591262345149884497434084984772676125918420912883336267733193153205164801419406807866901827363351262586064206517663128244756579206984871580003299219635571731817627 -2.499275808302120354817039772486885093526754797672705922744761968572126963893842572606611804921181586013152615487055182226913713548337187762679752844279677311029641914350573526852635523062741e-31
-0.9999128189548275514413910492930077170175429941316690829793675521972294607697626025234719977068816458575203634033807394861424973789338859952953400689357799979268626057292557234134275612956433 -4.660954978622071220500230264408518607609639523868382535733417672473754684905925112445744451919611047462728170523426820954315763762629015183438667435396399585041677344204295511212592841020135e-31
-0.9999150758095035112987365164911414122022900777645182924620061852111139068942949560899143192953414585877329156457910666549742689161403046953168219036175420904564532970051838524015087840232845 -8.618259167294600950559094120839412345371794793244898964852608347763206561761714414472809501066441892204016395212888205855775784194093420368037040355421038775968058320722789355074903176345403e-31
-0.9999172461682058570642671947764753402246101798772154045710136053504431297195511115947274731417344008071747350873087902185827653422620336363994306599001349391028385506241078375559459549126161 -1.580476485925877059783260879567112773031601062026615353685069655425248254142858555881264725444242418885156805349648654116261842660603733656327979027736786676231009736187403985476199758253291e-30
-0.9999959242014139853642860950068213276870248404762469193917020822300457281207250112326109640671396598428232896444099490341798410168501316364264806107304095291550985775110516663337818924147244 3.843452680968971351249970142457799341982982225524815230826062136279905690948929022965434254308480754099939523958238864036265746654505223781758170082581129771888823072195361522196360755584447e-06
-0.9999193343942919050979723731712406329198260833102216044760934358431269197510850172754289012247973891804752664700697050481867644800071025447336295409941421178735675801516234172667233930762028 -2.875501256319665109363112641459979726067061596876567973219022881598692961987908321216144299349330988084377854672775893477769447206159792764612966002471782210991222214717479574764312336378533e-30
-0.9999213445794613270857643945813487289367481017040849300907927444603600433971509309266288425965335552894114863879926236648435096753599888775522904989365125830793855725919660076014383129885011 -5.191860542342693222714588359477777393313765567992820487414037446338287976911318621308712207785154252703695686549470995087887866904773514711538329692544329379962605069847455150677123921032838e-30
-0.9999232805637981525362404966378294173949536481716084119474346861720178393016936362406218254933836383701250873001609083455101501213992347494945587357764750893902415643916293343138177914352266 -9.305451271615128359383515753096201071773833491266741297286354681227909787528609498903435149449535955432416843377904378841583731675385583692992320473462252230026655452520469958698735976642348e-30
-0.9999251459541089948629599331082482238030898628277964101118009416699141593514949905396013977704553672714812082048499995641673566966004914128369054872336502633079642244211624725083203762834986 -1.65604589657802679389836549856197544693881558249609778311364449118938334226559650967619893323344281628145302322927087687591050719217459827405658487123956196057357042309916395754195703243918e-29
-0.9999269441407210126524252140403181073736436814495655160370303137476931456894103482694638995122623007018139752355414517294947624698837374206205110275104232143534872963609986513093191340910671 -2.927104459562133245552668340999683168239990069213087687293628692780665414330916664706494239961482960894048228494952457054603306960543982028051006922575012146949189749539573674163703536375329e-29
-0.9999286783128856765752276034748480692730883635215450775069337459490465014056852989892199768143154401557628002931587189716057744139166847200917417628816682499533529815165609184173911989068097 -5.139733577968688450486808710689469461741746064678966981300227588446732090355778928269492380074378555178525052550597587760144683521652457472313714681026701747551160918336191922645287393296076e-29
-0.9999303514729190137473534589811785171792958451791397635362876914337243254026865300326974494464883029678140760074532031634672722137272278847974907549166620308127274824969208754306771474447469 -8.96769105855511242312144755251420738239498377844399927637080372227461432691243107850634691073923295356815633692837567496999298749535326499430648564289815812821537977045177272076726089801587e-29
-0.999993569722352862958953617694431363076468959639806810146231234478754250141536454056434982461687167451149210286216418342227578258869699119437147753144043881592852117194961130563285940646035 4.120431358382330376234814959066549349838520262553062520119172323628914609701650172205117833076207894049389531417801334886343669012471571601802367404491513824511608625766137860844196660905924e-06
-0.9999319664491953851730425195280152658367717040391886343234814879516602553489692949449246670527796867889253970095096774787089524031252280340173793877696169374400747577106349427366880220585669 -1.555088837677272132370570012455629044123726402387266146959196044740263632273315894816738415866889855139340793355555048120768169079961149592691872149837324548324772859616417077461056215754303e-28
-0.9999335259080997938733381135548066376443950409074407884312336577238966042387918631397363992709779582489802620376711943346634686109298748835162862615569542786825891599606832572471274880926861 -2.680755689814995309446355147817547738313456173561344593260399880092837180868824236868099395243464170308487527093005079032822988019871453685824894230981126046617637450965878016567680817655929e-28
-0.9999350323650330275436058353765257361338452609281315437146900217770828445689926204653716698739410753085453005453929117995314900501247004902015737457952467041656554550156258080952341470122383 -4.594898776235372520194885872614956503427431137150153148014508509379877827179188879942827029966515880505500348515420919732213143191925515343532452781097239225611841988237791039957979948493717e-28
-0.999936488194554442226106940584538698570698226445696550446538314656023515131669024102326505576816049093031727747019023550901119345298707972605091068817243532304829929948117603344874276885399 -7.832439695560709527413452215055219721472208237337730196920868149628370175176412453757875306841250608062596118736001026031736439968833898627691005384043948927838399055916048864183590339128872e-28
-0.9999378956397387469463924554055970388911523785243639902938305614418396644977849081285007796875514420407558456620451053052921025758175275729030162536551657316203080066636224232759637881805308 -1.328015076396369508614853843642324174272790743536183934869487726970382154397050686439848862782587017261542146690440339153856282093260797411743705839289109493371188490131881852994207189932582e-27
-0.9999392568208156270722187762597187055173505993680004093954465483738194121963262541184220635830340040395719858485578371271513198042452992608286935787301809144322629122423310204554645188223891 -2.240129528980381359783362882976988678921494208444008805331805145178767910359982347104606121990907265488673908666013660650437765682212482899209806838278452776311365047565967082773579520781456e-27
-0.9999405737431543362614482784280995512694271271402047626488184219091322805155228946957928812069107350013434676142246447110348447899353919569263986798616715822353175905802173644444305959558901 -3.759965621095570244320327560914029036885181287161945950836730194070872742693947125991082875188417666794499484474178194282838246137015058441134482522432001094289666017321704193523054018903044e-27
-0.9999418483046493973594792869649036157080485053353979323942275206669348169741095502983145213039539580416847852881351241466693973784599503192747885926478472809788905747613421365032704662982201 -6.280712805163514094265373085156897839270374429605400362796438840769368259903344568789852367407883600474332220406726182360416234123210308748671834865079794298827518481485484700690633933877932e-27
-0.9999911592146211791402672943026156003151943033435000017778335997248453860377106650768022237436236012369469539629515525495292903457365131925878870267585968983095766954603068436087209912061581 3.995662473672499909763983235527351639949150152902564848096533166054039794230938518393638048581815247377689236584153097198420169432444445121899929327537344314249916030584176936810601690073364e-06
-0.999943082302558197767060360871949302562478723019462371278627527981609589045196706466327702219896954729057392096673821400035581090251079456032436154502803878782221935719626113168562113586162 -1.044285952454693444328389449919202068258383399697217703949960808422913123855433002443206019338641159665794909851869220263274049880276025225054052441902277233075029317680304940957513952599601e-26
-0.9999442774398364714362604997304664355188329125632289419540390834096572952031797087943450723217807262190214288618187144292231035334361142031309490522986701976271884759426710533627427406547078 -1.728558449070652583739700420653415423476989068344476691257004312874567903098773170657403992437090588401235768599064658047376975071191677567281132242437887284416650744149977766836388211477558e-26
-0.9999454353310133636869056637954563952749805574011365092595333297701307930108676363410922272494813614146308641334835205091866974435854199170650896017475090896592172716156067716274245691433325 -2.848847738006450247127390439390532881356853735635467088113465066130916659317816076175677237105183513748315363696609827146031802096131850621953237200905799686640981050189009453063527822129077e-26
-0.9999465575076439202837990795612881387041737391752431474809716423902454265111201185939988101946988436450613801995397701438345472373747379306416929735987647337591315346064100786545329144521886 -4.6756197909651831509545905302262590258678362054997266491989081859482301040016817257153499313575477514927007932893790181314153836356565876057389265130621417357719765549784724104199513935393e-26
-0.9999476454233733793443145901008870322904826461356360270589148169097146475944599524465511939691520063621258999048216691123752929266895528721460391651163260290928188744783445020894243428989869 -7.642863986953494624815945718994287874657984695450656389576306082339432559801530293949623248261342125773379627498847300105702507774316760021868783578072853543392654685325125978687178353252916e-26
-0.9999487004586445302802005942222221817737668724756858284853138472007457894441940912047265333898159482855424930976855813726362377381290810273929431791999820393923990531706629699600306689568292 -1.244458333141906397838991413208216530518483075036333147307618273819610862779550609691723144470061596789391652298582511694591618515692560477388430121656148043063895697036386866160035646185364e-25
-0.999949723925076599925164099006752328229132393622074834926154326408213505333825795443905926543093145031685202026618588861405675086925927237917971253547566046129950713029934958930346678736027 -2.018693397435421115335402851120862783741720064706582289016259451883224914439345383212272447752881593528815664784305622754766312267800750521579575738434061618869537843576411783939749687952823e-25
-0.9999507170695415985896459586755539501139620757601724231063627937927937151122372335287482364159599011494064480336941935078595856516047385927383545736764435368098065115788222550949524339362664 -3.262743409726521499177499346667069055609552441402394452771816438042437859766818892844550061368000407347364791675644666845053393343964951400147546452757855605978186823460495382467413516053351e-25
-0.9999516810779617782910736612637176810066387179424156059834286851108594586686027326631451696044101100609048538546694032206693313016140978676891510203715698733969438486862386748309813117679626 -5.255005969260215568455242598365385948532726201352645068514581023475076624940177910113165106739482402132789359143554263692029355945419697779642439599868205502688068505580806393155856186096746e-25
-0.9999526170788497955568693884056576510638292173001077826307924425776237320288892477558669015362923289241042921193409249137608829482721038420681309081891679300621645456343682244237171315086261 -8.435190713108516066731914111298526306290147355271274205686803102626252270848909039108692291362677826461427584196712242488207911459320113335060935821989486876455629114198529340368844281884858e-25
-0.9999889182281088367409833240064772168524328095338524122675919905919791620948462906387257529311601040227182006269485253312819284944283829757012994832645758741538113420615698755496708574697339 3.485960598934502897345210067929914378321861267895124630811319805449813639956411395265367113130772047896249509362940082578717807165044975356021687046597465195680367695482534800898030613526757e-06
-0.9999535261466113087342214219880953634960504909163432776628311369290035385153374876523968422852714846384177547451177055577213134453210219438743562783740497465087159400399752703081706043980631 -1.349584993907683933720941851049506880956361451839803641908747246408060368789873311690062940397043164405564143595131965973405643955150415478642372994478467681027985604867570509154401726160416e-24
-0.9999544093046280540587001259950690256019626912193101467364060715970542300731287062817984073486949694824979099971811744315448737240405179182728253540898349928949791798717315293686142542782832 -2.15248493350081723023735531092578291542778453702362769688776582522009145441863045206370562615307746633145751062228938924378166000591405974926439816311493794860822522700096459539476312526153e-24
-0.9999552675281379175512567691516699830356231405489309986217226926429306164368101487831565393788076755468757338210289087369733459386860575436005268579641849219722318535737566963826745514086684 -3.422663380499829055471304170713566690549926804061954588600138191521841823572513902860310769510178613285417226778873148288526551453986664534503353660394616609415708821585602642919597199975841e-24
-0.9999561017469271348910907515521873887033393979739379699152601853311629236365411647000379626566882418575937982872752990137063261933019221181210833830415142528886755051465623937780517867867033 -5.426513718023898894392026469995864684675274434524765456405930093711580489257241023165269986468016914766203360362178658023527781407806469523199298831569420187346692853966166944408493861459522e-24
-0.9999569128478484943094453714795891428994747652344485743457814870555479694482018055062649129256118454159284461000876154003182310697832265823237423906653148765527460659577524094400533272987315 -8.579413923468562832482393155512066842954937894253794842341534002318348025431267407089569182585719436630793865709067444014409035874561805074193763673518964109453864235823656923422177675416164e-24
-0.9999577016771782754100830153854378852697823127572105626878599546268419626671648186191462419633847647054192717576239608706993360376513453889733325760701142974269863853989096715953045804817337 -1.352759669050257370536491529683968637661950163826224238833072064551728833013016155399056881757232192080514291375405974526255197319489849496022541736023467956902719974462013744624940649578661e-23
-0.9999584690428236181872558603576230744828486724849686472870570995310918431416892229039965936292465385803279862422979808200140887804988984141865163571962464064243130669235340000299115243473432 -2.127430192340531447442802870073275457067901248635876648483850592615349914149019890901163599459128395823838489153505646112973584885844446456099611686141324639432395751476992276846364522719219e-23
-0.9999592157163910711573212674361857969072819159188681225169236352399793014189675857396803939932207229579074247822188576118896402407972014619920045141861402521947471518425817481154635663105911 -3.337383114124332900998062757553823883581872523304206655145182161441207485896428860197181206066589090515970164605464324770296302457954375288336934617989486763947473481782621704469304395627399e-23
-0.9999599424351262063134657212768138609611425328586554897851719675164618147333307756634437546088492638319707270753528482080018425491238906927006787503662185415032759719558869103573426866771162 -5.222957181433172974751895279321882343876372514887187927324827985057456065897088413299958252022827937631825207097464984364783643718381024278785795449305049634535563879261107288453308672029422e-23
-0.9999606499037334033886484775914098719294701633666137960299608221153344272320113798783159582683845743862909791641115003634796079955625887787009601473543443584919621877298317468967376435704686 -8.155100475277591838324407880454587761583866605079864728319886418150439754904868357377993268392688479813659524342802652731101719097230207787463294223006809615765694702733627056799055330971843e-23
-0.9999613387960841893609816598835372064339769279530784868403567711036705705810440494117785423645034967918323473236391070845596214946043724129303447627883807109760784409601173891931827293902766 -1.270535140898847496663987851920954870777654645842630128362931047093364207029409085311811074590412341718660751534113849937087203835247223940079029571131664220039497620788949394118093452994849e-22
-0.9999620097568218647096938993489378057052883332965184332700718018663310904380977099796071986892517615440174769696638381940006964191000490277388592137459535812562781363452265216737223251582912 -1.975285852736393813447138396567110508640902404655798321668480210360198863280668047654485323870534785696757616478469419808888896929906858484092168011040718448502651941833965021690784858756747e-22
-0.9999626634028695497552647409998517716197122026973105146447686562433056003232448645990630272911945885431775116674135311183815981734497284532959656716929569480595926665549683308336997318475022 -3.064784237003840172833341236009481454234566823287649432176903028331323664013156092366948855069506216707761242989436721647085115752215387216390463303191023443739219253672466420012018314562011e-22
-0.9999870509997899449611629540935547066153248195897534447252066365903354526009937527004684216063319689564694663011478563262497773606285390138524355595071959681078934671738378469298902615449915 2.642932309792908294688419841772557976211015359625376684602840807985862195636654153149156080777872520186441237626202626607987988061788432041146653415046134488174855607795007966617716318335139e-06
-0.9999633003248482372214759901626421815687458757227082517520883835520870136198905424582914003840652483931660227729018964219576660986179780942129584104171291892938037812306841269589791132294354 -4.746098483430072865139511063884589576868446851092415833659403141791980758836173286011873934561478472659112752776361998577939301692620334165483356999462717602029547252600102430715479524160668e-22
-0.9999639210884109362017873719383814474824809841980665131094603351258900968273648926943216919209985982564272931265577466261793127387500400057542081406707670771272411844803299439702859195853858 -7.336352149680084708174279334768513103760715965788200393683480786632395345958518649374950261268117632115888817522569297628150352429073695649654433238053071613883291707981370741478456452119207e-22
-0.9999645262354985337357491165874769829412123382411984343806526423586208827119962234421629756442832259204526143324899263012023126984250050091636793099136048739815131604502054085352030077119728 -1.132059905524000884732677270784523622536213020178190205579451197844373402378458987519114885077060571698041353385061852213172033274623342138039700298142009625303642945778795063417096172197621e-21
-0.9999651162855225793661676588807972346580428037228177192246184519381806760825307269985720742531269931887429501770664294906102177693309155528260824439493452981687771676043539097327458422993946 -1.743987164464723693078664929380470148299743483672236904513932909261771869282249193515041434133956250814211638887112474338107399510504676376207395332690403589555414186155863432425930605278195e-21
-0.9999656917364798118968970778165797748229231135644019554318551313642461495864118716520483925889564447238982153799539394017914298597239592120170969400957631418730220083237823716153157249160708 -2.682503216344284714909664374809974234100067417913543966753623312641412906571426764591971991519550194903814552124674177911512316176853354833525216235246204766189052009377378920534307036959538e-21
-0.9999662530660028929859871277265792596888494690906766433693215098292891645225064501631755863949314121443968075165729401329301688638604772512336567561509153723993465038437719876141618643005593 -4.120011726380190786073897296156379670136577551367278223703979366444499664486744385737394127703205315083443877714229935483717041195284337631198900613192290263831887031947371061877421389384207e-21
-0.9999668007323514863743897155917983640047391140609082476613991703925711985942327166521987671430741383226023550912221634829320512166270787874994499475660804237530322296402342858695250175869894 -6.319107761210551558999915677989814521841048675078486707338650332348165190672280235578144382787016167093527577891871749448517377928302791221546522217047751312968018686208398457413709037756506e-21
-0.9999673351753475219230722144628527712779447435214210581619456562864499835440227277857013667642780877364502150733689565767341698586423198529834159759811887604551386298989708189259869483943396 -9.679431167523716763946000829079535064424341561868593671222461591784274645764590992483501914629252480418313256372163020701464786503332731232446666294075690017258226009067006914466292988845799e-21
-0.9999678568172582079112531485856555667278188481054417494033494999473054863832213155906429411287746204920543870305241398664989371916223672720055859866161470670864728603874620422070597415930405 -1.480874176223554144413692696671491184899997332245842812262678519456683347851508976320378945620140477007413438421375732142523088994371508967157146472596862072213863084590967608175245125583906e-20
-0.9999683660636301011540421667026924672281175719963448755409354866905062393153925798014349486141816464755222171471958691333172180296665035014086707128468676128691067508476092061217881121408056 -2.263070560561333520163844669065695037065734143753490665810246664562311368734549133009965316721932644593503608357118197395401480783995343369313031099502976199994455597467870651459321115994006e-20
-0.9999688633040773105436484262687107854950476175266219441765330474536480250545502363547900728096958792633067791830219747723033056712857472454951869867851665989455759045652586807764369886849047 -3.454831946858096903697198919711149461953445747257788468791556531403181262566849838171318334178295465344589920480466543706054462465966578135461761638813970674953880296385380558396639605646287e-20
-0.9999693489130266938954100716007539915473736097900240855528376707079575017063250737761047901804415009524363442913194903951887818812231240673847701485960224520924120414064827007231636537719717 -5.26916638580186806176472509181225881706209083678607318845516760587342292182204569274536252064731953444978257211323523311986326646525014485198806573945293749855869594307158179237813710236474e-20
-0.9999698232504227089376425299554663252717677742946589320402579186035487250465326109499502206908884964295883559307137880503825777142240314147445964820824800605908844029622291450353982891166731 -8.029348903905152917435024090005539102543739428919070087201568126682073245324756348464774357550791682381549299211340179709471392478220908028920090393883046031125316228696347890402201140971339e-20
-0.9999702866623943955149026836249031364975296748069804456422321613238586072742373693806797875691343396829417816676834438398423241508498038743349710497639942678222281510614430513537553771823487 -1.222586301950139574856823722257301240208668197264868366478278572377710749673463154012658849361492688454517605864745942021459086262030730491142816186563764950375831785769411694326035189723326e-19
-0.9999707394818867962985384988935965086560190555698816455166669600478926886621038089795262347911496243788835347801359816336268503732921245829500685177647554108310145920398317331896588814070017 -1.860274206482616104099994078530243026439291847717637528600377846442299647082578161141778887189499903660903440400732687296408553414864939961962930624588671743267922831853600285710314509694896e-19
-0.9999857240862221049720928279887104612227063916508161478521603905175944495820659683096234814063777676388111445888499807217050137536038432951308071952246076464607578173325721582643722157446439 1.545709881315101721193871085322071168775556544569318251557392638251377312841952382304559151377313728525995848542939451967633108512281449481830193952126760214675021656147748229085820343097827e-06
-0.9999711820292589663531472604173755923725370779077483536039600780082867832449183847058680039896960906620337177663717900900757596966891555969319140492799656360304922650613949386340888655895493 -2.828852347512259195494724954976369756948993186762970431900461794964349521570492074367824623419272966035325532944630276467253745231774961269973760910826361265150581410620470111340718250200513e-19
-0.9999716146128505767342914861207295310971563296683710438658805918183047926411351682689621427202701489307438254713237518041744323023397447840082330882319924685947140519863449023727087310691886 -4.299493780446164189993362180774221739945374124370906170090830457906251956845757309817127404923176542879421274237910615512504661546704540853251687066673348672384760873051865481122837149905346e-19
-0.9999720375295189829275680182077940485501770131952161107935045809080082504319409858030985231973657994936501307630513941203364981318167599140542198006273330716294329171855124144383490836869893 -6.531850315023759602370538713328497048602077553057505773745879317957701146287828500107170452202512854612203450118288705991859542069711622794893601993180432979469078149412385981153827965368417e-19
-0.999972451065148504503419794030637193900293960533895656124174217401345391611332494550065153317431993424248934943092926663573473685198999480338982861806790622142920683815666095744307928547518 -9.919857298824529777069128148723353967532330964438316805503653466409368969133778397297695754323524177999818656727665843670074347918307334019116344176743384534339951644470173608143474602400757e-19
-0.9999728554951335470547838425157194008368568380841275401551258663438203816096844626962408370310312790698910983454920326071671007903665427063479341585833169632126635286781054970078668136959134 -1.506134492334273029980649309975836036535663477495252166065637111130546164130031121997091070959146483080647087656341673689889692635668624473222160237251957349494660865433086616248723519011431e-18
-0.9999732510848370905746709009607581848060956289623575593300577008093159709858492274937904067401472818474188144314990163886829874813101182671760812152344897748834154521105614353036693805125303 -2.286390852133607985241606744940369537064654798133837255802471323093025559380516209708554869799606491798363230159765254188392783474816894791201296170586593334871779905116983148054128133093337e-18
-0.9999736380900259692504201338447421078047407148058992161438199942218246624192202804341822818128792605681853548816785353411185502901455943196241603109379428910265327846312682271569764674267925 -3.470606162598863143531186597602127617892623448693623484162237894309429746182194116986163310295829133141670351586808103176441538979162243235336141816832580426091172839515294106188838363557453e-18
-0.9999861492283340181982178219255113595124870947169604024598806093709923597677552684139943602185185179197226073368408484752084218617269742286315136830312003119778156195317198134044060983341814 -1.997876949571829390143412945724310938851410979447079376670322445012716963158529258211920470325214468297828770207516472410846575489982256200228041775569494583785153814128969822692452016660127e-07
-0.9999740167572842755905797418681537885203734906944537915341521896224957467670055702195391186386234602113528580529117208277270143320833842368752027711754688513334576815083391147891251119661749 -5.268277381903913337265240614910989988186615818849589040092092112001107886744482050012331893793006728051351917815259364102630176416546065844711185662051637418104780838531280697523390001368518e-18
-0.9999860019050174868729607604327613403394580351821998867123558634518645677540343710516898997390076653566060981697259453094243407848446243118485708211667359958681620412225199546985826793726455 -1.587830175149549680396122854904660362658670406589070744989740455514999806322904369400725408929820827797911835868570702280483896934889429291580590172913697793399545784097404886807772904575862e-07
-0.9999743873244061363013148448306538661765563142709480239544855094320615693747675484659015589754702783951626220330339048562367831616816222786638650784237978418045960941249935411471745241098012 -7.997997776691183113077889669190183880191304886470799494400275042572019536776835699202690887948199792909030141114831154759431285904519520715931054249346025677988341065558682705876452000317552e-18
-0.9999858521319903802150942620027247983071324959089665693753748406864585381405042929688103928822573995245672994703504414053235626727238605356102223552484144394457128875291176613800631575032644 -1.269441444044307511275565768082899032263414783193798214560691978039385425809522887169712012009784054475012315641444009735697659632935010956336767487567580651054781700759340491137758105781936e-07
-0.9999856998757599254869065575390912248700752793878368626975867544819429647646714591447238230493733275442110375923412740489749227977725962731828193991328586329216283535094497253238208590121662 -9.949751886403352605580539031107181126501951719942244419438222249466155408879897761687319723966441869329357753876342220604046365152978692462951367984226221057019733300104688708711277919621558e-08
-0.9999855447670444484067529967590740284826472977000482824467767386920885080735203773846764292529189529915436510496842351766437170653860310580271217036437718297978962370580364387668551716099849 -7.452849987072084355378774807322819933597709301762148989996384020710228609111696675759555134369236547067000261038535488017719802176543278181034941873651533507779833593731195117246582923287324e-08
-0.9999853859732258633695735972642108912832352122923908928972045437294765539523315047051736918068218326072067811497774730065488403780001044411530662507363775359565359270272467595996434315610261 -5.102699227527089130489939702429500179173030632751980898089042166984028448697031422446846754088812917083171047674325886863807131970706787338369429545525919516635551021924061327353271706365207e-08
-0.9999852216362357128634975498079323055861331549621050664195363327557119518044726580128664021266143746980871194410152150594940441493854471731011303385352747056770378291844440713354499231498142 -2.879162189448678953802339298606163865772603623568808792973609176898880606350132193947743564000258781459829203606876362114705127485462898536190215736191958202091845550455570280916285010939024e-08
-0.9999850540604644137543969999199125860758461680635790011131395852728180960026599814956872359904110732688344905665021873183802691419577632535523596490433968645559575659114052726361348449984493 2.926417144406675452352399646133284455057917899978256525296697683476505669054561249131944139408179401512720564037644988066360286373110614374605103607870845077511968434528678444337856375697956e-07
-0.999985049032117475019722490163274413083264972342024421418050636660203049519050106527231915265572723348458350131165223190129616697556729627251080278733995322144506132133171646688332353408484 -1.069283417769479725049046332329172170534513441841817790062847145235794927148851545006842763527759374763531715131617652464811418686325711361376450564389475320535404162946224821534896023295795e-08
-0.9999747500207690278816472169800802268232478772425416502108299995723204437780278039766920857013601523320812661294300089966303799118899679105091107669364880124929868347885094637408990105496796 -1.214464561260905816955959209123812427669562094067406032082365730977152349392636980263985015325203575894321537238168827800319728685132716904223589375713800554798455138631539155411436526491817e-17
-0.9999848718593299757550949802905208546648440612353819174501825794299230521960060421348618841643709986604414761556377206215086884943419587751911929179963413240403066551452590886600052462770666 -2.625800955952220459056143668387229140060781922188379069742239331036356262178595015918971805079421511674259327711843264290294879728391527949742331373269900372279879980713376357225187862804769e-09
-0.9999846967884820616453287757812843655370387968652240693328919720379783487922851710540535001891402822395208601638325228526964226387150472373577836472202780368424744477729278021677882967643421 -8.123614062768722614485992769351201321264595074089309065808408447980267203407168369341596181326367820232837956256178287488568568703554491580910312042783234755073334173838864852919109969449024e-10
-0.9999751050676887260436803522723556690963514177215188450759339925844558898190377366624663957571418746651968254614775586370106970669391262297842891417022850353568570480641483922687636428364376 -1.844682549308127272549562585158800225340690728495826082117058359350607314423914192738721123087657362230700018876865111589484279082046970840362299935596851367390246946139242174279477533501956e-17
-0.9999845225583759467992797673256337357264684116798547656199849082590335373716296599112925905754550885705698464889699490723877630519368332193515319469254730897064468170247848492565228162314438 -4.050636577291940297364119850886171592057045480908492348158745314879845871841114046745844122209600410845661403734245289525087217454051150108512970133781469888420674752721467448966894880052086e-10
-0.9999843471998493007056680727140134781123935051462652736563343831113941577911735072393942831208371501712694168859727409545207263867315178145749633136043928951485558148744470540850379792385949 -2.531261437832125562440824645885864470545043652035498785543047491352781631140662272950358047503602325616049921702606019831138331189142184292364334080853743307060742273122099846203631044298908e-10
-0.9999754526787569143577685981526728256936796771495687237401955673283689519979852948310306464845123425520977352232899912094578058311101948301733219467208017812855874795970904486899807574899282 -2.803075234590762195808992459543379649252617648888304031927981510556455790453261342444012421999862021061027193801654301738068682336862519469429239655021618712678229963063513174110276635501829e-17
-0.9999841697228507984169541375021806087261622154969923082304170561408706907486493740702704341374269971196533309063171045990321296053055707714565568123285483176623451789263349872406123699942976 -1.650581278707674136216434847550109767111690687977562666938699188791810593721383183901073541073727989177648246850340109572011110820320285594076653944921019966606112806484732006457882189019249e-10
-0.999983989638091176614049450827732183716743937277811855924240889542733577378580181422984193525784045280424799944496920206026114587610019001653675518766162197773559101091906070527515281459869 -1.067064321630280071928845984061612828550431790044121998994050923323766773706134095070959733669252916514288357698311958595359384850904431538046798039432679681736210787627559311966883421548844e-10
-0.9999757930601624135820771284763804031970875590895333677594069593686040831185448101826382385438819874959196814041553017138544935871664098173292049440688309676189043647598951446006199512293484 -4.261555441436324774833693664930699215297205140893110133218387412169675054289526679384492064905989072500616693121234575069131374757516254261886659741352982579090195528683689160101267263590748e-17
-0.9999838066773478587670088801671090434575738642117900465544753785960783588022578802025947719441927513600254261758820412579963191743504764812188788983792144091540332592171459417971725062383455 -6.795220708704173675408086561979736582597704620963661375291522328083611542658317397619668294739693732742263262969314893697397561056435978739055284735324703174093075771767281279722146021591969e-11
-0.9999836206725260014122283166210169891091106240738374917099931216880055886220099380150595150947754236017463717092235346549512438505751207556878441363288530591472197636047646352960634679546685 -4.276995788807568717815909282884905402035715989529659279148012903552542685387151181727575378298422580685590658822675924024189956794209387502920882491906466622920947527928753043235862658882228e-11
-0.9999761264109969336032706571154495933820257700802419225741565778588509575259191684711458146523527634209104761837936264919709391846031914812555573182566232306325163437275171398615481891216009 -6.482860466802050927554577987617028909736232563755844114477364846913266253299528824359848321751211364584534306939978230416637143894039478540201390406391521815301646447842167416370107075960678e-17
-0.9999834315020860402394170060347445857293102100793805734803788602713430217820676312242739325535029202331733853362109578909331600681802824938179523800382449701723678483863668316368458955765124 -2.672226990313540993373451870896530465961965248989763997120810821854947857177687109239360592165734118015649094797064702055382066961437809785600255107898730317016098026566615192234602461441194e-11
-0.9999832390662171765877456523337442287521142208779703240676510691969977986344724112041864970702157408563779532503183730935435106051129226436308549528472613748510783346642098814977460000277138 -1.663084311229380978294574553509792006516613545020948088091155121665971651517268208179112077857560572343813950790330561237419865173988054751915160840025470249951314296634616349579917924674191e-11
-0.9999764529235461944633910752277602988882847288731263909364377721964806234824782817008549363811136150534502526602202199600884663344280621156875589017789987931827749875985190619762742937687732 -9.869069300348581176042360757535047901589924481997425723965937484902609172518171126256194172652643083541864355663378457091849213216427765162684846248284284917425384727075137604703637871003589e-17
-0.9999830432749014289999436691718889499110067264766170527771090091554390672771647332988752609298136729668481271592690732287516106727795879506481273975208887637620967842072311399063325649067132 -1.033573198176723879910378295306964383912412115768587202010809136652750854511809587063225816234180798859095156241580557936164589833163510371827619316806844237889078018987288933562487530845347e-11
-0.9999767727835672112800424208426149403487060036765398795910964622902795310554643410623709749107857925292978045329642793210621050172781217045233114456158633833355794153987445695481209262665888 -1.503639090694633900282313350930519709085318320494081778356093608939084749413008277231640215270711062783070110981678497135603072135805618437718906679972039228380667546164043218695167953197614e-16
-0.9999828440419988676811041393341800787346412273580777378536883516911636007220891850407416661072417846570728419330127169050724850770992221422201596585574036943672326208932128813831116044911075 -6.425307149106321261749970898109543325747353368297878456808560928768500890061886480487652297803445075718978790860697788440025484836462565594157526474709802586398404803245824237677020198206368e-12
-0.9999826412822313905625850687908941413152596553772271085853253658466489815788885508891015491786877162669111984731742332574380664002629915011484828642925140843152782817935712441319520607046495 -4.000055612415933667006203154594335051592628143297022517590912767914829486975535162905082904604783096941252764111408724022443746944881752542073975467702117694404361248579936093244523640893093e-12
-0.9999824349095946140063460409592839880051782138297434922693287250669136720107353572461835138272482285461038972411640629463716481403640748867354718788981617192130913198914459332640614530648728 -2.495624853621075891388757324285660077014535642228384173217328462155718406979464588821934831568978370141843034485817751605657817425827685090853434141475994630916746468128732773560429243581976e-12
-0.9999770861705524897142259191615198747321577163802557438665126851211931082829555124589735908322163603754619743233587852600231713014100679220088181001282524856877204243723397885703560277795975 -2.293067785915603876514701750931875435437183622248505760088771688256371579348968740228410856949666422090233454267845542083804327378102129873635008378649748774734874177808571033038237897802625e-16
-0.9999822248364867448761242592381492988564002574723314158935859778549313828975896363612196729686627680608533978750930844742469257020187142636496303714706642278061873466690365383058036824445858 -1.561119015751032988625608438911472115927713009310823256304967263760620650644799464409271661526822972171065365449532734700096237713611874361373823246090711176784845385009564757684767805169067e-12
-0.9999820109732029291030192063258033972976623661122023809530964184149191651403721707193598702367910137215456472741271641863794028311830822793682767868904652819310083978987389058625088056990432 -9.793903969521433841705474348319651152748521627149256344595839398071434623920331068337437774456556181708625763286555983388447467239279926950577183939076951041427992505358294170363813565107185e-13
-0.9999817932276179826639251095902334004373930737751673274953659536136104115949541054800107817245827475498274495353360355692111610333478226471203867906087897020072979260813065604826248837788836 -6.163127870517931126465919802811704379048027706336783466304688763645686326643128507263204753657532224270538878908625824208530591081811072634480894431625554790544341830120977209780493120383001e-13
-0.999977393257981833763241558676747665259512613238560312052497499182790419633381794640222834072829294122478985337114043863568964235402510880675094806086380318748671706063717608912232283256837 -3.500621859311983413850044761446004688038863153171529169298958661573614614781108106150776308740553007402208170654100853324957655514742946406699195831955611884103959141880572461570646193483656e-16
-0.9999815715049667036650860177954915538654884765333131244310671974715421684662461159507055464192750751266652964955297462784408546402106156730229226480115983466471766591941939748534339161537254 -3.890403454503641902104101756741734165700569929619011613119010482568820830630429757218035640867904211250977146730379350521285091664022730889614331675830267686264348576099560604485038431308163e-13
-0.9999813457076744242639266292707544571257057947037098519774183623352083357391889102376979973860150500649211553921358092093091808481982773121696853345472799486197667188965101892022500693119371 -2.463378967313522326311109052502057834670013744798741343152793338746826306585084953047494248738993338664486820875879470961008325108660641101412313061116611336391264230148117780720564215853611e-13
-0.9999811157352127067076446351287483216513340852044174149578710062425953309999840495516742775649817098358134196277944735912197095990622913872474307424798257767344328252635803042766118131825734 -1.564540502863360949229227195012616244348810786250162685942259626380857342253957609715157269352187166918935121949533894411589945374048224293627754204017160278063599613946828493018561886005059e-13
-0.9999776942135624258474352796421338733047528089747380420635571478681101296073071329675623920578663204166137763140567055473015894897146620572278544486878876798543934023966036626719451876878866 -5.350309129279069856150216846978619888621821328613904022045611985143896387530682180689268978852488697995539091247477094104421144784520485785071583302760595923233097349058518829432759089919976e-16
-0.999980881483966645524816665699026293017226154152872218360048658472444422564457258322090227343800754582455395643920250173135768313332383917517725941493488207248317759587243601870110025626585 -9.966074144322216736052193650583088191480267780121251192223769868023662277640650445956965415637942456723275392212521494145183244220504733902157194325678206385899627219495925680519001145458669e-14
-0.999980642847106325469691832691952994773375120599973889214420687604833992494790201087217686387438462960356631142915853237277098274610037778772466459429031323009493435741955720072662310573172 -6.366444474940551135133881393288076093876385215895501490875072145173757453080724986664666970320398168149004140670347026762038218103145179472524000600123966595541272362263043202188361111555251e-14
-0.9999779891994578002491000510542091336248849401826893585826246799139676950070822515959454434979512277788139591141999904496674218543974977404816244484360602067170830399564470989375363693222258 -8.1878429205564868238493611405633156787082298927939909235235036268515343106193084699514242074135072324290608184594777719353997583545774146495722513115462418108217532468328056584403005521608e-16
-0.9999803997144582308902631599185566866204483420001957936896977330541320445866998522942384657217741982842325124288419719360628162942548935749282865993821339315958735521067039097276376035285972 -4.078056692521547598459486751393349610110443695884530711303956991545775854211000389022414413253142925246094153414809192642595806514636735110505347070069306007464311098823150324561373967438991e-14
-0.999980151972374151491139922893781880834359768133594392719993975568431696514302399470422377052143415684526094696387496814875140300470514601124227780717561811575748472737550083585868148292292 -2.619010302695226958893823292887950068166781256484769379114823708747625917032819281634495079730443058404584060867231084431231094542834151700839853309705584315717533807037286644531544583571961e-14
-0.9999782783725062948277914765138251730715669083834730666203854545942145797799414279556645969952837776783758453789906827600392276115800995579537788920992652161103231479678519529047430907988581 -1.254786759457825181171350970495564856595789380156269406455974137795796281992366625583501658586610725971243511557664468710418293925388643066504188604137498194553912337506115595378164557099798e-15
-0.9999798995035960797966060488093806714922909135299355958499500949521776061611876072613588947602473676216677413319626688017458341052829798524766149015897701654916402320997598715367442213265287 -1.686128952990590972848812989871926824674043833743744708989438998945596247297426237039331693968604678262165557138950970468829533832523567476347657222631631807320059380888862558001653139957827e-14
-0.9999785618844295325251329204435719008062170309336237097501377025832463917170927733452828700237645707793681846243739778982800268117291311077381435672785725500075279490686561095159472360115549 -1.92590234642602269078571840602786044843701928974686372859664664854648706166471400011589503488417580043714107006926960587146233964682733185142800482924464904876886273105664205586612771716997e-15
-0.9999796421871161139964490571992519527610174330105514923444184426440528559894685670443841560228828988577699722520797575601043692130238283736113666080966207930210792634727835224100302403164213 -1.088065122688370178951393428201984948520844818942253141774827805094270774718198913400795293185720197222460919882001348946592910666187435523546236184595973311574256395277239395918886579339908e-14
-0.9999788398820314535334265600828086437613076413554081604181538533690137790341366983220267527293209567312553691858271446810017915162100630069146796803899760471214766257826045444119198977228316 -2.960859932216292896926390922407511441101453483273248081674261868008790292085149556808339201038584127587441384803786793845748022360544125716096229491652594137762994140375925077054769290783485e-15
-0.9999793798980306617562414341044687341999551532349848198321578145812818410240358512382645225839562311427791648314968134798271923617699611358539457323780266315195628885039746561162886879432641 -7.036717324634740745198457925105089067492753954500784742561011693585533439493472752412906134140168389466991734076487938535672262252597494707214359475900864872837149363413175227299459576558221e-15
-0.9999791125073883913498368995149774035752735956539124261347128968614475382546898224380271829304239210851566114953964816363051577333925669140602605584307715238817647517681026047690506021232466 -4.560130493847015395590389165050613185779160580492542845857283202510529795320617685047630016633572212754534850761500383521364837444791608868086157993927581148909371166468959125505701996728797e-15
