-5.9222778450931901881442221933163194161745979332867616543652220960157316834854253087765721317727629279296256473218357395102271907488353244740126042264512457999287462823662452676110487328379605880792396 -48.945879423873735023243143158873753442243557184873358312862812284120719443200444483955301433733267044490431797107752687176621158922546868163442960174759609194149858221505652825539893676523559316027928
5.9222778450931901881442221933163194161745979332867616543652220960157316834854253087765721317497527438889709478904347415132148203461536102294922850582029932956873656872499291110923455605454742832332752 -48.945879423873735023243143158873753442243557184873358312862812284120719443200444483955301433725539616094300826172226182686781457503642244557151607742235592982084982811305601022731809103648984533301823
1.0464759894123602662404188661290182866055410164332370976501790884841119263622483866454107736251916932070349337602274421949609841880562808217736909508422636091612199895151683933563649098228037748717124e-82 -49.736331597409975778258441724091525426958119827851733431304480915464374183047133924330605190269665249036458194952020293163132072163885940309433698418581859160445606004312593355247285511672585746926528
-1.6619200679577815243362838323649384556845494278710115478213893612969749669677087023504286914079713973720425068909281262699521479567770892389446643160189672234048814714550317182456180526361430283142388e-80 -49.408014025888625271248262006701477574859662094806887623926428291786331562752522679578987222227907578202963470781183884082537592052931710024515631148045806062303277018896763196682173701907143841807363
1.0695268669710544410741026684877522493397888537685216367629199529594040805441561104779305969712720150621607315628359226148049257506290234181676286191584211195865353732264700468376824844382839883308436e-78 -49.098587647385285193617676476761059045715304039347440719151726842152864034285433959403995014940148745764594537993550917110768738649834981066208767042211454527049949566883487118798444612863663800476411
-4.0932262676068403624879498547335961737986054537738091194483527227839258570899156645912902836304050952855109550929797733044942383438035442213699494473231021740672407504214855522953698177938777308688048e-77 -48.798157927741949938827038619054460166523303081936991317728555646503582854280658772125741424312383194564221816241054047601025265413230797944951283021933093589073714740418123902337731560992052363283163
1.0854286592622881661568723491235198584320347667422828065303375964407587676431009802862696796432088448711494079725310311110985928494302075958626686918130327650869531525931708834603646522436271899231004e-75 -48.503207786125402517486182615463201419685514185805244472215548994822849303208141847029156912549233533928326058077982951485303818882003018514684798487603365780148878174598487883092621049291769842744624
-2.1623358772224712812606967642636605664439713718427244334428180066517294757453803550527218472423371306683721062586861900577562770596626835641464757604210117880618576657888300070955369652779324851241701e-74 -48.212040487128032386252648011989858249603719110699568906653940775312642623577825969071003377353580514134574678252797086642139571713070941372234865030855090565356556797702327932669973812061026163058596
-5.9562256075198095355334943944294851717467710604101765996490919683797796142556232141941185591602818196239583823929661492926117464019960784658905866080709422008529341818443897994469676990706385262044836 -46.3432561534888285656210592812749902737605772069291240953548291738495331222927516108564149826766371974353677035848299072868280985203945987407383523462960084743243134677342354027684921361515163673129
5.9562256075198095355334943944294851717467710604101765996490919683797796142556232141941010878932958835640192173908530662604721035350336865961054865612687326073555803413425632426412282126417095952813267 -46.343256153488828565621059281274990273760577206929124095354829173849533122292751610856400763893832567840541617271854742383400526740070576521016892194883216682674106524554775518262808121282162835737869
3.3995412844804648298321058982127694916983920305767295932431780107012374970645760492229808893600464060631013001548635272758537067740338604194464963226527952376326006332989451219312555504990840964348705e-73 -47.923710771103643151785775355131390337568334689224766864463397453855868569254518326095964995829509420115066735555285678457157287796070160054307131599246968301082120911644462664522423977101228779219837
-4.3572775988907182698376466068640472009834296131117748307087966574711627281143496480331209834281561886325209571327038846834495735162658306888438981909929812889316612869292546023494342607129188037947481e-72 -47.637654283208828208328482239737326407768550532395156149311137422173343518253227007440151789072216048334506269120200340706421162716489373506708115989447164395501667957518781227473118334635937108859466
4.6567058093065369637890958173801192176032230374153330456202798155694695041129748983619786866175201724439382133655041816346105269834690442235513533312252666764389167073413168082829975309618101621856086e-71 -47.35353041696358044114012224173628301915076193006884280520041034136296554418026762893524768570487003230913559581085774546867581185861882641506749679846954441286219090642152413630391587522201692908891
-4.2160599087843396174951288992759260099556982026724281549886023808295673728271120086405784721821751844084112093214802582631093709182690939378329190113100981803662553877913620960688614411304394628499586e-70 -47.071148188557133285256727978913264353007197514303598187209372303810926939666309783595708656966217175219796687029229660416954047149198878391943040356501417028965258398932974963247880759665187419775773
3.2697129928350970945462459284727952020324570057707815900799753164308540581089726687708075549034744612243559078577748119126459311792848191521041130338567412577861667939367672932687896221975844637778388e-69 -46.790430747567515419457919285890130119440042985440128472918506203380657822137959030658538841868096611645398658216664341206317296971596405091409225808575330778501633641052381101471688544338961003507625
-2.1878595908894638924385178745644132252482881905367210662565611479051225595110764432555402310686411975528351099714703173232714985644158506029655018942302908556015871439463914052633951456006598849892817e-68 -46.511401195880048125224684621710529380025412182339303897884087677096028071429888727899198736019701786499243819028289903826318802966537083418592444850980951891047460721871393290532980857365838009887855
1.2677520081891360276099952038369509232434018650495108025199442450500649559214116642591749093550038874337940471797510468716243154223596762183606416400982276582879654765718986409703567374850603436917393e-67 -46.234182512525362182019270976400541119550359649843873573595188255563789171816051995480175395142636053890392763899373356180272422186023554827411748365110767775966868690471667769256302744639146142643187
-5.9271719878287007440073935589287239170705346225426252766667461905847194791787034664272427298802067818904437144391203369773573973223277334946008402711822791054220482321607794562360557046969630074308874 -44.258596394911815364098278574401561265647860121077903563473763927859053101763833457521031805522580625247844000228290119787657420070416856245929477823141196941708001747471411363710106337946180548028564
5.9271719878287007440073935589287239170705346225426252766667461905847194791787034662685942684030867992047091603202748746302506313334603490453129461902780104653995941819741525589776543192097444141467236 -44.258596394911815364098278574401561265647860121077903563473763927859053101763833457652584907421142287248904513479997855221165400272379686647909089263616697986984081257827624353012300381673656647511523
-6.3609659169905642389726454978974599958020819430779226922753233577711087051511672726613529046250880023755997516157056655900506975853609289195669414961224477870903873245137646416103940241227453426888925e-67 -45.959008270863774597342133030078045838429861103321143899728879639115819125886341382457530061881985416478378987236455860595611005257351606986576153872072385820072548533912151857813717980181419495701819
2.7506140829944822183807392676756260740064778552636337309515441748268249408949147423330712010207233280899956436269011762541151931738262480969166221113604938499567765152581058440496340070078092443674684e-66 -45.686240761529437579102541946316120396662824686451896411066101837045996724761415242075351889842958998635221566336109878269015525955631902894304858951513651299888065568553575143044702850406170739446645
-1.0134347026097840788921526357510289605983743600256559255024914438339946127388378415800745107458407263103009579492061423382484253115771819194205146769079042531529725968388993072524012908804376253577251e-65 -45.416387019219618750155756429583897197518294757872063271330623145590422262311123751507089142455207042251377496888036322842926388139696306628074976879686565692417574916549260414897396168299955361810753
3.1113716712512098824070303120630086380123382994582899698161314017181974386795978474041057909797609255209113701332437387793843220744927153797020281966820182221730522362808767249882316685022529062399581e-65 -45.150084409225221965399459495143828764773020259025349166724764372777249950293688144514445359020784595518890876773811347374331352539875148817777083285706437967340709638139668042805293540775938163815841
-7.6278412404003330821278743711562522077730787406826341772662122361083651754635469708827819544288430736720557146855195506463502545645759865175989063573276056573544124135880522621459500069902414153783187e-65 -44.887988706808393230801770524340650379080444625946860230135173269693726733934607647167324898240561222417024035675647538048764551146556828930773510878675133097039165365942565913035109389322884260420654
1.3614714467283767673201005225789606015476599989910029322308573899986082584715857325983089073653360640842140107242191923610632961175186127656089056033867224840048911753092420317928766718204899900035099e-64 -44.630465215754041920598053724823784328909237258519980021831516432785410933872050096921115753299697726462279775423768829634129097429391149959415779204702361283522318016306900766261152299328124749640345
-5.8716239005343515079437685497809162220103073973896002794057832405891351763373241908399506633490581394964501417068388298016817722411454817070417771867659508776831866824344497870150978520986873487486085 -42.469836663016503141721945398458093210772044038681564044637384096039903400789527427316686151071986419444528100266938559809445630404594002702316783446646361042742486248328750417210683401941878424294547
-1.2835148607974191237485493439143997500975710025674633903708909064527272518270850170983992189909522751264188948569757754806566904135775248321111143703648693986533606291743073502471888482168186700575335e-64 -44.377097366287115856794660119201014408767445641655244316990507694768503744231407768067449063598789018899970237967111701864081506455696836158253404157121727390398668306283595771042642424418616597491748
5.8716239005343515079437685497809162220103073973896002794057832405891351763373243037441310712330683549562478776351110468882100438629847279217994442253954885938801658027548680900234379505651760426997579 -42.469836663016503141721945398458093210772044038681564044637384096039903400789527383261551309916101741477430037118303516084263481404667277590454241198031861770529798855503316855783926613967133365168268
-1.2822292991723859763882073334118947435836796482768171836862987134037350372793884632014696230661414510736583905308231474553279791356627869437105253275344820349082248016832676292117866889527213354662654e-64 -44.126432655512900252174007228634697889083157583387842570515039395460469729635934133746548722534026391674806057340206594363033915263140307822674357528516208480480619715436403856889529256496860648257446
7.5189771265316027053562100021666541613663774799048707945468138390922045158524987999205243596900244469730098848892452540867583866093879384581000838249865674881234582123949285311390734096479996981824599e-64 -43.876554682576217903736694897910051623129840561789540239790375212159690492571655421969036187323183392081293753803772510301584459198376345238159437871826977618534745412269428760922520693933085437925997
-1.3678685946758690507397416279294198956993329337622155883266495711511868575312200264650034853333595117818143147887705212248535399897454106363031567819862041906084075298523671295533551060377645384611606e-63 -43.626142672404941997687554291599690743562750443535897587947110450937809117501555113577739275968921668871713521306723232352160537066542730467324091250133817018086635220001465039242045219688464060925975
7.9226392127090906776734111532239958252456149428287511020466327208695684737362676849175914815864965354662316419597914194974897666172524112030860812485542955383875359554754433207190068403482748693935563e-64 -43.374911072311317670216933142265786916135393555325806869852056499759273267385138025471190317064604865816339077362836787887279257536224837936530129316929210768959647745284766987155273716104217097490019
2.1619850970168313160202258996421470653622711841505715924383382126244485551456262551433399206801982334331138519763697312468490761958292695287216808427781518158082720874289042624738539353819327466506732e-63 -43.123213751566893702134252315974499512966091693905390055974716075854464281792033787067116333423663413077192729761789818067278017511330548924996475493192053020886338916696519999681785263732875920747848
-5.7913378300710078519387637090511206516249145592478447262804405769816644830774502008268724985661496449020777612646422387391089189201697531413954107981750821978675164945227406722866861659520170139326563 -40.883837613285542278219158309990417617712079529386678553836915614168192155345428356971391871721478147902605861427058819843720059539891945830789720844121383558243723728683554507097814996785719006781935
-6.1438335767857026667880640446583882792154031426893139773469781419735884811523112222619337497144291842003900315582395338800188338558545178263283053920015079890599267552974349278256158420684346216100905e-63 -42.871476538158561089996593819335662754695935003085571076957848395142231352365881524788337291806421414017954934130179681093687697389551452290839306136676578985384583170039731186011929770620935123263069
5.7913378300710078519387637090511206516249145592478447262804405769816644830774466351954495464628872639531769352562863178570111024849276607198761724063171458974284654851693266585775807442277906404667109 -40.883837613285542278219158309990417617712079529386678553836915614168192155345440837470819573862230775143427136651386247227444202195891309781998783970291035285673925179539148851664735740822246468952811
5.3803819486835944194546441411571745108927695987442974811019957352049240915444602930126964252454604915368444643217538899483076591951544081287458116995271878218294073376489061157340138319052343795883838e-63 -42.619900099826325986958232779444551294961087105602905316774249192352959260842925043535041395548918560367536434698467951421672128313078994669174138200693643798284824445614203125418482942601548416290291
5.7214432692982197902234340214742682545762210156177227595629451487114861486802290770566565792031834181836161418930965065831799540439545054512352305081829939609028189852342307852894238017826232703108449e-63 -42.368455043182647565099706449460156156028603719986180062197015942079133755655558620542658646158016142819864797064219114098054781075569719250144356682884544487899684564129908399825115164789117565153962
-2.0551625186019540460497505159537631238156994974009876664306726514660716295103350456589283809127045627343185171889011594221911967811537021888222421689907929270882551429049658060672785159885162504563943e-62 -42.1170246542586698976910020195420274873529514809298569840296523513880780276845128255469051370589777001409824265252920446978488932080458148289387147311631862961836862474032464490021260686147841761583
1.6307066621240877936435718765129426994823329583608061257233694265633982617394155132194495208287280056254282242966004084196964175922447245773649482183585986169014330007341725456729793930553228037888126e-62 -41.865535333871664565252935933591099275336689992882591171594164741716894447706674691415146523138398607422269353262727611920987545451851466367659132919130579406553166346471001463518101431984170615186656
-5.6879939862454510072063072243149917434217438983167910937440082485229806576396653906506960736287257599791572748224004620870790691272067464851042648192963218276303515006019115154082026690075367098240336 -39.445797548821317351646969083401579392494062006767763503209280784712070506138839564506947897343357007117574966056934337591324535252664776451331942311463291202001887330568369515917163893130846922614633
2.076741080477067220918987833071217696078451394867804663711113866226958773196749298597098311009343900380320124940615191274228740977527881894468399360353637836674127491992177885128876790858926642285295e-62 -41.613990323002612164827883178243174781676679934462734581723190721715635536812013816045252830036879587394869708593536938871345540929228918771800500293939055192896662978514604191798404925153911705676859
5.6879939862454510072063072243149917434217438983167910937440082485229806576392112769377722208340838953206353667496819071371485162862071292669102597957390609025012965916162420884268687455697152179979479 -39.44579754882131735164696908340157939249406200676776350320928078471207050613886936104493012757896693981107473314247773697013721447618389468286465270073701780199076194155472162718598142287268796234218
-5.6371930740977630150120738623396847499995183444201822590927471617980655845800468186648221512759532160042007521240156041282205703782325121292181980705603026552101359099240333213542441854548114926190914e-62 -41.362427509401636413372091213516130987711965612775998039766832026369835519338684277845410186072472623385689398031155699193556125749508850127254661719447258494470302925390588283773620016325346065031036
2.3612800246439977145893981889380438589079414651440026928554681792527195701336177065126987812088471602854915198433321109385231653644363623755130773323909758366296243837112739891538326167506707439979775e-62 -41.110870029608190101891345266336285556442402176047274742236239619108306399937433700566369310427503614317397597585813325296640357934703687077459546174684353661455005663928061190368023507443454130778621
7.6139373539974415938047174198510550396766829138310758645116695946913099916940828410901584691335225117208173158560835026022061906237874251818727561389075215112464715372088583608292744720210893722584656e-62 -40.859313056489916424809497649544362965158157279717399364102439435595529466776531021637254239144703498915348520015591312900385463853578128110480952840122713946845958911710508964084754470832038057700939
-1.1200623729155906534065070405458140727519552904761282338713149990748426330090461502409572248073389182903687603857278132450676317759716711843066783397525298856207037151361765473320210780945544376990001e-61 -40.60774146034644584381599068021703916657943949437589987182321240503777991347403725913904925282152746979942436597018100855512931802026042101490395037921271266707322795813447365621992759597322754744942
-5.5649145203121079164570375004605178019260758976463312300796113874869812430601203302593559109747248443830131523244636499884831467080511869142430452140797990860271214276147791917069176615858136443355853 -38.120893074541278203171553319203487365860533923874437183923693432009367804097498523570874281977053281581926706998608301083572244123571391657098312877279670552735981946297704019656184878289012130630226
-2.7145694270496387481083604076675541916722190487724589179304506781529469815070824463797412078154820290973092077679896816463990915182156274805138971805037925951193770348588277696793463708468107016568972e-62 -40.356148906909525028286147825767405892944605101428288137508617664086800031621705407219598355069271359713406449672091739884438240094707131087830588088332223513251883113520202362631668291763249470871351
5.5649145203121079164570375004605178019260758976463312300796113874869812430533666660043526481278331912636958245748789336779424623395147529782435946103435943310738791081660738643012549252957958340323452 -38.12089307454127820317155331920348736586053392387443718392369343200936780409483283768200833961419718642375564405640459844639518988582440889956230396412054161544431205519650457091076856448815815775151
1.9775066193014185668694324826588706746126123284724074486074649807777761620736289768604247791466258913149005786665827394795945367569509567097065059617914978914656470859743598376854076531751256927026334e-61 -40.10453998054427714445082217477858387513402649244614115099161692131391156217425750778357429421482527740185769464091241979701427934791157900117142165798673441058973493375206583925479495185184096690342
-1.0471172276882123625349908789892948836093102158819206347775063495533261505359095376120542913633789259580757653222924817299793917419045982683701902038713115347687333286959852599423078059294161370966534e-61 -39.852920434549764110606395463376733601549353855275463065401248477370675237803906520821865834271946780148960705423687413618023768756866138163363390340123540140744578570825674499254485696863464474743772
-2.1650503085789513561093640387758892302315009735303892283473267654132478327162894110182283626935909203003073702402770554183903092069770256588738412500376882782082706473404107213639926762152035993415498e-61 -39.601290302851541397499826288004026463499287352149316240692282976701225787693382060273146954709495341090731096373185044006743149733823611170443802554077355742361322347968910334781722390323215678953945
2.8025982199628329709693154760451773467039307345105073402486773132584700454811339449382844443380161261330852170913225737486402516570384859899830915791802659600984768088651040396943667055857237540961577e-61 -39.3496459902217704441281127380176565624900451666078181310285701346077888161541312661962445533440146543041104883996729591251831842872749608363138720197574519655471426597048675301627270552638139826926
-5.425666881099619194496734307413689850409892749457845866313390166130318046599859205687492318483076867598751914040340197456330738970092683734236687818043250317394316747697156949941397185185650183062933 -36.88594442375802505535858743763387790750320402128286383720004925983944957677764071569886801433024823368631430176707661387341456242215186335782237882004666041563939201245361682876228372882538499000234
1.3359041760516167140950488687810332098862584931110707084853828844495312113245954701244198702197145712283493925932998471152312759770375703547250834436477555771124358859244194269051507163531188747208922e-61 -39.097985622804980049966639337500653092024485769323940914882467301373909002110738000382785858322157556472000930091131301907671840897436306520376862150588835922066756441242549415751440158326803050777731
5.4256668810996191944967343074136898504098927494578458663133901661303180465369574839585375650660239524764852987530179568055428186329519335899947010708592430021995540887721551707513752894196119447049819 -36.885944423758025055358587437633877907503204021282863837200049259839449576765603328832651120615758908901417480658328004461371934390230280332456598560259728641440301298734098483775375407625813364495062
-4.3209451637191652567144406847838121886137936755572210705159755680483970094594075523715747766519130878788091190465395809738472589527337267150463848793511838374698456256665525097127362955966875864198619e-61 -38.846310381350361207635181875235738132045645788632445923366554752795039267558468142525517168780232915351775547459100766446713099913420200736174096832961681268494166293908366350957025567683368911240924
3.2866439382301873462830822556097294799678708047015271301058985007273934382515261581346810919698536805824111664808150654349502903265755839116044989416043297147703954916272314310029163481230355648809863e-62 -38.594621662266435686216335125280830716528185615032796800641418223931136786249083378588890044166701913382849085308325254595340956132254333692300258307498412648778623067023706628353829863477689651583169
5.0783394954732396885500192889323661571666068687653759260132839381184316121402883787697346353484872023129846598129891197981525656187695954147737072106730135458825975408131648343218340561639630372716039e-61 -38.342918937751360076276186304366434199345535184157727029477063985615002947905513369103201330257188035528370116170823072244409215876890740215479472762248314980856234715925450940778071867881097296906055
-2.2716690975621461961816632074791345053115935161472404467947324949671809361483163206347700728372564324056816666932121974606247184902323740280244310087800667640817415179608792416599082208772325104242735e-61 -38.091200794641189828960644430254543613254931849287967507075766556362979029006580569894264680039169701267373596807666803001517942462615273587022082633009053745173516184351550039585421646235405465971366
-5.2734381043072434549202855725846464136729695716279989531295273472689714875556644357075381574920163944349801276312812458885791394589499246075052389949164296665299927311889441122630183748349094467841383 -35.724819445301389618959396387127588389831747993320106949190131770126301245878442037591304293738231195165737282705052834310099482364129197968269690815469919454215656764492270842509934104741126748013208
-4.9620530817852353423065915871463025179848776348910006368860243017438543899706878203362028918205072057082052585750950537604660576809480860722148058229447347904857479676659309338140461363965679242953997e-61 -37.839466827051135276509521946344593535752735882420865645639461246961553915049176827632018383548746150403114675758110363197544143588615759203189611653483614847052927555256903741397326737188033874655239
5.2734381043072434549202855725846464136729695716279989531295273472689714872475086178947043161116810495263891318143774066212520079170888109768802214468387784531457099468094588405531131849252114636986241 -35.724819445301389618959396387127588389831747993320106949190131770126301246050855163958052939911593426907255971956148944006601253182050279341651494584735226590920887859141767689242421793521043932689715
3.9044841676976770613254964875150997550489731808695353652575366316011914025199580631660215758480153681666890184073609417107686234330153754801286548008807878619882021178190568272784437163330874879304955e-61 -37.587717580009113098104609723072214591606017774668658973176423843476403622605871525500320262540311809640117826394524291653587124441681284508428931132655773548811217766488173523389667176024603133368055
4.2269183423146054638387577968847211106732512323699315035807263638277166765388357274191254373697942716213804426504864475476160927709518993911665577399187228570232179029517337159318291797684561770230108e-61 -37.335953147901695574125077195841839766833254940499919831566399600603219942955078830726336201170381288890072920089499911203405417506090934523991657808781481771061673084368293849350365536033687259466981
-4.8687044207971937031352192631377753449655290968938270879974102322976376190898523247723492120678405548683810564279236054415470058013312058988371264222390598016172226488975013184332041903535405478723803e-61 -37.084172785469381409949064729571858266364292235105669008843158765661228502003543263623736119200255267589552411124423668199476531412940902418512548218847283603282657510451266647949569064688755528405704
-3.2706379959409315240960792352623686317719403957896595872005169991056192976925919291662002166849831326155436020508339815327981062269180124189830927776304878624909856722028879892949068768191540043589729e-61 -36.832375873439823834856084189474597849471340770453695210828185767292269446361463730913410443472081150028191147777508017551962243453424940769442753134083942719446161542294248057509324737180460763226344
-5.1108992141044553252031400558675616633111306243767145545661360143334374864526676218972762014783983883258456080578827655101135526193860146695969801992778992703776290329156426954620758424873490492809369 -34.625828817348459098430888790645893350227432816117194243212070853677667219991199430700223061176682495249629204671528707673603213578148123728670869419957259760438578535272672068191456036719486046369969
5.0983344791345666143247831290758355592143995280919567460030431164341406131620036216590748810310930644392544871180813831967942896457882148755777622019607994803666850213470827946539400982541403301582346e-61 -36.580562467972876048185256509706244632711873531865634762811496054960746494722075107152107228284340044631519612748102913702428236354134807400871148858886670184862599708349494472295308594661789980748155
5.1108992141044553252031400558675616633111306243767145545661360143334374865379486280945806192147703243368045994938069337053432638201508636609036355199122536352447239196326155328441624820637419272361974 -34.625828817348459098430888790645893350227432816117194243212070853677667221309693993572600022930049334386000897010374179548943476091936416397315196733776283105524932071120244011659768388367705282243539
2.4173616497735716169007184257613976738740199383320200958741017923286719306764367623422679561155657206178049244676011141850874963504905609491272211259355010506933400625443312721255958074379786185519704e-61 -36.328732646556839923619655072060111712827234665872862202010653244095651653957389427412477790965353931582870613649490449769088056508854213769896620980749352168969482685392043329166118245462933970273705
-4.732175762263889274824209522417875128133081433352771104124102762062357188104563405387124496996755127633315042632362318133872350238502697029060068892705654866946388352041804321931204587155604206304018e-61 -36.076885925552424597080205472677325984120111168877942264870633741397526645733911459569488106909604912005008263382321680623941119498733671014129902592701934685583832421960185773474331754013537368974019
-1.8177861823946849942450305228405495093475777275093985714311060900102791631147848383967142495661740490946621703229597243721927856263441913578031816539795918748465480527831804605715724222523359682740534e-61 -35.825021714287522162386490921038063274193845529310335133217114216639497826241522807273082967046476769139055097554833849089109637978261133906770294164128663307068688618849700754262337640555834758681185
-4.9402421865213567105546209249514397878368346510165713939328789698727520831286116890240425033094028605339471369439877729110402262147087585049660417261881832198221222467316665761564423372786134502342171 -33.580203418119461341123147856861715743838885969479352936945539614423709547471991326002487925157986961687839988469956022218282387427799498178804262489388485314864934239887538560623131784095464181278395
3.9887130753339109163997081120836323314244344375237179194340087773785559218395419024512978530489136929883810802274756021281063616586969676550263868384626482521850270843127899932574934641594133364602158e-61 -35.57313988283209304423191307587486940993983061903008133429619941370425017222958107398480833248454166626649788499355723089012709912979308409297404622287732604805934088006587640258703882173113886625986
4.9402421865213567105546209249514397878368346510165713939328789698727520866827480522531538000497728325779775501703052913336076424610578521854000169732787682723280158486794080114484219553487009957226913 -33.580203418119461341123147856861715743838885969479352936945539614423709547543563119259224432678541977216096319878463256009747036452064449342863855683802188853104597474725999826552778308350201884549635
1.4634531294635724132634477087123251375392135883039818335168438174248058149590868165646896529823276108614148922338935860362522007986779912941343104504496525803891788549069156258273435792473476498949057e-61 -35.321240422356161366561717729369792253303887893182307662011272739996743540872628589815155143614363028076209359553876429734971359281406654948228181318765912342919718681398389060997679600370698688146739
-3.0777196446991866537641301055412182066017786173563281555943797274019373105640751987238418789832719573239518963862121598094151652248238451824500408158729752085602068630497356725694538382379551364637826e-61 -35.06932290081152555116486252189140339138591121782027829755891029468448714457189564008553749708312261853772982399668774142270880963660793538351074118545530803231795220143557579279114720886117411236636
-1.259702324115002590779456402249700409489855442255360520567174472517838708844359208037960520619543829915525092256692316536028629291175288488833384814233365378819990114783480472643094347156727075175628e-61 -34.817386749524208612172894719348826689942222239305449827301241376844905165885308371167110827048355564223561580651987137157175231403950754996555967373583858748085629426656480899494622981368491817797177
-4.7632593173884908030942556063934944826639226502831440912876326850122946471042583930262515837861442250652139390575476600482996325850140060804497030137913505088105150387206170067918392463929593594874668 -32.58116927041541425215088172595607213379832814159562752887571123272274239215300515337004337564225399564870950937008930771061605421225785397124711838974711329889431398793817917666598313698113064619716
2.1636433145129354471487702666992192943689152949454973975172631466382285205608989366543698665620256760810668222766775901648724315777088117401129469623371272417073638239795737507567723613898800501249097e-61 -34.56543178833871319903333099994555547528643550739448999363063912558134096200776043864006837260973313311281007342121978050753166819416752361316473946288878896008098912098987165983611377509260600033753
4.763259317388490803094255606393494482663922650283144091287632685012294645639865560520469892194237893303956101379074832596318439699577414731323252768201215675445928445735833019628851431294488029010527 -32.581169270415414252150881725956072133798328141595627528875711232722742385128608967048354621615752570269159730731924290573226047286364897059156482259968100135541976250912074319069204765277653862552702
1.101656979018875386508892429235353167666601702301968751760969303308832010545686450622702522241543089340133780699227286235900403838628709021048846059402191340448930799907563379517319607648550654968981e-61 -34.313457942080047082802936268963601866288062432940942838371538432202180002455263843292746771186037919386143456141062045691866384606464411453425784465480655984929563095052139857928456853056543569747279
-1.360284346785249417456221910445005332159395065838295914327870671590047181914447224473171668747022352844871556761126423950929138151000841064353273068129831964347265570643488597193042078615054825993609e-61 -34.061464725598843103350456170019483674444110274913460271241267307223781011671832315281397982702309878352280439511442296306384337205373822807221980903640855721214862800940858727770770238051139879310848
-9.2280969964621119222062634670119058684239580304244155419428881551921006749171751628364119844403172215121951800889549810543262150613685779337545179220792539240950401384370165533239612441486277373364842e-62 -33.809451568281251020144876554957799160655058330933278100090445323216453734040469706412466989583063444361579577611244287577626468972157737851197084811265636717834452134514023124962357840018545077275172
-4.581421727639904201679576551850554246141072453486991263010277134444780466006676052615234281282403908589464441308034258474048962666917214195129952764120782057407849331362477723973310928385860770925724 -31.62336301916128670546206213398727012674234326064166254486328778729835995492087121369473621651751945509066515636274821262150962296650433142840187719312693129647140533093449673275225479615214875190155
7.3432149247311038422747776716234127383404071718304916552014714864693401366223281369268789810306195860143469892881903847622180523107551698869646480454292023208935528905819745607392725893530643940136018e-62 -33.557418321056718999652745283931061373557426607545132608530623106169063913100736241600962685756507197631350409793634899174364627791731378572459096445477838850282361645247927338524655587113130499001226
4.5814217276399042016795765518505542461410724534869912630102771344447804574384134425813600691131036594419655925820240290166938356959768354407410204613573882051027009190045065170268917355211293520571056 -31.623363019161286705462062133987270126742343260641662544863287787298359962166489929520125907077913508772186899991924296451415571759787365608092787777742435047995148392325170187195250411532784282090033
7.0871626931303400706582896341278230603973921304450176725091984024635757576275075388347854878642008720878079835307503419922598649095392184598600717711942970376515062879823779940812267038842828789273408e-62 -33.305364841442045166736472413843524653256041357798053336172267015625223127697687796868812903897031790135365598350539214946594881823243738284862083710360629997953792879764888114715297672903466160595665
-3.0824641605899823126835984932509371902296720777693171966590512067863135986258722111126513410665571015557483612188313053670216253202355882528115155214171751473394803142103688254944595047881083431440989e-62 -33.053290503499461642861505245886875675783130657340984115608989386770144148438445031644602927644225650202067527963761027772835947465812799668903437181274610687481824380291422144988677375195937498104607
-4.8356238265078577109000054356535914658271959643794148976617040203974153386476022622643397393606719275447193438913645181725488963758732456847632308023943614400990399240360171954889715640233603140722351e-62 -32.801194759402140813697607456638313688068750408749095316450086802182939625671847459316647756291501751651982577988893704394276702797460616752299484589968835680147767564530567930247461083822935197241873
-4.3959454608927720346050999389545209199715447724993855613158933653447173091888280028805827109857664418680035264043651331252283079045954895664893473677759579357007232253571508356971519502645788246488928 -30.702448805241732095249614235064979432122478086665293232233953558302994583234111116825667088692265407420829550626017297630834175147499160668366682250135563056088968640922224531294467526877256534228937
6.527118296959751497051556509323399635403478620590984978599794377336897396337152192986603313095441840477339682660954312806794492945232397506450136592483527252350955514614244442597593524689454161180834e-63 -32.549077574559403799712304652867913600953972498928207899728661315711897795015769840456885229943077106894269719295326753903092313223607221016411734089665543819200107183868839956163566052280519055373037
4.395945460892772034605099938954520919971544772499385561315893365344717323006038654017615571977519647996466952846557805191280557473833444485256797974763500060538320588402432577076465297876646544089597 -30.702448805241732095249614235064979432122478086665293232233953558302994585087391447957926393352758923062403624347300119490076757125221386247139347109757903425765103373951680428056889965025579915849965
2.8427701358856389589090977144667495696306613567531539321080086735812650989138980012444280528735806099111827310398972208581670592971678337037607037707379635180252866647084390686382448846148377135612941e-62 -32.296938651395701025895904915596916640174431342455531233727704655087599140636270220454880664295721552003865450513987100484011865373066264855366440094324423476397709949464694977100521853806188645387504
3.9155746709610989864674071442860211238402964063804863706856408850472760874037273466301353711220786700088080178022254921229672788914226959652697453235530673908199006371234544443760251192120144575561586e-63 -32.04477713346640448697229108497600639360277444428432763387684619615255131628592771423802784019095774977002744827771305498863085651579206734132267641182871405362167072990164465088379235145746998902634
-1.3753427112018823846890721307615478428238237842952240574181402533994169530086171114107484697604239670973767453093310014532464057208794221719076220935840400794421889602013022664511846700277703680805758e-62 -31.792592660120066493452243393740125148432914388411117293723834076867158786978270706352539229377077521096420188743173788263084889382777515199705269394444709080298417355852981777812441816458385764478757
-4.2078441029716964081412663434543021614858359459188428367027162505563437488548550033421384411453099324457460381816420120951900518965418194758292862399895068623051087900176379579704573883324347806759653 -29.814858740989811170670777514270944930512734377557971616892176721528892236471191600213634983774057181009150921225896225106081091584954589118319442793098097448859830706371453906311806751941102231815963
-5.9757154635161642787666531760362475342697139978948049416908570979618398139082605271301040469692778621313920593257573977647852745473816113070215801583290205923607103507932158841041617095088800527729776e-63 -31.540385353865229159359885956213520533543439623084860095107328952203978436303754492111796243959151910180002636655556158617882187427783984636630646747108784452318643236453205545342729493976146748933855
4.2078441029716964081412663434543021614858359459188428367027162505563437386335925305711281003716619052751795198600099487403682860174283468065805414214152061466824465819920324200117591606604446523193238 -29.814858740989811170670777514270944930512734377557971616892176721528892226848680235068476320788898674918839841014872366204455975154832711923419964613204972947847032580864306752148535757077340900627187
4.935610067252897654682334617470158738358079711959394175034130082813529659143437019014450523865370320181572632527521843290896705871056339392646946182589132989373500273418688177118906182234851947880341e-63 -31.28815446162386933872719784345459467394188435546355371364489553999770325620447089225578120445508419003385247730100821634141180508464258367869396532604155309177331448874301578596421078363421808873685
4.4112063432832924161603514029476172858290798945240086482709905000230075031832610213681707905082992704331050375531932710318220919076456699086459764325728625270099333489716993400737004822453955213546375e-63 -31.035898964290375793890351964496116013926591564609996486071283531752076958613134024078639838311671628683155202851949233656042146741325925217898286316635614974325877157655971819407654688109213568745849
-4.0179698299415902430601277981454921967951246422602579916997612168947864994062179136948091948616496232642728700596961879405140551589056065900872571680672897768539899445620980039473189104193724924186366 -28.957611911643758460735464677724492857677054109586346763348620637851138558193507682930359859696151170794382972904781205376354904393998336404348867370888221839792869814075130450960491839228828138837946
-8.2565705122287412190567297759588758467547490607103372346339959492210613887762411711507000233938723995985138966233054875584465103460403288031718747651575020475999657204241063947106576202827596999494775e-64 -30.783619124936928757572237662896914926447335266566094426837315831808657992646009936490951130517982986389098715167114307631768138002554526170147492124862643355757956582916609483683763486033193105503731
4.0179698299415902430601277981454921967951246422602579916997612168947865037897191170643193478075332242773433755029275852584904433890437719052054785347982567103567330184788245131117533104625004662151474 -28.957611911643758460735464677724492857677054109586346763348620637851138568982237000376080146670668570346354928757425866813021232128078289829563232933775975208261068994822980343315820727379940163934388
-2.2587292283581480847774110395875208508582944520770345480233241043447738662403019303515526357981968188970964318372033935760517667984786672823210386351202085854748161048963113654407003116673751665849843e-63 -30.531314852438472503955881765009489004628313730823172755916710906430551440250982024391330763246143427693506530733409140947988236164417239852293114331164426503267774343764422779075311054011019723113495
-4.3896265730611209319818240467311482368703049305281705123182891465237528718059622083093654056939629456246290630595227219666224282777985515138302402004708265151117874769936434032477736341701605794228566e-64 -30.278984406279427718952115935041688297694513699633319832379527003340938799949313558219015658733600507994641220998918565698942622229813055719331960559765372126320598234304155104170162102968988562989142
7.9232499840929254458397818696459314787010332086334295019429423749417961439962468308680268921081173460831079842930729012909250457816489889865135489133423815645699251912737748002247905350504468711972266e-64 -30.026627527028516081708735761261943000877943843073297956743591017533892208708797822383063577601737421916144307215631077247131789777869983117723739178694516513551722555130310464266108705521283176363411
-3.8270452661204112373786760896734826615326655483193338678027493744454602454608072119663947800368997387835652329473188060531603050414505650315315665693217797688636883743204257605312236064228675850572116 -28.128184856749507442451217252878649433172711739149761924236009868249505668073662005501843521566513362902190941637446358705344031173058047595373547318722407216623053638531243143540666241480799906720994
4.7639215501510882371940382173412930518256676762230736415845792971267771022804195382747642411985446150918601760471889635281848579875912699233464887641959025937613748835267016395774415479612715927826897e-64 -29.774245391973982237391284839705978960738990963982628125567061442975637131444719941291819505437033218633761534414149885549060873749867298890434630257021237328809831487642820849692478557173910099007108
3.8270452661204112373786760896734826615326655483193338678027493744454602444070695043507467422754911712090689477251025882006158857727671798608217378654567954777219234623040654622944342020211422948308202 -28.128184856749507442451217252878649433172711739149761924236009868249505660076886845153692480278097037105665072615089276123479363501844603260355142268886893377231611789631177157939636171651326066489035
-1.3088890447961281125944546417795651545789273936559999394547348893270727221696219027278879104271074837485445444086749203888544650847686095476067851952474194516088283307627913750495071654445867421260099e-64 -29.521835896933876417132593160088048528159320526892690946493885866332724808604046937355594933963351257215270365627308929943657965032005727180963049011235122535213710440812301571747074644657326588644759
-2.3483308406320856199406875168159720239829263805766756355278438368124643075118926503093117673957669399063257659774307949749847766717483993134981796844866231357832296454789320431341711615747064866072697e-64 -29.269397060331643056702531794222850592071839407307187248669171532298202807645433382862314800342286700007560654193341271749811204751660250849658992972825911606006759105917266960894184093628916181389684
-3.6356882602692230316117145003794999529642515701234981826828065175623475491836946278697339092997645096966445412577850892850491430200109075151392920975502326959781123634807344555815363331565731607270646 -27.324416765351127836044829325041715645736182913723024016235904113351537890154378050994267443139397907133043520042915897032014346116461867113974611215513848711883516002472457186476242272123433352969252
-4.5947694607573769651101514059925215807020163214043893566605228549224691714660046736465086965724189923197040513332259350305367200450784768555025252013357913066897069652504655410685352221653802986887649e-65 -29.016931958351579649454552648905801948106782850289305627252141289169888256016594676251009602563223781984898271764769530561811536876193201956126440058561390379420869657822094518483831894557439155448334
3.6356882602692230316117145003794999529642515701234981826828065175623475493539520385623653261871908778339634504124834964353160451589113397508530755749192553126830757560922605978738987206816197448012819 -27.324416765351127836044829325041715645736182913723024016235904113351537894868684012471884992273112818259586753747018455103573527842901251945503814148727964654864509898852675161538902414711413200045383
6.5981095714776783723504648089532715723715782927757815779473938564686796052857507591291294985331422802805145505579762575725458993808402216299015445493198034041528134392005374153314662453959452665684859e-65 -28.764439298651848424926008132802492660941763868693685990380670869308968619213587839521639708426335565449584928246936538501772750780695105280766355814186098935114889521377035140948285236955851889167428
4.3860426974989638466104992353942499924036127626081095497391198868163330009468368136916991362650167937961211852117889116318782927449274071769498783648766367633450696734884437405140927836585810875234045e-65 -28.511913079603483715880854099592483148458101893336653958483033890210216327280082973880703739107154848604641719267682085314345711674236434549642936252658071543793674018129684662746848025305592236727853
-3.6385031843044268844466384586497791324338038135991042075389403808307234895082570665217756897439471988922713656012189173425557655507652817596737978566035676306211850158027176223170621312123813984536483e-66 -28.25935888855853785205540813475260864733872745287357939764386715954968933017680069640093993434926276863477408061879333930818773227915261074347394613894028043135095656373715128402475657514079760546844
-3.4444312616333587942027692388544057064250823782110308893253493052463526551901992665081011402168932526512269655229311979661755409286858742732294142574610291185510738934441981826105345491428882534805799 -26.54443867660338403977750475311833422041415196362739064685570683450030832591905590593009787830264623994477182084588657766110428974432927982476869985148455612398388417075315267518410941025469904501221
-1.6039854904361178635342820013242117754344724484055378347775474615471317508352957232181055941973540370418347730946686596809906500755365251110901230491639681024219338989999413713386824807739489022861839e-65 -28.006779488006571551590528448591524806143167243442683174873550793578146273896904640202155653782545386778798062148062703468457144863798754382708709640725721053702486235252969407200143439256142520065038
3.4444312616333587942027692388544057064250823782110308893253493052463526549818011374044086999430656244383811198780277644048279135246796382960712187427343060867052751829261271920792871938458036178411814 -26.544438676603384039777504753118334220414151963627390646855706834500308323576401323566105727076778603795924087514768623613614542364648688036369268720919606799907464525967427500460794691027204965885845
-5.9443246466607293806212143385829270379558541712307459506327737779139350767383894163526929759987504114036395584871253522062842991814109596418185110287563302890034550499481193989161982644003091639281218e-66 -27.754159785843159663002910056867749401677248867100248446876118479824715865843105955098217793662695902170906514896964883615246084362451584486832494668049996390596611818470332197515048158948512119574932
2.2922977964135577627183522843856889617705350594548960843896542725471385176303239516127125443482016912237610210837917051371751587976939531945235210304124034208122485109412648658001514592820219179285161e-66 -27.501508208760221771891797514264047007934097837333679297872615246394697500549039493494363748271384152642494992400643027413626359100893290002284904673611219164742613069618002683800683040198286175488694
-3.2537365833164524781011736172596769964564807566470094383507057197585552051471994109511474660696635631945216494304627396740748749119373918837631600367448513485765743358395270864649665298939029366133969 -25.786619659002949321470710749667622614670015839776565632856112485288784082067620094414808921527105601989920104780503028006964508330187123876055610655413378027739506958018487721897433044658473398707036
2.8287216787665515036230935299595519178152047056850300586979559380300163095981870812498344649917694260930832182541248342384114151404230544283038319794113112738331463015224564060555586444327454805184204e-66 -27.248840859083215102939792404812507451559695244559029021256082699968942028633711521882861227987016548276032565354160725777678394492030079418110901198634802313029038041900750530152185306454571661523406
3.2537365833164524781011736172596769964564807566470094383507057197585552054240164629389639236339479561999060244208514497513829474657404294202794726910858958271385824154813490263132802912230003362266094 -25.786619659002949321470710749667622614670015839776565632856112485288784083036556097271895691107573434993656683643888593853852059080650364919511350721803210423451684944709870666918157779729573491647748
6.4089493169322879275931234680198633008920096092098462210484565284805012823280518407292173294430561476267088680237410377428597291265779000734777144596291304528120762826073177906389966031946707623559204e-67 -26.99612041741224617526954271342940149354218624672482843288305834780425398723319770808127582481969731504656724513153924962869096595489945875697963195681912908727546565266443431200816363012167081677511
-4.9688055636170252294788753323658722613741500228053833421180802310837833353253882820995169543360187094353885362110603896552356008512425856626933536868811528344497465263529700894194026826850372899024035e-67 -26.743357378350566047866605536857972894875842527578056338671459218186539612653436400031731292833647275998732115877338208956223573652156115729244476881552809324693543610573694437288506870872919330134978
-4.0978018718279607922744122731011469194631950629343404035785795474460969524017702883957364213472060485713876719475904805672487071417983918581695500581933338067739103435465535476974561364054516981828281e-67 -26.490609745669852584757701435193532333098720012143868853993720118363713040546748668508802949394373270900165782369287561209260106928309421578585143622529514868951097622959427687536881811851083498491093
-3.0640085228041440227886955371897857675708002245513709587228796820729412281979287283094380229905152371049756431260114577394594917899008665537832566573831775585914413160807787882888328728523950215391007 -25.049525243239830342445119270216194461342444835502680212838942688417536171258891334965962604407676391598060389905714216730577226028703932000257303874950615617377697127485258565090015900726734308389022
3.0640085228041440227886955371897857675708002245513709587228796820729412279882875920256714753476195179091794454775353676293381003549312375379373496962535152823353987630622392754916757388873555157001558 -25.049525243239830342445119270216194461342444835502680212838942688417536170949592395617685116645634890101085440995676314054561684182378274066825171019248178808224722174787797211101248746208550932992409
-6.4618426481461783061269138348419856152865011947851265932547188070604174301708298206788863628197207917430447065455732502409500571736596538997967281903918679994681046577736676732034436950691627795692309e-68 -26.237777670166304697427355290112026242318971414949251701639663898845887713711942751235796116670047323654036533820250401728616843725385961951777091108717734406757621084262813770245651765021410412882814
7.3657749049486246825722332551085340976709009952471000470263534619712629672429998600270684587077209300291657493404128997713119177033640620037519821918489586489120140776078495041731195997703218587409499e-68 -25.984871669286073357662578226572254932475029185910747465678073155822997290540546428623065831256996974578502403092943154907053765534692806717985783773208894721238987396311402934806555849257361745646854
5.1835701314549353789398592847107895148170086391851435579563966779344215397844519450903916118495193951667341147808724051826460018502295604350000776577412627695356938943941960549002122087200916781068455e-68 -25.732085786569212769325685493868214032384640837384206992623531258190796520326807644397911294870961619463091635715468334155421072647960115559514961191869696396009383487217992238262604713309619233054819
-2.875603066804212150468222278924241409802121578361859145595067629212180046909973184377971753387838853986950795953507154247103358245807065792702361124190703630425818114240725400549077578690755390312162 -24.331884860590427237514884775633300180056203573326895623387438736082760844825375168260801693065819880411604042224587577404776314871834017153129734021675324412706410586347759851830468218182247737952264
7.7952986390447277791366243190256829561908353710370363174953733914883086785286913623726043584954592123407984459218955829424641629572860144186859747238558962216803032757300140771707136286931212644193258e-69 -25.479111484856242144916994395632721733624654255227742281001747587820545252031089169646028163273030490824489331292738176464264564551360064478028107421328687017430284857920381743149264089191638045566588
2.8756030668042121504682222789242414098021215783618591455950676292121800470135750835233598243136854767753756385539130579090984892675996814698919473918976037249267271785307036962088429311673884198182827 -24.331884860590427237514884775633300180056203573326895623387438736082760844887159403095677523679125448337867349805899216524543583651295312244094685685569341126480142140185959316016146849047763414382882
-8.1763566339384599693665385079027520807278987340655728181508318489293894898642446988203249135724883065661004771509605540319016423971685433811756057233826822569892143581261087588063855968745428891225755e-69 -25.225977462120304964254932767922013560888320609396001069507559776107654150394559813379916827302714430258942659176221801971180732964602065879003989119090254251437645606388304022347782355552006922394587
-5.8115813027005272435384542161554954764254913777412987576247846329785187900958960975534889649110275433374900150093805796639621954946195236529461241188497296873026493961433751272333950343433233633810894e-69 -24.973337024010390685026067335310050282128821918825374658408832599006855732012986368656958857709565989673820896478508464295424599553501146627235529671795974006352401774283939350298054979545860183881963
-2.6888357263573717159799153735409487063130861435384899095837403347214117596438857694732672882013851298796238207661272163059526431507121579182421861943501212146895781138989497143866340803062517365050466 -23.632566009053117587382343010550032913390921346625297375539353746114288061077737758992504873126617872401124470627244943531190735618461120745194223204943414944571968663449705433874996879796125874880651
-1.1399262626402429131178082373206023552956586822297982658755638081301461022871580962727988907990955397734719150706441992376851033436003554348474579730400470947417746491397364200201724987150225591551374e-69 -24.720063073670201858261722253764744519036603880708064026909639526719125484150782572559318052599882006765366601294776614708530065539964064846993643274053517938934817714346723301935601302961950834268765
2.6888357263573717159799153735409487063130861435384899095837403347214117596098059674056569162426270647591757750599150895958284269338848298465486890624648271898201354218130373445506196853141562499666363 -23.632566009053117587382343010550032913390921346625297375539353746114288061078176673917448502535573366247163730508502432225363902882909498297806807759422366841650918178124594060185875002170774824198627
6.4860356392048997108929456491902211410630473651174836366732047568626587745741934667012881233810735202846740980956980815101394182055780814894092931099551157198172950559848661715972122901235955684215028e-70 -24.466479317833162443367515679977433025067501808324449024214088605070563401625098486431826391820382067499795185936487591550569467648073966485989349156210572972634813602313878710817263430229528926557798
5.5771579053516266005534440186991355336813659380035500760105810185300679682451641654773555636076129381724517084711326047671683920532828871700088732581782278283526964811125691581665067057610664432206203e-70 -24.214766522829024584135741984914601616194068506758858554363526704252755344383566781302161510129558040847226527002018541263502943145773301676119956960797561640835340163578049582650984031339651561245885
-2.5039879139701627103212385287082293493418092390199642681286697866340066068276878708892983625589706789924820238632569856207580325100653379230119098919192243566607409277377121249983846265710829173671473 -22.950553520719916810179638201629331009699387737479147285278801951655450442169850850291617423789443285632896922318389874149505793569465063780892542383625966562372504264697979488536360211200367787700531
1.5786958914487609048871361308513796165613792192053964511479243834696729377785767367107829691251451144853972977101045840148735556485950530402174228008096058994315219974436781106486826956029009273188098e-70 -23.960214297620428190831635803764724326153532712084115608614981223468769995452864799424511981067103512439170870444189210653544115270228973974833195171759938161801356978116036286874472545955611375253727
2.5039879139701627103212385287082293493418092390199642681286697866340066068343199670044129388481752068675531371200571612708251897862506564565853573423643159636186150751541728103824005166244682728782353 -22.950553520719916810179638201629331009699387737479147285278801951655450442164587298919324034724414156824303161379097259397255365702360771995508911080617626565749275205789609206432362599275735914880237
-2.6298632322740742853119070735544836899314386735359090404058633652772926603622119736075680659572085456635194342163343842439407402892197625977329980166931455215880556878992602260241486728265902260138288e-71 -23.705952827075764628454892956344848138616993594854868119189460896757906000448045346773398101295646328083921608456466893593533931128378132574781648423886620516233090232434200655461232702398866050372615
-4.207174014642349847190522626194119126607770264064732959151719451489894801776683509111754956416963225207789320389507518491810261370505761617526837173888930189800156847130304735403198198300413693729578e-71 -23.458257406474908425377748054336777564560998348618788227431961718866527379911871020944176484262443139817302247895739660563585819124060077364514119390255539491501848793441474246515572272088135547365138
-2.3213121752545911608186037470529838767613011754767776219599974902077990247127560264854805784202715687227955564202691803113596544146402953507908649161539650362406880047279379322098616259981354201736653 -22.284932749717936855305887776143408494545859837393503240091629129059471997604664925243296224093921744228924676735510753547868539849076709232204450772680092078660018045901994168224049752678435306688412
-1.7387004106866489894881848474737780790273596074949989146310584797510271717686826746968522982938156181360327859180702150180905023852651632175667295276543687612304801461118395485539323056525129705746561e-71 -23.19647172070106934800787217298046012700231890895565884449631620659942610959316623879963449656882105397597164589884127154064669527123791308307135856546332824837128965121290338154618065176335881384583
2.3213121752545911608186037470529838767613011754767776219599974902077990247124974720495535782982989580753808180000342752074436931766333765371653451188708975409159507728541964556525829102218530628093486 -22.284932749717936855305887776143408494545859837393503240091629129059471997606503630198320153190431806902169817794001466689570848171977979066600266815338668264705521910863926635022171128832030722015868
-1.2710172400745406961868473615260321530216319740117552988851147084712251832661671599616160847134866052151578610126354598580258980627532136463195531667149739067824417431604241041120157138762332639433884e-72 -22.945446446996499474135958605801829098496969512498842291648186577919307165634395286046239641697823560281320228947080053295432072727103708340396296006604553887383710339119775528841504291391961242791711
2.1071248208122387566972535352272794395600748189068284987417904113686031597675633888813623596801283663850506144152433586204752393470290781131566030102575858665369166710766123340807211134784575762360223e-72 -22.709760976907398594775556475817227078442621709964250808553830134026902486661963350187594848049507829735213170606701660509833221893829337896446369785294847071282150345175003446330861790476629566995766
-2.1410365141694511428873438701540736875002534390764869027145298908543967910265979159882593211483000745525260738777936222245161380688613204357316052944909369836845028625607577340429899179708224171337366 -21.63487581075883121063629290938949526003775480609760808879180004110477167359129264107437960017510567242639586211889841001343797477717298030585017143242523552101305642286797631146818161153802131768774
2.1410365141694511428873438701540736875002534390764869027145298908543967910263605103013852423769894921037667296355939145719634344502180908026886015341438841503797967626677773258317663707878775692362333 -21.63487581075883121063629290938949526003775480609760808879180004110477167359102106745464017578215611404428765463646311572341977672317817743007590324297904139444107960896153623130867507244888278429159
1.3772115043779836336608213602750428423449656495492585862716693689481292398511864611839211046713430058087528230455269061637957235238228482030878978497651061256861553342467782672031367896766161631689664e-72 -22.407239274261778381382558354555714810202837647636108009381730594438468953275747946693564640911708591699485042699456772264872295792383015101690268895869298977154538367249960144266746313922312610546215
1.7489180307488917735666402319634714850242603795738732115425185336178286654509842105684040430161547196988964715742384586452483959030382027274646014110781314660183313175748369756956083274294862669056478e-73 -22.214048434430771668283593761997345304978044557150617147855604839588692797012955634365796915797390130250318532981865664158213852170553137094658603311960477278555588580685650528473593006397798537657236
1.1512762317735522013787773200099390751810765153480609765531130190484902939077995383354940339288247557187257714177499277115417936083495129051431583425426416318988478818176923377518804468847077389119625e-74 -21.962372236895099450731281086751490553485251364513386244659286588142669141653369759648858632001356640982997616492691338559765154986896784383218200159251031283253583283464482734969260166760223843229792
-1.963368000339173113673194318930994889236556244764326428785099698147508634252470696141684720217306077534169257380642996780500209151495996599653236703580448595705563814862457233931515729155236289861389 -20.999630216108188884892958694737944628708048943779272330411246490275888127472470157667298852661562710712721608707314569665447472372509920336746000736659137633423750793509975131097555719097350430495887
1.9633680003391731136731943189309948892365562447643264287850996981475086342525326539205522766529136855551200768073694387074583479786731496491578610620591823972641878674750107984768320520616808218931807 -20.999630216108188884892958694737944628708048943779272330411246490275888127472463964494311076353397331881044068367211632184859526366206558841892323138381765999010332418163033869997280000888281848218909
-0.14403991897986685249828309400576367001311097559279584208695468358864916582350410265209077352012034804164889056479358510098522976612912627288554467757578047306394238778723467513575926359761804629719889 -21.583921474619712694870178615575482532448317057165675740567570781397018458526000919740987330512399192197786775789011981737098357153652367777300141541303744464484879043882583846364030117755085697021499
0.14403991897986685249828309400576367001311097559279584208695468358864916576215722752174916849904318650981888831899643841698616792394533680167992681601405467646022166447601594939287792872901422130245804 -21.583921474619712694870178615575482532448317057165675740567570781397018458541129895362769380019685277022676692914494246899627246592334266877602770785743655276849984364917488943393641447820709748278225
-1.7884958541152617934526424225703667170282184626588723659815551669589187578928347544230758079045714362788041179358455837950486142567513628228696220211435932762874702814655837963018323470500616703783759 -20.378509334903373026269203408138670316226181890050590052651960272307866925705983645323566519305337418868603540738044720357900491416199216745369289060460656170666441157190897117862696280376592896195191
-1.0579610351958157877612910416805799970745128872663426688295850003431644319004819288906241468157728678478728875164257917080764943858525917183434293278431519119340127812780097345583364508639146347304884e-74 -21.07461743316210117250841135517642648129123574631392110757374701419752280616561568393031183232918987933897219485693567819894408168065840664852279093270074156993747281058783987524385192981623625045582
-0.25299686820594530239152416760591451437575255045144108156244924072024460186900763646664801150978352063705194097653499874552095167766474357075545882672302790075685663072877410623346929105443109089419944 -20.926630222246192591024805526846667347234515735204655689590384889638807485053894635247494201806393365075120999271594161887583612161085924480911995237544379715556305585205974782140206569556197458056857
0.25299686820594530239152416760591451437575255045144108156244924072024460186975030464740438335159047701943811930120048823502569484915984467148747280685036095836473961674890392338014542197690895102369549 -20.926630222246192591024805526846667347234515735204655689590384889638807485049688242759866155724693010983315402206262223753599719183827936148094799231853577892171707763029052486257091851178581533586917
1.788495854115261793452642422570366717028218462658872365981555166958918757892830775602823677899712102080474558694302052812531830937994909213168731341798047312719151570215744019139463549481839193164551 -20.378509334903373026269203408138670316226181890050590052651960272307866925705992356229409024649579441754366354577973934664839712456725468140078961580394135238483017813784772139074827529888301037643129
-0.42406653291088987151932901529049405948890439774403343825964825330964076141416770867039203136828579191847554107551749983732673576178471861856653597375812628692397709791858636710518314836893383495768418 -20.339600637414466432063340432929854752499401876753190328405306050744613793870380522335506501266116508478754467405065782421945032211362688294157821366453166727637107848476913222089782294274278082456622
0.42406653291088987151932901529049405948890439774403343825964825330964076141431778392561007211577757070191941436012342853066401675591468336314630307264602080668891610834292708924627819553505730056568564 -20.339600637414466432063340432929854752499401876753190328405306050744613793870191933884364643845651674820740363782128411458026755616866238553485503112482988665165633127224963554413476928692682332138237
-1.616594036065594299702896552954082937711391819111625304555372965351129721312359489566591505334660805333936111561050264812947032965259374392758222396945696226744693885922156565111514756059437674556782 -19.770882267004042806097615377769411569549438381526207494649985142800387790676339037747711363026067795939087454202229137787936843399771982031075932169255894351607069191551252220549526320455853616626768
1.616594036065594299702896552954082937711391819111625304555372965351129721312358640221152430185216805380833913873886019463749970610265628548770941328943158069600738032305863124341432129408909040573677 -19.770882267004042806097615377769411569549438381526207494649985142800387790676338033392435757044961388220320540569583768839335598916152591682224838430492607192730684317671570727770769776938577331151014
6.325254486702266993478180913502586117395949080996243575383316802858925712599962205106540439224916204459074653745325625629075852385458505418279704344011257105527582338478484872650754436354207558730351e-77 -19.919060754991562689110419277526858018871786517131676134903777120912691978638156993968480201623374127025496799401533290221037960777593522304928524636000375839788894181519203811691902910327710394013601
-0.5711700253229862028515589690447081924926752043437624520178668194033616019696211185993075563008499782056478477964979072095571258963427206801146585198564291400202116953598430983323436896514013002310048 -19.721751741548051376152072399173283689997914951814621543569042588626996292901986075245142917393552492401201859883643942822801903835232859870471889300644139857883698868438526143685580043841100738561636
0.5711700253229862028515589690447081924926752043437624520178668194033616019696327069910975030516575285303443171980763103531669909876405925530621062896513090156161018510008723605186077966278221939718575 -19.721751741548051376152072399173283689997914951814621543569042588626996292901987975168211438638345260312920170982045810614228983797349302482855525211951663705805288629842369503221894136340259888181487
-1.4477953862774771029152201103132135222369300927513603021015809310454213220174076442565653082953000104937027242577085360626320535379181550445890484997277267770280924539455084108608070972242253901232306 -19.176129658342303349290013952720862702335141458988712119311046719269921982387859151790415332221351867702690223865144330312520117628035845322004423441246881967512684074555802535613280172105316420902291
1.4477953862774771029152201103132135222369300927513603021015809310454213220174077963765438989801392866663249450218087454338497264102245063236056136023931722676103312030188422871604954111876141186679394 -19.176129658342303349290013952720862702335141458988712119311046719269921982387859096991563098271272253593590614476675726715387603847485099200934630082679453097763261503707252008572340749978520332198639
-0.72293072640528334557678561218358959359477416925593852347387581111803611448417541560191107725003240020708445370407926879529746064302732767291242703784358727099556562303708151413090232602983443015241135 -19.137191126479121117819168380758675923887549020750146264002930811961923457317567013813057987200376678892445899993008678543451682309412947291359741674655599961249175058400509582164683154511986337343138
0.72293072640528334557678561218358959359477416925593852347387581111803611448417588251052730148741436756940550419905118601906850031322788683046965325722278894736604048133661669280048554709687786075439932 -19.137191126479121117819168380758675923887549020750146264002930811961923457317567460387506318667521177884578974680966682921239716442303501798036626971802903382271762440231429289486896830890417728377996
-1.2811623039532324647996622242960533985594693494797257995491699279987727851329308273251705323347114629578047533000835228044673728897365907831592565486486176346266325191282407248628514775345727166736086 -18.593412249731271397842053729893136492707179726117465242438855077877884509638170547480722367193686846002062067166001316063659713066629775831138046160426589840104555814813620900812135887905268159529224
1.2811623039532324647996622242960533985594693494797257995491699279987727851329308283162816082327764574713829073463074652041419676915408205713346803650827476383596136471088319114566306431914986144369803 -18.593412249731271397842053729893136492707179726117465242438855077877884509638170565611909543656416935044140003597427698569531554148872202472285804166923690947645238061059431095082735202505002767723973
-0.86876478921106623978544900149106936937449375364930466149276318162480739116734398120231127429694677674825064697660452045488534904722613043221414121252543562616849466634759582956769678387400180782804854 -18.55081268060756516202595417594172273849874101594142531078118906039508467417907339591859833911054322381368758861638528680672916724798254445065502459155455442469762532114786898537339878613201573487604
0.86876478921106623978544900149106936937449375364930466149276318162480739116734398930709841963273454923075548545079760663505077635178717096827637787997116648733704156640745132502647206794846903838999701 -18.550812680607565162025954175941722738498741015941425310781189060395084674179073428448408656024023884908436551271909437786349877618128309582696895633036297419352115925813140168797239366606932112060875
-1.9134725650347999526563480945509092700604629654629683276750008262931050340541227318233650670318474122729438299907147545156759389582084297914660278093273772522326340871591155322967412087135208465947756e-79 -18.642644590544206090702418426902261520406764996398932809390409356519239066027499845114842309274561138930806440928296276749426849265986933636570662543063714742903771293537704794052154793221052633242595
-1.0962477914755669023091811966200451702881096831234174224540199042659519906851056604873823392273500147372332675403946706549679608426985682026643030805449746679467280563312256135361272967371984184697632 -18.054819193774997225805923961879121529800274190264286976443168219438434539437436388264952334558963004602526184171137891134580607404237112970596072856683693124182002385402130437683365228955600708873901
1.0962477914755669023091811966200451702881096831234174224540199042659519906851056575540000932346360625466903396200465285996891384965336594574109514387855858497019421399823513990128906945345563734017278 -18.05481919377499722580592396187912152980027419026428697644316821943843453943743638964139074193988564793433765710886213084696057614168142581575368823363790172749991075532037502284173047497483104375429
-1.0363182456616613338558178118390191406044688605415139440935385309089090637526542575543593759312040341096472625553348401769837604282964441122360550871251687836734267465435304489723597113577694589400893 -17.936090572514516349127737427585716563306769599480271204662256764214182018367454083687028317054229877107236028893751860142288895691117815648874657454471581384029581975741526558470792884971485011903633
1.036318245661661333855817811839019140604468860541513944093538530908909063752654258611344501273864465056541360436206758179568705603333268240449165067976423111922697739275807684971782795345719749844759 -17.936090572514516349127737427585716563306769599480271204662256764214182018367454084216577351865733579210230896022511730080844744627511801975277216831340530221441242911464570501082958337653152935602494
-1.0603151347444444162735466015734665396772306992524071134641624265440943331828346665567966950185870273868343129972783851646505170406080500308724645958007197216559731149242682788382080395920508610694452 -17.545791726794807603087866095704671694835602904470960793405390887718234320489918627206508105309108149387341346641070766343626179649840317962989917406024172967022421694095854310934013249147626366316421
1.0603151347444444162735466015734665396772306992524071134641624265440943331828346664647095396078653739783594175067558364778541690545667792873315392413939971580408481711558759728877013693254106036342282 -17.545791726794807603087866095704671694835602904470960793405390887718234320489918627192157927964535967130485881638657173410176985541876302911687918747666840250133147215362461597371380901292118813448451
-1.0497404220523686815923955194373426294885102906211862208341841696020828873631708268936392481278121767981627339381966119994322724487742687027238550405954097814777439406350101012283990718457414581708142 -17.281021212775575938424559100335408322194307804558176077229256014263331852558629895645075057817167251763730840218257498628197991771062647806127137013342016469705355239038144501898127402364338247636265
1.0497404220523686815923955194373426294885102906211862208341841696020828873631708268855547141875096825926142208003663451676054130893546696909864298420648005920299723702137014847618702292781319224711138 -17.281021212775575938424559100335408322194307804558176077229256014263331852558629895643162935744652636334862085468988057811688483244150665649769136905465921304471845930767199637219101135965785822070644
-1.0489232878122429987039833135577619002119933220481812506278843563137087696676500717055631156159893777827426830721753651327675933092868380929619005449188169672061826968008257173034744649863153691109218 -16.971133950304284581555359091194716243518117389454187340370410050155145265585148093997643466125889837462720369935127078611451656077615804370898640611765059381152044265263695652837036948556933833230274
1.0489232878122429987039833135577619002119933220481812506278843563137087696676500717037060584973929579075974759138197819090811212744246428654662328535567599900953663042946430092598653781506668944313665 -16.971133950304284581555359091194716243518117389454187340370410050155145265585148093994826886177172287659898425695339906855931981440478395134202265941945867071642870140911623264236972744969909630227312
8.0483027786542621612152522286499255648640878573245023450756087849354350179488082083780458847250499506064326835124530392807207454451445222096333734817787405480524136278851837745419879750513766702133434e-83 -17.086427076846293660320252403755984579918822967104958595769434749010585721755213967625652735147894413442884414207672988576189304636817001972126195893706105123893664198902500761618465357894779091966687
-1.0453109032914192414724470438853893951042338462871496653853957458212937351705573228323391852652198784600115983370100505568180517824222391382407038617143111565417652654022527079990121643531532051620599 -16.684782000035505821247984777954168688335896609297603992237237071721495171711368696082760006045370319251354145916639534362664148225462523666639450079285840817630623237458110908766921777603220579282733
1.0453109032914192414724470438853893951042338462871496653853957458212937351705573228321977239043041752570288693307043441323997899323320015145719517104042422832526470172385323125977814582132290508897726 -16.684782000035505821247984777954168688335896609297603992237237071721495171711368696082185576002636785616088674988355395805589390559002386328370630763198343778206245515588587759909713893169750644063061
-1.043497117620592496323869835456512969279374011023712145285183545458619335934988391993075430916704840374928609096399695638084940097448319238023937290373701356869468856297006333397127232088203373114629 -16.394217451836362448043579666235787753592468642907536165268984729944688482325260684868531725162492506216125593239428059724741139796951066877896618904567650411162706163613343112109135561901914927829442
1.043497117620592496323869835456512969279374011023712145285183545458619335934988391993093063167638182789732632652726295504853273604331745312024190689103568335253832979706174948031136768591501393102587 -16.394217451836362448043579666235787753592468642907536165268984729944688482325260684868394941069332129664948987017760622105899802984667868556953438052239566269926385442281911242363477038669940239863657
-1.0402251450609028842265708740005762933467439137131132371761458068428694283546969592871616513205077867235071583563245810396998760567496301798709966760728193319625201633602981603418950422996716801356785 -16.110713197459153578210506351067113811239381193595525776306413069439693599552518077305814194100834628516188450687426884580305685643220444101476691237079632925418370551833897210710175448698117361661328
1.0402251450609028842265708740005762933467439137131132371761458068428694283546969592871726436853020578435823522388136560720651649680142816955680010863941026206767176622967375486473486131283067611947013 -16.110713197459153578210506351067113811239381193595525776306413069439693599552518077305788053869391467561232704437746545867021402519918869562221567880630310862394019911371600775875292278851787798215837
-1.0358206679745990829496527684274044212707538497695003205694108461679158879956542436936953088113098636121352896657396567887041449932426050316796755850112596503072063289183864762590116837243631844214994 -15.828718200655037893991592270534197308930160546681790960075625473822240457215526196097730943608502544760935877491123008305723986746292635917557789053601214923789873324108183611068364787520682189394638
1.0358206679745990829496527684274044212707538497695003205694108461679158879956542436936991498588381864732635864318528530884974754745224946480391920701766681526346965366140401752912682688940243233928949 -15.828718200655037893991592270534197308930160546681790960075625473822240457215526196097725929318049588412888472630005045478293350974648135935138397910174527218355802653109694881684594478846763129627324
-1.0300264412039818401941203064187214939755886600665472128208861465750954354857130604466649947598277897600136837557523962106134623082492326429634304048857843950346348759520576582004684013518216777027528 -15.549236573877435316327796330038017994341752330037426747213679300897206997030862605253043341175991146914135353585231878211576275185432081620966452104179747421736951572666803651232312430682665367378721
1.0300264412039818401941203064187214939755886600665472128208861465750954354857130604466660789331481005197889269666942653818087386102984903702498426774249331120531777394701801428751451126918513384307461 -15.54923657387743531632779633003801799434175233003742674721367930089720699703086260525304246632488544003360643104864299741237810127523396501953381326961074330370216770759350787892401013739561150908883
-1.0234645694662394533269887206388788465848635403608127907607672088214512556582073053591264291500894029472954324264281780346451610949626180838827583510865690425439343750747738877380136996268888834607642 -15.270628132712456193021801251711725498932203635034332892320809313347655538867207857379470612037275982541562939216632899074377393859840098690858173720880815839846364330631790362821695509413442503432818
1.023464569466239453326988720638878846584863540360812790760767208821451255658207305359126711245930588113845378222216553084652891323747772570532885827165152454024995601365177136618710072396934481891774 -15.270628132712456193021801251711725498932203635034332892320809313347655538867207857379470483662802402244587878426836142786627032388970171898605919868375637278111373021158482165278678372474689544573057
-1.0171433545994976301085345196094136306124580790092802039397711736411274670704968285191078766898138577853310722206686973165910052164512690237751476451808963643442558256814167015222844575093489234890182 -14.992696199687748121861157337055351935865325607021720435097404539632790464528518416327923669912460243266999194456337045576160944869280474017467648912811476834795865376684431527967238504799587521139824
1.0171433545994976301085345196094136306124580790092802039397711736411274670704968285191079423861880927538687844527587385377715616614565412407046791078986604587096317227411293079285732987439774961046366 -14.992696199687748121861157337055351935865325607021720435097404539632790464528518416327923659411933746548960103196865071901568102750808853219897518764667218538725041593119944947951071123820726497179912
-1.0124656265628841641661873622838950653995285784125132991209744344983642422587789907394685925880579047839056595053534766158118064229548913793122076873989082834864040282901051598462957330389819139194376 -14.715576208364744427053686107878310003431801449280359026528210139964406704699587686923033608445573623715792469401280282125075563705562987878849383395282846975735219460660615241990041808980561182561559
1.0124656265628841641661873622838950653995285784125132991209744344983642422587789907394686058815219249704810065282648233727621382874976178778981371292184151028948513111718202805049814608860088738113421 -14.715576208364744427053686107878310003431801449280359026528210139964406704699587686923033609974490940905981982593337632917978437998017494836924164040989624703219333188328711055980912368099031585611682
-1.3185190278030657981617059898413265691207209467119189586996798480195927287904771730776471765188089621047559787260196453323676012359414993209452159639572786274980194809155897718803381759342110618925541e-88 -14.700951745533186052055475379447806574354903974651201111883757998077416822033168601918769143502525239384624886423300771455695653601565219830387386273313925769918010914127178643116535445409559146629952
-1.0102801252257161990278728943636554024525183953412402223471566319153037090812553487693145982913746128013375424445476717101343990191418022939552493206999808163647044018512648100656860559713176582828468 -14.440609078548076225897244513212875574685281774994111673158704818241875212896204202850921775412921136138738937066122429949739708734954337635340429507915581992124544200877967193227590321057783061636009
1.0102801252257161990278728943636554024525183953412402223471566319153037090812553487693146006169043934017400465054678023080816941126320859144731242328567926933002856312817251230901783443101195846957558 -14.440609078548076225897244513212875574685281774994111673158704818241875212896204202850921776265244647462877643827946120487846539705665596908529446503205396715230786841886488683822946773151394567923504
-1.0102007577243455335354157389960608746275488966406933551346998659043106920201555125363985439829281250942743899760089342704541146513901958355863453691897818437745340246390063686712721335754817107624095 -14.169134474516146616087254588494782079219647381030000698999419608080620462730175196777660574893269539405847903777105314879319475074313196653419656309827453781653245851825605757145841665334168951672447
1.0102007577243455335354157389960608746275488966406933551346998659043106920201555125363985443571156628291081900588478222175980041238086647218444932717322829503160813676393922583901171453833190688829288 -14.169134474516146616087254588494782079219647381030000698999419608080620462730175196777660575106258305263275115394869262263872964328451258638709390699690115495672760215205363137010638703657659965015837
-1.0112161249536410232126361850352437827638868239775302770799221199452544965628766805949325841848840246564582629820645004575300709521987705467535316376805769861169128890776356708958274172343229007517094 -13.901592305486541092927869609235161694169315977421489804177878214272625440712874791759294032051305865892662004904958473990907687761887824989284458424419014334836791747722303204549380726679081099875045
1.0112161249536410232126361850352437827638868239775302770799221199452544965628766805949325842443502849253920388392404571711282394155748264264873257796058626519268725562229740042033800922347037528109676 -13.901592305486541092927869609235161694169315977421489804177878214272625440712874791759294032092669705357985270292198120757685364963072316105966885092176896378599834482938480146261828576429172815349417
-1.0125924843345378469218419481090529880369170409107734434618957523633962510016014589949549271125437222512506966231994617981471149698475332535383480775412350108424080819863446313767677147282412586462923 -13.637635917306818559162520527428128206362389065585453708133798753083725036125367052948442456013417517731832224770124452965609286068710215450812206250960268424948986566944868994568737494833975530489999
1.0125924843345378469218419481090529880369170409107734434618957523633962510016014589949549271222008169846635272283299222451790055719350584251318025383428961822232639803663801994501562557773488781003173 -13.637635917306818559162520527428128206362389065585453708133798753083725036125367052948442456020548569835189530602439957826704607141831064247021571332315769156593209480436056488874726053766529256940312
-1.0140373032586438086227301078839513464541797228083451576091221329356436264604054864834682669833157674082322700119027301212875641278885702008786669337116193072293736987760668932388656263417041700080798 -13.376669530485998866690870426200648664726236272051668498738673403531992902666469063411309878170077324527371408284782827117379287203280102284199279580251140676862368048224647358890329640069877067028367
1.0140373032586438086227301078839513464541797228083451576091221329356436264604054864834682669849172265886466320985944493986035128100912235842455381847965762217302769022410721774171253014022783598754885 -13.376669530485998866690870426200648664726236272051668498738673403531992902666469063411309878171219436028904421064513762783486370862721892721838871575857452834031334844740852507542598441214389881931087
-1.0155243933435782600976970300548089457957729843061348648170888710692274184948871101777175654329469046634912784858665504031926040805434068484578894081880082593040577237221563446802341999344364271231694 -13.118085492319703535549600734222805249363511215935794895957869151624620440403196475599260280868026864240326464622394447190976642648415105773203316582693296078154041908132340162728131472220302072153321
1.0155243933435782600976970300548089457957729843061348648170888710692274184948871101777175654332137271209983825416915612123387977053972946805546832931651916533153363261510768946818882928684685586474542 -13.118085492319703535549600734222805249363511215935794895957869151624620440403196475599260280868199168531205928649525964919759729583502926720091550520762224836713672418001813012334656510137444989884837
-1.0171285679730719808919226653623926348525733199685588212207340995418353564841337393066092360253960457490303866482964611427636701513962223734367864785269102649444590331454255546331411015135077062794833 -12.861305192418347538716779447063586293594528879773401902995305730286902395734760153267916990337352580026967950431734650161303551927205302862975865114609471067036480604106623627535631082517948664999752
1.0171285679730719808919226653623926348525733199685588212207340995418353564841337393066092360254398656297397956577476891086648965609379873777641246851851124253068377479531521769048172059604526104008442 -12.861305192418347538716779447063586293594528879773401902995305730286902395734760153267916990337377169639642250076819633266851254871952384264704265778230867882875859839896112443743478000510014732610476
-1.0189384470898583846597207608234928835448432160835443017295957450142507795433245477740073509195770220929581815546658758808849773432526253208565274030167696920150427820270137078653052229649609969973559 -12.605759872959170061884722374513388730633627245305516925354526253973447024125516822065741051765355104209756554742463446516850232887478694825267415488833885774137625766271411106686710620128717526431428
1.0189384470898583846597207608234928835448432160835443017295957450142507795433245477740073509195840010408535785038443289062836517953517472260418525941494514526743055001562213191357353419000673209133758 -12.605759872959170061884722374513388730633627245305516925354526253973447024125516822065741051765358447711636073543174732732230461062184606771401179821424131349315151478355580858709810273779040060475624
-1.0210361041458425651575156271778794766990341560899739456753121563799099125242097936722315751635309341207523039928435371955424224574089725741881147188520384462843237882503762831671641282855801777276993 -12.350874071480816207643490753673004776478473920249792411069765049499898279860223470449578277293727403953600818018011655833340015897862949247030700264944930281860123193637099913248333681286431346137866
1.0210361041458425651575156271778794766990341560899739456753121563799099125242097936722315751635319986256593389585388081291095910403733073554941896346372893871365505318245399323031400713584221845084142 -12.350874071480816207643490753673004776478473920249792411069765049499898279860223470449578277293727845820476303722174083944820265585480255656910737321762768228128041090259566289084224910834648216398703
-1.0235392968610023977686266367808479577234600169719966680733637595257556349932660846346645913764092293107292728277093747717562420885650106983051313646827290131567008808903675370182013156349713744127955 -12.096068246193032562237799648340338950034417299327933858836938263315703669152764478507123679765297628899593608742687937242379266034226183996744042157615361433567654863382137532782776989183798720608129
1.0235392968610023977686266367808479577234600169719966680733637595257556349932660846346645913764093831233980518605190861734570402341543300857993223349785548373273601700477729036089178852411327989002032 -12.096068246193032562237799648340338950034417299327933858836938263315703669152764478507123679765297687775964990444432880644550396619717524709261029978481308361880612894257913243071214230477531084246815
-1.0267013823342942165234724429690147720043381185978881759378577006379460023390332517415187965404466334523640708938245463140526597997255610380540402367330164417612106367605961923198088991660515506572589 -11.840808073808663000182683392714139976193782635450992029023153772366456859088524900622973751152222604611403296227918268522221777422613647631704278721672481331608679984907236189640367429569377386085633
1.0267013823342942165234724429690147720043381185978881759378577006379460023390332517415187965404466542090777248476323909310794642371819010156359691029347500728225833695599104231009746469564443486008412 -11.840808073808663000182683392714139976193782635450992029023153772366456859088524900622973751152222612803374327653174330670953981197881027659502614686014083152710270595460965015428473420721537145497848
-1.0310155695971671605183807343112641305227154326975354727058796767858448605661173585927313506075753270397376873936606592912977944402990979490172161814836387861182026002167308887454257487938048309812122 -11.584765238925241030518817154066018919841930648470317438225200671432858503888925691481285632674104358697137753992056995994226645127893329710615170487691224522253906275387300917717148602893266454116682
1.0310155695971671605183807343112641305227154326975354727058796767858448605661173585927313506075753295995025569775271227950844421108637047394104908147035131838674731063882070323698009421296844134532307 -11.584765238925241030518817154066018919841930648470317438225200671432858503888925691481285632674104359872847532914441388681100765333658943198128170619281236428448205281695939348153120445898071302114933
-1.037130380227536102497579859069012312968431353699498420744753052647712263464064989947255543891271492915244462389942020186403749852333130407619844623429738118193405947202344635902872578934985626016442 -11.328112437367103787425612933387311683402171810782249000292823168879763629948999091290592079376379082313733090571422125622079648289804201790586233798557580476012001817375843097787309104148298611421458
1.0371303802275361024975798590690123129684313536994984207447530526477122634640649899472555438912714931971421088342864973854437890184793294140550482480550984910702745879466539463773131879591831550732873 -11.328112437367103787425612933387311683402171810782249000292823168879763629948999091290592079376379082475442466748551273804021933790375581573432256615352135862186818375669380004596932231691053141169309
-1.0453710469592893696799994753775430463644304493865167947075452827858781204724866684558725704000717997442674044134943293909157147774103511538161882144425219193706563339842304792857856460377032041512402 -11.071644518463029267019887258088478586214907641107385900746520983145622395865941623622864081004368412866825857924271806641292196160907773207337284168520130210923490771292140845045611921312049644510266
1.0453710469592893696799994753775430463644304493865167947075452827858781204724866684558725704000717997719551464416802255010507442424153378695392159931873855695834769730154740863000781595360719741095646 -11.07164451846302926701988725808847858621490764110738590074652098314562239586594162362286408100436841288667878017471372481727475391446787741128930167926370336376842103709096430999716606487991346358895
1.6384935364826992457807023739429979922251855197139180290046192941572832532361088818128943678552596808897066614994176557073804127062560495422246713245335530047453041076961299071948930034989288763987423e-99 -11.238007231961659921137498103010233589872523346375585414393520797645197205303447969669991594759911622972037238653003033913200730275893382002063967379900798020131053046946981557851170593055685194593734
-1.0552856024874946939019257592382603176580156913065269913740472775917502184235945852977934824128896452801676543213989759245549209226698789972341414519346350004466006028729076971414347390423023761670678 -10.816262067749213277992131616383844271404050943133221595150620200967721053311271349961057431049963896558668107838734083015354002053857604880380568199733926929285870260799065194801329813363227643855977
1.055285602487494693901925759238260317658015691306526991374047277591750218423594585297793482412889645282668514291852565275151675271867991529651169050607274652587990870262191669317706608987881156575912 -10.816262067749213277992131616383844271404050943133221595150620200967721053311271349961057431049963896560827214459713532939715890496194158663531475988068539422428364621080295680777860784747286283591244
-1.0659338447305062905484022440874839264302367230593975989140780207611073343577971137139772417204524445020918356996090881403585839132643564227929068618441592322056431778005960164248474068414316064990077 -10.562283765238576763103933388684829895879445262023829017963699239861390843501926127519850144156053253588187156589447036444269897507064893249149948993014960831214543339069444930545710704116828639253896
1.0659338447305062905484022440874839264302367230593975989140780207611073343577971137139772417204524445023063309085002541019375993238599561440881155073020155261831314790354771252790570727148588840724533 -10.56228376523857676310393338868482989587944526202382901796369923986139084350192612751985014415605325358840365076862549490532281555780209303419860954482188099485673557698719265875077204526146918771007
-1.0765192430565188863109722769860247233105251920747629738584513385548044694297304360696216317303967520620573611130430012625904723218828451607634772826238525283148322719344719911006131526041116255452783 -10.309392309024567229555774643093985894887483588953753708733787027526534856782085937594714932259916196083061534197253907479910092327526581061812480783345444062351861630964810483101164503526919836113526
1.0765192430565188863109722769860247233105251920747629738584513385548044694297304360696216317303967520620748860797038730949165269835481110734408074213315417248219646845166610123320013661499913328887622 -10.309392309024567229555774643093985894887483588953753708733787027526534856782085937594714932259916196083082388831342349256174503880239654082373251791836472903380156293664394681806995662733444172996213
-1.0866800462955512822951444078159381122208250051409316531599244768858085582075151272701882048264103560787414665257001325319902398445850238226949653572046131855783427316786280045468245641486818476037393 -10.056978582407408896351592794198765686028284203044346987798277261868555031813487224052768225087185205208038592641682174850294732425428564679402578435961978532575274664076942736648435707758242829960096
1.0866800462955512822951444078159381122208250051409316531599244768858085582075151272701882048264103560787427871642512302851802581607587247539187216249653822850299044309242796715993457893732970965854101 -10.056978582407408896351592794198765686028284203044346987798277261868555031813487224052768225087185205208040558276305166652089346655394373522649196728177193256325252180335801312296778776602990708940329
-1.0964916840324627666442646021473153439085416090563548827407523203479326559387214381460905996836035830854928976657291162318270553942577630636752026669499815861881598238952354050610169000703614041788336 -9.804446868036198126502696390453208238987717688073973961653251544926235619746106930176366974147508611563303440005768046841541669783587619589964369806708746435324370555448334926308975458915018696170848
1.0964916840324627666442646021473153439085416090563548827407523203479326559387214381460905996836035830854929824462733164991704720115884228245323044207640435263519341736751107095926024399281642837536246 -9.8044468680361981265026963904532082389877176880739739616532515449262356197461069301763669741475086115633036194348951701521131806240569124162058559121815541372705216907798169180080937626224867930524409
-1.1063546583437452289312666832337480098821570752833360390640146308995228072107908264261436406452663629418591998885854581959101916635570363963050257349703944353145222359602133011141726647215587488991265 -9.5514503628354804115108005661181595459616542909885196084983606002224039082295553486483848538711013427367299679413649424548537369978432075927696012638132757781577061446238413111750661438965376619826732
1.1063546583437452289312666832337480098821570752833360390640146308995228072107908264261436406452663629418592036441058178011421080274830749592111156986423488183312174675921372910011968104007372078609645 -9.5514503628354804115108005661181595459616542909885196084983606002224039082295553486483848538711013427367299832562911160853834586208191621266569596719967763176032291079324675644331409152121802430148923
-1.1167309193439274078236597727509427089210598413317249862999622506692462578180201918904634234538090504696566534481979006236440290186815338665865626001774539485142849773912625183469348377694260677404628 -9.2980469731728031739787971536863718316580651850074742167169154412848312257459361071700549227714723602922561484107010268528531660794068224477638220498348379537001026631495522617767408763630059438171761
1.1167309193439274078236597727509427089210598413317249862999622506692462578180201918904634234538090504696566534406003548378020766950934697271287412800694660294660303059464028286314663399777597218816608 -9.2980469731728031739787971536863718316580651850074742167169154412848312257459361071700549227714723602922561495806845548917689480468135825955735347037135926113650869417904074608723232889819837198271408
-3.3608612953641102057979334130036621580948576305533033414243024118383983793572968403347973704436116498495750247246526670062909024794836432399541089927053841795104518686921117646143651293010284821774009e-107 -9.3228912641799833259736151081701259798845515038022647707252213294297191738765075879661974369653602193993760824672586525464460027769111281949845001481844406307359703321907865757348010664071589860727766
-1.1277981322956523912190254681792081086029622221715821066061921118822932309932010777707499822937495841424807305476147057826357467577599495731975415758505801131999590785943952327955775797456270344756146 -9.0445696886269821264982401075747768619554383267365741711025715871783038019577548421299098211745639463990195557823029327189514572357308471626674082337812834675310528665121003275072800177040289476383861
1.127798132295652391219025468179208108602962222171582106606192111882293230993201077770749982293749584142480730524625643100616061365464220126098661171544688877622689884386981147867218135625151677668782 -9.0445696886269821264982401075747768619554383267365741711025715871783038019577548421299098211745639463990195558596706348863250170230130596928549216777678361127355839363931344596106947805400692436191872
-1.1394053895693244107549273888724188537782352449287010453307504347866949450210578136134613726364422154002220576853924622393834699612040434111141273945689931523913946854237759560360226220717744007678602 -8.7912349315374315202678526062101156165751863570172856659467541449188805323074522502638410682195521376975393634557689831763636314025343194356843367813762278203606328299365211588249844568874242396226133
1.1394053895693244107549273888724188537782352449287010453307504347866949450210578136134613726364422154002220576824450288205332480301129583515365023088621560623301744930964910764911014833314780071870723 -8.7912349315374315202678526062101156165751863570172856659467541449188805323074522502638410682195521376975393634600535929142493943757945844639361730967714544793643013387945969513167843782463068617685654
-1.1513997032641242889391034339869194872223518861132103367201851946917503445443903278194090957874017553207309911930766760564664341017595289717055584115518337035958474989439123511522810357991859159711502 -8.5379790697314789084681654820890877888803364424156374879847932647461424073140042652858921377565965500342888021871287974174499550310576296679200205374785947754591159026841423445825232406642547769420574
1.1513997032641242889391034339869194872223518861132103367201851946917503445443903278194090957874017553207309911928211328377334832066361736895638474400040479656709485338445307079403712000489987001249422 -8.5379790697314789084681654820890877888803364424156374879847932647461424073140042652858921377565965500342888021873105040678286355207301022570463593883483210179038786218351437667170428370728806815703156
-1.1638313568026517103790823914757662646830486166666770500664258396804376181490326057176668699971736370440307113799935590086823362324984112921151296995549711053951952219317772400686341210206296957064503 -8.2846806785357260720226651997481049111085646156680591117285976348937846975717441077835867122692669264450005744500164874625279152530326385598774385694825065759300855214955748784700156609467415463057673
1.1638313568026517103790823914757662646830486166666770500664258396804376181490326057176668699971736370440307113799764153986352461950711508246910970166336783121960971497748186175432487449280694308681356 -8.2846806785357260720226651997481049111085646156680591117285976348937846975717441077835867122692669264450005744500204430181186458475271672035613693747855625393065786406959834494380470656832883845441432
-1.1768197420224141561087176568585630969373261389001863134594136599487910087849047789378836196720884875361435291490871507600275591014205844830264260381791699045324895405388761748334304508983086302116146 -8.0313523044679317741247261637694855600253699457071648438016691209238253820483132422640527778584642598934534450003184897139913480027918207592028436497504863966610384212290119177393389475560684588880025
1.1768197420224141561087176568585630969373261389001863134594136599487910087849047789378836196720884875361435291490862572931250948551579077871953587375027358648549731835303271238938456815943460261912069 -8.031352304467931774124726163769485560025369945707164843801669120923825382048313242264052777858464259893453445000318303379127283975564668940047034233605367186878284994540355498286357184025308263170506
4.9325695964143404682869746851427954518016892986558104502939553940833663155001042783437479078846508908480388037704805644520387440544951161231128563694308893238592846825434543415763712954963435020423651e-112 -8.2346639141772109911649589527558813772113604237049250314649156047412656499186274704244224251925261581818019152069386656026356432615883793785051855039748291744288466567446558670148162345527854830223598
-1.1904019084015648536947047064863143384326738228692057987126202881418579126494165797883637569943437753769759908045183680604277134942104735538005395899011858265203377900082769715707791354627084098268295 -7.7780587781724845687134808994560535499504160407190018714233919068635662585867419594295330177602993283287314460172321727920911455374384745659072593205445654942783135515743328641756326272321141073792654
1.1904019084015648536947047064863143384326738228692057987126202881418579126494165797883637569943437753769759908045183340890244203835739359330826360167850074663055301504477480476933306246707197649455337 -7.7780587781724845687134808994560535499504160407190018714233919068635662585867419594295330177602993283287314460172321454324620815325182305930008227964551738321890069565998465531269064051858250206138271
-1.2045901760045142310074733287910212427386698426523783181797856610438735582016960756764424091157791764750133935841594960890095175317295445044013877349145161927474820642155931696258038880692814923369058 -7.5248122207375876280504821500676993709555235144767532819545036602708975252154289442244815552640262641328950251451094150289824650669674780338308643845324124938323305741376542397254594741413059919793349
1.2045901760045142310074733287910212427386698426523783181797856610438735582016960756764424091157791764750133935841594953806113175469040055992021570276682793757853477146412513253807524891286822289636137 -7.5248122207375876280504821500676993709555235144767532819545036602708975252154289442244815552640262641328950251451094132511971650914873746759087455208601883373753949071375425149852214061194683873757755
-1.2194357937616852658590910507559640630232601367612150766641050010925902643721599563666098694617010296297939749051915705042275879818872855879943783553940155657524447035071157488262726718887872039873322 -7.2716179345416198768783544491242657692300673542957035566905576751053418327234300171445453690623717016605827622200711424632124372957612631592890334013251083718802021292535434292763413711039606524684347
1.2194357937616852658590910507559640630232601367612150766641050010925902643721599563666098694617010296297939749051915705176983399423324376920007718222018016173286134586712726132502806181971094188107759 -7.2716179345416198768783544491242657692300673542957035566905576751053418327234300171445453690623717016605827622200711423877316510036336731090125020264598007405007193971992290081357866365093289398129094
-6.3058229698257408273908469174746790080596634669890479272577729396619336167607992629129660683481291715631165318734346692308482783842030741289231689389416510988536967931168038006979304901953966186517652e-116 -7.4234115274583566007981866262672444771288498878234132260616325979898445039147590380007941432509189476234419681697407845427028900974984323573221241922926044070229810793184159409818942873947042915156689
-1.2349935763015129120159128268216474024573764850991797009207241109049983438412101330103701454888530376601815148050696849416710887246871576963039567940157895991897201370157498123787468990927905454171299 -7.0185056142505939608915083797132856423446608585540379717851066529455507384891902973225857053278966452999027486175511692130977984692254842346604082075501950568114054839699449437779654533233737164708459
1.2349935763015129120159128268216474024573764850991797009207241109049983438412101330103701454888530376601815148050696849436227954926549197354944176698487824973743884685183759355868454872384510434110392 -7.0185056142505939608915083797132856423446608585540379717851066529455507384891902973225857053278966452999027486175511692111041040099939098126085082014644037269024038668229936497356267492900853481586466
-1.2513134592104911171873584189998263303810139911128536443296457781375091310578226653152820038800732599627452756914274737134108644075310791989254734555740773570092240403677202026145205427899282250314002 -6.7655055469263857864689077494309024647145205897510605403813899566048127983445036355586365147275555358292826909501836929760977498439484986296622815781951731106737102210284971412604692310821240441131811
1.2513134592104911171873584189998263303810139911128536443296457781375091310578226653152820038800732599627452756914274737135014446025249437266289016996223532606542542578745303650784496146642451831431985 -6.7655055469263857864689077494309024647145205897510605403813899566048127983445036355586365147275555358292826909501836929760835714506658908565216322823762025781758458132189047535275037471426686724477201
-1.2684540858039110187942514644398586999966324586956217340990186983944748793566459573060986681150260265876397409807314718306273639848516046862390896561131999831243066773129517000626330838750683290998177 -6.512651795738812068658433602891174232365746424571417781907804178747718932374205865760664481054890307551858706056826218848352461565238876924433983812397578315116902663109973481298561805315411039827913
1.268454085803911018794251464439858699996632458695621734099018698394474879356645957306098668115026026587639740980731471830629699134868103850956460889185960404495196676262168903111322131439237639783193 -6.5126517957388120686584336028911742323657464245714177819078041787477189323742058657606644810548903075518587060568262188483538241149373031291698230543602863394550046267374308764523181181693699413070158
2.6880234984044407276282909237787156541576445743701573650667460720994055009636276543762961778876124507324647944329053880657959627292648237953899638176074452199584273670765528820824159327580308581008045e-119 -6.7659893674981969097883445782764249011916948107249015695727089380719619444617794052349471070447499856598854079726809383983612628353329890221271616310582931740642914195203299815959583583749873496506103
-1.2864784870792940659975405993311068137389377766943326890740917089611711462308990993762093036810220867191717320323300356388530486731872541807255456936991471962408621955842356774288288135714922613702617 -6.2599880257911822801717537590507338745356765441271722447810017515268925516799339301023428624415311163369910489434820279232923337474627488151705695919365153542152110562590960160875408496965003062974509
1.2864784870792940659975405993311068137389377766943326890740917089611711462308990993762093036810220867191717320323300356388530708031035481990668208897386105142781244529138602082013216464470296732443343 -6.2599880257911822801717537590507338745356765441271722447810017515268925516799339301023428624415311163369910489434820279232924012628424620567855222538106653821977336281199527870576338664602341189192877
-1.3054541010214028362888872026846284897544554535209627332933774380790111306336323584524442966090302064688748556529971449903834802360232169604411819463755187509720877900972577602878866569471125959439463 -6.007566336183771592761939115040746302900233939432331833102990340222934994245471095296219899450856434703522792155026792917099367832095574256330915028529997511002855043662760171621785525371685264448405
1.3054541010214028362888872026846284897544554535209627332933774380790111306336323584524442966090302064688748556529971449903834795163745808715677175309053921648426642674591975099070125590377198988626999 -6.0075663361837715927619391150407463029002339394323318331029903402229349942454710952962198994508564347035227921550267929170993693185648738632134616128815609379700766125647632860429824731059305451036163
-2.5484733677620046686098866943723684297306918553333574920891593461649434571098280472610715248410401017808069057940450134627555725672622992711373319503969587426649761219094041552274368985176287853976939e-122 -6.2100298207167131301637861864018543157757809239552034824645623775430104927283301909798411805511144907752930799440869124759744477622453998115985231576744003350094296062875653113651710267540295583007477
-1.3254533551473514884590959533252433128749457651598805916584868228311352005852468517642815502706282601914412626384832237160906491360943071442965625944892291153700813890241749742373038149825088663352639 -5.7554499860131936868727102177572248975054974803607183569527115426907198289377937340058630241844395959899620657106065221387816816222357866542005346521774730991541968213220721099998821330961820749793239
1.3254533551473514884590959533252433128749457651598805916584868228311352005852468517642815502706282601914412626384832237160906491040395005316945215216237302993040497011257830418272119857272513760579693 -5.7554499860131936868727102177572248975054974803607183569527115426907198289377937340058630241844395959899620657106065221387816816325634361716200911063588863760408633963340820687036383895964765496981357
-1.3465529429327581253447048857620758565617547601496420113507378572363748488576514835618856419147230071617044039853429435429668309852378947187821891860294084298354552333881248816270773291333784083345908 -5.5037155168698271070041972989947072783880910777404640303694037453537575677201573148111208736857147975960790878189245090027198213465711549165653424719684867658254179290137913657155037165887661697198354
1.3465529429327581253447048857620758565617547601496420113507378572363748488576514835618856419147230071617044039853429435429668309847243369067562691602806716079202537902019241413090277281760559145665575 -5.5037155168698271070041972989947072783880910777404640303694037453537575677201573148111208736857147975960790878189245090027198213462664861169207375739709353884391567729148949195722151675179639494631496
4.3280704775808107625224724675468127688125144150454337854868310295315051153300317206477867314024757356293932045851412753303685176777508724512610806362293445253744151427542516646807542769724790012160805e-125 -5.7274250807650069461553973713175306143317990118654584984114874770339583344513552924541885073736941583774039491242520791865765333960641793817931077894006693444647345840618346011789435362051156507784568
-1.3688331759041886419835576628155403655918492933419553354300485102986669493378236621594248150609901204865482950478034080675380425273029220954155898889051086406710640775142525058158400482770107241986914 -5.252455399018473729115264223114165618552931399980325672453028799008827925481783088838831146476966833467834891163518274474051818906270551600262775197967098617011701704903393449665731727966921731168096
1.3688331759041886419835576628155403655918492933419553354300485102986669493378236621594248150609901204865482950478034080675380425273015431853137736138280839570627438257527225751938597927722344171516289 -5.2524553990184737291152642231141656185529313999803256724530287990088279254817830888388311464769668334678348911635182744740518189062615388598162027044208966884044983684839813893535775059314557772271331
-1.3923766193771064706634588478746084893523131553973512686107100379435543597023607030262942274747736714355493816168821232717002683164066787570579476825346770894778668036237083124873462866762063580066708 -5.0017811001032367494013154071215736469248342875159102046566006790812527525837873915935755904275246149301023451963115340094947414485751152337627298361904390059888070695138736992987783875328159095259669
1.3923766193771064706634588478746084893523131553973512686107100379435543597023607030262942274747736714355493816168821232717002683164067608999453281344771154663393607797346396647335596993447194793400749 -5.0017811001032367494013154071215736469248342875159102046566006790812527525837873915935755904275246149301023451963115340094947414485750296200727882498351077781004290221626567457145649458692276901524715
-1.1540123399009683355239361399127223519525253365153804059666124970172697846177491350408496724331364303629291330416907312244863496245393008420852550792939868932597523738952594270706416668728290415498302e-127 -5.3010023180305396881226448397631876283110715377664882351705439207145953111378897609126033392945646011856798162760056674841727496429612438336903789132698704592816900593366094478062749334465744853850747
-1.4172659818155936133899165033885005852098591401985005631208737274017091676254104136087328169791796749253263416748699957334628370257878052551782574077198843975220654107026509039623933107067613244249233 -4.7518265334624979408437300627689708192813690199622441874046348765429973124933038335356779693042182656148000847632192369160203505864982196352948818161835053485649769395653512344254423686772295659390583
1.4172659818155936133899165033885005852098591401985005631208737274017091676254104136087328169791796749253263416748699957334628370257878065438863043058997339410820674899864580830192662777663523529339744 -4.7518265334624979408437300627689708192813690199622441874046348765429973124933038335356779693042182656148000847632192369160203505864982198154411807195914715040684416305200160628489523973519350343120275
-1.4435809349771259436753883362584825026481005762030775708232059506615195767511916813738280899240867630962561770771085916032942084511551748392440407993864528649300428910122288694377691388793984062353709 -4.5027518143963632416408030317279279125504372677641092803562504601335201499529250437831501408462198836166466584429367638977212209830609532804730045994819250942003582271093818094177444726108003528794833
1.4435809349771259436753883362584825026481005762030775708232059506615195767511916813738280899240867630962561770771085916032942084511551748445678580645782461171321907102785866691137611933464002429134747 -4.5027518143963632416408030317279279125504372677641092803562504601335201499529250437831501408462198836166466584429367638977212209830609532911000431754053643106993331960537242337705861711180930991582282
4.4265598334416371469679698847025604949972902412249635190621717917113813620344354516849268298483029797950337714413775975143606745953977313781451304797424389829805589736115395574167568675775575595506103e-130 -4.9193514170028315311777148437474149905710749792835267959905225501157495068504190094905415422490781744389372004121076842981655102447955559305320038070498761238690732531363722113158356709232908208284993
-1.4713935538170705455449913564302421961128066172593361700096293822217015319379451869052315017336171139925795180632798108046272937177582911473056618905543419419474966378874761125203594421733273174111949 -4.2547471312492044480894755740025707704197451297806215671662036151404331158065676665183941217755207894460325667426655356284461461938365620422625598683535284248884219706591821237551871618627790156154705
1.4713935538170705455449913564302421961128066172593361700096293822217015319379451869052315017336171139925795180632798108046272937177582911472614418894251879780204884521156752238906137199133834345074814 -4.2547471312492044480894755740025707704197451297806215671662036151404331158065676665183941217755207894460325667426655356284461461938365620423401520227182683600739449005602346024996197487340713184764987
-2.2970457505510619140687385711354182602343863828571273338693608706916203163740556695200555417230826057848327573742353148659894566231456984488116000870251144116238361184760223765599399006744560932840698e-132 -4.5744290119441178098808219578252260806491046969374172837853134193916487354508725629981355491805484322242387205629207995349182315269556430608582397445490898070929335906809708724682486308685241780193292
-1.5007620275599707336532646053129087165083219287398188816890023102041738077268080102358434365821944276367283317720930280990043819705745985914202971887526584215068656887602809220351958916921259526321934 -4.0080363901037782633686475089139236330064547052911455971908330615881170145135403841496536004865395176491390579646630335316734617417798853634765099018450496005127076691380779967413101748556644990893644
1.5007620275599707336532646053129087165083219287398188816890023102041738077268080102358434365821944276367283317720930280990043819705745985914197534183523769766250672319652828939371474906779884634646835 -4.0080363901037782633686475089139236330064547052911455971908330615881170145135403841496536004865395176491390579646630335316734617417798853634765452825887781276205801405948377399937484218273949160662571
-1.5317223264303577825891973398705313017980711622403189395543690371765744243492773053612109127240173799153142846347215820178377105910664044082747520800325522284958799146304074926670902883042985035536184 -3.7628800863591810457817335119647193202778561761081131043701675731829933244199610986129115060350677497188972826981968796623626578202904257296405245302948336430165996819008465856434183321389539332159797
1.5317223264303577825891973398705313017980711622403189395543690371765744243492773053612109127240173799153142846347215820178377105910664044082747504581191412382435395149001025641674495235227026580652403 -3.7628800863591810457817335119647193202778561761081131043701675731829933244199610986129115060350677497188972826981968796623626578202904257296405224157356725224943794917569029982040591404784390949119942
1.5414382231554735969495410186062423035589441967501395958176193698738904898341582181651928332238693813638542707451709594304735330349783621371295725114876190260344100322515149016166860599718796418715043e-134 -4.2603091266110760194168420118506327077771212120324450192088619673321338436321052920834945779090729119347695104679797437036713180915104798624049862382701854872700021362264223548046161256452298607925877
-1.5642776351171364906943681837345704625053789623923682782462023503947822166272845201076050005388028893505870486616903813418418949953212988751648368915146501504739891698390601203789165702231103193793707 -3.5195766095161636776375036122721704878702723518596611457923673598095376358354033794078469098190557927857033505405345215734990629408776247953419296455507563404334485432133999602797269596881384831851011
1.5642776351171364906943681837345704625053789623923682782462023503947822166272845201076050005388028893505870486616903813418418949953212988751648368946257958769695875674417805625276429412296273594128636 -3.5195766095161636776375036122721704878702723518596611457923673598095376358354033794078469098190557927857033505405345215734990629408776247953419296357189743585536212759440548707949121108349465665508807
-1.2926509698104335525849619865588060574192720763911246168222705089833056404098465851165434043678990811922891912022913120156503357784554947530021187922761760830064042966830511607491427214612020886756122e-136 -3.9724734523024379828982406925702074323835838877859640379509173363962688318440623700946083231497288652561149693049696174822281685921323545305825759074001746301335235315044915632100986491147719344119327
-1.5983856366235188241217781296687832382778673213867717126649058414524254544771395178199899692300138186391473881603575401015501519340651592989523028533847301744211507251940086022142713786405637831974377 -3.2784609386237488862103470815766933282215180712993273362850677414017929714609747103428490917773205426537322703840145056508833767395243663581693108461402211870492216597925504204863973524482122531153067
1.5983856366235188241217781296687832382778673213867717126649058414524254544771395178199899692300138186391473881603575401015501519340651592989523028534141177239129761012372397415212646961200623263414044 -3.278460938623748886210347081576693328221518071299327336285067741401792971460974710342849091777320542653732270384014505650883376739524366358169310846129778941223425282785132861662814610318518476892965
-1.6339441846019760188381183388021209187221080958493496505504570709264936202272705627133532353003889957574898840112866708457120188885274466079662795639930387514604604699020126461282301195032508786233371 -3.0398995164941957913692218464949817256464541672543947950999416771798791690174439980826927141350713721848172582269536942015863063060389304895067347244782638356226694944510738126339890565669240866799357
1.319168361168594349308358704454374761893100077053546174491984114572962403490472143366335846208296974286839759672070530013003565132121876496277417720031554819587261971155259594636414504125624055789069e-138 -3.7073810265374466255602270166762144270317068025022283627809065570216433769897763483642936416322835173668961677322976827683965055031204877372851822586542350541058824939028663337316909184369905061039291
1.6339441846019760188381183388021209187221080958493496505504570709264936202272705627133532353003889957574898840112866708457120188885274466079662795639931018937715828102661721411068464386889721958957534 -3.0398995164941957913692218464949817256464541672543947950999416771798791690174439980826927141350713721848172582269536942015863063060389304895067347244783002692024151733919527851317876025265560371892775
-1.6707765285102588134250552936503521565199581436047215631622559781889229710585152986049877033080902961510520937229765659269844897339443119353107022494611646599609880671522894806991198418622725387185856 -2.8042801255588495373913171475464395497706120511344587435092894192031354838797955276915060411268720016793006981590224902910604877872896107312462858831635163637452030069297977087579878537391035531107047
-1.6042438909598574957396886579476362068178273784325273855587735717990471822091229955590348685086918953994765228930975249632497020777803380487290058579236250873155363493130316613345393387961930899235827e-140 -3.4621935506416675621173162824032963459225032500246768930913907159250595487817449110309425521316671994789958497109293398617394187662548441220140918979921650771024273898879126880561359098431395872699139
1.670776528510258813425055293650352156519958143604721563162255978188922971058515298604987703308090296151052093722976565926984489733944311935310702249461164694083367790547281587457672597638862869256358 -2.8042801255588495373913171475464395497706120511344587435092894192031354838797955276915060411268720016793006981590224902910604877872896107312462858831635164896864605866152024656411650562136285844567156
-1.7086179544427450068731417284762967993773312158290088813151282357030021323078536055838764926486617078974701697962328480254033693012337414580293759843868067300401047947728197796086334798222548108995954 -2.5719959663253734278767020313491045669600656163858031261364006776394976223618987166828871521040847136460053582077236991702389518847519602845216404950544212375899131979239111951150420832521738328207739
1.7086179544427450068731417284762967993773312158290088813151282357030021323078536055838764926486617078974701697962328480254033693012337414580293759843868067299694604024789241883735580172112233554749928 -2.5719959663253734278767020313491045669600656163858031261364006776394976223618987166828871521040847136460053582077236991702389518847519602845216404950544212377529724030860305915506815181401655112058278
2.2861906860634986615682153544581705637942953041896036145349768664403177895187217126702040457453181908500479280082214264612889506216719361987354276322973936703589782960711854850565433256724806002792225e-142 -3.2345925855304971814443438744768990254213851007025489612940198749574043383542111670181178852719939400079438080923431587622189431860824210008744002797243346105627912202000131577466799975671204320638285
-1.7471062629358827270140649962248910758531678539928641805278614255541169793168838626719782793878319075706558408094289626590847557496289283200235119404406128968435884872978725552522611899755386168557932 -2.3434239440128953043420931503375796563046710094082830462137297877153326946232775704806441573468690279403933707862121372080235045702684375961780451221080728607056637169388617861857075745411756909233746
1.7471062629358827270140649962248910758531678539928641805278614255541169793168838626719782793878319075706558408094289626590847557496289283200235119404406128968434398947049183109524202922388724374129364 -2.3434239440128953043420931503375796563046710094082830462137297877153326946232775704806441573468690279403933707862121372080235045702684375961780451221080728607057720307912626706909928693881966849131116
-1.7857786381030928353400672199634052076910314128772505174904328039068758499800094957518544921469805254053739145791933032118688955600956846739158800352509800224126024782332216204257742474994640284591095 -2.1188983302332296386409203372640979134921395824384010557890602399933913353389527330177455049760862112047611800613915912798093508270188121294198043819932896381365661053695423175424219591872285691100162
-3.7668649223847724253572715484802823376369927951868241658701113830291416297831441210570798775793115030971195669781550162194476433456369317737527693598120765564890753355898246301644625155436922213447206e-144 -3.0226536086946433926669272099144952625252897656489179202828429193963755231334768749624081319681786927614053436953396393698886477049915219357153502713883149188460979996351801734493904984438812395133734
1.7857786381030928353400672199634052076910314128772505174904328039068758499800094957518544921469805254053739145791933032118688955600956846739158800352509800224126023380523780462849238126957919310030688 -2.1188983302332296386409203372640979134921395824384010557890602399933913353389527330177455049760862112047611800613915912798093508270188121294198043819932896381365661449305215427402921722725738910383297
-1.8240769413436966830171076597286549691287940100132306462137596137932101063398958057518854490347323895192815767691342367975182110059963114356034538912124879209740203555729029806589449495722189952637358 -1.8986822030985822322342776308056743842875360150748897415356827292178188471035219446801514404120714962221874037125793118893593989862405260682865746614718037878086334249165790452813672387317377850125231
7.0986535157885848338423913626234736188474662703814378575293072609696193850335143545325374653593327338464377103802900135979235082923307606203065078458737506199094305866874193462700885549772505394602122e-146 -2.8247566665111947969564525460857605507549066039757440002616169808841809731064165497684187338963893840192766686976180208921584178454648974516966777758806505825267761576124038824464448126949253463651557
-1.8613622862016463147265572207131682768388922616895099814266688789621331928362389806031215891904656195279857687441616490515326771603309146095082800777436266518715710782970006573499875722915393851260841 -1.6829399552502140415151093838449286813801690323445901215317886327421196145090687457982770150028386110855148323147012399397506513189977520646503943531251157753792673064868897281467278388276673372744128
1.8240769413436966830171076597286549691287940100132306462137596137932101063398958057518854490347323895192815767691342367975182110059963114356034538912124879209740203554832171290052361856483587024083486 -1.8986822030985822322342776308056743842875360150748897415356827292178188471035219446801514404120714962221874037125793118893593989862405260682865746614718037878086334249285320708325160079700024418105301
-1.8969382219695037897236816169863070954719078303922006889359420005627074108634014246071590375947262096526824277821422861569454489182944245603154369663116291987331247453225851470235711035030821030762255 -1.4717143361997082571784499948406134905682272356483686699139928931426693066091351859931143624050493468831230224992899652844950160401813070445963220131484247162671730086861336120853116305485874003327609
1.8613622862016463147265572207131682768388922616895099814266688789621331928362389806031215891904656195279857687441616490515326771603309146095082800777436266518715710782969556510979597561168921631587213 -1.682939955250214041515109383844928681380169032344590121531788632742119614509068745798277015002838611085514832314701239939750651318997752064650394353125115775379267306486899646254175186802190991933243
-1.5168284823229202983733324705042998870531722059731207744580225341490908479935089933397385173210288198597517831434822905168321674547921238338678274423351609203676451354232962944832433627257543006993176e-147 -2.6395213666679356244964202513157091529927961412963577107624945319193856101286384936462274579155219930532209216183352026403317541703164942518137818831645442919982343048052374436228736590430352324656636
-1.9300804487041963400880277869015331521459081971959897613027311000201935378006267571012170102068613904063319371713617598565211825089302364055618130949223666955069947394602579632556266287605991043481355 -1.2649108925866501752449028483884115902132674660457362763844036908096194119007273902383485142032274764177863197355470234358138226645802752386366635550403007999943710083901635858794435585307339986918119
-1.9600700823185746027491257532733319169807149584819452486869887055743408015915349298466007478902662874224599839011979771156526180389548695581305147296176239684177133193628834889327833787626122804481962 -1.0622915336947822936703698485084413329829979701016250590803124208527460993058091074438629175719509213932492047070888172416421276928504967056039405354961528915787035653875876583621685311970866556282541
1.8969382219695037897236816169863070954719078303922006889359420005627074108634014246071590375947262096526824277821422861569454489182944245603154369663116291987331247453225851294351813641774206836152039 -1.4717143361997082571784499948406134905682272356483686699139928931426693066091351859931143624050493468831230224992899652844950160401813070445963220131484247162671730086861336216647792523098211668161018
-1.9862271929019782601087867543942682727900051955661379192365097061415313318087519712695853145826499770265326682249238079601223288848843750531568500825022524563187279119851779017038177409063371549641861 -0.86347763698860420006396306970182413637648019694324523502239314512461477459789639957136861090758278044401635250876615846630938866180282511080886444911473650319514906047973147281245618102602494013186301
-2.0079415752977812863862206994916781881283548920790139995792317864892610941968649002145950478133221716007843508589951528009555498794615783309284724320468933021053501101506007238349664001805486008532984 -0.667961869874373963137725242606102386866816408923787205131022649757654895978959268699219357052839504389684803611346081925015276905034407781615899459247057475883602235933934444051872067020113606285523
-2.0418659833115829608804089950813603962389024134974585672774231107300206227724853780662479891172038057564522969220344533535568188884732901292599896802959577213555362857295756921877870638315590297376621 -0.094620304473141865100272784971707539307341385200931396969715178830847270545533861527640516541795635177842239806525231783470430138286067681116766837224774429175718642072328994997669347161294921693392822
-2.0246983992337216485731105450546827292650731199885850913236074227620666625092926287754286916881961375867706328125810654094652766898913435315959351885631359135271382241118996038669192361719696330417163 -0.47512688348455021300522975285765221357814944026256639402256395050635862728836599006043218598100871047371010988270802428763626707447701857859320122739336493778214701903639755967089489622904597205795224
-2.0360974586193903598171890249561855540147085257359702035989206756191785136061131250783457037482857323233887447483685612394231261586646605707437023717014962848461122773386888487252472444832956184959461 -0.28426841175161481313577435043551837692557693774526114979632516294835978933271945476334555259111059943940647153763075025283415005644629812442947927290909802253510327862163229199967753190782514522379075
3.6496219610621856392433484282761869585505593713216561950865379768569743168388724284668012131513108645049288607224005177165012056378184051576761774755631282094916528542576269456850914822507258387488386e-149 -2.4657585164225714996606521194387291491623008314423840451060145683806805307737265959792496929988457753008272705314790591835791721174012976188472815047903776461192766278398970646605630121407330832134577
1.9300804487041963400880277869015331521459081971959897613027311000201935378006267571012170102068613904063319371713617598565211825089302364055618130949223666955069947394602579632511852393708206563716269 -1.2649108925866501752449028483884115902132674660457362763844036908096194119007273902383485142032274764177863197355470234358138226645802752386366635550403007999943710083901635858852759891056942131322012
1.9600700823185746027491257532733319169807149584819452486869887055743408015915349298466007478902662874224599839011979771156526180389548695581305147296176239684177133193628834889327831559023972785168175 -1.0622915336947822936703698485084413329829979701016250590803124208527460993058091074438629175719509213932492047070888172416421276928504967056039405354961528915787035653875876583621706627901177131960811
-9.8326025664204176329706080523796921657932579263022256990738668410611176760507745355345868671952387875643681576914644770619834715728109303365463687216482239083859560365069006418246645922378851368019259e-151 -2.3024334153093878938131967546623506166452279757403857129299713281454479971705853964006818779910164638168235844680152598993522513374012148834694443145444691425891011760579705270816910990642373530558029
1.9862271929019782601087867543942682727900051955661379192365097061415313318087519712695853145826499770265326682249238079601223288848843750531568500825022524563187279119851779017038177411449739683386001 -0.86347763698860420006396306970182413637648019694324523502239314512461477459789639957136861090758278044401635250876615846630938866180282511080886444911473650319514906047973147281245618143104780014523929
2.0079415752977812863862206994916781881283548920790139995792317864892610941968649002145950478133221716007843508589951528009555498794615783309284724320468933021053501101506007238349664001806249217695009 -0.66796186987437396313772524260610238686681640892378720513102264975765489597895926869921935705283950438968480361134608192501527690503440778161589945924705747588360223593393444405187206702011671453218656
2.0246983992337216485731105450546827292650731199885850913236074227620666625092926287754286916881961375867706328125810654094652766898913435315959351885631359135271382241118996038669192361719696379716131 -0.47512688348455021300522975285765221357814944026256639402256395050635862728836599006043218598100871047371010988270802428763626707447701857859320122739336493778214701903639755967089489622904596635455031
2.0418659833115829608804089950813603962389024134974585672774231107300206227724853780662479891172038057564522969220344533535568188884732901292599896802959577213555362857295756921877870638315590297376614 -0.094620304473141865100272784971707539307341385200931396969715178830847270545533861527640516541795635177842239806525231783470430138286067681116766837224774429175718642072328994997669347161294921693393524
2.0360974586193903598171890249561855540147085257359702035989206756191785136061131250783457037482857323233887447483685612394231261586646605707437023717014962848461122773386888487252472444832956184934213 -0.2842684117516148131357743504355183769255769377452611497963251629483597893327194547633455525911105994394064715376307502528341500564462981244294792729090980225351032786216322919996775319078251452249613
2.952146751309882407004535226110629831081624729477452158083279884487910333916978857513026560207822914310861617150706800162205593393193049711960594826797754503426408361353649455270657708468830935345597e-152 -2.1486374681633804366441470635782438821205719530670187528638935360100698209848580163395449794985867124368294004784736931729659036803704974087566213097945218852795051748364223787193142243684294099048353
-9.8349330246051066282368399861313165859846698678470651236251785276253459186608111863237526842365932144284444563976638338132819603766246508059236470892399411668583309516472193860429248873510090307918595e-154 -2.0035658300096001881539522614989629274877198688541085815785687613584460631022896548352765232618706817299304674515531509934699824425449515607138220533104681293820025183809228831722842310554097742939905
3.619549233532092402920651123612792870985959490786297434084277989128102688645785602971108094631230556706305244662295622539336329542995182626944851246984242470964123512950529016448641780775111759128245e-155 -1.8664994695208147351642917179659365074747153548346795642605667991265955899493130199532431083909931038876721958449950992581516867844830979372436451885145287467603590540388629179335507075430234627305866
-1.4644402289660192580971993080887557091192261437950546258451984078267886604469741313135166350564895527842274334439536687927998167340432944276624768970641335584812364689579394589085853992754266734446066e-156 -1.7367904805278747693274546776789721097965721413730516206636662818072004585345621679313377907098584304213229123388005515653082046306979926377953971980624183871496838714971494556971405530946363375014109
6.4774474468018823100159698391445509965473062478221052642337736892584093379580582979608944348776921602502764856322353275852592231655050611712602413314531061899832380050035319289495083379511439648473112e-158 -1.6138497623339262713752587142798717972895714920777706803747364373899267936232224267804800510716967160823065009326539279191394532573115291254242955648033382704547550254053295085125158338602773034768823
-3.1125446759517092888416738997426365578607139329738806512379296202347279157192852748427155099962229269340931271840088447877265819910135933814838328849439355479034723138428142679969971574428403418382586e-159 -1.4971363766732798676406194843408132155061227808832019148628592820558096200105519747771167873644526123058085690117366270226338594940458163431198001199212353149048972363506198017553570823718278994292212
1.6136957893503139474184611235472914546784713822558375076024597592323284367796656275917763721558865863893494326644765883195165604917600526863140067632064809190708984104792717386573579339665749559865292e-160 -1.3861479982437443217743328294191792871216007177435653102315228684909511671158489010464932250932099559363674204164719216470227453505640059582163436983081424782242004572808004780904850083169820408653691
-8.961932718195072619773750321721248638130094569548049995637500154194032863306136683547756068184735830756021694647401951989477327167361688466727837905366129781425587775334217812367417764129918178528177e-162 -1.2804119176050171558480482467859299486137445966728242651469879802296204484402299932671005767503129125844576668540136196189810915208013946987433421750548129162319267420649816791526081269223984871484225
5.2932125422384576285104413727067886123211413470785390407866439332689991132788834940312739767557365279885999377158815903420362344332824382275074398009093951910168957134624351680441111591122757709952711e-163 -1.179476026246312391735743700835851370796980369450191680500244320316513179443235779068037285895692547907418938547559696940460523094817449416852562067000451443439866779274706484009371940588155668816856
-3.3015287481598745142350853097963269994274206162305122222574138622848049407868192982072564141763509427885575920297565195741739654228924921628318520169127941149905470281152983971524250258372079129173188e-164 -1.0828990915681889120849585594823030864364197667526255787918434139720383715751568529475468177540416885289729787129279321018791416939716339204663845787837143112716740493704896832721983578975985152397313
2.1600110441808594289278769427350070267030260810210949241679553218040384818101731810921124880370177993597196608863374650353701711807040015186673541392060277105633815104193740336869837401597162889694527e-165 -0.99023936088972039678465386589765357983423825789785971264693654957228257225600392756498258594139803517885853799022126182680386810289057454342477689613066737028011528844241006092247520651750777447405961
-1.4727869647409954521529340071581921826594357722268049715840939371001880832933985878611351754476748703996989715989602399540997697688865842323349400702903765549822745458305951271138136794476639897820732e-166 -0.90104000277715513475258758935523759858924163748242240520798847262278424042122526063690753890641329879646973374068946581083530215742453915178046007432571893473923406705203040211873578039875131664623587
1.0400553215771444222811924087043222338911406828263480629678398392000781037812401088032594733127199601116668242801411602308186340200780913246832917811119327340377417018220070606470281117404542292669515e-167 -0.81480884855502057525760273082356185083674805693703146177668237786994861489787354753493920756402369032770613254282346087134349928703842274858344174624439254732950798706670833674445107525826666098193648
-7.559612754767041991212195565289643243040497280898149634696034439089270901265794232730838072445267055690400040277580303632847496164569992260322413156852267377494323094300049525632471432557376200713669e-169 -0.73098775538257836268990462381707017323844555698357826718468978889346036784548524190141206614404627867028609273509993370881187086639040364645536125144833346689291567048583670812058100737278354830981326
5.6183449690277797462200768687442001630504670972739449136472626952897015051043999373463927024052870270050291095052139029719671760655583667100505334328885643863722387408865562231076915153571091002581296e-170 -0.64890222575345752986966792293278637553795246476628986685779756241706377211532146890918179339259846140375369427178492399387520835117092631028649581703175790907908101463332124806821578213785785275468958
-4.2369406543417498716122876735366995094384420479998480686098196551578056800657570137080463016884954517005328372602168910990808843248577792513579734522740302766922120552641142401853128131002060019348637e-171 -0.5676706816212263329751840652836779138833001363405208787970215365195881417095689545108233416844760458792374995583351008182185918423431106384267989280420313560072190819008800971614992608855913088618463
3.2084071395309874019744984828226592521979681589440255099244605549058242853109550236101402330566735567618057257619217114105413490128587522223112196089914706766476604439775937132383918973347188467413343e-172 -0.48602232090209006717713906714286448646204944218373549242727249864838453549795798393642259898161795761557739886498347849957543101236850338136204720941306810891963393228362160955365253407982170777914688
-2.395179044688341195669134667701210433622904179327797378777253734319458514754181199073287938284668626487058556674578260428532915101491291204670397787435364603980102006949718314461088444585710193165319e-173 -0.40187435648399160170386906881076690299131915711177556881087589950722963041941469298821744997835246175278361164196958703731904417824822610862457717653896921236913936805622635909746583687102958204923982
1.6794665035333669388855647219421257902641207463797388951960204722422471957379999595719734423187462191682517294374094338556409040931064371877645732502555576663330847985087291096057222781094255234872805e-174 -0.31110903423754653137497251710515297956992110368456633215640474262899893293646656618863958009382830641859422787779437159588893282233433318956620818786760785171438785803563459061863920295190281648615442
-8.2746470873388746622630762291888302695253935028396962962557893053066058056500251807277263970397203497274904283243861270681392270192616325884525826751913324070906065062136189936909223350579786078959872e-176 -0.20221823502501547782846019543564601112029992660594115496541251318543338634564721511275931740756254597645205962170267013305976790398967989928792484133069709009980042663589141970096075405714242005976245
-0.085473657443262940462797440076571566903126698743266525461514876400983182760701660925396380855119111119808730487179224856737800220504538933581675620462115270706755671360672009744782562848731548526916796 -0.00055892767667938093062093740333378958244745153790346201978728442943490223218484989632552925055746165010222910202300092089911428600792524895800406055698073737315234114266513642897955903148633429346650245
0.085473657443262940462797440076571566903126698743266525461514876400983182760701660925396380855119111119808730487179224856737800220504538933581675620462115270706755671360672009781954560924796556234941796 -0.00055892767667938093062093740333378958244745153790346201978728442943490223218484989632552925055746165010222910202300092089911428600792524895800406055698073737315234114266513636735317647644177521809245535
-0.22004462754213144711631257207688014910000464711721831123840096131741471731250401357330763273353868552059138195300207975448600876845357838414705032746785247090355647559322433066443781902938652560797207 -0.00044762425576385733899836077126532105588053060172645286440922289016041111564499763006930559590416624766511279745339768802270288352889308707804196989226870676368445909270323121620692146051308003488079513
0.2200446275421314471163125720768801491000046471172183112384009613174147173125040135733076327335386855205913819530020797544860087684535783841470503274678524709035564755932243306611335680865435127086981 -0.00044762425576385733899836077126532105588053060172645286440922289016041111564499763006930559590416624766511279745339768802270288352889308707804196989226870676368445909270323121851542912978028325047754292
-0.28905970047227135525501314302353514578487829419480134547634400360121792438112845411588340362417438522827295451344062225759315742398653766124926827206595977490875445508291333362194249792455199334385053 -0.00035617411805723955934038521467013278697041177896562393122896245726144873990690958842053769026259729200803130167253420204848819445614582158234336432415946880774412272836457330769190728604839120138333131
0.28905970047227135525501314302353514578487829419480134547634400360121792438112845411588340362417438522827295451344062225759315742398653766124926827206595977490875445508291333362224241986427625307931319 -0.00035617411805723955934038521467013278697041177896562393122896245726144873990690958842053769026259729200803130167253420204848819445614582158234336432415946880774412272836457330752874104145482179161006466
-0.33682687737534637601388781532653750351039428157812637730822066179890985661882736670967404337091506021724833161079336593269280322026443750445231059704891560065422004150266698777789118849708477648182831 -0.00028139759278829920921181387590798024185112304675314070456538881244573383237122869649799472617026216833111424511737902285770714138948267352658436654324548650714331946578586052585819747696673085160246113
0.33682687737534637601388781532653750351039428157812637730822066179890985661882736670967404337091506021724833161079336593269280322026443750445231059704891560065422004150266698777786330634438539831624873 -0.00028139759278829920921181387590798024185112304675314070456538881244573383237122869649799472617026216833111424511737902285770714138948267352658436654324548650714331946578586052587069488853111982074417349
-0.37251958542168042588674866704634475872374871602293906730255515636276873331908979747856861666104920014202156542447796200624763806833563387607024387228472388747337072967590663693962312838383526452998623 -0.00022058088472494925048507539751943284888058457634758008385290548947240256508465769786758802177011439450963693279116563247093771749314791433757239284665800740778288989110845675054616131216935195613641935
0.37251958542168042588674866704634475872374871602293906730255515636276873331908979747856861666104920014202156542447796200624763806833563387607024387228472388747337072967590663693962578424638634979915588 -0.00022058088472494925048507539751943284888058457634758008385290548947240256508465769786758802177011439450963693279116563247093771749314791433757239284665800740778288989110845675054519316903528349082844184
-0.4001263558642133878620795781493784730136482181517941101054769209449271028525339496442808997113481015533808836176418192237940597645121239655061532700250399169977421318042652960003906876348231936278947 -0.00017141037277071752164367809009498368032979450710580350299516037489722691270525422595304388309567473526781856080668272780728580850867316447919637859622747900475382240510346953847463498289624223366097458
0.40012635586421338786207957814937847301364821815179411010547692094492710285253394964428089971134810155338088361764181922379405976451212396550615327002503991699774213180426529600039042997416734687355064 -0.0001714103727707175216436780900949836803297945071058035029951603748972269127052542259530438830956747352678185608066827278072858085086731644791963785962274790047538224051034695384747098141920673098823549
-0.4218642805309188782932964664131458184060822027289849647687495528999747908574157882788382495372831391984885308415500957206875047688006069959382465939709121743478005120418156504466845450988885012815276 -0.00013191658927091630197447441270247359423487847373163393726922046449797595822934232208151064797045693113942545641397839587280150759449298600096538565171078897425773265554478360111112622822482018280814308
0.42186428053091887829329646641314581840608220272898496476874955289997479085741578827883824953728313919848853084155009572068750476880060699593824659397091217434780051204181565044668457014729329308823514 -0.00013191658927091630197447441270247359423487847373163393726922046449797595822934232208151064797045693113942545641397839587280150759449298600096538565171078897425773265554478360111112024554221013320840782
-3.430219717950765454635991945251994418751532551785185095514507353148795924818062222690229953524135716611188455749564855369470380799707793718518730249181465731427930996239068357437209208942413908864232e-175 0.20083062059872879718854723770667198472762825596308741391917078952755139652140846803846803534916311458614043602717299773467669858207440297290902376012088687226668053340735487980267872367935565410344993
-0.43914082729807571198207317471433291805078833586765349224451848452957667380644268395992012968422333570879037569545769602185854827857506017616800715467873501519003232568890675193074716876106989689746519 -0.00010042630767352674685500910093933146490698632232182813018453714705373424981326407542510837661525869378162686355961863902589532440017222654909034058458032674289931166798594820735471040593350028944484081
0.43914082729807571198207317471433291805078833586765349224451848452957667380644268395992012968422333570879037569545769602185854827857506017616800715467873501519003232568890675193074716639457535313950509 -0.00010042630767352674685500910093933146490698632232182813018453714705373424981326407542510837661525869378162686355961863902589532440017222654909034058458032674289931166798594820735471096094734788056204654
-0.45292742823671531460890559528111690661527008179507800908297067461014825550272902479297679318215205955156544174339230533811153179992329382618287508934157160004004955913497910963725000484480397189995706 -7.552143918957599059112197435229023308473075549589747858129924288786927962442947173012186068465143566038684946188058417682458255238793134697644317783521266354437230459775336919319696107245510727019884e-05
0.45292742823671531460890559528111690661527008179507800908297067461014825550272902479297679318215205955156544174339230533811153179992329382618287508934157160004004955913497910963725000505072334940413017 -7.5521439189575990591121974352290233084730755495897478581299242887869279624429471730121860684651435660386849461880584176824582552387931346976443177835212663544372304597753369193196892988845160203571244e-05
-0.46393385059900755145277370713179225970904497961952724453439962765952015930459349046608205689984904120999855910752246961687243413642010105431667757735029188760915480210334594931931212226852815500750418 -5.6003664035234544070624191972609385777333611346775435884365098632978974441527686533905743091147132557671581454083258097535669589959669504809099289841768166554293014768251798619909291596840747378127137e-05
3.2781700188856398794784385988286035329700806379863649701832708169261368388580799606031846336787861477958869067742298462729782111514119658458341044164181371299215774141557232067935732274346971037923138e-174 0.30939579416382458564242220999332129928149956167759780298096319704296108260200613100868432379962096953995177950051050487796298019058865200271385189935232123485360911773744864978841209170774063778344073
0.46393385059900755145277370713179225970904497961952724453439962765952015930459349046608205689984904120999855910752246961687243413642010105431667757735029188760915480210334594931931212225378056108052361 -5.6003664035234544070624191972609385777333611346775435884365098632978974441527686533905743091147132557671581454083258097535669589959669504809099289841768166554293014768251798619909302182711581547528346e-05
-0.47270015450848110535314800438006856231921064653877957982685260492496068848107425057274138518444653685157879769969270225527886968491557970446722106750065137169104763662939076175598855543512623991130717 -4.086390822371504331762067346916427126340238232795323351229104083375065522065896349386013847055935635772255340589505947988487120088273192122146568634726977739942554181634065901868057371911299465881128e-05
0.47270015450848110535314800438006856231921064653877957982685260492496068848107425057274138518444653685157879769969270225527886968491557970446722106750065137169104763662939076175598855543568811778622946 -4.0863908223715043317620673469164271263402382327953233512291040833750655220658963493860138470559356357722553405895059479884871200882731921221465686347269777399425541816340659018680571946532473002524826e-05
-3.4735734782655975745262061470989516862740544657714370517122730326447313670575572477087253680609230197660868934441602744525958355636957161539793840797090071652371836241649973771377606566450270954643681e-173 0.39976942542992979787105531309886375981668684439649602950403926019782348040485403460558307908887820071523001353208169126794071541228992780135109188195292991566240587443513454836831790275305849485902014
-0.47964966740803145689406901184137590669015172444198259237198629778082915373250956113032084073521636200983543288939121298953649716253567003028682909582093443573118236218439775281474677960106221130586249 -2.9255929770537500137851916811615519853592366120765427294982955883712829431750453642606150091484741988441213122569032934648238819501347473451633696477946425838194632084512063779576471568089981202095358e-05
0.47964966740803145689406901184137590669015172444198259237198629778082915373250956113032084073521636200983543288939121298953649716253567003028682909582093443573118236218439775281474677960111912019790051 -2.9255929770537500137851916811615519853592366120765427294982955883712829431750453642606150091484741988441213122569032934648238819501347473451633696477946425838194632084512063779576471853051149474412144e-05
3.8645540476011762191308938092816926772555806211526895970201171737684976717636182993838390847997978838190991536103500018927241069304470769687443724745530057131165510014029192854135087161877822594433827e-172 0.48344769444601321099131290501840377174277107371375884534764156403456868762787907813372963670792741866441187158103286101235085281893173276423374169767587629108142582898717347011573852124068409993191592
-0.48512166365129082535372571411866083635739343441375928395042259003172719909315164440123074451028257754561979314498532498749411873709986128586754567616873505195860365220532397354813407962207339595268272 -2.0473404980421395754932555455453311437004219748604155680587814951144779064010145479790969268480577971630671398881472364481105182396016823815128637008584403672658300420250493577661182843791530278822876e-05
0.4851216636512908253537257141186608363573934344137592839504225900317271990931516444012307445102825775456197931449853249874941187370998612858675456761687350519586036522053239735481340796220577886361558 -2.0473404980421395754932555455453311437004219748604155680587814951144779064010145479790969268480577971630671398881472364481105182396016823815128637008584403672658300420250493577661182802455065769622424e-05
-4.462246308591945413588347256743661617268483421049156303444347155295096467978679949937040713353249860694141258316340505509564370349932890316741351311315122498304797373701916968240723174544267502075741e-171 0.56453437155524450997336117518564295797112982053303622529878552854360886081518629114377060537378279416601029204924325121455027527691190253748786774446574887476029584006516003298496432267353396888714007
-0.48939274359967002610637135607408611015596145876842101112632915776908242428747113849015648786734278060990420297690735978550355308052504965369335356437336986889069632345615887778216554662427748735549587 -1.3930014517148157003254604002004814564688652793547405406005479443189318063448094601635295230883045359250506945185452430922689132829288466212464611981797006697420490176464709599936231345941171082615471e-05
5.3336120527082552370854235162408096781515900880007916678886791795165119304438669605554419574585312599015274924689036305958157099737570285812006123940251363973676337311116252575136389281686635704677589e-170 0.64509585247741942576481443304377408588243044795564471992561903563377865430818505820287977915579559414451809603546341085602863046567907564850288839626157860663456318330088374432164774757324669124103516
0.48939274359967002610637135607408611015596145876842101112632915776908242428747113849015648786734278060990420297690735978550355308052504965369335356437336986889069632345615887778216554662427939187281985 -1.3930014517148157003254604002004814564688652793547405406005479443189318063448094601635295230883045359250506945185452430922689132829288466212464611981797006697420490176464709599936231351079777322693224e-05
-6.6024167731090874255175042893818648473454556528436507428650817885806021784941962621455373281011760655672954383175930203390521852841036952782816382116468946157549838138469667791593587541874811474053893e-169 0.72638370650517136751748745162240528981411999299355605380111716266957048218240804385689246449042330760015893087966034986128245299465442738013547402071526681729137179126590438704072817222926997469077541
-0.49269175702208236393949210235068457525895995910228330978742155713394593707878712689595920060997900440325135842638731996729180836868255947392325657673253583602261323576719051476053431619873531160483107 -9.1421445459050990261032406437957378810627318013753318369714985053029710659360587817582073178452808330787222034932324479782087563356982318815038508980081574552841441541303915782104772103704606017453029e-06
8.4782332328586302380040301861001510558440696900934162312231091731995636769829686813656941547027259475032068701857188154882122550422297312522656819313062657330216961754037296037986960605729914842072443e-168 0.80925691766468684984512380148203881281668160986498115140970907135160228991041677107521145226503443218837012060106583040783064459066518470627735850361582085760417269518740676062697774132424132995404127
0.49269175702208236393949210235068457525895995910228330978742155713394593707878712689595920060997900440325135842638731996729180836868255947392325657673253583602261323576719051476053431619873517573335708 -9.1421445459050990261032406437957378810627318013753318369714985053029710659360587817582073178452808330787222034932324479782087563356982318815038508980081574552841441541303915782104772098597579373639369e-06
-1.131652914361413274777938082733782049990929807379218674633759710469099191620136007247865269914004136453837824357344706152323186653868048059769285438200267484957686270916516126791841516190106790088883e-166 0.89436340366268165669560839065530528027589174964956105320311876516221685280061234158742581111629019663095732392372294570140436840909500874074415867862749703642104587187821800109181554029629626007156321
-0.4952115975696977624436480314575814560918254289353469206421834090063626954270267114765063006747942311126511712039949089610299744166091610939684372737338972983969951456260837330328076729822769646189203 -5.7140884827727633070537320620900916605585262265166316069477922767331732725596287996222215358496890479235637610689217642505009288796729614862488048567741108445385439484815693759525702588132858119703389e-06
1.5734086874286568491838968948379159440506813023438986640684852617073179851631287807412893568633585935854059521719335526058891233093317955192145407395978678509546443757977357691264459529533919376870379e-165 0.98222998934239012947186747249824690542091103358657981289798093982665080374962409284204221630375238397115972564173496883128614497809162782735437450768053518766092928456038452253942155909485527745173277
0.49521159756969776244364803145758145609182542893534692064218340900636269542702671147650630067479423111265117120399490896102997441660916109396843727373389729839699514562608373303280767298227696876501334 -5.7140884827727633070537320620900916605585262265166316069477922767331732725596287996222215358496890479235637610689217642505009288796729614862488048567741108445385439484815693759525702588492521813784295e-06
-2.2833772150248214820627737197884154656171328891157883866579823758657455020544304752251636545508927704210635469929828117463665716878782662119085905567365583635234067173400539069978944960263949369229295e-164 1.0733118780590535426724306015209862293535985167917993781960376693676109516107435468953317906707424987069183100660081357486400802389797120574241306984496810862935664752339045098303848274319060475192606
3.4655369281604443358635672125078856230785460304929194131227861451169360622811259373805402876184789985662566419650977570847062723087872042020070465303655842869426280421135904699341474159429527687935904e-163 1.1680221866276840719866707631510533393961817340199751695438956239275001337444912433025762829944454775358887410415525860862174876989911917184697494973788849900147081857607622961399520831145241686946352
-5.5111508845307401074726162038524410108143048889275907392764723681360929224633164414785964967552213786361914235699300907651075876887316507194738537750601308356350675156498000966409175419871778083182348e-162 1.2667508633893824313540177734768013981502210464742009929036168533487605052897955311508100799911315378318574212376770189061146756879549347031559116656863982233856919663078006312090006775871885559842096
9.2004150032368034546403194209176870222701531266499589246529014752915735938719346395182380731098011363459499907434738358302679512122082043194328840764159628599670917119169239589263893557035625866480464e-161 1.3698776100978867557507784377727277054098713278462280086624699551879588539018972394187627490677735580496074756828591484661614212370554748650600738848280217349896630925865322768733456633814257137949255
-1.6154381325153227937159858676096352150763081205495713966653363743904818048664251911798032941868810610491907145992295061906235462938160573490791005616774305097325156856653458840916442365746158648307187e-159 1.4777812706676370863168114976193712106959820745832008686379073128889842083205407653577167809378729799310307544899229659686815852118666422821151744823814272912271772164248428944365476337174503049467163
2.9890848615028268020410360579591734050103794143599192568872586696276529423453226735845701259828309881824008412861541467808354642633293318764156397480939699296353949332773378353975197505968652984871743e-158 1.5908470829621485343691088276867706839658276469161225353648795783846755076536267621857618661320372478305434752038841173919937370979949957101134113786566591452884310687256149829063426681624426295015513
-5.8402125024005508253257697554121932569541004055240394519062070588044714452290815807354289909757878359348176869820172491231367242049828994789617947917362219604944797304796929078710403279682087908567112e-157 1.7094726303728071021509697826572454511438054805794275406841158660110467454421336109511481380908687374506482975504043034295004176264461938747246614604643670459516718599747288304615821407609395538706706
1.2074609564615427888712614834688580964087527755377260205258769376158266662713454321261904153851579083485539014097005607817767159880261830606273491908152139080246662349056062617634378977881911770814457e-155 1.8340730227440786570302446047550553175165749848690344935169150595771707852962234081505254261082726866017311197052027853593361391504675225832387751904135803841508875081560823633083648752097964804846011
-2.6473976672974927655187205178022164361384703443192668459756657294298690096939056103371070997374444065454281627712815462371918288443864777167456999674574700249987016553412718804346274371149887851249063e-154 1.9650856616596383813861103309591110304896941868851387746088892550379879635812511316132210472967428135520028015400944484007840760065380952305496184776259583670387861536194044244493045047724020412094439
6.1695342089305778720143541051894096493961235719889617546982143118355989152266438189024780786656842051201215017701556084593672043233360422001166257627792861494791945177543149085988011437976339133024558e-153 2.1029748438980453996002398801087516197624245335956425724600326610895333123237577517249365679298653687307945059472086751175240522855530587624199166859368263365621803372217876984685772604670041809772721
-1.5317884534912077396811216735081751781338300437257583041444251215636912746452740840215495014424536390830425374483686940620022565086695552605190992057592261620993099594634343659688585174563098423165489e-151 2.2482363981599343686308935142809587369006812388534442542616117313783494253239251517143101822915078710453548917674049354278367457317571565276647424881771192605777279006776616166183916329231878291472419
4.0619013490254206192625877488346123725774607881769015067281619450357408547774641719090347076272646954399466736177131659647588806889688831014822135752416817911287586006539972366159956943264983059802743e-150 2.4014025173282147928960378465893748729212589711557278815590400620548743483574702155001433467525947201458546834318550215436579701082625321446562137893243510417421079383601193433500815545638252075765075
-1.1533618760139651729831922135938363964854951659255242346819111894216482722453561542930426029031161674901880220651459286580491629466013197011507456617260410469473046556894077452600419019579646886512862e-148 2.5630469323535323282067176547555976658119170556554842539057871638647584159222956791582600050671793419908085044509261718316036775539295409435847987525517808956666091460404503637550740431618075395672738
3.5163044776839007935701911829025079430786599107763525028113629068557864098875188720461528253474275301868287012465155302510205300141309778407777046539269740150850214258311816858795902829869149235917582e-147 2.7337905692481699176009407860052731072368762272691358279162587002490801613528643868227042546855925733031751165800832665854011658633523715746206090631320945070870484166966518139844084232985188886892826
-1.1543477276188196181820763397732876642635305392763303998185175273733071095008669106517095152615156396525670130610230872799513929592909035119344583515565707691454464661428660053828112949238151840361886e-145 2.9143078348691384219534030846968776433315662630540749451367758058182458159652663469941696886845650507373765873635230491073115442854237697753192837717260517849059500436781239662971621654890167074281638
4.0929387998081962789734167077806067624672683609000981491626382592469291443446578877581566415735454749939165544526393699372821616355957233250192364953606598380014445476445297781855001594479311042907872e-144 3.1053336888671356836259263355633185360132591981048360759179532226365114470338225775026890118111520612874267553153135399960168179512607281592106506678664825338365857676170106289190122965555594280744469
-1.57248096311977572961607029855712491935384985070497001588368575498988199999006348969610035416787207191813238758045945258892655076226010095070092929973164548913827288794887972780271279137544853418026e-142 3.3076716780235262143447370674700101632855655085202970945366648679416953479165649589812358009854602520874547697774287863351589549369388724929460751703495244480440428804770337428121277333258683383832851
6.5687740702171786398929462366504814865877501389430862550180247378776862080565995410590513727951682643172505693668547226907085598696736670966463634201877813421121279126090158245259017910861282804838273e-141 3.5222031355538351509918741447265780851916536338023309003250863050412713038880310620083981294912686635473455551413715036235366022546004013209348294411222530288692782849681963280246113024911674004666066
-2.994567607284219807901013133647423017249935114523954272034020952351808489045682270833545629677286322565833240906117672678431683659213351563050688167268939507262072762782241229034932884298889281935472e-139 3.749897782786941150721772099029577327616585081694427528910494462081420570295509986476297573887291563579080372959650416497930064572343141666933418454648794490026012254085011495969055056089131614251763
1.4957301660143289176283588314600664124138336651586917216421776195183881203481122353685145930107362455749133915745495220212525437825532340959442889645994087432365054601793385552531898909371038895729264e-137 3.9918260154863392532194072020879444564906723919174301060559037993253654960647494542170099719187728218316785222140039393481181896361240125681036333179165269930158847095450810410304258472840907751148698
-8.2203267832424906458837477734636802249296796938025880931848930321568304320551271919750903629870298900024945983674774874232792553764252448776215958521841105754778563379820218854623920103165247762959466e-136 4.2491732141644657546720126554417311352396782708161768785882379824880954495747662407366252675152321931117670871827152706331042535695418419546089662768931589696892910474750908594395363501878020790345838
4.9938062640288413344694966064825806012529382428964971541084725087507735439216688829313966609272444900756892856054483626553696900608344774259200726505970374198558917523565655542533754475516918056229587e-134 4.5232564900313671754819698152599302321757131083376535091310429634044313971610185098093285956025113491775938199705589263751637107534576521383617781795815901828835644961977053840941276852285141440807059
-3.3699951301744627122016994171650970187365318029614226398531905781662720439364549666580977752354221488786910814547379374067481282538171510602628847993640850894603554133799171364483946009170358484524657e-132 4.8155443696732895184905567836330799961474759599811235660015129973711581026818355489305543480669180118442259462556821330579763051021872831446424668533729922996843824952080790383197572959131306311913677
2.5398351230576875317084689649681322626322770299431725526104383202946822789193116849483574484923565266935723874407648747401384996712916285459615610096201412800262017310963449228414563720807664169578955e-130 5.1276800374066273033536844846400790821968984627318862937687490348407225733863428032430264018847221598282852364159822403737085297158363390603799408955976117827927829049668407044506814449407844640498696
-2.1502024729532785288561696808632712005946402255576302478086306983566423552572182092674560435171093018200834313781762509463892638564949048106322465664190638134442103676454955266847226804812259783942035e-128 5.4615089014136276307148574548637488251052800032675110502272658996502265934520805864913259320699719716115890185155646693191141105314161007407381208971875231316194866949618241614452221635363282374882817
2.0577253798933464401571805754551933758393771105047285214460351738741964181077209874328286822424754824533490816019389829812050848639266553744267757909454228325985905382143506517212621951524493434143005e-126 5.8191114374078239898090398482894739056523003884103055973897754077622598100265746081837277834894862220665474506716174687230657459723246745824879330197571700504452409462624810918577642106804118084610252
-2.2413507561478270987084140391458638841497406404377954380399195370958346843490305341951372530063444267997013790524642278965105604685381336842537983147002495717421387907507468179503734655568414882430217e-124 6.2028425039140165329021465696534213589526075005457877459719368442988641429262571097640789318397223310226334029304552338781278701426254074102075225792743920078610419759785674079928318388522965619396336
2.7996240605066253475485647447731604081244595547883994957387652048513532961541233183190276683101301776595551490035091051223592432213573618088404333670109237020131105491170424957171229803418122708649421e-122 6.6153786326421782869081165725555563581731295403230125351321749604781174480811198395372070778461816238179749798989441884774338600072772590373862414223948005455026395420153820363721179461761401316183321
-4.0431237957633600427398718943724438799640177045072548066826660083677197571180655504014574314617341873128468188175469085634127686881115964889898815315738830658419824940611982479316982642794636650175383e-120 7.0597751979446636793430923327161367072632788759407966644725418377132864609387980756844189986173586265119841589404705252575590289574450882717463144759070465455562113139969415783235214840477816206783643
6.8118858787041794631460654441970315121481010991458730560394193014048027365373038918485846853572151137573679519717299126477575251759320254803387377733728785475395962411169728589605215843792448261423284e-118 7.5395358909136176656192217337473077901505930818821821185504823329698603570424689764144629323875522187801264286415285358064039070487987754315415095363651762149413579651316063426631896461504336554260129
-1.3522169529055311529590543449475540320090467132488826873111454906105606711042444420963142925523893125940702186532640264370099115057766873777433370780723760108372620019475190551841291626138959630580558e-115 8.0586976072519144666077037716971364548115432581584898003188818633012478257366486213604693180347564446367976754780997587846434663138654558794100927338908225666375841858502546149119460011523921540686399
3.1973554768649251824718375783094484476560387404981296594058178169020601787637197619132159422443807064796139460664667687164244453901667706844738414345147310973571430220488182319186094701599143884386132e-113 8.6219347601014796809202619238335252624159687017535645589513100402182403108424335151531540126976470637934243134135225581957076563629061895520754874536476761523580488828883090111494907099463467334578821
-9.1145997654121907366828828337165289984119902370037437175281838142242471201571267425948589222357346542196135395607493850582775617446522428369279568727885197959805052248698569986542025192074210889537026e-111 9.2346882280778848755034022665670297728883278542125106527620323806111254787833583362211639850671458469145256156854210230501859022848220565907588724486778055904718502504001669842298950457938935959704732
3.1746078832564032918334441965502994928029174190186373328074111921099368533251194874233220056555235023012704767969110674958361593742810643138496261834780746892759522000154360866360663073771375498218737e-108 9.9033257551198173646007399646418598098982062055362953671489374989955050024558556879377320362329102553603885960417640183153558892814790984524937266870377222208693993217748656864278374256800025984719549
-1.3711866362909354213646884517578007060974408918427512500581663828614885032295680855623312633755771449505153150961032164839243746301706823118221826104445513940498806292023597822144592490830790558069249e-105 10.635342788840000093761558297256437320456169666862744601156625171144015983844810153873700073360194421863119545755040154394944742071909623857381166497323638525635728866096584075398899522837495019060205
7.4668761208281566047965282606786481614474720664876907192067885164705318914635139548137745508223155887107835707786735303957378920344017841678410686183771632230364155509315538992050354417886392464899576e-103 11.439615702161789270381195525912617694850519217318567349273460003681464523628187615012580846255503169727627660592140651679066830555993057499120342533546063975453942762538170694912310966126820042492768
-5.2219864170339168144530371608192253169089259670128487449170971365784468114262045653948914529145341286977459175954747266614043404845089730574643637937826671869207353264263997438626320408192823580036663e-100 12.326723414547804384511261894517963784578357152459029218039902487219898242824288579413437161204918133301542341935597470002377344138821254751467311939388288820487293101255012090690000412559712267585961
4.7880759403644107107692010946819717757611197694051592413193995056494998262885507026472510234520154214445244907432777556038521323791489668859311255579232509184004634632155144649895398488296885262377956e-97 13.309359092070244770929948065737749043415524954928480932531238449219755040370547309621929657958433564257731142114027665103687981889352658734547395245665105632244344529936081768995591181767695380557636
-5.8909063441928330297540965949839344096783958772475997663230894967698625916915417224324954472222206167757348150457575612687334800332769303797522898234337466610437388253355776694303894723235940821209462e-94 14.4028615714622496204346005624665046376152808539133430035187123450224067235653449058694706644368789729640508343511007709500331155708404364962270482459221693628643244473712777869858969755274362432614
9.9820331396448674134005194613142873185551315727969876104990276971125517268658109243259640850735524075336898636593345171045811940748386957966820219982751689636326691247248204030083527972389574388302145e-91 15.625907496328595976711792704757613464495044749251179043159800881325064497870857650013062627621697096194852563436629100642409835892102688823144989886614262395928610859679082356264518909507992610001354
-2.3989942983431583969035865668870856707692190829591765550109232074580101689397664437035214040559224130195950974416380235360164293598498666070133525289595341775506987841277250097457833713031478023860371e-87 17.001421520136745649923512879349401240206022204944657490886286850763156339018839232268851096246809652467465598707074663474377604674105082627235093027666478600636549472141753456446920828025820376609329
8.453205517534214215605282120139053467052683668807903112197009139996174009308318025931074443439406694777615273472767836496482451139243863638850155943266973187062152839379587873354635761428519316982161e-84 18.557785883982152377687082465018835854109742743053965822974799703759216024199501686638296987778899733314499294332145052377016865164211037000899410668839132602947518252269946835156974408670650234824761
-4.5342008718266310059517602402764398964487103277466870617645489067550057700678227781724158240531506113509636025954604104003705547817127915433602762261836019132677492976222318333169232603704514679303118e-80 20.330466277874466712067223418744658651900667506969683036014422160425414534627540350564814820661270836196087951362744941670830861962259051429185353866413368436969375385782505464212277816099012907889584
3.8631838628056119017954855575957539695780396988185763168969309225931959138228249802120724873769663397407089627492393956981579361945345703778516188642268690652547382497519741295143334454306544613465098e-76 22.364224692456660503768573697565155213262958175891180464438430606461199090465414827809881283507559389947553075276511845586147018138110788084474803070873715895479944944681535347263350100619333413031372
-5.4866272323403191047533634647891526973612685520967167401201593808034500620825003298198906377913645818202914208011209698329324504515369310364778970770239286601604348235836384884039978529218287889533919e-72 24.716172740146973024092767050429203277527598352761239227334194422742504236605617666500257671992088472027088697060647892824366726611626352995729912574184961102762011360341449445927367826300466497782795
1.3717991525411274858574984348008092155181008705080377058674034125939722335463556804694319006060049870279478938611474165217295286970288033029870200712623614024337383883580747638562761122100289438734843e-67 27.460048785036161418966126281661134676237499807741199235734348561135940903158300027364530958259230971196190892433002733266775464827407926680494759752395502617399093118056929216270889619640091767162102
-6.4200873969746690999391402163153797459477737081815538684594333995382139367607800030494784093293914613666669137192084401421378744346486047617499001938776848615225330991744156109871267270521365610408931e-63 30.69231034075592760971136903679138912814170062074038912317198629645886818499951694092653105875612401256704402044316840373321314810409119549854395598099834444555097906317782096167157265042254113540548
6.0167018470869089149699658240541732917294349552133917720442576217347319619434426178755558324926061884075713157465051849464029319370362925873940751739319155714920736050228387270364450104444306666202429e-58 34.540974616796388351754814856706551422376645894136738969384957820709193566212570449386966376294175906758242801071973585947600337706418920276406732876508078836056810794401505639107193150556180983514371
-1.2102374864222071899572779438485601058745691471992730575812267906733229727701938403246713462724408194720111429013471522668754347395599345359174876354431699094264040799107538824924825274705789661420846e-52 39.178714820757739799530441356426608946380646040549894418709322301990790754276827249058827434934976179189518052210003072726605336681911787639692224064569884988815205748414860884262470627153232631156768
5.5042672751197461389795860347904695659906064365019280906774516439041349256721383012943039204224922637999908561561247934112912811008399260110834968686538286776914188741677473901362772754416423506981143e-47 44.842715400265758138525272518538111334734066272352453027066328264610350957131967822117810162374890830774262664960329785863515350680734249566961602526319714660429673685113200926154033088583482470708841
-5.2186376181869153057253901065199169191426414226690804715644089305107194920354470450400024836508173744021454483562787674645640653519209908686725860288235260110630831641480235523949657582487828155520552e-41 51.86557020351113552705912432004981139808919215468290997440883848871744161068509757503051484025371928144626875338001825532281888800065302518799160852580476942428573320911433993395403228080442908445438
-7.5223800921600975924707006422324522263497623988744589741428701914376423286743193090281935581845481542184890303069969594728826256827892991712256057153824361091078591242970034597911196194573525693071113e-35 60.724810156680944622668188009245847867971712948989612306913955266470610772322527206698537183313647963225158467878597779396348671570963352765622349370203759459435486018756733908230675667769833379067306
1.6845337754190510940540967556938262933719912974001966934503085943911543916857708429717869996419341661529020073001558153415453707364617307504838704329980525749266953571321167674342024306588483380644794e-26 72.125029105694849881476686626420258684748007514347960811230747815246408286041315567149286388007765089482791131782492734334245822928765922915746139483223602961122877150043056574886708067172256172996638
-5.5984581156065337274438335825355263801528065529241425991869714606071895279136179311376698881308298790817837710210445330118270916629352676350694241818693780901337302391522494783534793016923809436957477e-18 87.139505274875841279301797306386260436844626040696998190673172392385964558400950683712571494404233328906619914574496197084125718575919137390500820108195684255073812478685067957786729076302766235478409
1.1660394252805031798594224504349718402498465944201177002495059713865330672066364502303396287509259984282064688729841329217401523462747632024739796979695309695769608290266355253591062049861705856591156e-08 107.46588181334420517722793362214907050469963697485869737417207593218056843609822027885463551209764893574971442734718454528997993092703353379997136686748667703265418441741813608921657052166815646591793
-7.4232548532082397810605714816757983161835224944942378548808634216205012072622825607921708123338320083899361598722088655493572028303672950875139655717360038520803231970548690235770951578902140739826884 129.22907855034146009967815910166242955936352803296618632088581283147853206015155405597387964602538714651378642641566594537512968250195159768363111588036436984351492680869013506510647391185581749809688
-0.21801107153040244996967893980159449594132844176848448851616229699629151314326473314539119521929382264080287943337075169758404256325556235605824664625168870664985074370045503608672189244548141408050452 128.85456073356734813185825958248492466199383705900360343728782092235871295566794741280945342493888759130339993802280136310102046772199773791250025729303161030267919044367268866117795151636368360273719
6.9524062287798884548160513255692961233124242134701942368593166942909385585432074621179452562217721004701197725440694352160583372300138762217332854932215966678731175180081718345392927382580747638878099 129.19359896008864803851759037211147132388829361152745439150623159118187848325750978862848264762042123746564846082205391652295582535814739003602337050145976102864591099621121187472964782393603127579692
14.717573020645002353252311518429448785133094918272214659180917768464055505989053203404357991939779243324224695525165437160336664359122417103024123954045220642349528227625934123999797083212135236104274 129.55678990756890029735627098312979523937785514019611407401414037040700963745020882967582486441277299796619754691707740076811883207523014078977351217543893906349483127134227044075521762022637517289574
-15.217800786170317368564037764572822797717404393861511403535054488681773977182858316399210060748580233255609043275273892532697849157866303651264847994269468194375529166713131364914155568910009337419235 129.57242211930839252560518037324404216429362434154692222802149560705000922679119870874051849691241114414874863363458682233642359661233480440303755287700345658868594481682625114391215058163243607845508
22.735109422487431249773122945737488472019815824760433029362326713334546772978490968754806927810567722118471610937773506065805336166829413615161968047324468086224771974771654314514828968840455997062309 129.43364937193254260060192155552913394401288425741312546353826986485228394654618089910500496469283443579595639902879021973856218574533887837897605117314142498612772989393269703825033654456558077989787
-23.246845583233162376790167852561592746734045637794135484543934152431298598053513197263495923006726760001632101722799312518231322897090080335691454849145671617155833898213279022456679893724808600155245 129.42173127951855865099548145244196839275971084808465427901957828361696878374352460719369742630693642009062372057075105005779730480048013451346284594309435901737968993996754412244061179196937814112328
30.803036880083690847186633119699624787346040033946953682265559068982301318594564401668744927886435028956887359060862729572197088951729423160146213175279100481289553403967843507302032238776204307558543 128.78573297342353612918618203569602710762791374285315676853308976178399173112768396917234318922023899044049036390488627519041324874014820295413831853638017335082901348818023569730736564836051320947823
-31.322159739137814099127587609068162849997440402229597274374159877434155755203684011816830070719155589610458636353828205409288033239744976572009542109314062825784462466703120210936878045958322663829641 128.74738209373546644357045065018024858308897086161229329195414487358135101481927790457047982720592970421000632046335298099412189888747613257023526286844382096092132046738038560485159320046346892712119
38.853277463690671767011073194177819232605561221535404169707097508788506419792198433733764702718125351515142645784048245995473171498942787028326006740384813818349073787831781691270827669667569132809896 127.62221052793401243745806685892895710284194485087954189004786175612504472953979239418717235730013741477619379917451376479705008746337180149224786993454840087655012495476536912279229219797591435260802
-39.379146095768917354072458300965009909605690510369253963471532817329586949293124662029854849829534684716112257555412007334161319246384943600240482810727327626997397579047322157717360112185392005051253 127.55845002863425198066464789412592056338482345756645249866151707062734642423647662022663706728767670011884176119032735520442984967143177783429687715285981879764826309179385569049599084589421264182378
46.847461322661567924505109528527091046308781077479394392571508923318205809719318373133569032401201275789095815357026207767916668554146617840317816941618207195423733323503753991610632382218180584225939 125.94926747278338553853297209096815460739807373356805772254766432938349137898882185005739353689885882152135354022552138732328045023360272912116058189905722486143339399186830318634187027872506804464406
-47.380044226550833288028892905860495071290954451481539091094238412694524794930531987727593847541980733031575774323391610683812781483628126689409327634401595179435782773455036187360689565027371257569223 125.86081254567294113724413242739822582348633518541455379447689296909828202924934099487114710100516000043928307101175460034699611450147409093770261595677751201029711027787953070619683532999145344757779
54.752775766311267263723352762803424619106563586439149359927231345502677023595322887746797126219628511693895208479329167023285508713008156489933889432812671211133041834058388634004409476869427729788188 123.77188497325130198409402464248805281671135492238193765078056252759755292400689129537266543767509002219817805922249412513183085134128643427932317557953782774531862844242127196640871729360813934493011
62.537484958533520409517808681084992979176688256958900203663434455055596165123770929581847388972571282973191697502950846226625381646524068521768823222912547336439627411131634235255584578138941739105815 121.09597890445569530850383794736655292665715574211922402934367795403384544191205874008745083386042987318938436150533613630543810459628225632394691030204841234510640130318547385548449025941531684360224
-55.292091842219250238756141605819243824883590290183071171699192116873573388180457070003353409518038391434511496693150408243898106905282754795311226996873303576550488229015735723121356066274550782611701 123.65930633003696866319793683024170500864682381944914197494006142560786946359710065711965354503254030654535545537724326579125419614759134645343666091354823787889804173159783312735045546026225576303703
70.170290595067864808224888097469522736614496072672450212227434834981717739622407086673704714013496049221899874704031504067503337905712436383672179208328638332261908012332050663238739717687275932890394 117.92916474629400623630818142578886677790423280354818182677802281311110095867088105121971019301726306195006157770059316424437811304331886079620776543105619129842757689756046305218070270050072839869043
-63.083513182420113486400465106083154109421218964705538382275985983446968943387805272617758385729193414728562362918520585499694454596332172278531842920507176514091842721158717804764458341614273720778384 120.95976732640601351845920200391325126009653128618251377648291386649166183729062311923074883021242377085510525419371163175696459267819706221124594519162124292299034912494856924288600774321071242387601
77.620367932333847067837231927910556116385181935478117564257586147044994397000567576230364822485088331313385111854584862488157342925227114317881604411258684772076841337919592504129671470052726657569697 114.28095600254063878689256808944380623897465896224507814805361883986311256445155524023582486719432200078616797700952032795846336702548431139518769078280313652144803441792730054442477801669499972910226
84.85749375382970966963330847029697783733016854525068964700609607826347418267013423907801738252454145623143336299705620084432307193950618306334958693725439519085042680496621873293615080786241615121899 110.16278434305809139990348730830461598850838420779643231333889212353759049506566753697036488063101156290721524880674422478729943371349758161528319532290648452213178662355111305409332169783675605331015
-70.722968052865744764631843735591305895523208766968622206829663588192605827888937859727033009188376300867644498344535563854171098584120687170514076191323427504292729946899946613843176857495875494836114 117.76974573656556859634574970482468923429761565462322867943694923849347931814823314847120781753541071054221984126977531412733161376435533838711211576733178786383931435053726348764795488219664786294808
91.85217586960935371570099410854573424340440970016726659418727412072763611046005230828653277499938998920580512630065243178457237490543554714749762466485070363897134791406139214515472621792022492928075 105.5879681625867690597234829115140353821359444602581711304863840258903319848673311276038595004571321545933802024588333726916997587144230110057626831345149499964499549680565211533472604518989020478714
98.575776045648027094001434697304300504264089207635934779409007414809094787221572848300329889164435088149515319524200656143101811835539833201115011683271437497003743184772820299482590112210888295137946 100.57166424344649432068283659947280185031180542885968134160977362959882521804953265564975784703578493452522604297967814785597703129363825368911428651517439636374625833810129504854608996134672580367288
105.00062765438057921656677530884366994798351948592785373958155515250897871956849742445005068585097753714955577149822301214762958539784853322524925974868204018644102726839986422560577888567352821139783 95.130810718102176600786171331225927070224201902903189091205078932219934008747316051168671571639338630274843092175512424755553983424453363194198600821780665875081578704842440341107525255841205907460429
-78.179602388061813395834497636385927255787191526347665288809318147674158655663310945700887067623839307994094214206627949390113882459093669249144346002731326560372570408843160223520702339570606163897522 114.09868953605993950641330955153096729050982558783295204137908674688780166031556222435772960147714557895420840652294159375541422404775463888675691162742292618905591013109110951926943715989768220776461
-85.423177545738387328495914445488467188710837761456185036669594810450042512474555340388729052128501285680428709580989954614110337464836729521547986061241197381252136333556265472240897857058416791449549 109.95796200587919026626359472077646940768302847926271332729140826850738561624213511641039576142015934832808986126572457266713482060533294867571748688311399423087612691561630245514613353907424508821844
-92.424199109332748653117117310108424908860480414597258104649620392790728532658702835248982849441362008501653344784251244366694625774473742043285349206475977378184400368890282654381778399437530530959975 105.36081093092448806855337512753508184123891530788428511732623102654967454310007066169814046931255968532036068812368703243690923725995221645574893554710255958225769699051883317131879254293189310287945
-99.154038900447448651830707662915914313655834344084165672689214641240966386230408039515852531664003368427565542703101243124512505810060615026423187353054742172706255467813251992693905988903513750670647 100.32232135373987795418555462011287907453307915181315373931329603549832199613635000825076409121839629684532722675790259546985277905116540472537155136670574225022960980126002058920143680803329317495637
-105.5850517521304182930861349099456700514397763328559970440878482305311840170293002063120902878861776665346399696716747474554727690176340496363082113471179562876710646328887256049901876037049635601917 94.859359363375010861223372290704198919732913323703293004162449410273688487177611580078146746269095922478409279002981609883687466639405195306555541509826216585823478146027608759400065747200936146944941
-111.69068787466599544414197811487217556580913886879165173731287624581350859347521405955883009671382077095507607897282878828547037734089513910001968584033370926308037991903445467722410082476216933250373 88.990508469034417354288404978838374011022864741202984696144735453050479016637423264346445207442717515068782298317044408724418311397829766587694387152364255393558030380741491527001506253409300415746514
111.10014880395478289167120191910671782126984778104216205494147446687708913343439445917603617360781906410832018205634460622031998522246718353036374165655460691795561498579013694305236001184247178487351 89.284062997211709376284023941405098409743777648006300237584184357730908741721773457022337767543138363999540662384111931021054389777607178251630045506502571683016443544302719070046818871190944843876977
116.84895091916409500540416631802258066835478274988192345258694038237900562144977704361257057698053886847843467114738988600257228759471088269474999303411860141450157683835159371520603651569778249762546 83.051723010574274079202402252193189686545511390651960159384480087200050307007703228370795253714611317540500446332444086710557402426899114418094381289425502188661721868280764384168868680444995733574256
122.22294244812950517501127188292462011769530153177851577260971269778139544906646495922711843897874775522125382518775559904874508058653568649325120683043969201121939920370098757993934466967539009046026 76.455661947933216551860469979573407561848722401121351448792774776440762400191745875440745256973581477182774898392712329200962661943413409221802408198070870599460819206867569425450029289933490236302505
127.19942730486250914515665441394417615075655735914163872527094755925868524062789206896080029013875401714100755046184233604755255881676709487324329312400625414771419479355102138148907044823108869428927 69.51923672445283685037520922994762871277561240388955165292726001487989395891451219711977793185788892935991789107066780878368259214899556963202187806330143356625588179538584046122437800762427724243493
131.75719766725076166016088544817547137842784318805241742375504261009161665800251509144533404773746525541152940434598690333134527969281466734001132308662737781686175134385215114158298325569172270110983 62.26720044687188132399924992159869884048148689271989094018955383184942269481025614015604315090726646914665158210495917393969986708126501645862884071714173454674535589807726855669603065764354787352119
-117.44560085111906319183762728606487406589022129785932733967233062393531513360931780637437627565009395699160381081058979285953652516618987264735878912860166421890482786088922310845717394114772488563219 82.735998942832838613481216852819044909200457457724086437290740923369838112031533564286999183266934560990369708284215040898872528687041294759592672014874475591243265414769365103261860974528494438535922
-122.82575099500853734070966389514977791866355960244277068299095846468764189928268422298198551423659593343712041394226067629354682124475000507471620988603625603448312124587063061165263000665446269506596 76.117630386232881840927544644209562123641910771330848046863183003854077701193782435989075150168587928877847866341451528754822314523850236958874322579047115263127348894505413990634274207942100398895165
135.87662077531199609783495422614380215107499526743853866840495936652217996464785318641174561417135251928770651694117375876856653228920588561783150856372108569290396741046169696652849588700667168098249 54.725607198288550808847836209373978932617029358440957099831363685143541085297336208444398889256148834612943864827623779285429418032760443317986395065883705375496969908644872196290643330702515032581921
139.53971940096536584015663236215698792269269095479320263777079668923389674995573440683360373815076881765350206477412648201602064692022533070459744228431146312641534811984160806741234937693939798475785 46.921711494268123684900108970111061277556677288871372458565076385909364426833027451627677936869533079660797821312697361598074614877460806707418891133777092236443692784744216731632732576749674676415534
142.73024568593526972763002170363933986201338991066939429936019416619573058898135725015998751662808920237887705294052096901604966200223668075848596606546929245931475377723075243807545491189610656882632 38.883862792927637732077240315795604304824007675167485136721373786178816037079242553331420231750410418057234129999468754176656981481169726082251507923106713229055612456470905079575327621725438998669307
145.43374806930374084489562351075656077797038257975680056915662937808859638700692939927802021904620073963665089343241119303591137727419837973363342980550419156425520263115621783299128068293552224968948 30.641395467834870865724060476438808133543696076599235508941954494070011578113371311819384977796796848203062865871504068592649950753711817831614074219692289144414406349135561403716121916172520750047569
147.63763105140593443946166445832308725662489537444136387840332099157961041436706547571846804687275333760385528009296973084281230940137529386226024664675917035408248356093557156776539467625135366583586 22.224514675312932219354742836382908773160202420575889017917483327714126511234792168102612063121365866990604772527624802490707268770092148273852247793953155618665709413146643612919679402513431951307845
149.33120756670128325702369940928898542338636132428719391875518340829045372521528334335014886523199556400871232969929020402840335239439954716720771052309072995789305564039568730257893562142079966108379 13.664178567264428243756137947610253215706179063867125780726306326573275962970722959289333107391785161312630781508379911709934484606486070814561459894437922223713762362973929515631384491466185343691888
-127.80850372842446383332329565226153523707901686052344584882393521808890480577560529994622803964053463486482320756645007302773321988674151037035569812022396546442862023564472603711279905945787818498768 69.158687812240609414517289254020019830656256166462232854961225277100195043602269026654099904650661643498446986988322663995102332747787665273424542847948755451228917761517509107549325012852896244650606
-132.37272264085344425725076345876031463413607619497727403291622962458483203637247967236483145140101203297668431304747417217008735032949479433836068328459948776865767619460750013713241382805204103641193 61.883851579200983119653896162954274386963137233473841328600330371728079049585042365652187240052835483587796971758274513705897871143843684576903921489822992763171176709179647449721980561680121899477702
150.50574376519932096814483562914074364091018126250035968937988054571542106408158858184543872883700622923586372335498124002616100366613467418179132676539342429988852421141283180131966159967838873768885 4.9919773171013983844768521235537727584160506992812659650734414528222069307805733567501137243085064264018414997037942433905643127755980197869458495908848775125287550332989634850589050462320724885403878
151.15449603006621894204994531488491484019945124090455573968202835779896775771381936499518577516803364682341735523090748611346243125642301447448230029666041739558863913648732350050090617860881009295085 -3.7599905600383015852002660207286983586772438265077144806327120805931682257571005836163644319080055652795337271195803632836717139745562699628961549442300687204174086021755537810684539523228681343869906
151.27274008817917916160298949465051357711635331454798606793012475031154360412512597860500054621745682832750715381535414816508852856105172559886195565460738476881797972851944120479787189850144992799455 -12.559244100743217347600660666145199092230906146517174643133540386530049691077240663736908445051648343124694116291339684322121990741468192754405359685413423137626056341753530937620190543777852927052456
-136.49885691282599574210560531336071280282606858036846754097152778830791755829726389333907108798835209165895405330111088299555624026400395095233175780983267098181627468642129382010396283441683613747802 54.319101546230085757224791136908542750841072171450745712607222334890573464499066039597829738076178736522089552205008220889047203612527911784035765316297496017677324322662421580736355508030131971243405
150.85779210056499947576387044355110287418137707726647188204470152709068695089696408542800212826763031305130045566476152537109249044026726973403817921607621932786408166158640527950493991674031448064318 -21.373047500159156354878928993639526120248402386266153799916278730494809783932617822703468668020243094698552095159488011090538647038802086253035885698511762584085993289188750534038506827520215479454483
149.90902165075888773360007286650083413708063643996383151504656399160472515756596186303083825499439136860017556560141380422785940946367020150490797861480702049050335059503275765878038970063572263114706 -30.168538926211863576734909780436936198783741320195483249833305537894724700918146420520213309947947667750248494530845720185116327571217511723649551135187997682234428202777926764145942913268880241203747
148.42785658104196445235271421944945698537130792392483569601669908392472523502157970131763198350547440223144393946502676876569028134492431042727973373116629509145323292951210241319811190984900242931454 -38.912860032052977235673947180405689146748323491793491127066928052999290553814192203916289138634852023461169345932624196045658344423380590542774147630602010248560520556631441392163877310661770270369721
146.41777965915929303769097685537836534390193677614592694410298315526195891061843016846824479733681393513726276707859286899594029651212581640069753820905785827905489504729018903090743881806496667374645 -47.573285656895947864432328933568932230851913685496088611630386460238920422382564888995397219794913808543735785288983642477279435525149143614242269918889429654971283349614078114447165997710418291473554
143.88431709140454607009375114593771234324416079090571239763003880323752051771616061294982397567348335413717946729944802665822053908623896964892790169188101375086720279806888990336048216022280681874052 -56.117353207294062299819014993209862652642167556005546554522785067753770294275229242276156289929150261752854010559581379955453045782847827137403925143086752158569090737409347927566170926576682428001235
-140.16902282021390230286266082309725082479628148905172964044181123920870352361769995007868826177579002305391453062192711467059170230989807445559313458024125972075390891257348945911772754787622059231468 46.491615849532848394808533974216215325300857757072663916846504885803184094834315739674381176132975037182931273886716626018677086585324817979294725644936203979544750283305960672929332854190268380437126
-143.36707907242169793352601026235505895891889157185243075609150007074294747046379565409545888134309141818041564935829986181101064543041192737675871835321957683224537978620830725928834386867409705997216 38.429664727203076416486470051377793881639612006832743544133707818091188187001500621510080347336377809001557750864192906692209911446384216184034360087804490776792594590617473711265257605924067146762271
140.83501893183896125309987490502686407483934723536163137798710307182947412468059852491120753391158799054859330139093005899134722966981591979783790805201700174969039558284525373081659527833211617180914 -64.512991215411231850195051932976481681505302539339294265078113741501601818897874214824802617162288222856424164686501705471132008039801727405201557736985659112016740116598237823967864501784039830590686
137.27943147190173523696774633793068906476216062107746762643096579714351049516926880960437889277409618673623069043653605861978708453310457462221825945362075909143534834552508300822948318789517971684968 -72.728646578039558830647257423875349573640239538021161377691314907440822938666955112536670717090485368950854593214591787981152329808712761102296357639483215291669850840387834828262786146674299700106563
-146.07869578147104854214939282660878056822897014480538519718293916875804746085966883138847365696534588020915175794016899117174299758778610848545002029699048067506283417771580211404862244599429087857078 30.16249985025539721473155373472671588364904357550901359191977568496494579251897073824861929894473169990989332070162670280033884089564300375918588122272167224451206802236557795028202656777374171061694
133.22906172985442997367337506538344504143474810083717485272112645188979780927084685276731110264867816276582225031809731730643521253678725887981002535484137751373035473563026033970857513643740279179384 -80.733409990147427045699576902303633620694606526410878634319837322927546170403445779999120353855781956183489738750722447755370314332985672026589619475080105908560829843783922221878475726904063430785561
128.69733419558067585419391576446314216420018459808447118433939748846902305557300908474904488228289596410449524599786132426980359912255500663833544574146803331299471757675399902800943827769568299816427 -88.497139099750796551647619855623354255624670937013401750989482892527857293077909693576361030344301047546850803359767086956221341469612649211010788931268523497335059227796341197448802457541880130485865
123.69954002358736645174057736534103899637961450560506496165344507268929604721658262336547123294346624656014754054443378135569445515618680990265842771331812896984220624372415984854554780563533114144041 -95.990578927073505477217151216111580899555865898224171399240057366299815033155244272626517807300892305087563908276823115617522155325170895014104526892566774398918860503799215238473799676704932621632781
118.25277890620088740717289594555770603488813940500803836985641214094362446254317367212219998561776556805681434946026204864680221839706597747620725454971633030638914177622378515698654246498455663832939 -103.18547911051431633868058705052600317960592636858593240332902033102756113093379421472286126359363671990566458761743658272774630313378860802957404059118072275788995115368802008770004929454012806958206
112.375893900821571559941445199420204475231513891834254052130891635387512634093126957734396433668667516636663442753019116408839441336350213177945282610048531662019771565005814810098870945684989796696 -110.05470756510230603174281763963726961427760706838418250727698977318366418557553144425326680896597735521411912843166421989472755727807757899031823664836658443657502531575191340995807811915447222357054
-148.29141691029834195875566484580996457304054730464385773577107105035175480111793551123828103371725325128048512964577985438323317702404518036983050808923624940417402102181839509433615437057472315186246 21.720239652107166343653429026018356135633881848884216409934794719274490618145510172334096259914854202186786111369320737316008631274085483604895686424565021059524876222327148047927244171059627172720868
106.08939953106437449068272380800607959542707575158738384155497208152972393085142452240136247454064106236620054994623444179101478776465044667773290450354103502697884257977278344607970129966641424140692 -116.57236016611984538149581079010550496015829834582086162789452131921183263500133381706783880566260786989174800866633195368468273495810561710339500264242475193207822770927466290520990971794039383096843
99.415403533742689983098651691431885388499515948914416439678756526568890067992302556445142333139482971509429632821161997872537865623178769346358073421081776707667952126801454605134991110310084162076656 -122.7138661015472985848725939953112532087410079256231641235555765885114023734151239188868948178642854072922263613040026813355016110400604609780306249831527309205082085484422800650617069430539619141794
-149.99471610895092940233407637457254373379107305926201296694586110639187576463074437440560611753254943491226810797949678302234850553860963503715707293912043464789559151562902340512568706386271347275635 13.133751190887261655095345110931973937683158274121454202127788090838495889065529040981294177496618738449294923184615686758219187033925124776125190089342602123233250538071965487600391495683598665345697
-151.18004591847335810488667057389371454322785427097413817396423878503806003866359845950399360072496285251032637067200137326035676133974519380825550373736532601397749699859277420348013140457542978995651 4.4345291339235186202958607824257359151464087175296765459930740069084882677525343401901818130000389007853334154506069194241010323901546295453358959241774121606554842256134848154679669269095578845249712
92.377522685044088900671991708533808141734157952190048195440040905677703315824441469063094700594178571699639781128875357576010405226717360871230226843389704460319530109017343260140457993013630403966787 -128.45608857186085143990146053533318828529296291805790790046958252976922817100354902485233932692345334073471407790087055579759748800707091152325667965275207325720234655143655897227655187673264841777485
85.000793214528348124000935589788667380920214071208028725026784293811588095200725401753527467302575078629395671966327714984086487684954705698305612746705742134025277443517909077257976622562101399136466 -133.77742055392246304340027079012597683756358881392193978444471046248562891281168646823429906518980817119082164116091795301213320446921985137725589044003509565326652931519027794165575777883250920846232
77.311576411642512403137872284781897469115338130462109276257131505057495429958940120365148266478086616861417238857573511144899898708675791372489069489364837321918527258054597580275502559954448034418096 -138.65787538562712133856169540712324010525351464338396083898138549540467180273992702957308750190850928581682574863184324318408525235740506223854993270644761945960510522824949185297281306739500643988156
-151.84088040588060771284150211678346543136086215080564782609276448182569035571486570832903981882034819888275094044343770189812778734742259302174194675265883077801631889061817383365777697497895795592965 -4.3454274704481536863970678504666152679650911590981876777355968383481277798562437438400394070428187571566886817993588525368764989130311167029185810255084280186794803338334957442626292215858223078133922
69.337460156531963015851050930948083608133638843032661139113806256187787477880227704381239752239419351462953181321512813561288529373301424756951286116280880506868791948411450937812351819104973047665469 -143.07917196592690404651882258129996644182090832870958662580446942929832366306430882058211076786970030723951552839723289402744111517128542214439440632743082409935863562855653255614468821989917363991372
61.107157280137390521097191802228472682834920931052433581879897467823086745592284915102335181504016180410389650779782304237948073148319343502964651324666419685593121412724628355670578743244471547311134 -147.02481439309111713668584447699388131722740420569718851033805892659804953872167964265842598694851164814875596979027933006850381909890193887308339838772013697319260781561763596114171012551755443355517
52.650401899913700710831863024679548389759579439793576949201655887317342412886114652495033647943419600767426190300605915471702474626057867032274541308848069889027545603253441652809849481609658115875346 -150.48016586706583442079840824442051106236583351440242359219345248716874551019217774985354510071553600077561670297428049948734558507332077535708335760889787901937390056730827196515856290597530180395057
-151.97275139099969478286124476998784319676850319903401575161339809233798097707722655248803868606079426012542863016832877765613313136564545479826991572773620239795170851310469013876448380380431922204745 -13.173739859424676452645752023355921745971078210629500371500884551835629405009061684460555929819554830797991234430623925342925433869822818644248864355381730260849251186602597203286350392446012777038151
43.997845218255401396481155122622669801118568120259157684797345027556331216417384388887251344553897311772877250562286701533964712760721914449994234064343085823147451283328453440124140835155581969370764 -153.43251662926599597872425284131235213482906787806648651283416620780652128711890881075123991602420791722041578117358303028791598363485667819040170545591920571712530150712510695013060959707168310001345
35.18095275313039551494153345889850352631329657590869684656699967492060155597804680586880295116754432240513388040069212222874613468515237107891375106663990217279501695185008352678991917613296305232651 -155.87114554694539203330302882972373151509319747233895777116453583574236245867632217976127813429678568344352769768223363563429496805449864715393576319460293767235370070637875616110695201395835367560671
26.231905645844978285675589683831723129519274417271133264180301653119062047797076604776788881830920632947106067353372636598048433806842853716017255157102429665487849885897601011631653495005131242842652 -157.78737455949761435913657131815346897368290267825002497019599578271398713856548854164226009995538288159919187848030736874901878487375425997654741323087180066678778441853323326662426886212189500066982
17.183509605561232989427218278957987811250766530280243978805932976725899915605150422799621369069443393244588957836635817058663634742618464055880987376256572226876616911613679234542196260500649289659599 -159.17461438586589632734567661222522682624671666751038936047397557510265585283068196267715781857433339059105209658770141935311146484611536858898655889975627232587154782162018498005822121751235340011693
8.0691161971182378263871352565765240889844144861376180780477058325569349806598266027970339896651182708183752665559247724544907694844372903282828205220489126237662460141908553397525993232569737371105384 -160.02839827288400780154842283817009066310957249575124767875368045181494715034009703840740795405263329945438276410591471940007851804058289252381249559206289053695210809866602617476768749511085795967466
-1.0774376377252876404866605297188448435896796912457178012650292503305811237555856710021273616996043081654772479936889189359272669902118828134889278011668884507309247123936392249413525200488921138743917 -160.34639749170871537720673369947092190072598479131230544745145615148926484922973682675395675157104011157648699599997223932156569844134776534895185831210565433479676751650342800708360274602210435282065
-151.57327853657735697547612021245554298450127850750136210564455740371114959566961248878085738132224629779669352038110773865051479952109901887661332686942271224195870606283177316253320843945678292453437 -22.017774723902913735664399275614789230339801714164866577996051670162895248414805411729285603234336357436240532683014063898978263237269957374632142588348679435255496173902840233344167899562991829165836
-10.221865439137778623476418537177240122128164413046127579003605164286789466484408340346899930953180771263026886441688074219355489821730811096178424707336925477315017087292416941617648069633267580856261 -160.12840670828730549047276189338081245586177327625815739946121684856452580410922650491383754909367981485141644542191594874001888562961779539463004820360502344812103312486822321740175658655876442366755
-19.329438295723327970066686835936131902698291367318096388237513060536018854807148522469571692783923007723589225484094679907915707329289966461737248246808681342525541368550298137098889559928476041706387 -159.37627783459563216218839830797758982750946457924252703577020723600662642042589855064692497850188380891169325294025344302118469362947509275382850832560973681390934540271454272763274406269600757123978
-150.64219369150330800116499769737239888783693958887401402241637191774346634573427020418573221996506794690664364808416802971327745491416561382862876947980006351033890356368326188881036671133947807850311 -30.844768694771334048928523974093509360430538451091329463748837191561920316731524527457987351200564199268470278402758103760022308644629422286679681319986369599871353967398521097991912618588619865625902
-28.364968702543170562751534657275087375106386987988446600854412390903455363905366376199111588702628687134276968761708838161639146688280905136380853401680964061437333828640028396675252829549606629119336 -158.09376649565011324037629734771530879622713283949528548269464023576473509525865383437311409816743836235564418194606768490382530200793535042761231621775264950817540241550934896113165449597428525813436
-37.292803845801348793491798135133539148341041677842983514665873971161944399052430596672385651996587115641509067114806449800775963028340618443016073881745490291400771400528289668102408053047890761133719 -156.28623847479849377282230367307152624875071862915996174951979694178354556727170844967363883072361941102058752210948526370427690658897521656697457092967397337536635175899362350789901971485679277514245
-149.18135998653152620180815814724920664202916391680690206781770740012297158731738286977544779102231022359356436192476194146094839416853298405674606659350674284677824256600223243618796177575847894073432 -39.621950583987332380702092516199099292408826355195552574055293348583610888665165081728875192843839515972085414391771971281336053841637503748469626411817815832408595732781291231318246378854250270675625
-46.076919804100067594595996497211345539521028534292063214507902741173853723665728482019875211457832019356684920651167435418792577044470995056041763503758184858532915813198411267825006924158863362315855 -153.96017980718944268469485537022061704992897146435316525060406837457177012580616518359367631915758459649871950891402784625364164061855024923068830543206442455493017565998509207848278546766311964892127
-147.19478624074196539876151946827349518539422101141366989280493239976874075119552397598943983486321749113525932502477502650426563571911951672008420592568364731669899313941800377334361093413456667962588 -48.316659229501367560177381363629513561677787794403250192651430957364832272471122204107016359837565449245694562831149639376798870735376824677694180302196747952386774073312800469097192117145638814247602
-54.68130405123661136597187089272387941271137829719215052287900963313399496805759044116177393112130107080664146670924332207321096152144210170623303282531727721020925814711940922814603183844838889039026 -151.12250806308610760533507854296969839506659302404877697746330503056364215319264391579948881348135162919821779358700167365966848079913146981887914072712590538115192760979393547946789565770620613095734
-63.070891196618126085084419945452426915211370308906856781131506802060966372664909436292963031044641653598125169683923496593097021841793000175698797760937701279232646211241373411219344095768681870080421 -147.77987062832120425967462638595574320512049734392829901110448157279690108142555225458776754403089340437558280600302419082277060114254027749612436291464574364159297682073313700645591785177335740061703
-144.68863715042087606145168620957078751310385691079565507023940945922000288418304227326928074513882777560574865679221941683190634420241259178010670205337321259090446034332328742941589785339520522862895 -56.896453887162183891466825910632713873144422870293723659854016073516927119349592704053551784433870443807509469587640694468030367298716479578589746623574878997950858103911471240531921298854764389669681
-71.21318103520175694265088765989050812665420783393610605672202860392084032588721183285156796985619541634511170180563661539205162862502727521706127636302739665156297345192828025764675335363813441719969 -143.93845640751382495853493333055121042293623193871584858009233539505037426369215234543189221127837768254608504306926228020563655068920824553887260079596507944885450600116952431647743803422014553202837
-141.6712392962233495983105354733640688437533201227531515007915931752190545155510613697150291760359875325079978397236796961263983097652468246838123868376871978795421628751107322605020915587279526159312 -65.329212736896382284712006106140658071311778236160357703606880370638319051651303324143376773777440194317683005678959994706213692374467081455054868577434950121958660958341179184695390802663048530791272
-79.08007219195094850308688565003019482840795604574266527236699228850858268902417714249579594487910522212049602638416115317534509369830767139436284086830307142743814564925616342876721591904979531433545 -139.60504259523716878651704006633954967248768650548844495543597099376603126401814697954018751162573657490521345931205025994339814579775430774743693269814526420614158290328238039192732509431921686006425
-138.1530817982389879008197243462736198088230498451851104350913295999818352019380159915413720413112773114262813625584085500639640843614499574040520199087578167807432145379675397909058656761594159700188 -73.583213052269274131002079897125684773451154860008731255421706193393982324853360041731132320457397713834414186527200151471797741465368272354163706230455500937894656447524008109015879771184760098663666
-86.64865968728094748687428243020376282414988166002629333008569384162374824405256511284557300668081018111127640107305113522793539697767330027728385049318573600139534764415126841476281943970299413507094 -134.78939362317412679800732369268785605589752658898078695796151494223044124353380901549984166132493288422329734433394067660868628447352489103395650907669661992013144466973416186107879133621838744081482
-93.899944366174525376617298535560409777494716921925098216289479119254817567972434435817788919608639258662424704568164115489750752318905671750023857200739504514876604736997921105876630736024727279913689 -129.50673191535398319829050371519371681818236447115448410063763238440064773515070586604419275269989659612784747566993321456464890846426691836422287574163947252594079847968064335022532897002550920543511
-100.81609453437586211311615975560832871420698046710433869598890579933170025127927245184987636712065200317976601642621372670813184350612636274180800472725517185561284981892995613050409813976412569779245 -123.7784558065658399066083218321354858445418776422600716297879192587726251489965007981479367143372493966988516380980881753021168207867478519988310734453834719762532696958414301961640690693054748690764
-134.14680763780886741769851738380633448817703541692455894526264310699414149851526087675384388478097940626311382488375631437889508984351628252492544144005680256489789827145891601627390996172334734101692 -81.627183834526891245517914984796187830205694467873599279823627563296878343175257402285014529350451368544353210497628783732115938745868066144918305608791494763180781288094714619043653526574879546375608
-107.37820256923683331029697795083388575439086104020320617977581102197989878049482729443471175337844231457381919309123231075018031648528817485629445309394353012883730750888939725810292851228911026314777 -117.63073584113340940096157405058184471807925630405188939800174493248213663451566656800276309630255278408108374522504771025814196023311986131878444142809403536061786841936195470666833378728942932726718
-113.56570730390792151116911973795724307448154133909830047797773065956932820066520446442587545823062153323134660788357025521126489979598071288710684638400531056180742060409413349433423346244312522737074 -111.09231625709007689400292486210441165609045844780752040198941636324264822076100561552888711491248584327463001533418447831616837947569213057077240443291895107509195717773720839250289008747900573918103
-129.66718569637727062587193859594621394507135878236668776634787075837968435658155758297184394325564262967058532144581977126933208980661166089292630074912553614097498298551299811651822437453758295993076 -89.430318580422291779776814824895875204745614532913953014367723701806932533880120563751966489904238499614014425376962539073485154468383638701786617419717577274462039500410533501190803904999664237616451
-119.35710673859408244448771711886528157261201236051789363755922994255099268217055896421535142761420005205365286246827591948458746643547947386916414586562789009845218379643806557468050539030516933655474 -104.19286593658109082759626112877612751627437538831880074750370149603002786729726195903927783242981322648472326653546426025521672668956769011958437157875316676581163943742714762637617475289900251896677
-124.73104185166988442373182282883979285480242404327607865023811536528245758209871099286257510383458288722094107290311617279282502089433427154889553378512541175177539743750316621913957679673930235480938 -96.962234068664775968359034143218657255511210363797577015512290221111248681669542679405697315895065153933535728018769439136511819701716743051871804642851605476526273359151762832506206489394231755509973
-0.49712314212157204358303410834548291893899882011543741099466023959091362337455124465374114322825707596098249992521651150733574703183316072709959782764624926401603559875207977541516699359095349956364188 -3.3276598206470585853073512315077784206012669207109133026384636261684957453681026339336990226237176394580640635296932218519300417925705594094416994839675051172582096884639903538206387852165508532671553e-06
0.49712314212157204358303410834548291893899882011543741099466023959091362337455124465374114322825707596098249992521651150733574703183316072709959782764624926401603559875207977541516699359095349960545752 -3.3276598206470585853073512315077784206012669207109133026384636261684957453681026339336990226237176394580640635296932218519300417925705594094416994839675051172582096884639903538206387852151875710589654e-06
-0.49863485195053637305219941200128891439617303855489877931501113947394273122849909328954011947798179334691930880483697974463513730878974231465771222220177515746675627307532849695364429545188247664932044 -1.8037097113139905933221674722407496486100057398054980284196776385608838273052660269918058948113001848053084508527405086339900730792369510323185405559538971093947344417248256231124659772455308291959491e-06
-0.49958001485407519570688257757033810785101900630384637041586669356007947697074913412751334507605764634124018678403689149055073867136922619687419095383360331390813473721373244068158337008604791555217409 -0.00052240938259728581237702654057185292099354025562720109721634070119236838872771941526574099142180222570957056356405161875206109595701785606158600231054850898116857580997685730082240025999405289520692628
-0.49957962863470403921295251912572507028194198519678103924202397575784245811060968639727440336495815495246603691507323952053712380223925093174213123398398171531767078422270195431884517637507511884515033 0.00052170276418897236191841061302203106595046812102488435802195860651881340575627087486844239223311012109207676626457299925041864952467131861168660402597907531396304210340263089865624127916390500276705843
-0.49989913041854015868224225488252816940381523338493462483273379089268619171255695419821558217651915353911022394393762522847455547770116145040720908843911825684609965054704241569452837097002449197514038 -0.00057986949853211713570425137101737353857025507754216486914501774457336013093806629645577461821023484627938687668588823773734851184655374373741878173051925597442151007254285355642992698619995958915073837
-0.4998985161667951994920392318839167934676995421145454988834218438792705870902334513328652808844407398804551386391165930167993669572462260743956153828265383150532175014856419878369055699738985140416167 0.00057978115245191407287603293340779203512368212926086030378855561390973658366847226591544225156005277597807781088364259957560272713748559942731370190331397466986433388043295615652680613472023501659675987
-0.50010074581824900619116725771694145273176096205273933847789266440250777682830217790429666447879991112513370770613421647218689643317721748472822145033286754554284441381628627128593839507384778822437224 -0.00050328707257062432217130083348455535914955245132099118444124455514788720371719990246317523305569166272531243043977292938055252868112805634181908993565001857650490454831230564330229006749797004448283781
-0.49948073608008609703441952157630511302377819653736783383283930186423894393279177061484387400929766272396376505246032524504816784984260672848821421696270517739772515060589001801750140787750477744570895 -7.1161516475844086204475461401932685509002600539816394601438655703814275128029939515823109822105029097223388418455364035587143798558658775159853106264956278160332349411569051389874619457256248809863393e-55
-0.50010027315027905372204054547817956667341467661459110552150913677610695202919942051510151505422081889795294389311912325768778235104879636098913663954259465761517057703889028194081053631825777385812703 0.00050352915085145142048214417415674477446829520593818247243000848872142323555404474944418709148802630611342338973780556425919234519728419397852862152528829936502288533628949234693956714715182208267360395
-0.50021503561689858696382657727533229955719158809237900298212896757421481235166383744336722831251390886504023278918223790094502532728960240931599894780839182042305273935742218288805485136010784684065624 -0.00038825246602368667924368878998716573145039770996739276472976519684783886773922044942964988710877948242206773984973865943385002865104680518291403611834020153646524966903022252355929520933577269740577746
-0.50021477229378870841971735973568456671993736179196316590958251961594919340895312133015286007110526100690360546952349232573986686121686963257108182976548686835377936807080399041263389497450741912589851 0.00038863201846106942014995963163181426866664869051552811883735112163341087954384439609472618994806968712068532712861548404656433202763561465496988296703691554630026314510202854524022462868241726819877122
-0.49958159563339707921423117134914158441204807390796760365585305157785063437739350806242830362763106028781703529325764572684987232539147086426841116885069618858745779955905393335191925396930399438453053 3.4060617217080278550940687373448762218282859888210953852336840426468779410805645274609895600312430357377588342928679127835935418807381681300556469705065029100729517990395172838004421964871758165579432e-07
-0.49956360497383964989267491940513547140232558223580028631664625131933054457497714389818917577062113740292543843383631018384783303219421004953471818422050833140402239951432199996418622160398338852501343 -1.9606141888933367264901698196496043559586417510752806377668364479318256412729511148489389898979883613601171896036657201016993213195661575754485417203452730471243322914519792469724451185896265059349807e-54
-0.50026622518314211413896982589126857960632586399400911640654127043555024236090697827553170433853295480369941024443912171103513866058502017035314736506940969588397744314466849881469034398705891971705835 -0.00027074821583536368962625986358858600984865786733970055721114130109921111985607837841161338424561704761014798733863535687878503552343498242331006529975241920825886493684279002754250641554906673319874111
-0.49959743683739046191094011555719566478439295125276866439055487591336360744264215390482064414680459161428798783885388887008922603949356859315256093795104162996440803508091863325488470656778356763306071 -8.5575587011799387959182349187875109831788301236481405263806295755578976907365312141110218931712066745731823728149894604251656271592364492477614177338155413421988475698678061854996895996874239317960119e-07
-0.49961462358185305194193287417587338613341580706425617333459882157285311765939984781330521563678283043282759729411935712676143566338229777276842436011907003963449389382934751259868249728428370488963091 -6.0163245309479077728412948499060478610159667591210078843831634467022264065770957801399553977981739139785609113531445921229562784656918810823463011083494225844641187423126461054552783591314102998770603e-05
-0.49961435391322251743440378971806795735452951571764635077116768878275580625138010431531666441248995799992608830113675472272888446730097499138204819529337976271317720017215769239108685465153968706278602 5.9295341311289761942584462159486397255985701304549940974490216721183697949702200361202518239638299771534500303726384742990002152223621446440710150201223081935396444867662953001010299900786083907957532e-05
-0.49963474041749679092664727132542588760577812739148973380627586520147174836455304175029229929153963142993948255937706440844962301193944758069707033848567324332104788180293087196514830376352127215325955 -0.00010910085685692455522468995814769626431119829449211049974773883410367076929341037888644504065833266251799560683533932690741867362415474779666678972921622828838171810861950359263199106393494713499450776
-0.49963438703271336042907528790336810809905607163299327724071890036320620024460778951435876319591398939464163071537974384889283167996275791233317946083755777323854580116970197853505490871732770060238695 0.00010828145438586583627461777499777800824065829335891318680524699095788121324496286872458938143648809155611767606845592959784333926447592738418621565174748578655583558752871257617240477854722608237563262
-0.49966231632228363438495248516816424049939551172413123993521109454456865973977707273873658418706353958036032957968419720177246249502765792430806174079817035820415073631412550561280243626133879917603653 -0.0001537662268089539282842803982554865903303943121781129564560349956103364144303012695480922594210152348050085604883361588107532976093199418133026705913623171175901937133914426010019576008137864807961795
-0.49966183978519094094685605131447494955782869464655848756894634494777075695610453888208293093261892328237286345701789964190863682600473785585354469176387876730792646077599842055273756591123039497303362 0.0001529985662107559656865395388654960671914623928078592629013366080760224085130206855555187113831325333752290027360619836061732281179035886291881016725152141666917060248831005991156432972875156758728777
-0.49969770501340926725798132313161534236856485194993590936774240861843207548711233352234550913255079335673168525475436636060164800165660794209361817259885598874355892539820108863198091290029499533252827 -0.00019247906023547908581304081373652438102361120869133084876869772242494700265886296050970876516862142830762259297331601162818810233043866551691218133711962949089258632314824568556781497758639666536367996
-0.49969709654215941402777108457143180984285972966112683513705020725750479884078127771887046665331043590062670932144444372118202680946460954223785169959553016269010218937995005038866713904984720809469909 0.00019179596928162669836653416986219795910056850908843531253912062007669505809373013608866214000527841312599370716959279214647316465101123491057296318286823997533393898960057338893677136391462379600426629
-0.49973972731469888084727314066659886086658926488730169038234142993818732052557161413382370649120401090616339758612845451275171685409722844604583824576806658562026134763409714206198493109842112920108535 -0.0002229684755033291999467501720395888877940966842376965775523064209272432565260508970394469198009804779268605963265811365179198894471583632102698467115166627286764816195839909902517477454573674280340015
-0.50026615256793237563549094826199162267658289118774839008286598614330383661680447226149654241840707987149607868806314574656638375691158286056795097742903265311503186441569342008529857376210659553133924 0.00027114268786108400817186110596729245960170908127119814761347006732523502342605901133768255062308454780881031358199095261836638352068729175317735753150357403948907751115356416952960931829848121972538684
-0.49973900041891231959057677430669311020626805605378912402547893849546867679102915058337532700796632994131627062926554526004321594212172742523679561346267870663521847981891160635728358664914556922895595 0.00022241199386179852412597113657688236900597862128060614236621320838245458478083911539175218868325256637273328929403325515654377230040164469453027995998658969517874935618261024030659762905950616873473903
-0.49978595029719987379565375774083885421346246275513340885224702619838591855450647729021535608304654136983037365917087792504459881515126138610838170287446921166133374041012165862464241145484573088326633 -0.0002433762899487033249358997621850372782462092447438223153241847690940963911144763061209034555964395141189669937155669561517428689597153178774991630936624722950981329911232961869143848693423818138963775
-0.50027345538227138933606156433535714629838505351975591126640827807043728493597448616058293376139862582532323055657101287285446922030607364075282667716736029894510592657378616481025383264481095882366479 -0.00016682974362346340393974556367455862305584365996816511273415951801287986233890861731812899058981681358319740961150094831348265218295113944352665900887631816345835274989494949069076939357457388681706141
-0.49978514094613576332496663760694614408546243580032230277824519420138900639495235122384515640640843064109796981617114780364840848750732088390527796929975838150631905934123621654886046860605216343714923 0.00024298355042009128934936344523755858321161531884610024556066200899995891665447100321797377202783413522483934150594393077545108833825429426880569504019129295742795960933713098786477678034775245617738399
-0.49983318224089673641525703680437933912426977200914890594621476093472569994834640016893093637164808231171133991923791803502059950881849478315429227021792211474132635540289006731538755995763010502141932 -0.00025298185171363412525713678849152309627366221139275038030789796871705649771547362931931085955038428350086006642461207474463570508662947091249359817330984192186480306082939025357186963239515525431026264
-0.49962814224256902900167602476140945823819504779035525405541277871134511442166969888528985246887841011810410306813855361648015661502712146378950183233337457375203356949203017715468066405194421995423141 -3.328875027459070833808797881884261929679343030623096492540211774703909659691372442767082690102162438942325140989859130982789891180633541202600268575572698686158413682681164635950912204143576667645655e-54
-0.49983234246521273048401905797354012122808577899360650617741043917770645460603113177398919652691567268699385013703725274063213777303536456619529058961167260194710293683422369613784785428749647493916766 0.00025277265861897405455900616434072229765127435612089593538296699884881551980555182673837784597138891107512954601235649798844123907101405886382926168816988931451820961726133398860308588644423775173788841
-0.4998782347342079841823453832069292676538154119085910833790987211119872510651395632911655750078075646645949118813376036494311185312527394086563259715630907100685259961162287263270840335964973316810161 -0.0002524199708388225554121137705873922977969076198606776799909785667450490557888807321183768463082580204357946296134414333230544494457132759771485571637260236732008901151745324549810446698488136911486026
-0.50027352601828946915361650429244594993686448598572436696937560194572570926345193506975436662044429970878966775270783332371579545680981731344250118333382017642900934586673013972415572419783181491699577 0.00016716709188497577049700635552253617048221275665092053342518184526310670952628789764053930596290134030690389847677088822936158507010093517790774464056476623118505301326472609350048252142990130776375404
-0.49987742117716069281163184950878393409078859718557892499034679972438590559323797319649603078562281142985363886841755571418166258458303214021281856874095210512280207209381516150601362791028212173506287 0.00025239075555066075476343261509953312977256087695223418762441765043886615244155351175274580108497154966714575281742045877875709936429979087097568084415767015333890824388288643732858304078022766213353889
-0.49991856247394523639687262961677114063047019515951440273950654810023423396934422247880085485615674853088048057261135379905495826370507667411569150937594007548737986339176054363016642206188682862111745 -0.00024343655557523357093094936044980844577370904883843085370999273627326834926212343084199572500308273890720009860875219409790174131325423891519254957975179976709016050529307192112013849969759734717703943
-0.49967937399429119564971228067707392760939874146887065747492819731884081316755242338045849320921201068838742813715230974913105655391562905832723163876459225639772886862666402315204594596961172520234253 -4.525216020929337399205131948555094744430960954550832099188517410478944561587276188094922347539166377542127796085675206319679659035487792697209569100082628874936324811204505731851822339103073055803155e-54
-0.500251403557161135576700427422043112490879516651979024150463027387614244621575079442832056911667210400350606282645842671568481408970365708876704285836438688325794464657787406005498604477318688891946 -8.3284096601873333772403645102175372774352661102833911283934693205230572962569443248731389165718288913278225845449862813977532733080960197066406890691018518002124640215012369393294074774380245425430879e-05
-0.49991782394232749607204917387805659254244330688061912714346688786212591199394572176524492308566315932217720531058809522584888327503796361916365615641786898969310939458560949043813472622022905698812887 0.00024356150389167601696539666820671996637425493679917159711472623563027772672031689184761834711165592246821548567991303570426873470627518482574495232322201891449535110330320348466912216561413128477057417
-0.49995263283784876124948449546493171425477929296591673618530641545694642975518146222755194589328279947283911697899266577899937134296092309661922154490231468868437140996635271326404357758120555548285073 -0.00022839660860563231064179478372872345679468900647446072750739514113329943168549678611672577722624944620008412581709376473825299509404277175233447675287891347190266026925554542474873029601507382949887927
-0.50025156387817723522939647247819556439802540640481679916360407501993110951929483541301383645805739575755019059523828349845478369770778718906736329971961045882506876477566470075314248487840252585071034 8.3526181981695924128602441275498221381140462955403053117564167809798270124712257787765351382023647340025645897720259052293435278436202153150653957698186860581382540510678675966510933561406535760152374e-05
-0.49995200105560876483623702069761397869139357594617673835848490787334848856479439596384683708089779303524660605043317268830530809565717067772548376237835782153060784211746465549229309925554208753747724 0.00022863560604310227564710462339739493076064666513759739361758163056650195051984780884409751059161169798961951213680879442434297524058058060527824577403297154871094500179096251373099808307075139083779153
-0.49972071694552813581409274302585507121620168748943096373584469958946744805730402275730604052463110247829232400314298458871207834564976919068562029386634827165659607980478198570541878433364355672135711 -5.4262140572332573994323240021512719795827229847749725815234751692762573523962781186380920889176684119782137051275253087412025729881493851386548080650372396262388620535195165325698975699393377514095377e-54
-0.49997996377927970625605442916829970775067931375747681576129000017053330966569853223489516976079262573097442474514633589526661304721727459020020146840918161047266244913708178607631622000375188038342517 -0.0002097288831024902388855974913582776178718261172656265900505015572089726193557864323881401725237806878111499843270142427471435908896695561299024027784304667461787333242539658350206131966524316765503793
-0.49997945093991688370235839746914149374719831064723089860005076416748198011739942205468332994289088417491062297913136528229959656114477610088334226909238094260810616001799906378026200007771643492595314 0.00021003830142998723128842146603254258317080513012499557105874419896356800545581581461812567853448225954153033574036270486395832600824279140261822869010569000050394507461503792139406808612731246227497157
-0.50021066112703294940139228749597698857033810547812525377382462673371818448395444272651454655913461739787484315262623680297623737000268506611996326938511713177759948207644351847719485858943689754242521 -2.2329388330863219043886935969577888025674414818824962247831682908429567602784814963254336946646793499598889943417643429148061837664301468474048819694594308979879984653798973369425479912263551952659419e-05
-0.50000089237353931752309302964724554904250568556757987527405412490647763700101781916991765803928514470114302690895968661396381169532706294472125977958145193207256837362223079722342815148810572918653161 -0.00018951052539366291623768336600555497091703066591350936919812929259901046472949001177854866993175559372746125023346456032022005953552738347581221890711466396218728241132443341420221207120269794137173381
-0.49975455875576953311124800297310474855615268294865268403393731630612213226022349485247087683035819606651380117775797955842289336293195645901798042612874661669590069347338705669025560989320521310909753 -6.0182477540537519011316313112731477547875491379361951345000746848840765924602584786208828951424074825190229810860867687378727359754068304184194373444816690569104848353827922192735538541361998936831883e-54
-0.5000004946726425073841261839297201290916076421091022541692905006799487907128356365060125009990351873042778294679161895110464216668254100707269984242386701321005775041970797464660348392548253758408276 0.00018985188931853500585063499452345480341942377221258774663470490798724887076496773112801166298852875997871074706984303595895180137451482297280464604333282396408017881252478106359536508186013735074854509
-0.50021085723890727852535008967949091743865524512679477282772116868984240258283548002346953582342179224600348236876614517057853207734673908121988896860060486845304869873242502762440477027299570690485806 2.2453091541036702058160070195084127725167613312238486280826498377959581510044481494721573830695132555817232429066613462550779097880572287942149033845795341572679978039715686696804289462451795522139949e-05
-0.50001624001129401745517739422949830513194919659039089275169377734096389070121190423569002584868218802974355671266882594826653042006221130667687541900025788425307756473510215927324959669728001620662636 -0.00016927696091531176064873668864930997374664834895979933389579429220666493218758915389079876775583162363473730648965654550112813782099864482211000116554859598048340174625355830225385252381739031076527508
-0.50001594379394283766765704287198451930834018883000221742948091036719009724163098184499848968927604549246374781235703223395677400031462386466108691345314556167865262559040956006632438600055086317673186 0.00016962126535600795704429828557321141827252918062502997679325333097305051803255792475770616555281844035691045537387314735169425300840722550160922529836456254405599021872006197979261843976632055716994788
-0.4997826083618869078017418246281882198624437000789974026492969427502281118909297043929579741103228426749533180855267633648467191226823697799461032446956701019268923358642812068502193482614954897806306 -6.3404337618956006730725804413294221304545588612405533720984805977520633454130473449164589011509388321476504718867669545856050822513996008877058133716670533202471611199154559091000851376622713570522498e-54
-0.50002701314691563990292066037751686323537149949119566793830236167702544103427957900677965015511738611768618112739305678209071453581676151701537839800792510229270020287360092312950754292539981348989287 -0.00015001946518142607675982971997183934111375203594116186916173472282173961608130013127571690169032021713536726589048402014372565975682866883439485135690062939154310883672860901545610286715187604957024665
-0.50002680066521222994018806294016640399074244174150149333178392603907099203886538115003662214688229282334385346259188966239276980257236802516087321422743529359030833042179819848991125344070498949716371 0.0001503476626417794537674810113332582957460343092322966712828890263742191923079650930798898950554645045579609668757721454663014236985356115040003003036153981407146871903738932525864455703543013478932657
-0.49980611479101238241861908190315279974924900729329999095772081582504721254671579601477751516993981362011325296780372394892767201599389845623089996146418309133281761340861889736903324803706191801446846 -6.4490035864028305348106307102077293144230361336937460221958674512376210292771555793598515063746231587242538238401123180418215127202831919560562660905967697572502916882490221240834357574037371279928751e-54
-0.50003420134560475360809927689559659843094103121831319807511875798717299018976745804602349716087981893681200455033811738444015193711177610223665354806474010665418373350082678324562741889851926673196085 -0.00013228496575480650488169484900219407977403184539145118061851586718102474400162117414100692550575214758362827936150374889447313538373605048238264097438653775130830608465334206463115157789238438976280055
-0.50003405472952457122432330241174875819867224970149333829427676766926840469113398586889138438098628536588027103660396648225573541776741438313669086805139976521645932496618524884114854485019843709952868 0.00013258630384216524019666952572506899903566766688110581320694746188217143514029214366485984583893588937112760270734184972266604281910840472311626826347599723718310695090249222070538432699001482123514454
-0.50003867212350042935275864912511080089099734109277929959432255990948659756742324759564610951964392651305951496244574457511423909676786101727746751714216513323849430129142110822086541217087917828232446 -0.00011630414290657929696113605885656020516689551854324158572271385369015583124732632520978693902659871749241348575699238758673096674171861166900440025727815607911170823586669157197926840064255682311190449
-0.499826007952098735613528504898551729934320686319663287780355522034230107003611677742484323075261149244105971881449872701381733515849121372148351185978962666584471717039333115923892859634953633430057 -6.3993947314628739438769993936206512677143256966232764984911894303650425324998432093979442811894954873374959558495101745094291644131000905155007738615217762980318305241545538837653970963632337533734676e-54
-0.50003857549718051323195364146578148729899202392652422138244698975286526125892280920356058030195417335231445526384891731455717411055302420272219090778850315170189406844206631482433855908774119001500294 0.00011657384762521909178657475522239552582309359808588415843831864554186996799147985817742162164364372897176526444342134886431451824920463678365658683872113692016124066187826876896978641422620476933063836
-0.50004113492391250532451096685940539891805763118346949456175622649060488566325848380357524422616321447219370254243608435736223341721772025327286059466231349456395808665457675456840232292867499349047692 -0.00010210607672357949478510394074346346901717713377921393084549087660604946067574404333428338277910441269598383063486601705447862243133405477183637653631427903829664644344957640854634295497793078102745553
-0.49984299163027979560372946718798266093653969372127659919575411034804300964249243099548390027179835984763024017601130529163901642357404634543841854280792310319711022954101937317539779410425050839197741 -6.2390046714246217222664081846564807230499315414610517377089912070811644747778190659220957593321556565174180406485940873474499525103345965060924913271637819226556301965576798635845427505239144837743692e-54
-0.5000410751812323245001825327321547851198413226364967500935708879386154258687180914085803593939481044050816047320097631070839666119298471651317376506722074974447963177445567819117219391839751160832679 0.00010234323330679451973651768727864650598489981806306695821011449189052912524504821866394300770934089471001037276883609248391984872936528774582678178610152213905157810537187240999288480510962244050942773
-0.50004214455103332671773792016768516913415810118352414713425019785387161833240998943148555534575774698963129139882841802477127861074763016681439009396906927316251489439379449593258124160020724238759985 -8.9604629950396952271443578431430182019486772724134349692647027344766040384167233127005639474158757959792756710018966288547935696727516225746434966600718102214038502669669258403048600499956356857522448e-05
-0.49985760635561490062514070926601360446298180511133751153025671186601855243812799307689506066109165210207334686688916116692555864185634024874761737452056709150416451262845630307216550176833936202212911 -6.0054134912570968221844433836031503282057904709209298852828452895048038286140318850769529510414212815634743631380219225455920229017642720679806821592697464155573145766057168432422902834090606589671058e-54
-0.50004211136013349023232445501691345877976678389896661640124266447953954029873352407841884021803124088938375507290370039977759536356726542720068427999144697251499618851625699182443785150972710860086513 8.9810571053869114733503123638857303293794511089847995893352001149656749090382644730583605931197728179115563077402568698474635575449082746248909132861531698795113370159505397771342930892620184667699539e-05
-0.50004212235509829434001662232386931822846652470768956386653831258641530395718988721507080989083633689075029702028689563622129790149748746938144687065439824101887822932933641610724731517092284900952329 -7.8656717821342028128213075567297651560680657200263375788767165873278998812323518384924995688302238985477355611381521046121464819983114271436452899370888963966783937851937054870924514356733646631092305e-05
-0.49987027279784018601529989986624330018170539246395528169710625904776977284516553309342367774153503626565577030260456784804069842694482071623126552896374665206594081764576350463942228286305356271137547 -5.7270363058977732257932375480450891128227304252053871098533853249282318051393521971418085672808487350199066100683713533625695461622313468461540832799313028376641118441059612130721988813018104184256678e-54
-0.50004210781048661903530679256482758359570577805704586891274123277101418896250925038793557379502595207367524897251159801767213490366584701557953018349236349080937419661886228878423733777893060642802578 7.8833928568472520846968575096557347430356814225794692547220757448508595380190975180477952372959401908821598390039280167013995472986158733355629462419807360473634974526413270762257205194478605360374287e-05
-0.50004138228962684524787829922770822266514863692019624110527507863205897997976842732109602605425250970800407348867106584671749945232930725135383643810928549283613432207513493564009568711403213442518822 -6.9098347659246702173198526479167760096667991329458274129248516200931754062607171100877848276679878038963379252510148655577912455111789682518384863916392094890533403429502154939957652907934578123498501e-05
-0.49988132228413577967948296355865609386416251804955445870525279396762187518098575741372638654692475250046519106487189994152717273864614037120866734546297148901481710318363138688222959000843281272409159 -5.4246325411681458383189181523791383744204394481783577305995345936563446174830051388130916476689132682001101499842730224378343223447466901911276772402189957162210295585463389645877161925942433304674247e-54
-0.50004138045998818420550246151482799696635172932663261443090693138192807607199120427708871337008321013975300052806277871615592422646624175995032061493399995157370224711669842149280064070508453764596949 6.9249781451162004133689645763290822018769284698074759801112004679522221623565004601755261151503460380009799985352204400214439968728799063507720300084789118376883175459069329300862828873525236944259342e-05
-0.50004015544131083137962093108190047879839462435595096008187162643336295292678051271568635454368557605956134497754644370189710346150134513030388411814178201701413926243946330953844320447237655332057715 -6.0765124366052791253373913414306552963700117316264209987365395195144142132624209844330250961181134494124302109697362333234827847732869212866608613739944068829071756306788903896445729019780410025659236e-05
-0.49989101862651669658856095808725762855994705852265476904624934179221244759888557998987648305817261157338168138308820729862776379269962629456770288872104944197394178452277737073841373713721310627020132 -5.1129414667131182904434133139486769546331055859314573151978993318180054586132909898256187467815439738612035562633464669287124352629443132148547346758884712005842121938547286400273578734013342036793289e-54
-0.50004016193592494722546821797658595269069822311249859493214429760209748365150974024918064473983768100978442880299908210643023627011958939155010736049741840195769803863373396689591497872801434674518511 6.0893805884783772563914211880223967786583690992124015986561641487213073516439370464202768959068919893470540422387221356464226312946794571796231314144220543319369595198237868396253394016124920260794295e-05
-0.50003861055802767367470724709712026219615515739884086017665608589140240573136773135080391892254213067124261241681513863838535592743797163929777761844211986187073221692725095906914944000600682411278721 -5.3502789821175713514962481872736337770035942807299996864426545673478359714850176623056442369059114473085233347633137042057786263086034043567037996371092294278103386885073623311352727913915082261101706e-05
-0.49989957397485736645401090517430452279341344290782513931411969197182248827331848916787113783780048862516969744133383427145565877536590079606518683712716518350557745758059335179239462809160954140980267 -4.8022059605474787583857768266478555646734456310029155317826936298628613574589038147750813756511569776097562007971643616366527507298813695428817639009618198413126977571606512205976832330029521448317607e-54
-0.50003862215953010435536327206236721798056235251710316015933545321371323723726714348226379888978737402859490194566362577365695857335717121955567136433759238514833591536294679776196237476608830831390133 5.3611602754461675851423215304526852997170988057043810219367914153227707396273959664809101923520899623037183667324775441228884151217715251076189191628352037326148047680107185756773445430246481178090956e-05
-0.500036870159553770347222093499020449418076199202389118966407426663262240291437343305576436678575317847809026904487248444661841067861007104093481736927248344050795373694345207506100896120247939981427 -4.717180512600737651711785215904115115542762773521992353176110141605314884146312761064298385529642028864752958493011117365288563950754796382800537208202566494501563965424429578283936531043635433580418e-05
-0.49990716049304721164753211090263182226146039462104383640339064141536516567615245805386199522654851785885989946352304838249740475853679198792148059117994662289194785687279388000735773251900616515768656 -4.5001404201152268488141495114386830952773532698947015985644748159454366190304477827712592815440956497237229305781725393579168247234487548129795965185332499189441168258454118214026823933127521949408946e-54
-0.50003688453207018943503072200013596746333032661018297467074837491740487445897558595352890651619603023323343917619990839591394306324137683615567227550279559980660232610560879947464145886230461720256027 4.7263391495239658243563810014784725569040782169712138618365153605938183474156721065272808235851264712049826252343231052768204832817875276558681613618865345623393772299999239072974354645518551286054267e-05
-0.50003502272334209330985938415931201143107164543122282732134543977602465758610716600206603280882857744002472743685496327702876157421754053177034386477918324033124170313117861684244084057873464325702823 -4.1648607050836317304280668768790268012714341481536201802614579750622298641217650851840385919609403665530909822699134029508218297444191855181725473547381191568383248541185072547138827374072154928139733e-05
-0.49991391906972661792416134878593195956100105040038335672086969921401957834510344904775474914358255751102358213462885630868780398937109757533975352483925963470211672978993191130911794678054276628563405 -4.2197103211347539256332660749966782705036537004331335145957700978629715240293123856429245757505817434540956401631759775994869202816662753802910182668496761464397419080170849147128278993880426860087557e-54
-0.50003503818838062480023124443094853113108885516270464696113871625286429012921123058900926493130505010888410587726995596305233143183114615278478641532314564994961292691687125060295995650649847664933621 4.1725330475317642354630034735267603305301146473420113568481586470927054126333036116856817639712903318929927302411292702972168187789191904261042030852136349983410746496887836847359237278081285146044645e-05
-0.50003313171679924554560052690469912971321008324216486921433889113796736915338525070969683555044551253460594544777314079890703178619127658111356465920034589896619501087195693379166136375466017236898342 -3.6825147349749400113825015987652880527859134222209451841577815816047992630460513658291518257625699737374038770025717374872210787029560701037236858819749832003883007741506857354411154160949789829793341e-05
-0.4999199658937838810340443335861104561782294455369663238393742731494256308759601262327670975113799471195159625685230852502473044630551183884780283544542844503287200546501146464227988190785688237642715 -4.029967281454758325928867408861250199065004777215344879457785939552408761552140721594003277919046208580465015736560460204228506499341137643228619928006026832121022079274541809921668737203730981659806e-54
-0.50003314708423533672910313178934684643627958032692130980129233287623338121726253306975137165530771120788800815687474225007694956072882276597249950681700013619615948734539843857333388310271737114221867 3.6889091033718307797794822327280666488134782880943173510224040360017746055706852671041413716790297437568414101679949157662840240580965697329846085485660032695420605307519995460204681949681445352640256e-05
-0.50003124222953787547771800516502957754587802700282090658531312548971112636302603381960437151865355967504271492035682453677462042526060274426210846774486363453064349833608697193879375616435243746945567 -3.2607640952523627324611056079395981029599045399151881446348351403475330584364502610540625241249375104652896642323676055239598925025530875274319583271822769707409712814606069866226329883748127994441248e-05
-0.49992539747228666072338130562168505133581105465825891917421278057903829604384808286243003890718528567466251625657698653549217699302634510700059703577160047774651845251362437156976985508279545138273672 -4.3734056744441500788516670499338760620915343368987261005818697739886616585469656166267849813453842545887056163942870553097151304417788433174438300798699776801473111693986058002652379958670613689291002e-54
-0.50003125667119943274256788339254337055068185087460063847316828860260465693932055845783457652197475000649593026676112928216156385842846660046565246686104493850216890315667094696869959233950189094501993 3.2660623274791010276662221103459637216903500229407962326026184766393527748056379716536445263059171045174618134240975267665521151164106795712864830669976623112623434442276236421921233586718954926907551e-05
-0.50002938583150239414772737822112218976739482003237716110429296501834352514548389850622264825608891088360674759783720386273367067770769967926308007107564367100356016679471200002081155679462393913381767 -2.8915027258632399060659353591559811736981765459957576274951302160668522986379675260592781923911784823123251659791200548899264312555419513257150306070212827539873897316775870790505401545936598031550133e-05
-0.49993029449852502666626403895078094205808513013606251713945934591311665526866870646707434840064250886487688079208550477714752329037578189887802622430590305209781342498752538413426415850097503242763078 -7.8410094819846460621868403805623671584638726039038982240546478953088062174429655380905629700332948457523526617085272344551877078133039426165858316044861352498195685665606270159078036310230434057045008e-54
-0.50002939878687851951633473570086707955527351565051011638028475208445592357368703918490550059884985864626493498339831850322442757406814051961967904065763126836011474284969209025095899092598782373418244 2.8958625273441824633652454928343699185696464700080357378983371022228193725205720695211384996574160058358872485957299660591925273928172952564719145126506859645980814767273126574314277916071582937665453e-05
-0.50002758413760039318174891641347555428369406522204990972166180838927438588210977176789616603678988438024886324115219065295944845112766698590781988193229056554464527730963798435145414076099585007820544 -2.5677403260235815061529492421429688111946935964740425541260916424151774646411829817483199377406113803786767730093426839642507244841670618257103134313529002751818966483139836144750640482933783608293338e-05
-0.49993472486164965300746238256407435041540909427546321736977597764078621403355264426095547704266938176993778497287044665102768024452969084984944918126726507855544554993054053932883936553396821561767773 -2.8146022216059331175437211801726799783937368474171810884848531189014694718062476537448042943687857065760262682518610086758557926920181259566188529431231438232979583576466668692203219758758695332039562e-53
-0.50002759524350521550196448159421639718494260075670816927092948893922042632772010643713993713608719584255044133130702154092452616550098736823935635065766947583801367964988452068492351115115576526034102 2.5712978792262801548844387457182210885913669340849123095297287178408832708578570650987343902485531717185740912783844836247556307195473026313805159123525968369238824206466241889307836478884593314039756e-05
-0.50002585143316140154499631059639565806566045275475907005362119215568234432134861675875250002888466365750329663249357592796619417854511013520983447039943886253825720401220040806790091049181038214269547 -2.2834550997270340581135204811087185682483660693982872135314483415512046084132063902600698385655852485389186301778832814889625807761550404781854412932699929897413454115938285197033422317779273430547516e-05
-0.49993874600884851410588066193862423435870812452300624348028793575079825482012671441497739764737439117208743358552794110185487563772503664316272427192438467274174538260768685850126382021253525657581811 -1.3165813845519869507894502858307585293198252122433821845993262171056285017376258041060081133913005390651478042793645071514533354640354913272523830550124230225345850629732322766534247283459112375181813e-52
-0.50002586047120309903388821364848842052169327242681808522739382201145136432585604313322608918727432565536144672112248688586586996466086665575465995000033042391373974410882606248072603091877460356741113 2.2863276520361332776667927014106292152478906683343517422565432348576253940649591384543832043266528328993003299473565518569384818812480728417332146689361003064995358837041014103539226847610144531464608e-05
-0.50002419661633153532373186179096027824205124455793358316092370100258024603459082080113695106804651891748949064078831131053730939810195791127556572396133987145346233626643633241974689217508737139062435 -2.033460931660220693848327717174834863513611763478711522004711459950428278082278602231176695941654797284917049423107086024645932467709602415618094876704626194600132214651641079963116253324916636239513e-05
-0.49994240681444697848663627795079070915979163249809812336920204522159736640673977509478531940708886499965168408922586090177289726307337889272246233768578058547614310127338383317584592908214680914048168 -6.1530364979127380242093761958094617200922017334591462005630756460880182497782544110243688850495999559079535543042001476372578148242251852950612856781643360865446804535065526634667419851217165017058734e-52
-0.50002420347362737309048929374437545772324610952293536384967486360345187034160276413969426514866372719715080812574106093909713694464513579561690362587530997395441582615553495082243821901687375671687348 2.0357492217157540004612115582530296111548017262775581122824141500427384430131059921815762591908346266975353509189694431499661644050759808945784677731456977282326951543370539749733540306325020417408442e-05
-0.50002262464123983431675469878028368378211508279624239517695973207941614428753323255184464680550730470022133431250714128492168970662072566651534910597454600282374846769905124574228741989975922314521313 -1.8132902883042919393163676823184760429200314187720695684351209656228215368592758167140756575596658478269505540044121486397040979367279058084343549041155039424907110453036685354463502872065581466286185e-05
-0.49994574907011427404161374527113396821458824256561454525142969180354209889404129316195361220834753550766692951013899029157322798134953556026296991747438896814143837832487700184456357307532774183926009 -2.7179344191517868189152827389168718047216238432047816185762708396871450537042040111654768344043348788568307970736899552903717115282147665812323779679943296661414027516735862065991393275408678585758081e-51
-0.5000226292810133658428866355773283428764130348228230607665117713093869059836556440027225786657612186964342903914233770641805488654959457900665953199311030111928851836880037428033203336465214255002693 1.8150807492723607123490029115189897945396740600894069216568459302131323300924119225449389059060511417077199564248009115005084939680644547601309837848199086539427582031674602588875746351368964662670672e-05
-0.50002113759399444141268037487777044021194795264098922932315017818423659172920152906178090315404328484944228147043182866450098774650171257748697945160127278553852614441013406466780172647370426940440743 -1.6190923512757451576403103911495347155239740099131828568730048717816670241258001315321129209568853503776719025978686095903296806367526370159122587464058193413841665902770962352553672333299627307943017e-05
-0.49994880868145848000287270348135580295767433633103408623010404418377065784925990364403575632928726330118883395640187384081167434215595096819870312789896727786892275512389653451451655473646966517995589 -1.1295203903267358037684566685316201707488435089511958609377134789896586361976099839834115280532824876934039619069357297487293745572677689169600708342800806551497272545666129945235092663977865873912601e-50
-0.50002114003357057199893172029544280169418904249208642986086923322563729331116327198832880876947328546947546329253930226371417357443190266793300332970845000632295770233436903351003597424338007351489081 1.6204590723493480245909993092467752085369002449145125182749011039375651261443495757223773337690774149535686450128554962413468534070924286451812103244074997183878227356949585763436887490800993723925261e-05
-0.50001973549686308501843284266854438410279973812139219449814009966275107251341744391359856637805937268743217045031698593626760316074704368028930939918264165305640042152654582698604691290851881567059594 -1.4475451069044492538405854141741041325127723480707902103208213473574969112303865104014966905363874605139534870175563661991660113715816482025982744060841956468220644122854508367656179809189208163068874e-05
-0.49995161663529454031636992257395026156672907118491879079905292872018909279660734679916384178650203488470023408390987948338195487633677587048910755479280334407337109274285279457507989999687315343805015 -4.4335138496163396025354191641919887050322956154854909395204537649893608127993741493836302936285188000764214017518154982269104359951919770474855470783171284063533763709929304670500447507490171815134587e-50
-0.50001973579121938292358321719652851196460271986129291540965561755016740873143355688138625681693735499671269288051608346489619199517375174728787888646033355735634487661379031773489436629398406880341333 1.448551557100777723036680020075749039941532032973226193195353123640728041669195910148411062031997142687094340945623443701454456936443675310456631035552370173072058604906617006450934272844451709056685e-05
-0.50001841690999734196478606588687175992173045623796496447505860045573734004918283153510741377618044222228213018295368983948243989672668815204346990510445021100813750484657013331242597282569087217760798 -1.2957798458579372435333990134473902537598655443770864666209204766494029300452885295170699884845862686155472641167870416799117169581142630987396831542891541841686839703557006714285198403008788940612497e-05
-0.49995419978646192908605827219115699779694725941934988185815878761296279467270888782111413362066992647214879568122121519474847028493892913202012859420200727299113682771794701974536396832783496842213801 -1.6514833066400149101922681243435870588142894494898246687558384717393676778444846112306359358878196889871239590232863038793655781785963295925722785600099350479829575460473238595371795922598722053213011e-49
-0.50001841513949983941742568651026743129082569824571268566132713900505877285255890675700632928741306262510750919924309552074516513384442281637347942493805368469438950345393843539509049280026583247555026 1.2964803756332457807708133092950628405406614843297172743709816517407118087966505664235800062591490076643986153185100612648054596738603955630912008755169417961677962130067930886359689020874804061837219e-05
-0.50001717938156099742774826755227853070148068385649296239307119085315293797102323194536625972296235227294919699744852091324379251131060091813482844558383335285696241901195175195683303406302707523445819 -1.1613165088026919488119126461818908681751540362011904172135469738669503731394015580151459203762179215048711565404339420224821203814514412564102412663711956578393158092642193777627095143735727898415774e-05
-0.49995658150165653971984796587949251785722433004543834654609864239869563687310017728868622952321244549417787718922451933849291100744631989781001863746122194388321916214082996663221254730482003886054138 -5.8638126908211749841946878586384299498069395766231724869992681110778227246234726301958372832709615226449618941245618015551641302404627717075656899375048807265744453434835480597438268608609572280868948e-49
-0.50001717564285770668104032974990430498711099406885073440520960006528514980060282107496800372503430525981009591084961402866954366777416198086648931403469421249267641992183782358154338519566044345359502 1.1617576500938172402751677498842901958694569578756834441960111971615003519459446333906006674566708107488723257999797360407009201591199688985696168639165093725901798001133497581193460768202368432635677e-05
-0.50001601978385423702947333345291183798094846328262892955248298692472324855608298391544045481971270563102465326727037675468398628561267456755066744166979107185202177048108980031694117426252172480742058 -1.042008412818818005953822555887666482306638682439779515810509077803251204017344666991741385095515264772988160345138367144956075481556100318272256465400976229343809398674704531001841478752699378956703e-05
-0.49995878218921433549871595325875688857219338843380619369584065063095354075253925063850766824121974557097601609776340092366228597823165318620166145613419694810286583738192410488714039421094120355432333 -1.9922678920485348138411397460313866741248589042843523754929331570293518119247728395733421721553004505024006119222073238798682995514935637562177857242482087135838136685771614572582104436046071231716135e-48
-0.50001601418315440007495402160246338076433935829956621210595554657726056327358489347834937159235875204162898694322797884198692126220039847570579089891769838927185017245911346939428139764672463669520549 1.0422299996573040117862008329082530987982112403283745571180120438606731552228253266422596176019579112082459696210224051777458701432486360842898961863226115871140926768883097017392304735165076564353986e-05
-0.5000149345634208684781565150475378518196667380558858149782036535426844588944212915229628530972872898436793785279046469133633548980399437389276275317282171366045190762742861204993335805309972684388698 -9.3599503884703143175548220287522022059601686934636636354631630589131710701499222019753166319658788293832400766736873787982668668747293407873266521884734117147420577137786815021860926338934314282854454e-06
-0.49996081973735998019378771109894477978467383051517397615954668056261789358604056979153036198695642171136983356788398936172526854242226793141710917477274127708142807259302384398309114615781433946641038 -6.4991268938060327814864248501044840686765258337331035986747277145218723793859127487393044198934702664827825634679783331346271947943431244579288708396646439190390222987045786219780685126884783482725556e-48
-0.50001492721157731647074774733099214043714824588014210002794023724315000929593762891637303278811725354359779162291791076764638207703069704723328450265815426419599125841075065925200456620170757844229377 9.3603117029366920167195004502308676869534218455113682974107388649653155121222759196455326088135194062455445835969912643415578415416239117331790205240093161348342356492014423995932885455185228600958947e-06
-0.50001391992610813253025252362702274801461297934548172906558440482846291844760900018227016644477995999670580403013221086298042402458966207056525613028684234971517455863422581272391260831806212728747496 -8.4166171785890613610892235409643759923646285664594545778887905988936064682496992609998439554188971325527128150553188474621182852847884436143247139572464559663157982652683396768930863059130748591313555e-06
-0.49996270987855555062684373691566356661450317180155822114675691836058156475053261993087417940553974808764214749964431202775464356392518817435498071351887104118353628983455803546077058835772422226524803 -2.0417675944572438777164552326808656066156815190321028860763983995109438144849364923722884824904761213564030588482182162294741026405475859119138828351441711049186114513741564625193135942367015006479319e-47
-0.50001391093506168887858659720390357478303097468521715326353154007998338299908256562764424613022919340221759212738343889680212319549741621731765982415414125486551066873824547241260688993962452122908648 8.4154158360720071370880400609689013417826140129496805543595473918354688238642261948056890667041217312750035598180427010897874655785686136821424875810068419024948866276223067680626629725211430504176827e-06
-0.50001297197287546597468091832429013394404872028640482678057335940528547124242907901904755984492733249105559184141151075134146457460783756227483988364356477060534806650400855920974469421425160812637839 -7.5760520582326074952343922682873279888982804212666765697654402482183502104329150830614674277769720989667862840682849776464172165308591136072511897156475498180770413716518063340976005969548476610544712e-06
-0.49996446649385287482926174607928557465228661636250742192156381650061525037659094407355860663055614231963239310056038878137959918624822571705987359458644760493698077068040511604374683307744349099554405 -6.19383282315588940489525669154859875944338855468184097005958454025066740557787838807046708625647463372786945527457643150391833620017359893237881044790694395852902059734945522763533059753906671438026e-47
-0.50001296145312670750624231476569774176021802807408859829589304230220815374413998925066416071418639799205505711231730222644192023916162056613827788852127940669195061627109921883393450229012693237354986 7.5735379296061356536765304372151933781042305813876306225120458573079601146853511560878387053226655917713468641176479373410905954257196158790316151397031563644346256563333716100141600168944534456264382e-06
-0.50001208679830428490767869838419630633405207260712619056569143005569618692325492038698913843257290193090368391877883083801039899394135565251656941130295206068775369368422094547055946537603304808535659 -6.8260427739387348930851818133619880998209054683077550302660617357622608763911766832654444574641911815060275327546295785774786067996221659944324396426830234831247415288760011152123458572980068681652852e-06
-0.49996610186827847112874106411377594531670182972365105356093575507055293998149409823717162595608315384670603341722141339792487085117879855391114461407155626903920705617743401652537599896524404523012047 -1.8186457236339937396053753547454352391098327644895796313516866397013426994110486094332579229847012733691189202003226393442896826947336921780088346575481188114054601282711518671765750064484319055867037e-46
-0.50001207485715827974935382441150862244579632372113615763449831605597243379903897184931650207211824990684563405959085876525366470991252101322357037987555389912324963061083563476563231488100019548409897 6.8224297480001895940153064753354042525267876775018503426776578267268381046459602493038707868763772249014650031848766894345132571339267015425859372757212923063206619818202657701580135289986210300737187e-06
-0.50001126056088388635774407659326948188087249923657495376323157760401750490184920663199910786010762768321899031555606278912931234507633017705003037692631636789642816977729179715709835541731598486101514 -6.1559459287259065490039192407306211044723478764093864906679866016001150484016816520696943871412725719907668494060152822726477665745772725787999755680132667878905654524145913590189690580761211420139952e-06
-0.49996762690605089033195955100239870379608386941109687135314304875226375852112328112042023136752946592188658113065127487594582881218355490538327590719898030123763943997963958160068758725840362136143385 -5.1796394737579134894995921653442773998594184454358857185572562560480955415070427737098908661310657292674965376537737924070312002768024471527071941208466225983930859809230964097306037281204787082173719e-46
-0.50001124730127437420346823646875474662352393158852832412033851470709411689787742768862886546164197784747221343607458323581717740888287270343633601519073515660733582133902355520571760398198752833329273 6.1514170775094086812287177793973509558857380016575173618506668752693422990970082730518692881875454535106627334868235987700635091162029369280141130962358262297837692826021980892579324087300594322523128e-06
-0.50001048953198246641282277768935578920111331021396924254606017754816327134267784460654273770479049652171416730359678170720022853816672960305365015676416688081596772713491044867335242083049018201246915 -5.5564720212220342358863657982353202079150335371000337107981318861354282102688286810037677499492537784784227836989596042870912962961027283797009528944651059336277399535704198921229077272372447863907926e-06
-0.49996905131269062160247051428975102335708644396387177380577920299044717310163857084029647279718657795508487690019295096525108514488883433420778566449563279208984546213917235999624725480499522822441063 -1.4336715523243174191717268367897191644117559226907720015353551681642267402724291072614134136643788514981472255499026344177065901249802642922927321603321947669621109265056061047352810052872619647682179e-45
-0.50001047505172819187567637559800411023193955400428887626751758486378531394324667171680598767944759471372229419522442644982175215323299451867083309935226551756523456458501417490891671318294934280583915 5.5511840129496968854343317374973362404959873878642081567138104051517130138285611344570953249583251464303913014936019488709201007645260390589595164469230463951175128997449128914518486783343645269645748e-06
-0.50000977012877305290663431149439638881299948949230431079038078379155963091673051610027497548700101256700199110310727950972352605397739956139470879138803387162974841703219008179934114914868228226328451 -5.0195014358204703154513565630659469328716206902407214269637923086432524212384548198604791533196463075027640245731789399118763266908291075092908990619085048320894359474469873633322605335081159196708572e-06
-0.49997038374971692261624192497842330197214082801794349703318614530734353194583252582762774936937748228635499256566348237514957919168697385979429010470947774666973455853070880235523988680442242677912668 -3.8632711575628937324018495046860045583391661303327430871948746497099629560201178214583156026768793498522551980956555697668591767943600668909288746737459733665444327879123807044320741643417996200848477e-45
-0.50000975452015419547727249892690923070609882410506949870317002699103875845578305410645798911490454260363481232338108746774592333001052188488401143013933610157554847656759531854374290809455673403819257 5.0135883047955108383939031573273913765939454631362595168469813635396089553125844024873833901241961396425788152933053779858846534322152125505081088135398067092933913725343545120864250225736657696610683e-06
-0.50000909893513843619609677186578890253216678817684177492845509981045214819855766157074693680702803101541451278264529675007341325310091178892333872272692530203833216739716709096815928518440037435470276 -4.537926777375247963206335536236975577225049767798092129107420348746498529906978747761832639950764809169453885514798645840059422286842412748227678527010275567555308267654982812689535727180695860794394e-06
-0.4999716319665474798941244501222127384614894151344364211038361219173519920287331903710313632486058725607128224329916648492717546058251239728008679575686588428606156562995736450225764040858926262058566 -1.0150880305646347652520095264149876285021057380620627020536593160679252098853330173743986671787890190357167187074407144407948199218074553625902908148056234624016370966481820209728900399697114913387483e-44
-0.50000908228470797398208353317526567246834805950242437477393961137488621800002402141642283769843871726509950084729221325711464495436238945982435710549360888961471312086075871530104546210512385164959652 4.5315031449244697720929825950805697198401722426688184483610795900295406709597098621519120654103089209457402814718402650115644774737702089753513614352179910392492331642799326107350481269422644896820064e-06
-0.5000084727136292309357738186281877299658387139723321113631618197976748249726832210300290280667032685282590539204910040588224063661172313600177424257426964643854189052299985710574443131428079077980857 -4.1055176382771741465822086899322529064241486054678824830056558584662816102763171360028230407732736301757146656184490884836690461731212308965583572418596440829755082236321981755064048875416485085092364e-06
-0.49997280291336057833836244665193900449668403218417856476086204836664977710397471638482225677855097360397729701482066030963448899735960802114080790698610314478119927651883642409062320308148402947684726 -2.6044874058882835118476355343570912697635581310357839676843435404124551374262674302309888724314713334695467019015278096301476606076680684804959794096980003000539646002732143812124829013058643633442809e-44
-0.50000845510219463243755487659111825316280738978849777669848195190530738512076845663639046692988352801231903389190173758863084474045306513595221378181723676514993533633763642461423347392675704763761555 4.0986814654591803719579351889080433699743359178210231587713249670827019170999080821223996896616384336220620168020549088898553424795647971968576263882562190172437879083814855546583412138199629846897737e-06
-0.50000788841082279507887257043505856403771169694393453012159829188825075681973020228729742177385396945073867839022041373265472700420862294966645727672238024562485756048031914896494463711796143079785872 -3.7168044773886328410209838573047360644155634236872928106982744952537623672860216613584082670583023239981096759989414173648336357611083568540861370917322398339857019023202089412794507269895578442504037e-06
-0.49997390283799611318820234433173944978211625771753650094982951484919268780212844169660611776921509299435155459522476440345122813199340131304575204947049350636082937080557817030944353258454122136387008 -6.5340815745125287865488727476778212702912567981594283788766956188328189334581922079511388708231643811337440139350131673509509582869244525440457470712561938121955964370672091900805723579582066837336334e-44
-0.50000786991354916194058346834440444751547911857524607905409625050337591091370296177445451506437570182149891028577507765727493779472442850696278463394642728172417499435283466204952005302991896359256014 3.7096394185035155235997172053004589507927564980340823397452410584678032799153955276672303764838703957409404849940634786933824721708961528559057282124211542070413959034463434647584588353269310973487998e-06
-0.50000734315787407648270685855402164029004450188458037282089611089598515033153513659037445356582438592376178569665772739573864991185885346176623206680038959075829408552808830235165531607711758768968141 -3.3669787931977423115745200147698224062220126799805418021481441535576617697579134672428000953108527609123566767023600561020010057497535716375845226262791892564610310252680311199749683543810380251391838e-06
-0.49997493736942368156898039193930582184399399020060370553964213119903794329842784744174324091854765211456552719288262799171758510479674412759675532220739068203490707514303939739802592008401316706673177 -1.6047857087248963126408308786551493439681313745190399705197962221096043904448887011076371315435045957726031256388020840119351466631373201853431445247376558391659358838158297336353952222524419029041326e-43
-0.50000732384447190128229843167929262754232694623181290265519796135988457545126399092904726462867178613663210436481172466995247494547595541093777789674381929836464121283658987219176128092917346374409451 3.3595562090218123707315982206424174291060244990604418219169812532917374946733487801125362228278944209048304377143214130631858064647566772635604731446782789963601401029582100892585972672749851312527419e-06
-0.50000683426762221162488983800983712896839887430729007540181068087814037709402369040466471094861172878943801426008407141599549379175528051898479393413237593998688039844043602295295826206908139192406755 -3.0518072002535317654302462845610440040709836244161924360065129938276009897226948372601167280574022835083532155274953683124992502306771844803957721339766753123936101623482039282203828175266137855057652e-06
-0.49997591158986427445470480993959698474055776050748316328656298118179559503870271012771730012536174094561000765747034518819707816927832418422606621833433471003170481428702858761088546338709919298498348 -3.8628179465010387245933464793606383770780410626958870173945951195659094061184691008938496468120041721268980164990261967950865508543672733438970621269415742246435547668752834223523570531512968871366992e-43
-0.50000681420259213454214231764549966013528790506387270947635731074688498496049868379902152780224892536012820885424883416583638683019378787846161441682737333228418882357331907137763005618394581865295532 3.0441878812177065753080268799853997111816448607246816095770207397652574882377715739930535831135112200432543357281884676992813671268826648041497841351019870266226821692526351996025293640365107230692875e-06
-0.5000063592292884354082197809613893518430914558812404020314427760494058721756365619338456878495462948701212730791078547465572011233750963051677656870199400854853151414869117380428784013649036888480809 -2.7675573795732766985068896220688152641309087952835618069639660613981464674490841510702262092189904948949602977501643089055275236672989626188212633353067246518645436736017635835144027643412553484047444e-06
-0.49997683009729447694881307750571069237719310758458797622726640104020230888786913396214874593934303182295762727622530657094163765939658648466162712185638937684103945701013428908108445236972939840760124 -9.1220648841957128365747843890623999632889128411904660725234513408388040449728266295660387196086713262195540472014826052120237766013266474314393578354195619261456083894863360634598833635061648029705505e-43
-0.50000633847220244179226063359899815912800570812874660241572395868706515408671131274880271757029924552411021048660932590595032297789598124577036614267894055532869524489791887543619757114876968553127386 2.7597930216422641616727690463563438531918194840560882688456855190386792638779865236165241278805434264547635684620534023858874555109996537747921024879427470464789134443672617882538503221023247294486915e-06
-0.50000591570154850757960260227407893265140086421268527292587310138251010115040857365802427326890748953260065287444908557761861553665685148381845339079448334398676586184483680206699710255954313879711951 -2.5109341799587427103783515494801048090177683626092839028047417632862381881236595639621100444929923403013227476498507881455878602600029206254058711036327599023528667322777872826039887814242171059903906e-06
-0.4999776970597712920856099017623578553809094720763442912056609755462688118182416050490408383950891227309652689783260280221527307954111690818648096552872163588979629660990400030594453776825915096226664 -2.1154232437139438386822899438328962872073149301777238246414886582984358217728979205775523824019389798272755357605346975064439183198854230913046343315775986929486431451102927911174998221492969181983265e-42
-0.50000589430735240890526941492060824189929970708226599345872644754655171777569584153495899373523109974555023510892667606083006150864954418434709240268447625699442916509948100253805383580770497051447953 2.5030686495933580338890207387989030926330236328588295305314383788666841492656106744242208118503086284569336690168476673403914902295386329110384845170944885829834795030954613298287290882018213794511157e-06
-0.50000550150456885761495070253370573052675103044537863094147416281164275726191552335778648677267962915500861800227030280597894085548346085340259829527860968343172481044448436606602012944572419470894781 -2.2790244063886477169443104875551389377495002622502915306311612161677649821657427511863629422815650822952992726209749728563002662691950186771191183880800656839896820192674693560607279098871759055115742e-06
-0.49997851626277825064953265266277570824564641548878919045458001168019598157628318412195056228538879998882777895396537252152779407505856109918303319932356636238433741002134004101539702175718218344240836 -4.8216968869546043404917192214252541332516487151324021353129371346157585954029332803746548762911634240424844132463722312699581196471604717448715532844534478262909898749778102191836110356997366652232726e-42
-0.50000547952389502678698641762338166772977296298957632102860027232642070704324565928039259615236256504817163908381510521511243867267091627650857878064708819054109762302507728201529757302754077854670302 2.2710948255406883280452838898234601535997261887153736090045506228729646782995515093677392794405872280307816507869227476504091645706984296610612654399840336312374279381216516307238804527996094158918161e-06
-0.5000051146114465769481519137048913355367041414764643790006647016159840193955780945045635044219268816496276153406874796532668249238152363943638809542494141989441665412014310768737144488073655855987996 -2.0692490510511666111761420312003105416444288405290803973853556429709469203455228465823190767891091020112943429197370415062652080808951683650132703556645178066898632079063445447063787682551691207528452e-06
-0.49997929115059878948276370696577040693909421488800475571837383220088982906803358916758603342817728342918429893969443163812589978251624189278948360511211319665212994019894395006402335306503195489884015 -1.0810784044845892784376665114045781846498544824988263836968251694865199340996451200825312858379153060668181745358482306862037175805144544861040561895931303921719392489939231763352289637347790511182728e-41
-0.50000509209092906125246918712889115352527075202014811948875458751697724380818084211353954190555040695009378606348333378647791021831894691006189124686689396253516937140617973355799433586103731863036347 2.0612867285187465265140243733266365978177398378777570647470821576901544764934775309088173418272558653770922105409051708642408129546163244514073102264360441461926902587966875090932189200712927729911222e-06
-0.50000475313937896010781884739207521887741121318865823313825578942651405001251572864648964709044058370624316157869323534607144886659568522793135711104576212985769343954630116870284692992756762024081747 -1.8793219082739350210061217770555444477952145043268168351952987074491514745886249223922915407064333572243000964460569453845592801604326823062144063330204299829624629637545893994511938749478694511482068e-06
-0.49998002486256264923730131070171265089110698037679696556830980511082033530886030714933653811625693941174690512089318128296191185932814776435945634930516162161605803622244284279820186004030653498575583 -2.3861661874254065500457917636610125581718687340140308106553636480367438947058877996126391453925141010795783696347774059360741821814814070818830261853793070180141601115915799766200658270998382220960065e-41
-0.50000473012196549868495539789973376890501395088160024197347242469773329302086104522548752871546624145856539481786693610991158921277351084404224851414099683913972002546020580785794057251270744620596371 1.8713531398193854468076579377747516260775458142811177978520707724745624776741499671414773626892157327146115734916940078262200367635229786630532250909198926322247031741342189539737038255358976515756123e-06
-0.50000441534080061095768774203698020471065799389134342020520088714738568238413083556716617440507380559227648550739647556742445341587804302771824032503346649286274934929002517203606424032378020362272742 -1.7072136718149647453186917364151893126474009348826452642198681847667427686220419196912276748333563664272674173932555151190335113652904171803176010940301245175484920193656763482747741773114791812650763e-06
-0.50000439186605791350618411955609593290524079981418454117929042884709341168623918868769355213877436802262303081593537531425465274807022010149145323603591747731430414955011740131394086629421217064519528 1.6992604281161073560061175625991921979412966575030360250267626531057558934497494218461071899872966037704613018744156663005262037779689276071394588065042885313911831969236728111064884851576951580018819e-06
-0.49998072026487867169860337244018409690102092715837672377477797024050611223899027182147967856506573480605433875160555320761858541898875262365769182862712993727526691728217251175811337872028452694924649 -5.1884741800391748835119232396548188858658649641316485332487942733411449829132550216464417433804849810559367692493601016790558037867888848002118929348314642819823385177803569161965503241117245326909898e-41
-0.50000409959465909950663211671753716839696995907643023853731478035795975736452586080347238730397986719336644870319758692393728438426481365093854187675268522766723988266815420954014692035897954833787134 -1.5511207461196237162589679450647423784004811002344984669957767779447009950619716163779482001915738439565592124073527255893047962958622207482803239624750030176708579105988034519836763800798371776813514e-06
-0.5000040756990691339689560228593592638978361343614405496213499582283612197908957195299379430199725005533771537887872551726944246236086633313679910804620506526357583940290883782726243852125099376314982 1.5432012648006283582511326087351426829192236510444336383818446696261003080234048113087671507689304860825578605392872865291822379924708596835153911101817888336786121285153053401880167888334821769501265e-06
-0.49998137997865762956063315477023150141209790435182459213914915274341913350665914231031481823222214675997399869403391495826235941217782513695345555999511661007769608919749522753847069931961443955275916 -1.1121493658610308871003100239589956799785097792794217647098328503397744275451098016843132432905951748932052877392446931953333934427168083731946696809829110664932670205076061432924826365888336697784248e-40
-0.50000380439794908148820664295018695126447907379158144278576678256274179682962644018879148737388619957945854609980537295778090473029011408409820338612015713789718718941743184219257606468371216355063827 -1.4094381159701647069633366229843647606906445051828217075293939643314404480321797156582412977644396201481015309615517792884838419151143504828830474597575560255889057737277288848155422172251639948137297e-06
-0.50000378011519517497906993681263337409881704639136040054803517111495397255911577348697925661442773552397994033546573134210119266337322153854809999900614511658788639302244402916954079917919923084358933 1.4015674115647334351797678031513127373384931996545135476334971561105361371776815714536882744145762773428485421301963377670950384884034391566659906084415130988365686159970721820966831507502912611827746e-06
-0.49998200640463741653772437036219953955678351018986943102894601724448675275484659531854399271841778518403687263975098710819872538499367542856572124679904929539252990798255061052333583937729791027958401 -2.3514817386645975407863075371008607883180747405039973960295518176883638623187225274690123528664508866192098315314307955222736573841031326050489502444796333848378240172748974065142642537484523996266172e-40
-0.50000352835758604691923265010489323798781124454337244469230537014094335086832710088010864364354067036462447789257113828848424981534914457475531942331492614073912175180097660945904909778644978711109178 -1.2807357146186426830491658810417173305672208769206563083864064189694822857316008617653103449648072368799231985500428057790403101124308275080829927528788525531079487795963472969857029423735865166356968e-06
-0.50000350371882840682790810059063597362335938858437417425563359020783694741290193634055846797492037837387915985671057494713433882064001205373699635758479523936376984423450507785985916740688576275418556 1.2729260182912176890414977760666357597888933751834654644426165203680012235022423535848407294478004187395639295451500218615336867776310993916983883314748674615275311090664637501999969752756692974768528e-06
-0.49998260174504671066179985473442100104776507491675316943467576232292678138261819929774155591509640262327635970306584639131447947879026079385882700584664002779148939101026365049274472153845326365749138 -4.9071441898484899624391651672778226088927889970642336911464852679765385402357151223343103275497397600990023663112771843452349792794695926970789519425793460726793463649532892455787621689670101864141116e-40
-0.50000327018267163596312989998574263673641021365999018666956083831968785227205894093328939347010536854249512057199581910301922831638909805065907933774341145460920815597639781321747306284046555247629032 -1.1637378116712841885868425536878965142151891272735137802278720556343523322570056535916578381168134724745635972004053647089763737301803456378875386870153826510951097887366803739912349601033945551761236e-06
-0.50000324521681250964318012640286329268004308529905470008395584206362269737531464266913134830969925188062152691328436138032796200096513610387614252241021469633520689759108348372714436691675091458043169 1.1559989508062329967306617994178129360881202028530272604087028011167802594592261270038878213098538381511575876834628594123589047147339519605422677975859526937339940362469341282358437250485401979016411e-06
-0.49998316802297940011465137486001995426460874141832637904271967729089316462028273814380691768536243349041191595477558899261262362327592425812473464953630116713464545738189382699137471126584524597761509 -1.0112603812841012371815228267169112048842846074287814584125134347421851163507444341458361525790626784355174107726103759880490111080178236445510517078522212439736514464076269799187699967877846633413619e-39
-0.5000030286771805746159408393577428902846886520254985408129631811718453976164166343555799494424308245396562753495310374209102588974031266639566496422684856183467205177304342006982625142481924716835119 -1.0573050109338446601332390825167452195207120988944184492638059155374935215754171343481536019615822468698193755309300529054725268585467993798179162550399126199008634268135438411418759071070243064105301e-06
-0.50000300341111973518424598924666967007036345570540109082699618301694425977998561159221249803883637385742211020475937067765905827067721930230130465355353364432324542693562747169101375392062081025521456 1.0496447372513533706516915278183874099668979961877964724489797307261050948677749133952232384883237683032403706948920612265946393160571824872408706959232740792894117605342314563530958183439272282518315e-06
-0.49998370709959844849551608372285479021298094587082916943530021280568340985509033913062123903865434598260555803998170697578946772087232290134007172476018683454302602393204611025904741697928728695985019 -2.0590562911008636556880861314629805613425126669890257597055064948097845372380124519885742961567457322544093597066976905515527008941809708191381224921980869255993278341484467953962454358598500757738843e-39
-0.50000280273308305215282876118492223572384355049743042876068550827753960569538405093692871043217465113979854533391087055367121560011606190958948681022478040399126458264947081003357248757444305450956414 -9.6041850703069025488637391448419547087075058352698720308723962881965113475463122472976600752335329217365573719149781632549805301079143364675138988555309164771320762160489897974148275666537835193084057e-07
-0.5000027771919646629124302149932944443396155946121928917670315894484395426480308662639971709049078425348041957126464891764398267799655585870642421592402260446196702439666872991203569684456036461137603 9.5284278066184746689298617524139509751417577998564923467954025811602697843916175480762552366959217513123672214234401818705903893559001820442136218155616746976058941928136651004788350184421270932846369e-07
-0.49998422068944270647695939978687540257947652389147554621186335664400386958533404071261489298559372320495891155895488221865269578436710907811026034663346792867462713000778210273009312376539882398848374 -4.1443418746890053304039429050322701768918316664728249462919214412440212008891594754411896513932337610004271247647553988334191615453583195324000730224579390856592030751367425005393238851547075506994558e-39
-0.50000259132390447865139313381983888280114406370725124699577046897320260102637564327766799921495930102783775145670204449415458835889245652333629990385081482811599589324113662650300019024731661328161703 -8.7216629947401233565054307021540958565422121763201476100256799967780992782033240323246349337538634668507866369069005708646953274289305882711619402788735655194024824925432961070703376189552406914005977e-07
-0.50000256553135667977203924059195448272806101027352273965487585533166329845027309963799575272533850626321547321262960429661978618477834672171195139846147970496245036900238490971489005440939380469659271 8.6467953539298766193093483320239079684638306299578437587148545575077970001502007669299504696215769497454730777063840896327931224932282294709216068923210290339356182622901722528745935372994587311837011e-07
-0.49998471037407200975622094822161821040761231203622712906926999230669184662943291382954734084085435852705963387761457259262951026667904086951929171460828300558425623319537072048366964660159654057687719 -8.2494339121303542394918329752704877963811645240957339436795770664610030198363083531876578473766172991250027050497764809891295857426371516191827531299451974034247374459129487818847450905789898458662399e-39
-0.50000239349871600937345257938191544067441259210155037957781668423808961967947696996154635050460414670518966287580104125664074149620508250828912143818187560725845447816211945210928605518158165075831265 -7.9173110533066061376109899923976807351641943165292622020358222594278697663345225930410128338134397949615899929906412428399044944514537153804239290066657216530788569702949538887626110899086541624747872e-07
-0.50000236747708481193492007545606421611668053919925484624490615023823667074458789384730953499961238893033458938662189763230022336309801753362126835705068734383213580861180388918189749378641389141961467 7.8433638767104940274317296070786901471477114405185810851691282511011362811548504042391651497897312196107522282165421765634773412802003784120363133216933869461949643942643340321506859873122943979136919e-07
-0.49998517761425356314586013104054115443315348438241997993491033827148648723328230639033817683255651557374422013941882313991489961089384149345175543906721514301293200704378702563514051587342469084590392 -1.6246580952154101178894738333147610413612252441463638611361142677593506041149019169020792614752713046097614777704755271250807804763214013554280737573344813714836138143914699002202611414841196416462589e-38
-0.50000220837654321611637823709949362282372534400330294791636073258990754549650734290996418154505599731501224075871849707306413409595113447292163909029592148703497758763627448968099305083000205889174819 -7.1837974784747724894148993304147567802176914719484483283997653328514369653155781576389153693810362069770034422709775343630205473916481460087597661034944009752206292525356098327917207264744958593147422e-07
-0.5000021821471225002397893357713135546463304789197360543660286557782215332075732539291681703520123434956173273192443862117084549119564206716068065304919904565341979046928723103822500069124207743600759 7.1107901689952319784321573557568440601609304441371575409810120298646487103939270754974943056455285761007433309197171213171644141621678969259740644128067855371597395499661382737266649826949944780512124e-07
-0.50000203514117621341930634270530615857849640459335703281021449268313886317448623228752304015249419738346981251282771627785151796407048337989796466944041088825179501317369057251968204769782130696277286 -6.5145382930825254345577897268661310406640246515858365104545555880234561268894033997156277983710579347113196043763335333728356726307500036380737842430712065836482607888962243252814041073463006948974228e-07
-0.50000200872443582564182918819990142808408901291465318129512098190734589909325434916689559352065750289550405854128423818866401482873569806027094553900189758755641001919501691938785717108591051708725538 6.4424804538453674068493580393129932665599738558299994221523496993990873587926223207923796295980657321827769205290933559277730951000335524429234124195109903525874828616129264086271225923174356455647508e-07
-0.50000187303636193672027993493485403641242693001028303769192470301686513569447352969184328579463783305323561606869994680452998441881034885933207352858995124867414383089017922414531783885071928069980198 -5.9036152281301463444963604636325521705930080903642499409940483241425729054515570126465326045098044459837938752781939970968082811531857535801461492070966650200770784116295533491687580254657226901063197e-07
-0.50000184645217608161793515307405563076943889549022992647172919073837365051245181330418705641278286416598668041660007386064769976168629222221342834531078165366628766315497348329658341025636014664942619 5.8325081066662454231344330665305901963158548029012551958320159764455465869905679327968459648660784890470426503626750678010659766823063909935058706719258071887266739144502126478879499859375860039946116e-07
-0.50000172136135775404054136099279832769842652175142153962413862482074834770105281267323055817438657837998734908118135214232581285415145032259146905206626595343369500574835707754531353556301685342164861 -5.3457034027371246394512560744355804219918889682373503102976771895311590127210608413126678525116123517242730824078533707532327967659476705679387027890869252806983546408867328152613419918710605140183725e-07
-0.50000169462923608988313916471400958539942830259689997416506946306996003199987982565023099817223052025821639644348139383576555371379147167331739553946238255797588250329023420856982038260468171076542793 5.2755411734236222772496998574262725301889424813308222982182046888623941930137421916247091018640155468511273495031340168928612150154594093158026777154424084911967075584152516760851499336857440829213795e-07
-0.50000157946682488943489124415467283428596196871274026621965816409094224191453778371225516893454918030480714406718731951182846700733272963919657519418924607410956880097545036592324089588458763262373512 -4.8360075328385765978555748216456169905930489112309305743394838482912458773112757402702552785325837101206325676727371154926077302463556422637108566114660492256180062374146431563033765618690866612296454e-07
-0.5000015526061489806727337247685666310730865421741308572493988870295581176840234820259471401451945076155341193209493549331975370463610221835752893693199248000764060742330739152279280176205132827340191 4.7667784470632950856611606671640655674603295617120790829882885223812548974959549594002821262677451475419602274565281394200917127261896230693817924219397525985790966408925513824038487313611953767460445e-07
-0.5000014467510400267858264804608752166102009181188730836945806863983994301470770768205021675823149300141687302884525790056674458804385303460869856887989206541067123038439905135860483671406140542024478 -4.3702056012867737155559153324936185986314218799852020017876201240872102933829847302666388578872866777565696431565421326109439273946480376014828289608761781159413470961024090220629281783885352892755838e-07
-0.50000141978130809142741988771751265808564665913778929430905208961696090396675586421592298964070986455243658617289404551741820506751911238061555247136212189960125640190851181133647667910015740379454411 4.3018930322950900266202511575053321737911054628064937961495007602282083257651951560406964624562722656392080054059089664185803882194057666255009638657130459691228108134366340895931770402458403903951083e-07
-0.50000132265640377817864001477959967229883960028288935586431025206667290365826787494160082312999342128488940780483897149563532279280745668652641581422441363103613226202489787927722833066832478818982598 -3.944399064672569502333026935646072411502496658126845895753654539394599595491474814207557292748115255620449705377342742412574699768500118827949782761815751774293493563582596529337396729515675162338845e-07
-0.50000129559748701132952658848316127842066456088460744102820601625809485187645569317508149061779844558194113596614465758715382276010560631955083859207876560868328314286091441179283734061585764975195812 3.8769824722788650084473495131289087209341841805727092220306870315582836615006855074655299323661642428356703228910538167910828517838062725357678898753941932170123029965449280588434123240337820244178164e-07
-0.50000120666622531258993980487164891443583988457323929221757491002420726720117697310468846549641937856341801543704889522201648776134885636953872410243450157396037987880489398070868307655697338366249087 -3.5550687948659019290274267250013309069872588252352109092931964453376425863855496560588964205453440070031218882943590670533471690316867948179253322240280671915889570135901375484874446469335345162155877e-07
-0.50000117953863948718286549974156891730517751485273921606127832551495803320365045643495875444727373755459649573300860286330985809265672246722994111071448899009307237571640444099138703273405816269148902 3.4885246341538655106413198220370017644854351614432129014066583137126776944367674160189299049866187688798511765764838910429632667051026721281564133967485175968262374345429809953686252937691477967328353e-07
-0.50000109830176324849305535282595098166140717849518674299122775978288010202990875481026103469751805875991189354418830872507756701147554027883405725015125759328309937387966515242736121459828874472253185 -3.1990360589418589758496876502965266608658809640592982698758197203685926622854288710310211270723061879090312681426013266276419002070439666228687445150617708950574166621884701333273317766542478122783315e-07
-0.50000107112695981355961633177943306113979281315105389321603188524127743804708964145241295480484269102315119896703122351522917468185403996673903206862882065532232231936469576135706019405288497518279461 3.1333386567682549007426637773933207303275910595551141627622050007748217116250470026859689493263255371310145942590529175704078824282907324155127707658406864469547179696445931398416307181328352536726764e-07
-0.5000009971195038418281165207647021735449088709208235402813993712532885669833448460834860762245975525786748723788447658099349991708539770617516588990535315160702867481119060052945620431406055360763391 -2.8734279323144702214007446484271856523847984647603701795285759174391582617179408404769358786572575141766472783620195084948507741647995525192942738427174398954430939984197967127447765787652129764493778e-07
-0.50000096992018538702125314588847833075364518399102479538149647529027878445342518757638352703403583167379340592252839594950002128304832929920664684457767287322472807775633990255603838126197785690986547 2.8085503559454968200513885476949420012536658772188170121366202299688388718242213469190470048115207554408924641940930497900972150177761285615987077440888144283984364106039107944408471620311492608698219e-07
-0.50000087550912426107287174471616274432596705698437365111660636904437155609436936814814303360561033476324538411917322157426462080842645513719157094030033980399493724585157150516157988512711201415889801 2.5115615623693919972123069165481143124318610983386195990147171483258591221296939749037698417309053622243626824611142362066286835936256095700630255639809486012184932444978489438570566130669140831345357e-07
-0.50000090270865848973594604438765166226889467288006719290596642213341806646004083988051637415716043495361852215095172860913055328162316748337125159630159650798855445462356794243688750328763275439567187 -2.5756466186806595278701821158977748344660132276593354306166031676525096394526223118923900690868820766244645852013497746637828763732958793491962349259474540388784325350149655217357870140476680591346875e-07
-0.50000078751539176329037896425188147804404216628906768419868467623278424049514915404586397782174250309760289508834409134449920321056194642952844833772070105456692664296281554166977267167139839343930875 2.2400229366052471212794542285663798869319753192800536237350597788798740193853499004377173298880335327364329647419358898558608092165204947884116683558503367255448674275133481819229573951067608041415905e-07
-0.50000081468886357477531569373638500915979957742407087247869247277292774186463547629971669099026772121369397018580650325262499107549249956487177861333949295952162094228973283322539091633850063483615704 -2.3033422186123373529630258074267608129011943827533982538917929758033666582045947589765110076910282382182922636264768102022662845241918622557729310393592893768382298588793901697107477920748878626814545e-07
-0.500000705589341513018741474051150859962874178676956161361673824856055878095109685208851624343753964719287761873433830151431203782045041394485517891476414686304389516106908575598889247887116998187267 1.9918098666304510307732537359533932142556815023014210251484239806304403204373254498931809957974956058590259739161881754259385912626855584425028884844500560275886024227543607935806414964387824904730503e-07
-0.50000073270806665789225608310279724166722711489528343655808442276865336550333950193069533574114402870382370662463362496654809922035969163765777800322800998219372980660920764716955521859446574506262131 -2.0543885479078520829341769906209115576861122326947366851251251613450033879976451131218956459584117311019354724974776215542680998738941885885242619510214021497275994512157386573015038368882924968415583e-07
-0.50000062940817750918367897798032154272717114381115176998411301260131076054496595594924487236487827427754276169667541566230042713627757650472624066663595711912626723223448013664220035513184637459276004 1.7650011071570930385330616488035833832410723589349675387053709044370559766046542362154020027154049861225197672995573387514549418399167235596461786497633624328547884408007114231822777197158064287946041e-07
-0.50000065644058396187927739345032720251369085706990028907643524857732139346849599412178067112955744396350722015797115026804801390031050458317507952525737323063747760830036315741019936476959832301460465 -1.826861658513995724760199263976592278284713426805763250459668355440730059794831874760006731154477882774492758222684767706783610668551134421475670032725256940032616672945992010973617831478430892535266e-07
-0.50000055867423536878661672837410224760042423237551906760068611192402476242417301454533826697329601807835624902689378221200989463360725415545084552064613515548955083890922801281947387235342453265914538 1.5578598686848703782194764168483227478629366924773166569980908993414335508892383147277288177287191701498718074236332285709009362085517599230199259929181553953446139982216240358642749657433494816829258e-07
-0.50000058558531494608580163466901258660068312412445667151385821207395568114608304217906590958840823837998993938627071481448948160914618750834672407901769513203080915562270954949810400999794090649741385 -1.6190207602100668913822800071854528510329246121144154694255182675281472642860161217971226302029729695605936238815407214812515568785747503179213197112352856828040010554634219427119963533684476861365619e-07
-0.50000049311342235115128970491911113907924618433705545887749962155124223702595173241285928733209574249069572655160808926269098642083050286855862679440363944683187594551888053368270391146492000579359175 1.3688171096794637967140741515354260959138995924060710924498401883817426692505047916679213533461056689876849489822294494465482373355886468897451320591166002307291045803483390947431484759702100982320333e-07
-0.50000051986410053790498072643668328045578097124482763461157011916018350728613273551325737917253338415106375251247096850763636704805175059370625025364073363529582451159204170207663096648226168331960464 -1.4292912814938548306048077363632925653072466774610223670477234598274011836070876051914463437310317549195839033589979202147884451778782961784163118965263274450271416564741297510742566538843102601009918e-07
-0.50000043247380763078094261483442574821537826952448524062369736114662036782196979651265080687251969076504428501491988988141033106135158441439514554056517940674570819830819187170852841146032323461863468 1.1964568306456516864233877700722690299399129134510548017439187205270447892755451145671558916896494423138333772147992044854707644384902350976923029575334712117687679712418826161758936334380133339504576e-07
-0.50000045902021224476186372877517849632070180916677166703206301330054873458479078715354684082689064145345355721807297936790643765153964373204354258224125449446595317975607086992676665807450995397803321 -1.2562498444419828487009255609310790169700366094579333702404798707909415784241877358942910947584534826530464638014881296914925693922585883073053736839507590626597649183955156433837538406732705570967175e-07
-0.50000037652435662233928153742066202744198631470767520191276845835425275871788403859326586019280316858691100178769751479312342969129015240518512452393472756314465979140929710351378783113021684261931764 1.0395032201008184144187839919931469563200418571864359531490954577350923441736730429833092808182189788016148916535032460927856954453502435936771212129926147481752223250589265168765624477568137085831501e-07
-0.50000040281695992834799539415771814112515333996677466923664021503196777161933524684666818075441909341384838743048328358285175963870244139069352133044737513299932564286074519905685052095136476491837646 -1.0986109621148845963178097946823129980257138231635932786285961978301858060430878329084125041119542103615289447419977647758842700101694951323338873065088927078359019948763367284893440018497352154672705e-07
-0.50000032505380637604613634378058684753519442241703448578560995122241818473633201900530166981870520872591211765936602487084885065062930641135052304559417168093895214780102806648850158772515545801384321 8.9680957295497621184709955653573988891151034287102939684228625541116092129311167908100268874830958058603311640969847390268798090676640239948671811267404645679588867910300103530406319470361438607671484e-08
-0.50000035103640653734837513254186065871145743438109237125526824476045368415482227443800409063572109810206451964334262418618164937720043779967289005176675767563410007038196989865577156229439982851454825 -9.5521530007396254524500210807323366614245417318449016396649650657979995613860700139768784488981679898509133278270640325144388917109157918695076991455660157758167869120403551926455373348696337153111172e-08
-0.5000002778696833293610025617742679253710648662205309667900298285444285365290638509436315869952928687039952837654591722828175656247524222772817135758372811234345754220755875238822657305354236960256469 7.6734902428945289852567557290986037349807992518427253110375368067384489301206207756313758532283003839837817574149483838543467687058685141801126434845217407428596217586961036369558622214287235129838085e-08
-0.50000030347817875401980285372638563180952935689799860680590156903226676065376638752900148993641801907964251965744388417461530642750988408244647500455396381742628483177178592149924157935561173972079064 -8.2501937804514554874991925661040937711867722961989619843159104058650204337850383094904584518042984889965514779754100636363150862077987628914360133942474368414845684280589550206412792833820019145259756e-08
-0.50000023479746816214977277924583062802173232816368086280233183920938443996309587795128985868703145985719637303964360930776142278160673147674976691573812598775001992086926208331746470180727677849479489 6.5020739602883358058193032139952780429629826429379686928230212180685113050576211866283433692015894163047461817093031225380695639014467832798529201323604563835859257805784348541392071676901657320623688e-08
-0.50000025995836382998070207416289504107343407461810411344053274434073068386949627238345880445357490498017926809361118530804837306356892922392130127833879434913715797937065818869664776034209212445341944 -7.0708662633167181478968863814774251445484532557574591026760587009250769565891483213615093408489723106057408902883956290913758062304817601975659781925521120664744652175986044217365678883066298414576959e-08
-0.50000019567990335730029859012671706892957238839815563047113488441695125244111878247867092784843199842135554729673032981179228263395322110038513091810261924471203762676865367005516589200658261853709335 5.4457902123515543064593988273514427982013701446139920376817450550868591793301478824132822475630336745940423725385832856422077849072399460572983548259163038185802749178036815428109646967993444205910604e-08
-0.50000022030848615647369998955269096842781828486991959485000141858127937697785903853973183842129474985467371202833960919791044748311363378076259792311663586181232054771030771974984365333051805991237115 -6.0057975531728998448790463612309682324947210594879627256759884041736441117627873044839771076791923248573617842408413711875980442645776575504511380164791323261548845359432819464613920472746549753104595e-08
-0.50000016037636772438475403378527198216311346042065606866524580112766088561169952820043258638637277835560485602864252296254023364803353048786364212127758230168435393352449687050131632721277887668646642 4.4976761179128713852088256035636284548235552243381350856729209544093496257760144253067303894613626196151761809315870064927851923517610117466636031593595837811852988886501572304917206991163153763185535e-08
-0.50000018437456528670383641181041940801532136740304912931889948774626097256170039024597104611340698457480757969576660817331606899332509018967545849556215442298551693600871703791954392424858364683948762 -5.0475443640353531102771575071928956650705471973467182222302951452189025782313322141725068871360008266763604545146055560243992385899388692332205138368898146135120213654720114754861866024142996731721572e-08
-0.50000012876194083709133004662140904870429157137479063711792967676315873151965416544233034598785536406889584601741914518158137626501721946436802328314244856001860590629133766373240457218944894049706418 3.6519620895892139015012945272480740949083165870152979146205752215908715823677848897528603542757347635560877831650210041652911625386491652974284004654464815598934334518246351057467317984958821260781196e-08
-0.50000010072481079532242250067629751856126109895063644367516802977654519589057330613605236062735024868868837492896336549372923625573358909068495482672006538124455810926656631272564820656176127208633694 2.9043061513172185827689129045595870758947527726163650432061081094376051801032723396908770010618990077916022321163000809666998914811437152877380747571899246464021807047375326838295786117898314871935931e-08
-0.50000015201627614120113176671864252158033295987258502251567192181810321230372286606377982649121568590646983092382777565963656802570662024274536599179571566754774163062602983699630445465658340011835593 -4.1895428113417859503452921473105644611169115646390810094952183017741607601336023914784690930341140517506534104892619020883491055594882111078173157593848545734386043558381901810993970360091435158323113e-08
-0.50000007615848229843618175300685695015518584307972929302323168576128166812500500614861754049757100601962828056449570043526356734948002304678574631955814952224543157271604258101010827355516812381348926 2.2520521262288659875622786788393880483249638980866475579445549561937567436770342230838394774238989978092498556908144439515205663891198300363175618589279803889535751025122075510212435139216405879381945e-08
-0.5000001231062708244623773810071328514312236373273121067078761763210366977996291595079668086280599316331450335680715576835995832906822842227294029732284009906503646442803685395640007749313979692969312 -3.4260687011557764538028833759560518967919913480649078265468495650805766048139425444069226711663981435568863328271783078350767888784587462111287564139461261140466535501525708511553574503903207132589642e-08
-0.50000005494400221004327549450540673021727440298782669203540805450939802393802016271525187573402173414038040522664330392869283141847500791204653837900418494678601861921217310091697513442222713486696107 1.69366829948810021444406872158954160864684061865256923547902416657634165050788464551688529262936843327595941577802002466324288615687470969782572413818691797592774052346121886179499602842609569725479e-08
-0.50000009752978008895292566933850420517971151508358294940261860200692888007100363352820008185227930065643669279627446116893867225543437473681413529693039327698032087891593074455380553561851763320506903 -2.7521962514074528332559533524639656613237689785104932244125184904399125695647349552967351508519070642593610814853976415795562886101572061894225126933980051424596305020909247815663683328037406877463618e-08
-0.50000003693107808456292841014199305762689124855687562076798875015086113225891673289077445800583810462906079135845577207109706760797972244760064052935025985258415159667588406419068083283164694568045668 1.2251667932452796882844784154076137541556542585409821708505767548957178119275542999773139083327365682878275344331493200116919589987922008282586133591416168221812031348193857940836474188698767056681199e-08
-0.5000000751846237740323463119648282133660632104796976057307191642440401403391354411849925470717050459411263753863903960979042957101097558742419558794660403163666424165039989822948652430987280881436316 -2.1637151783941477151453960187086064941132192491188501211560456822436697939230166195069955432855765280446796897352112031880158078619857757899450098625515787283052027888508644677231970155467988929081075e-08
-0.50000002196597595658197729403674990879632560171175017454936985753602074994756584483980233363520266204168985451666474684233721032353608541032878769121434007741126866753011137288234605178890732594102288 8.3286014881315543885776445931753014746225670850630028059426977723941997158756562299741034504560426594648729174336014170398290797991532451702011587620751254387820082516096913878963938823827445109627858e-09
-0.50000000998281557153170812074249528202960953939196744317968849378222353422227771432641210093039348910009141327626996136578810360344208773702284070508678125043683664464644863786270490379822319819112399 4.8832789082625347061773595802009168608484882410717322874520033640172448823899276421345574349276654829100216734746743783895979778826699381454111886570611298900476308093475915687113551903117398051189135e-09
-0.50000005598140769857935605897879460549390234739809583915741702381852996310306960123492855548128678039276311639640035590991339565917866056294398529725085475182012906347257938874334207895743180316489823 -1.6569069466296318501523958585460877817970082066127838334317562566176113515369635981234792127169598800074612110330191571104330531135804591576016282475188412814487981052888295104203593174974202955002124e-08
-0.50000003984217113173826824324387388826113770317096976497675372688593554183046107129227640619892485344175464964810127156289436041143161401456839657718215913691590965592527833272577902269255009636714708 -1.2280241553419859691706650673640213633008076041269059157337451057048243677596534053675095969171462415945644461442235532714700233211534610920816697251949996937677682930635633985052959612100515902555099e-08
-0.50000002669260660570501932406459235986355329699230150031951553996729977528855109454459801556964651870758341046832367792913983899002787256648189314820398561131330425875659388144526744891980028857227593 -8.7246442179762678540794757705843451572918145245134534645809367481059554148434427064780414270339325408469813958540405637617412217517440921779001147276630233288319959508585895833146767957155490140697464e-09
-0.50000001644180919245556779234475828285926765740590114738877442348614130972264764426090659442563055868122119168807884295782791125642094802230115041665280573184707707545186556413526813436054978837360095 -5.8425655992201285833916053384116473098023269006238739693146346927394884616297946145987697709875279903591908076623633744267056332366471659572435111990862872497878134863401847654706601903368901669411591e-09
-0.50000000895136155900176855931814267101436454909963051326259591812771155705053051095575169571444529338864388576777040315215698407558578032092797832462528798012620552962593982181708776453441601332700448 -3.5699204847201647722080996283014402795748905169650209191701649466616261926541441559245985976862754339265003052254078184099839821214148308183003469859904404303257583287283614435296129821426406292595671e-09
-0.50000000400328613029876208527535174637355295890135311378987530580725270574838412948489980828690191953901179926086452381560763190779296174358977664112930445906173052180753186773128718874266433273184636 -1.8623867857284403646796610594026390935336215003536363628287641665747620407668309969066197514609440350469966960608081801000983498765568534028450260158528474076153551076527012534878340030203649130859594e-09
-0.50000000126015084647709465655499825706343376415042330685591270603905190286730255257426301496177962754459425170784470541263603148880610031367622593086336569546734926612050128807905332695868067361304874 -7.1445410698691420434563203851370297257975515056374404734126482987766214408874608801328952172401184933588833587796829410505329019115941018140013287495027426492792584189861819781466509175282051479007009e-10
-0.50000000018809490826130285476453068017362428761142334970574541013708922084298109060667499243935075127814985228007741915047833596643151603142595022651461512506458875875841080464690409978132986575038014 -1.3442453500926803850374359594697594201963511383914828714435952050469442127623612341200987986205375299020522117103514675924269882459657070022034797679784172971891662827559368214741266477687417976058824e-10
-0.50000000000245053651712874539483041506189451058302168148662826590950940270844662157185140295062407459728789409246963040158391232804115924714659367180861077788226057050564135608803971571451678977042213 -2.1160860523688320595834514509191867047638604669562207578478683738583756542191501961731207654090912204930235584994997554259705195918498650479105093433091125217505767790793832969663780083827240254725637e-12
-0.49998562376086513379960124055874951056162516673861915311892241758586012184770166187929682967447358582650297970367585974855423187748293975378467802333503899028425762593723663309951168878182362177440303 -3.1669914618458584507017412508863072958079671340212595420784043515351262938700005035989871476581862097311965419942024256471752266961463270741020346402267168228011238354345301941393125148639466001430098e-38
-0.49998605006466717047438415215471997288710408470183111888930920957898190785467415298341020218676242401827184949225060317788200537713910419764298525905765903597740841240592656256379485215073075524154695 -6.1128995810312295618864176366168306542207867914736361663897765490724838212958447736352966172519105926270897536415056738963439147624401523183237352365747080202236507981163348788864008266942016207081222e-38
-0.49999999848088764478859173129470698518296884763325787609668614737540719107253206311691908562504301067273718695096440771294471609836170922840055697236045731451188583693218570506734852972574098160030598 5.2417802908631020415762104680131035385420851584658353872151891509666334586404865025841591900024955591699727659515466605915980199313315132418662677567755818440927207257684338532346061369129651476094144e-08
-0.49998645768507597672851131620893051766246500200066323462412863403602382091635512590899269063932721179938201172704784850477848942484212506521726600742937581891800366649987443322248976924906939878613801 -1.168752889938005150393089953261944692532545326614385319233328988991412977697070750121564746347281729524471902368077478199500811507445776009710497029707253942001873015149440914167720938434303659817728e-37
-0.49998684769805295323537414422339974146520344038746749320198133596465354563594729042655007390873616093541488310044783607078652757901820342760478829146106835085853075350866008182992078882596985295258682 -2.2142399428414575533571628739250901204634654284425101474799836136990674076057413605067850345139490513800678000188415215367494131556497169454897087258022132141950347202289049400024490582041980927610696e-37
-0.49998722110321023918169594249024066475289870689081968028186482579576049884642607455021038657580974205979353050310493090442603051867175744903256752238482729675729827259043072343122990294145917082109083 -4.1581210760216636181235589585452044954639311530537234450522148409969002052682963668271671646362125958010958225015305436036962357691699133405831126577941114595431227789175253153011047576656715580285474e-37
-0.49998757883022045155826265121121037046918082563632016488774455728820500488320567474833887582961489318643733174654226488211225290452209645712473986888414738148956362194778477083397358329481225623143466 -7.7424236748842872333314466967681199526499777471571623143792310546770850321276066221795823732852438437647376067160172479315300390880899313132298511983758352423596363829854045473716841096276144705321324e-37
-0.49999990942880113172717025696437334886808854452662348237101245431096991348967758656044335773040886590020295393609186011910591359721285092664170605697395794481513077903495462868258679735834687063185406 1.1503047347417176139822511800223976328217414477149540801449273199722002605392079364463475808673840646267039963853831749019902522415038255637883387707213242092236283499320885095573260488500597212592098e-07
-0.49998792174460733238841862474131655415267818991217027491877848686617891985246757986735396083106870009574197063383590647029671942983721173046783938080819728184285405975252754609848668089248921671727174 -1.4298629518404461900473861362904045630658144771320747057061316797801944559188236062843707923085692043596138546575525598329426155459850897559307644416473094559604749110948262999088098207931146395182452e-36
-0.49998825065298470680235282480023466083199334424905507843434918845296692584769622978284783204559909655263030739626030831021143480236356345459132134570440521419335898225344680248881737519749131588176481 -2.6198340519929862255759650730752378609239544882086853086939017779562967577841086530259531110890439924077502165813551001351849026837444416942030358404585595291196758855225506575889634400194510561938041e-36
-0.49998856630780301058213391698336355378771669354066394718216214895996000164354238814085926867046362659407510690459152447262071291284985749554608441455129769230607439403463150499771685939293814270959461 -4.7635807750035781085188865099362633803022728321737922549201597741301708603030228477520661344113970385214811899515313757268400881220306210980400416485994688275111908309321940963210443853605770792395162e-36
-0.49998886941165558037269102610881715211966313146271304975791286235018989611009543615754841579362097985577169535834628389142979034042299957665079957639604013772218963091565039582496528360684937798040494 -8.597789657029561212996745985554346635264328619080554487879351376370984859180361447147087207962842398805227902237725641621407330209409387812489922472366273204228856241373581433665235911435409581012205e-36
-0.49999975729639558768661121714627675467492132985364990161150909173429455213406859815310521608707486207155532826186851601421123400743484748497898850852387122579825977780717421802071354571317555546925954 1.6772298989339576335896462322880179012907572209627385075893832752869732096823112734783714850242377892198537254079215378203780402723526027429473608909733473807829355340754923206314239084226068423757372e-07
-0.49998916062119075803889239515785104722304373543205589859944507852877398907841147703662504846376486083562176466708881354167722853613236680718978600923529101714492647498050387886607639616244172736246286 -1.5407840509836769400437863535120797423068734346652330672959492949666038895477873993984262480078439158534159941816195611823623097713392175258348929496149363188899596663172539924795919554919360446111276e-35
-0.49998944055067051153125353272075847819981574045985955503868110011254513607858578441676731692273534008745820856711629616701560091870170761527451939518414292177830093169332174695268119715215563252379501 -2.7422172913229326783241690900772075207288143881420614987298144255638289518321520848040741444902993439719675741355051990081081489208709310266752585053450549719604615698957243731965692903250436977225933e-35
-0.49998970977521160702884629452117869082839991836651374301520633940371864589432970434527350754050207375585070422068552312284708792635183179810310919827508555570749598191722484342851591034219653423319706 -4.8480394581528605248006834444772668982342888507670059168824216568330454138124447690016097271179424194257610432922537474506317562247234896931226820348516023565826856235043548499935815289222693818314706e-35
-0.49998996883374128675007611736165114584999774600979167531369382291779488055727000151856702870823096728417970343043983659451691626906500801594329853130307142620534048528044548827930257882123378921310938 -8.5158802442418758627652151905210597179587415972738898814713038271077113917812866080288135173593111175182485688207921710969935712104747606518866849113336441250217801761055823066186566745121232510959976e-35
-0.49999021823169583341123951028471781926050048687815881995656257658796165900143636977909837897520623159165254823403821426788813034086755878573511579832061897704745029143951031063966078667327536611796275 -1.486562290925193262470961886353086234248384784925187043822148588175909132204683609404686625449195545693525895976082290716872613707893833935548273147235656736006667987556461374629302884581131013415035e-34
-0.49999045844348726743653544969943954491266063203181729634278321566594258400544796987719459107102052528742638567503898120096825830510160908505103001463625699012455997736768041061113115530060506303502204 -2.5793735651760189225582327988208594709656645364024628290616136501349058267448150161244750811024635335651134744087648636107756388025490644680106698473988178326771763928146873304727168134116450342711951e-34
-0.49999955629398542665770888447905796976093926518412259064707330296694540558181445056099568629052042685957442967788376550934686027596478752214903996435403755609521512055729350177943113933155939887288312 2.0484076536369591843537946877630029241968137050301774150961838207053034131592446100413735792815632278737622282887847837751807353714125369715838595412807867908558279868856325630598484974242873559085885e-07
-0.49999068991476066820319966971366910653755158141972215655959049504251205255137368458724386657738861765299191729437574064511994631970858833987046466331803747156915190051076601332676766974336482813092772 -4.4494559138192277165500622909301370490658200148359404848632791117397068264591330850420475796943109439897870581976315422830828354815253000489971023265104844291290100033214159455075663835266782890246997e-34
-0.49999091306446218576795757047951672038494696753465027487339249666776055594847580098493992223624283268835694101587789381620032795847620039835563003763966103551337543620544627708941996913696986115600613 -7.6320609886656984575560248998963362743355415786032502387775918392343769808549647008529709711091028803853985369092048638043367378703411693024412744337821091595926869828564478738478180294385480878415706e-34
-0.49999112828673567170390898298066917114488440961550977498950935630898249400599021731124486183282332241421282891817758364809258667904106955996309663149069408880258282604460311111349902139647536830870411 -1.3019571720609863666494020110837577517278108107751863882928696905292591182544213349752667060824410723134795666062092192624610746214890719674694566698733837920972948577350156305151853581485326913845159e-33
-0.49999133595266396994838072358818936167203147876045290391315025262879802978187335998181300157273972436762722598004622048741278880191263623366474778336234001848339512025228700753770494238801005042497415 -2.209257369079884790258433407851858847273755920963242631010169976586008679217858799527021836017508284536529975121505071052037139639434797761779585355388823664226132019704381178564828301968367618993483e-33
-0.49999153641186923911427586870182957686443614386397804937788342380126605273701155033914684206996652507848871033422119829081755302367512842291343894058494375796625583018718114541604883140249148539323558 -3.7296043823433056905787060787871005545903975203774195901056892028502772181840033828133777171682196439427806271607118174124413767226208807641639786763971140747102834708980474619676628528719788039878437e-33
-0.49999172999398519910472835640321830564690665127532071114316510256410888272514354632731074011329763895977439484267546770454117450232219597206601093801461432380058776879813114335729682584378826137815488 -6.2649208896693271461862560601909463061235742924754048007179155230300640120024206607620858045240102273269848685387263143588029413099505079604703900671091994817347017777711541176695070514888659075992092e-33
-0.49999191701001288336993565372363872915379427957290640354454292706385423988144895482717466126403843030151030951029387965551880528996377235672695873622482603268509072297652256544863571346266818211605303 -1.047301912812095772177021741202706710645179038144242721239841131665015732713782378399559090565288031203556874557187579875163662896356615646261441144582023590687754632743398222121594845757419080195894e-32
-0.49999932473566912372255437049046870911574032674165707328727764794336471638560780585434988508602313205539974723854205361615155308662213189343222389756266666495342032332706379937724387483953080276800868 2.2281187447428665020102121103721835959818150554358912574073785486712702503499942855848528715429324735495884085645355703099703677113740576865612208229397631199879124564326497501281468199439502625954628e-07
-0.49999209775357031321354733925683904282953807678046175048615598859480482291566862293650133297051715355071463156458373235455532004973000750848456535942981552813980214078197764574048224874115334545902867 -1.7425951665935021651114292222714842206142408228698616579156287267009767315390521381615450486278679041250042033381304097621424081941893622317633108694845421379125114754762807612104458567732767217857971e-32
-0.49999227250204547437575872015711327590758255786225829784744179823789142944864348418832511045697323923878253403403142996140190444922750390490853704448481758051090164700536877603823008522858542529240537 -2.8863704897337100531178006451539790257565212650392223561333209472607866397337496834468973816827190312388913457943768404735370953101075617467801533248505957631457865552402320018424027445729446979751982e-32
-0.4999924415176610532102226689978645409542991942058811760675984759477734735321575608530532174908573761560077780020269032785107738020211340863445767389123126028359897746170961484140628196000964950716343 -4.7599152647806646456238359474788836317679231674752901183523008749039486779615415075907697873622239259033127354627733543285059393462582170128366536322955911497454832028078922199338074852267065701337388e-32
-0.49999260504845856665959506729034125710987326217207687582827507497543353245815062548527664799620043008598379436075108281289287583941296772834207487007220774219183643698900153871544932748035785026020155 -7.816217212197354212141085445733395221876508515874030479205514292765105935622674612657864766518524344078860210638715865623313094341743176356522558390989550156844848404837341265250696862908868914355488e-32
-0.499992763329208785176836938418126173337183217662795981890788195826789431586518918474593328576026781105510766112681131371291983645572909764372248057523024708042978452687518340345757189536294810485055 -1.2782067755691850698304119633558803679027504598358786196372829821380702965915110986839600670401111710141186631414284036671488606415138998839760700754090278247988949853944129833497307801283476185052823e-31
-0.49999291658225469048458113069955004673676594030657881369227537332826965744773354034888295503027903918326630337198273269670596193392393924733067746206786113931788602450212046510783100567084713800239654 -2.081938123099960022031160126373547208462179969173607799935619308041098759976299958381890576267098712892935334873095251090991334718609620692605435577051192163927935373994941551679495523736457765372608e-31
-0.49999306501829262164957090931776633502509667492869943500522878937827924221173739700979441892422023460852177473019099035772980802121014170779121947744638716494418657028679950808674137636310892978589112 -3.3779264917999851606600515777397129415076960613795243954495811836790695499971263832782009967445054548745447807917192848370968292556325966172173148792841345868263083351686606183272452412132666704947606e-31
-0.49999320883709673552481544447947051393452315815623818190509691445514740644872025695488534353525950926627103710937159770251900513358581260759733655242967184647252627565363844714809809584511985535006035 -5.4600944763147775146167051877966179683728416325731461675461779118831401529675353061907571841449677321153019437616011803109379479231865113706241696101104308331436737772785498900459493538054615341545246e-31
-0.49999908360377144946839758483812413138423295635087719200054061272262162832031701597772813866948336703659912089631240979408142058010971355895440227914830936831136794178282183301069046092010086431570778 2.1996671775911228656085061115207846167048885396579879788469781439327049704423724680434598473829318648497305810826284205048795161923511396432796531180115756734603880245424107800501900803563543330283779e-07
-0.49999334822819143429623771035226432929793257941541093453368588344297881698090855718168393323491464868590609317350011109638049508893487800832106542511315250073670587470596531275557237889694667393297282 -8.7936291284893171459944287070813940435579683540025503076584925922168860089199879221049695373433253941938525075276953043198170667341860292748579003645552425011084012246907350165150310156737932827297344e-31
-0.49999348337147598761937541946962757687461650627841720496582734379049124940931179699662713184772383961654855605319466490775710068933935114026923103092904601615651244736657788809898878276020937059742567 -1.4112475539504615898647448084031962712118902130555011289207909677445187854288791276091698994727883620564234912054000382864068563277240312073256367502864295523232488804687207012222983397531238705540712e-30
-0.49999361443780519433032393602187278135884567319231254730095454633066559506337318853307028129188786639085073748975357826805411119328377944634578464386120762544443518128322556173789520166861870705593348 -2.2571116965027167717311641938066007042051975646595932776424041956670178656605756809096643313264749347144318013436535587331502858453253404251210395433757292677018588083455501259574213567985444922480884e-30
-0.49999374158952958428348332726947039168300210930959806775928864913938550042866707932555798688186321432421677841536443971769509454680665401710399094822022444503746239223320330090247481787821866103724929 -3.598024908054038950440055228492456825004200065953720759643558783269596956482400279154206875449846910317751286374731769374357277999051362741443660393338163398693231674518892320770441688003018494004324e-30
-0.49999386498099835038010062956765843800022548454881435596775832768785587494998240235745920789363235563967308861209039001343685273512968410179992217516763626433493786220805815166312357236954274846630707 -5.7171795850242234589843975314914668519501182026387323849055108110020510288481585619397733677398441774566710311017869064023859753964558025114105698439514341639493018558170436625660522121634838977662342e-30
-0.49999398475902792066260494615548439840585963216558369950117112071096002177398471435134482471656529939741154086005573584821196816362483757162355295922249358451402564248807355446096509237061185105384726 -9.0562880486029665644538880797714910227078124150096668378454396558847773876685776566679349577125400521322012503578428027935536574609745766203061934633486499256568055968519149652348775219434253168985945e-30
-0.49999410106333882723934850385828655598152972914850008726036131597246684410072728474200190211901245875305513553129179975039562352003978089189128571061263327580572238760129208174008492694799043188235488 -1.4302516459900224720426293502810507977599847910969506951101783861087775971520955802455995020098984214905367150198515990467680363812202103253618720688855125631907730421335372588434355770332488419895195e-29
-0.49999421402696329992156346844569031665103817041686916270465005426862727271191654466426399445004158345515038650020800207897955346663428801536301491242241590570962175668097297623444106508138065507991323 -2.2522190693773202555063218920394448964891880073960700283599071294366623521848811985369232071515139906379834573790758032627265701182705451673956492154149155099845079795734093634650668781386841822228735e-29
-0.4999943237766258052724432914183110935533423970276078884972810847399009969263962596283744833161245108030207111368772317689621466403595598858068578455398763512092848162776020874485787311522972588049859 -3.5365998025173737444343478968627022160740609265035801176302740576668507583741131636128088891802418320797000854897502926367378131163975507282626704309462959979606793344985495219667930704571943840960233e-29
-0.49999885462236086309484112550746182766668741176747272284308048488729219410001279995832049046027630588407781256335368746128810450925785608750059275151593652383480206755663963965872872254900414734490908 1.9656685767858382231049375428497642196195844410373300793428706177618583291317941581115790086813743183329287309655914086414904368198116436776743968011408022814572890070985404355254770378823806854798532e-07
-0.49999443043309856404533078782146554773011037092950792801941342284463527368302155586461691057528579770415958212402086409357511285305506488070537134969660629320648704387595927519373048349020578147356742 -5.5383269661300313186486008607121637433247498595406255639063309319790184301869000737659544170714997015651604051089976425127898929236810610791066801891485286861969764867221776930767179361698607798884445e-29
-0.49999453411153390973242580633002566209975645675203831311731450714970744997007682424158535495159038865006818420420325129457296918068598219287652900368349282394178415682746118831922088339380577592195006 -8.6502385640306699742543443207598407169076230600051575267987412767193006381313476192700367089689701678774298620243149106454848194766907929613757851459077754683892034833610886769750581002769850950582598e-29
-0.49999463492177519638591072896053821900798872090902697687481314110137520781555693306520099525979480540722617319569932428117165144895633914731350205173986287049589932129364647033394360585240465033969948 -1.3476373573655923251244282328557158804888011876548855455716649174442540689985423112851296984473698997765428178440907158048205926022857379791392529930747582818281572885118315562727242272023099882195207e-28
-0.49999473296864782343278395359582224536167651137273343769492433681487240625198720219031135775393235351275149970167015933798018185541958410390370620831642708534840527235168408043803573821762470792959636 -2.0943601226246870000924234857323830776494245593045165558246418492650986776750481420380058847496997932235708562679483978818981473178486871383378070246785058611078904861563135770600652369009673557667183e-28
-0.4999948283522318174771506478982711665776055795577757293177379093799139652921147578752167045751360224882333255275852123177783190043983517211555787152436883499649482601341827213715798227440477147993594 -3.2471342381385907376245998118628166151092972877366795528791282269341350721362555038500073215387503927238823851746192366972364252489916966460238521555321959433783669269818480840961611092487081215922329e-28
-0.49999492116811729481473933520557623701383690816890523547272175379990707584495234296905431356080759263259544140863820144145529238735607587085253977787164262184077015358637374897226667820275873943769785 -5.0229197323877408691423302416878498467646854993151570711337886563633030387911926168135466352408606778627305808949049452486934397339729083806758925178894448927261876222040763293454625428656843675871603e-28
-0.49999501150764402245332713732394352852000771455829672084630681004178976474019735920242528250372994642651356851039230792015242801177686639636990803340927717640180200807064442557794245197789634156169261 -7.7527411432475825700014691135902827126485958478023011898781464063566610351672819274551941039272682424103503272275347392199605625024838394486213737547201395959617506363245179577190363786206085431187941e-28
-0.49999509945812619883740994747578732212526301924677021449951378027793530661374247406653283765690962847944318304890454328128634275994860495819588503393036761263109355284921854033618060506233583469420385 -1.1940781426447552306263720653480081476843664876020096665632075376077043729469993057213671188911818931335448686771434915943706420897372725580169782128991414323800212231790453727749619132632716170428023e-27
-0.49999518510306348731874236194745928679528456807520870646489204272232251024480492186290205088530481537283627295070751552750348132037926033682628874981731717856916840861112170732287378021370784468666109 -1.8353693517905529872527987213738291043118298205920267092346553358039337752276177207778866875101455045216651559324426820966212985221757947555908494972238108009658464927415974233540009400774098980865084e-27
-0.49999526852233925489241737469074204182728941767903279679931209874560066910441784014501259356607169227545907704877885351535903957324171101000197197632151215773027780263189194701254593517854551590572654 -2.8155407449309550533840677866473072056155567381793906225835772218814783961862533418163873445764893962533856614591847048280519941611370852222490824971287837653778058696257963986858823358767207614652659e-27
-0.49999534979240689510989997862550924135936167973437936038449833992309521042308834890769087475575981035057279931386226969710335252664891119441372900059137756412637832100893228045521284432327662593060762 -4.3110362704475508887378846273029376518606228197258659011547272462650335572709242293456780932853906080981149077063350613654164707547149225725262562381255784956968373496566331493688564886172131909585064e-27
-0.49999542898646504673847023879876925778594996398367200281204647748693550446257143852479870275243291539871496782179066575128277350357387782983727470839542258209698905353945913229689811124249372514217093 -6.5889551103149789535613754924946410545353969036823849738868046483270654174067851130887040798402254212421075652938231689331479521331421882118033660734279550131826731855077218001708788162328596456975742e-27
-0.49999865830125622724671099667067413393954078987510850410812358404880786264582808384296869245215344371698276735013239843145156963024419211592375888685092772640273442016663272477063413053049507959168835 1.5472749023741007194244333893172911347779204770691874809987430091651171534257732515224844834809926272238595078294654113452340977204793913531507516230970026575899914316158871867736804494887931171602504e-07
-0.49999550617462245807904247977394213159012637554977959046284891949353317348293793032426284459471065023204736441148470969862696235876846333549504347622235464877145118884866642287653871927305045630261732 -1.0053089567736684622468878318256062120214812186950164326963587064247732293688753167911384408107052213786592333850631883759291706231052829090523441207785514074333876452041478685903376141495190744595246e-26
-0.49999558142405319035791945887272039538268065886695765159497911035108853160734946563538958421275544996943589135339224850681713860939748101351059907484317798187704074906373659913390797784977681596994726 -1.531311234723245433509059997760138627574406951682512272294805648529719798457809369005396869440804889938824754034240224019946888560254497116327233456260924450993335684693499999195477869750004586294739e-26
-0.49999565479914280180145855152617632036067688939549271413579086446063545871740281738983761024365042533705006358565924856349498036290703060562341096076622213380327241766146868750068458564608808248317566 -2.328846059993449069775856438845807790387315500995534292196734878333459078532992435238340900073833589849656122192211904312080183051480209586258856748486328550077688504951452401938410084292554324605794e-26
-0.49999572636162610646116997843535080074573943906909195756973852505095300851044075721828769202303604601596735821336923792920496041387140400760423427084135053325761819601981473491680081914574862453372202 -3.5364189595048056439032019621813816192344738873907971718140139938449074331453054023487117968878156046840912952392062479281151494689700008037383649807791236847152898904136009902227877752044793034213699e-26
-0.49999579617071705819734662308555878818944713503883156608416643704669370039049993445918687702686031733508850625644930458485268875293966251656464830871172566021270740403211074176334153933364663495959043 -5.3624622092509042405619911619840243369092137288585306831399052413870838049055877490004200040336025524064902882623331439314742971160167092313117879793619238418794939220321622969191778601378846823273314e-26
-0.49999586428323127010608427883192329436030280018365585710775024103388101232100975546978891535726054504027817556104505198176327484321573465262465539330287052339793895050040526623400300007649712010839884 -8.1203394562513673263240370627860299906051912990162564887657642590844757247588584581409839707531195516077870485205245065493450244458476415804653348728055234509495612877969757433752649967641747481325821e-26
-0.49999593075370164277497666383924801071320448899471992782421198170982304641471042029272907932047035358285638133106008738069797486732763481742371237463599092962878720779039431516697899161856314526041588 -1.2280758013278743458292848065192427669119464044044251366441048880413018358263450804463148022013139050014184512347269362628268489797693911387902639001117271304558823767704610166514780367147891523091399e-25
-0.49999599563448754079423629812545202308299590076980051387942325486592226764755201940341009152723097407218950326060886621891251608619110156037441377510357031678918030060193586811409256954682984343716619 -1.8550206018090942558690306860568289429485595539097276653454029080475106243211016481742124729692714752471873892173001225955566672266176220607529133915529440593565599764623842359914929452319693266779552e-25
-0.49999605897587792567669183243590345573156172957785646981422421980338568575657650189030590130050586948406305927710180723952640809218748051468151735158931728437321050220454772518242259150344867729338983 -2.7988286855183876947048578635688012529910694232763418424308996094860223598333804393594135612410867331272331513898719757935598332685816002802283995131723828739987492036714091604781421723211585435892187e-25
-0.49999612082618882452031778911295513408676893409382226345101917399147813978615337874261440663370620626336990640011992499095171356925577111291555574786044356480700620037118650493011296914998861354168739 -4.218317913462655415831343921083922641243788064032880164443239257113855992505510274784841503204598658363611660656070027697624022078839085933790143858819983008619622038202880166224850724146920433383393e-25
-0.49999618123185548717058193336280943805976689880226803983124725615664616276511135342074469959804648407180205164925868031412891978367748946186304655236723878116923151423214413663719075759854384266615423 -6.3513946250940809152629129022779292160287907347975861059997327138019378467109779232468362155019919871631248483037393115713179000270415947662272218972998275990048278847409533242119021841505347965541714e-25
-0.49999624023751956011633823666103769484973660877377292789146387449332549923548524566005105879329361939569360144968978153001604014017735237597927760918467556082346561295571515805970870558565225307560159 -9.5542610498722622927186715596767346830246805055156011027573295109979172565461887306277944924017023239174422642035505517813680207785948813787915998408023052298753483239142843359140185376972965282637627e-25
-0.49999629788611158270917070376795010345937077142998016494661490907793126011045038876424514348672691464568203861779791536056573042797828540274715345946127721233999189721170557268795128334108590015828831 -1.4360012273243261913680201095181111727235891094127711517976385943321788156083881085962861416060877458873724415481774942737907721211782130500465209900292980913767851989208428589494072743551865205555466e-24
-0.49999851214095766563312424260133875796493967180295970106196523245829844765470780058711687774873745799525975800278712581413386554386272996125802962033599821188783305123570808343379939957498444696931898 9.8208313330489450744848936128952212406931669367974041785137431458291760824639983588838629805302850404623535784737598577990767301261462519237039983787175568050974338133649260327863241466019874751909314e-08
-0.49999635421892909037472426414538786366197994368207610608628282852410955801438994219609752547689266354368887045310389808118945149678976870658775603487684810875303315600309805819122290485864984112589591 -2.1566209236706672963852366378337376694922678763214961201071055865061332461171581214817181155012815242065816053203431549135107621327151947558863990811643040683928759990871797636812858494733326853764866e-24
-0.49999640927571059014261018782028676321602891628162019072019220349366965523845637389408660307134902372036008079766517082353005442865274493375936617253389876124268854973090738392854494102666377684031016 -3.2365763502060196679161418518490079446678096380485013929141489901075511592078532836057371813702451100377781388076759740673875254504075568431356818462263195785431827109170997794152425802202780072932045e-24
-0.49999646309470565592877173768038601852842827732423682098809190274645136457196684415816899040704217628580568960032131242356178612213997047731567150802305442078045360604804284070785271488664581904917887 -4.8542581824554776734138590668681464120003097411808673338535290091546599246844377952982775818201517043907524409977902885479258355288578560402149796937784922293768382131461652874484157196905254347092391e-24
-0.49999651571274137444218439738138760043024366532491742598782829471639673477833432662993939626780638913449271678276870238677153791256328482367819569486645698411902561022242503051350382094892437249420246 -7.2764077646824384909319021335200809220182066996773332200984360006431149698972524004970587053876994304128164343904057146880525638006677178669579960320735070754773469900328064659447529660517924438981167e-24
-0.49999656716528535724838936256377510261868802544500761315575084376284318593710244073683697538074903258163966834819969885359308158583313173607050436282703831554584584929502590033919121065970371640608009 -1.090186444666469821758447267299608134576997275516238926683320450058290835827394279315269461971407111191588168816456846160978253547255916848020545393890881629326933663064600070892670254874936189362992e-23
-0.49999661748650552030706596184971381878526080146203211968346990672388343130596629884121435643804407859273073269521650077402347405262102101655580320191100844494774828894736372548884322724009179630738677 -1.6327018893042320335504275607055246716791059709063282261084867496694540756008053230413747510885658077004991445536571971759631816092642467887211681579640643336693398857195951004038771158516491368400518e-23
-0.49999666670932681911968823266218071308993977426431132698746072477421943640213346717363753438959894705346966677778444037008807026207459589346310529192595524956710248048971220180894031051253897124241639 -2.4443789452614026871798964712249353206877167228637167884654476001737869226322928492041068941856531649124676109302982197617928364484242886510732482665900448528321357768147075559372525416112889233680022e-23
-0.49999671486548511539412832597457464045712146134541551965974358742936563707597398229928268092467371959615872415424235694905826027475940208681055581049245511356810598953246764637383662282614886540260928 -3.658636603943600213144319953147344748911097372974606753566976623085053694282773994109685443946325942588954646326589517743733274920588518363607536593312391227055176886037468847481903702560702009379119e-23
-0.49999676198557833978077881908416795728906435920236293259581424738282441481020092358911519152543966226703934906373255332218869464529937166486694332217811845829243115384897484507054107460115049649491087 -5.4751141712128675733718813572382326893305505485923691971603847101628712010960809731784464934944852785678118496603185031283664669097822855804724136461634714339497559920317926084948382097182280800169686e-23
-0.4999968080991151046906960061957991181008172836730218757752776914196903160240469215969029712273849631347014944083142407120178552245623828943772990663388444114417636339811349262080288635443285712185712 -8.1926584342489556497373708577254500888055591548853468247878898749481170123216352143419585907828294538243277740284345208558575078343678038719070520613655019983829327063618089286856038095162378759995703e-23
-0.49999685323456091140757055486437509151220544641534796031161680156508575641711412011674529258207847764947541473046904216653949558952496267805324873349036183711083088164149642598861115885019115409612088 -1.2258842921949343398445356948733904040584919771171816877913550784053528241314239964111837150095227878245242019897305566230501617048790415609537712702338305748996661053740270592534386804166469381570829e-22
-0.49999689741938208659445788611068096110836698326247705297547571780584776374466684043754041480266860737599124498686682090371904169284361869913403989598187089190648402279912896693671237515596002723962653 -1.8344375612482811804812475853228818252641309044653609423777901898188702381887887601306629820015893019370817488385331987837376169707153572451085387040092867906057251191838919264317871508672141687135156e-22
-0.49999842925009836890245639533405397263649857915007058588068449826423058144112876793367720903788936229722776139562782135518716023106567741733268822608219773985613318978226428959306191483204279196261638 3.2073042956606807745433979438042466217458163993829372100475763796311566205933742895669575002932226907202091532019185634757758859970846901275843108148768785122075009500493790437705362755892909549198936e-08
-0.49999843689990782252020323298767072047995362392362593939572679099402151956217745612661385431572795972092607308723768336979858186722249061314277982171859088007393808055098776597692708920855544304032509 -6.225011741068864261185964026940953311241381180725407519890481569662234877902589573891415166528798043798937621080034262932214348978371835514393583435796163063736770067144559312902981254630036215465274e-09
-0.499996940680087574820409499849333548392201808784615901154904674834430575777182808703027552821580439129828670418132530619962077027185526570617754353030089788090281708965952258339474413429605911396352 -2.74550222125855929606958976943660853364418900253605841060225470040943331153650567416597254520453540013772645762689666456612326219328334490182780016187937744492564093384132341048229687356868946103765e-22
-0.49999842090633265840398735790564323265204509707498121670953161987790209175238191924329319111879013653444611353583529606663009017698276517242854950669776750852059331152451079705492074553599855453359883 -2.5963958873427488038878789834579639628911472557880640611595064797912833286531464730521344942920944969080724444874855130299997803653586853836538701847512850596547481062151948532049387705887313025554329e-09
-0.49999698304226870584308020425704345080323119943327052716158568017543316979828152922223711798469810884759964864865803312492830464496241196542879365012623683235697654572558943470687099568709391005847312 -4.1100155470285041047058610329216384039253001777926608555378944630774222282898808039047579554224615655729941608784154176834733944118721067103108127532897431695255131034954834802323704071549183402271586e-22
-0.49999840468544277352993042976004278829645536269458365455456162997945123330123204948791374335149482327790723405970753533311394459560554188199086134765541298013710145746841958669030201943934846533126656 -9.505084242643894079249937788315417441554689804390382138673740210956499410280076198539630712794535564181569817621091177607992611541951670104409369292265608458378272265871367625067731514946806708524517e-10
-0.49999702453063704803667603987830471792321544662137466100280575027302704764441141282885182018495409768210926731693679888793094200691640986245890350252308463765029270046008651089660436947115920394600693 -6.1546901763368640662566305298030525088424183115354052348170044813434714315340559294894259335439187732868125809477598043213892010372506666688363528562476446488183802142954277303115907214800674358223205e-22
-0.4999983883849833870277196986357664726156054902888342186776116882081427446773850163010723160236213339091099318162813278433072275477411486774864517724413004202279882489634464153042090109048225834043441 -3.4103812135630219065288958098553959328451191763362344812228434109356660533197286465040666775873929052182002967945838484596009981396050195518272812804087406943161119400263272875176258326050896505029732e-10
-0.49999706516906045250952000678364690956196354895627453279424163501001978344035996499271301462062340995979259685136771834623946973611424089396281110877487158422266687597586482527165396002197376503949129 -9.2203884096463977787086927884994626120393188091466856100638546045569047231120574950406902517202040314880517245492619095158515598351365674303834403477287779723179830724075222312044121950617407594480947e-22
-0.49999837189574832541088572265607847383350316610171506560413282402594282332029155492488963836326674152712771555806776524672212457923719254546599132743093226468229523239514626625596852001747377621453944 -1.275335508222595860845601011126299010933309468426425259475627107101144511561226077403091785524409194715709995780697104448624473089075980696139270626585367623475230503085593715869555489755002888485125e-10
-0.49999710498059738607462860191507954285787846172384977359778817254531553700307395868764607617497733595511875877004014140870292288475190665672229184201966358153234329577619095691349305316918957957707902 -1.3820151231233918011358929978412087949234628707358545379278327533131096461925078413056568284380931460293859948582997154132946757548537711328429115007034179209735679791355670474647400555198372623069879e-21
-0.49999835515846446468682767051867829425249947218659865137142831744563411756138571873658112044054041274207188985133509877700231407219704121090266121820793109425084494540355195559229004543157652319615465 -5.0617731555741275443538922816344366205772518791730328361154035914127660418775598128082233505768185578254854395683004009607630101403290657574145273379963518880427980244980940037335426395569936282615363e-11
-0.49999833815825789509556396062601283414334615262399894638983767862353517065945538593257614955403984059890651050076287357067871981724754199177070923088716439404184609315347385630996174689241867003077236 -2.1301169927545005961486848082770639836213415026471157046731516940913781405167669567727729796005853041110499761724636220944148304007970325828639979973058032737216496028482276646199419697151655372059349e-11
-0.49999714398752964528561720901503227274906079170647271316611799156648804824735293552114373800100173100116322461357761699804699482739536854972874485660443759720996203711392722371083986306825397152341655 -2.0727090453629603329323636178096665144882174611722050171883626633960744462481442005148518373531488206403954101100719859167684583228687014738544087503821811553471778685225218959947492881090558501767297e-21
-0.49999832089004686365793105297135061746298310259434734604029737297309065245730950915276560306261821237205807407058098889697221914622992586594775310482671425406567116125567256807583003099763877518893822 -9.4393044339883656466457547382152595533380440948325897369292091115359526369271806012738350608236806605359747454748981329230639765758223370901336988452867336469578169024533482162556307895787490506156156e-12
-0.49999830334949708639554972623692558128329592144620646113201081686401636536609469211837629598794336398884513548807250676008999439953865108087571643438131499091722867369142405543855474882704749803847826 -4.3720303243169830807696588712213270824098450152040154400223508843246205996517330610394387568501444956161945835156891227181731023799793504311175486773629205461795378586675171174617412349063148471319614e-12
-0.49999718221139353819735350526500328262436252158991423001504264600008032287290269848931898536523618202481144779098161924437551170724795606361480284845294351990874360148384320147985493062439966074877726 -3.1107743376193003214479364973043798119522784599564616572161362044190043537982547253110151133962468319766926136153382478268450211005269653329733131198876277915010086307335891019729439329809905916583271e-21
-0.49999828553171587695504232916195993371661353763865023034966550410049969946997073037298160102908550821996783368451932605411345539421893403829409657198820360069010689151385846320691508954407271335676096 -2.1028671450921241935294555284835489274790798394053231916181784203422058723883111326079368569821797057747592156486571079841267387870056794195969896548594604174274499106313675476836574395725364655709576e-12
-0.49999721967300961532694500820296146961425022934798943730913920680768460852827065710902608312395841581492064907741480463614004539001296500750267194613568995169888825282079141471392124952477510066403983 -4.6724782665719275147727062472386569469329944446212299543747172528826469307163944528904244602443177058962340758561079686473019591993512145758101636760524816856389635324369959043320274897052869808004275e-21
-0.49999826743129641488208186917942974027500826921848683066234068253373840400420485539024159786892970271798396822882701951386652547615091582777224019213317280361512396987606203358292135545328701902484819 -1.0447213242981968338115535800325436996670693274015743373245977329075989111767166148032728663009617908619324651387447459155211224485176581268397286085697533213442779728902450017963752747505686161696689e-12
-0.49999824904246864724871032468697694378803585942771977588370571985811039985185794582346707434268201467961723311648973621960899941475070006299989027546653713708988621599132669611047763442168541471495336 -5.337732342663148799140013489523342871170258830502113607072814759023203619961082228184936996459953221369217064579641548034741128491338790963978015194327482596151017434502568185718531832447573556440488e-13
-0.49999725639251102644907568670769431526585254589279313127277811579976641743537532618069439148052336899971562018912621207074628499433156039085846000799499873894397671150526178950085129352253870964027324 -7.0245766865221851048640889147557066769265373909363170556336789809963365273859015047165158615359669820332322625570157642311294425035064559873658317216800402086603307743530262843968594026681739655612498e-21
-0.49999823035919467747632459092344362650022734537461009042539542202069139010200838678332562154537870189641816578738233969727252024039648870237809485187940657282263451790074813145533273728237322310069643 -2.7947093474761454122865012021431447398669469220065604023779841183316664876518710141337044614647967983364256504073483749850014898308865823308825453972640447977042443213691712050412257780101690669398473e-13
-0.49999821137521707152617372028114137757445067020194009465177137803130836522757892206670425211233191210542106216746363432849215475228532794972357458488890555127829715184540749128194349487705377244129334 -1.4950954584507959607195365347106434266432550582332616539830415471805259073157692068100017174582737122697696309243227041092411184487833072650615136014370000170982070848010367746226028128574215666901737e-13
-0.4999972923893705753357027770109633725770598809302347403495221661431339794310051794629520107458001188688942370490198480930589866399769413695868543701315944847736149516723902189151996790076035006962313 -1.0571440656747796516280773652505419950210213828353720403232844864180400451526328603733778901426816765378213476133583969481748518759955703182515585050310665810859004143456943758479670401398433823588491e-20
-0.49999819208408054795639090339917459507435867258437182933882191920236144239189822169013302745671474286789123226579376841145915603300017061367057211956185113382514102805976679891010831965670278279650498 -8.1526044648086931491316096405370948510074067836380022879419331417937106153485429776515973949494904017627538590351884323638955923155498001127716157360481852470654865180716157932417880881118360193603195e-14
-0.49999732768242654032092497023349066991267594414118261730970815243071514309786782555789433022867053011349055282253234440955047943714092873179279440233942388230651796517529213578671718902701517201336042 -1.5927152744550064221014759211825830149591542162166516420410246043527359720533905564396085762153294294006043204546592886820052126333314967216121644941777260674797422246320214911345303930972109512542925e-20
-0.4999981724791399584979734450768622466530409420716915340362607123466606126492730223404144970234152737479593630984978878564429908699215401489975113835655427370647585524282910103137522632976202761758984 -4.5219975866110310445861633069626460416029423977017994980206431579175305413008393021967093841591488240086782623477625140827073350089259040233493943997974438644677438340557551507917794342545942425795346e-14
-0.4999981525535613343801473691879863889301444843859765436509312678333803087029591934284174783380852836816862961956683797195508453741481326332235772364295349465313356484455281031599035363076976383703248 -2.5469257660109238461468976751156050112011013346268251690511796313701491851439543188871439990492253073937269404414195962152543524212034136929281580943763363528649105586838383290580379135142377212323259e-14
-0.49999736228990732461644158885562606434106857002893973747742268730859897826257523410185485143492633687393511365009519933238357332647524610453995536501938298317410663387386290371725338528106165713983081 -2.4026070818355850485040065753076573376402251708150857555005229080344453259787125355773581845820936556585672281759297849675901705393391240321029949990568842258122631793173796341101199318491855407985151e-20
-0.49999813230031937188778276961861030043946923654552740540964275243815274101569189411307196622318197311779314133715750713370839131193138703365351203868690502566892328873800367854287154888343712498854132 -1.4544798143788047642056998015053346521352353718686059536134739231801872919165685968716749555213068584039387206710424139866557088707295154082717942637218560712083756264489539266799132129501285920361447e-14
-0.49999811171219301405600339171489694487600705188087330727560970187427445647332303006230511645865233907950508296685790505210137742758485001551813159657630485915896724577114659672612836552415241230745349 -8.4109637953001261069633072795013733508248854201070730431667464606595049833923377416504798475377469341074650182586334214789530206405713414682132536524382220340516715228336760802902697276943868146665412e-15
-0.49999739622945499660206408737561378395975991670891869009129261888527575583671938447314231245593631743254761901603331838300736311355210011473436018984391556331246887697504726641972161166464741217807826 -3.6292822251631484565271808504678649814736019986462806971695732906521077474730333965180604564946668620259488194167412623745125939974884998916549165953681275144630882206864151092414531308208330063184359e-20
-0.49999809078175994253015948368388370454693924343630866556862274069862051265211700434834780582170368047732970537399589747103970421211567676945451985499577101545261278001055330845624600670219718344698353 -4.9197582270457719026985505803332876670003239489756136271278936061478964841187467450301601023578389116714300397746557548979668954627608790873871855858425235607955535748973880443183976996429878590876387e-15
-0.49999742951814777685132642037470515366740642677937612651085254827540644283967678429007053141559522649481822559593551710540452484138919630589901208061099633909857011830378829414787723004356723166036752 -5.4904392338138578231942838971586091960168229210191604796071059890501000219526784135301724743773152091566745572345232333266695102886694357210799846187565970632926005491409348212405806996296139367144355e-20
-0.49999806950139038084927789490031130811432090496124893366687934519270575562444678482198135831655552856797658740228271523049999727346017095443346242705661428946996671660832118192230020875974071688487131 -2.9078682231298049707025510446586471990708699600156340264013947570472177719757595578914842388933794813478337299682297008821769765577881572336755440201622007380720635582693364286749598564719824820995231e-15
-0.49999804786324040662282902631750959076046043957649803372712173603974275813454085666937327883569153803051012602039820913981989305942452415672610942412872958387454339450156856528309852822793867882557347 -1.7352483934858231833842456603933663371268934019007771073153581916166815939345867818452220551282371978309666790253408342852333958151175445983249123713709529678665848295274893529900861356936663912125609e-15
-0.49999746217252152540784213461898410981007567308695753921259697338422387766430459129024951179450887492756559769683734429728947302681660961544119586177623837491832683678742032852059941098493263696652211 -8.319537972837891981583830689969548209680857665714747633452533597057436351297714600725614816885818750404727175110649332281684888822711293125797183375063088143576203030501089875293197772025265303537191e-20
-0.49999802585924486808486094479496456831325537684298676429097622861967538609026002817036827754327651403936506484478113453117952053202432168312410922176855180749137827843448411607418759854791464863250936 -1.0446472929362210615895477974542550454455948982306188475399401794214584822319276263046894219315447103756439619271048436198130909221552944314053548032338780422458828763444013428998193611729989655665402e-15
-0.4999980034811099485892622203792891714167107840231664591631291201632891275419886927141408347191123939444667628973520211273401152304322184963341588226176280155001152362843068927944289460604151614469341 -6.3401529213898724624074547250570495628591111446478368566675581309827718819469413051908483495879481001124307778014543715419608374797202309317538975952163572356648584333770882117769929785403645407017352e-16
-0.49999798072030539562124164148524310312463607527434082635030442447064332293337634445956654933436202755215409461744948267345469121389240659390319810975871981727036713783737431460911257809773681333920984 -3.8768885014057258355829870706813698748332767064858684916000461027845736626503263523646216457154146542142499409568637703753597847732219187036650995550171081971968288713945248674470338169113881989197396e-16
-0.49999749420859027978839612638342747438142785877497358256458831980741710377146739305710168971521891106715858778292456220265115572277225780127302988726023642481190797371140592944001318730761491096214134 -1.262865695349248615590377312570312291449313859330930709389528177906540710942134006715848843127366730454523449885970605298542796408663189118077388076794442055486293004573092569571752610153062797932522e-19
-0.49999795756805641649475879214190786500972366807507867326690128619885682808233161959364249928379942213122238504504890201581970856791473705657085472167682988084385567073099159159653840533422554678245899 -2.387142000885497572471733180308641941050148384621863067359829227672693425592338935008357012942609102383853846189179092035122152036850477301261227566498011762945940975644777232684141654633453897605011e-16
-0.49999793401533523493427572641736426047849503167823230322560657168322390491322183333589275879444509514391796492962010364681875298921188685135447333188726058557222115697010593289134293285070144109583068 -1.4793304044197137409922819292148307379319962742894280484058602384159733567794081627904334944574654820515511800885254135666493640425800093968891577865913886154778403826194399061992656047436006061059701e-16
-0.49999752564186589133970774491112287823400590732032729661681930895608069079127106140820243724330859366231114129773900133122150321845501419931003417821958595854330616491190039792284439421818984960601261 -1.9206309677338715948872701894968008423258740182479496146569871500784549269393750657734034071183097945929900101239819542306562480092428178816489108104691271809833633704440295693962754584552173428275301e-19
-0.4999979100528522980947840666995462154522302310695324461680166061305660224513565462455110874237133037302835135830435878765016468619884849914810780782884577750029889659822817652087609442615572662597371 -9.2224124931427630881689856533397814714507098854737635818584218122864739322391808905289724003493416834019100308162196770004721770549521133009138063522955992107658652400483854163976528102530818215588752e-17
-0.49999788567104712066317358252876863319683766127744396834221760045516893495754334627706062838587962686157540109804893611663622008918334918387531322144650500101970152767584899838922501559077166069952025 -5.7814145502898755622308790132732133124313281910100666802564040734519872682561073727931732714839238717432183261660421193051479869762952502586759471978408718094218305298273730431010723030450258522179686e-17
-0.49999755648737680490428198457543882227272910656090744496103710567180654377024554255627852936482721214632125778711472913235444745339189735920003712021338695271441946532891228417884815790338950751837953 -2.9270195279085221391060134472670050713551304074874634046717043269212946322190542846989629712958472205681012222779967774866052134020156783657918724690670648381595521701777573264078454750869990255042475e-19
-0.49999786086007875067704526960972099920380220099274498750477774144805526366810475192894058024328433064881256679573638910793459294304634277579454669283578927906612506263688289908282059008158274301153778 -3.6430647481101752476871600478342670981891954772173509616302848405660964014243997538713274805318378434008279617346452880849979247552864473334077730049612483918341552089624350705435613317704484791780428e-17
-0.49999758675968602424466515161746575858193390383141743758791033573890505217117592207196700798381203851793861934508385401387323175232262213306802155552195962370042385566689790640766791960943072464763302 -4.4706619894611037539068112352136178337981301075262072392710246877132533107916714773489384961149075733389466597012962038734531979030856579581863240558187801398497653693715712897794302487468940741165216e-19
-0.49999783560981584015534947885286579717477517734656891386308245164362158357572620469895396977150921257860694617726814573712536776524107533069775727388288237589262071939749608947131981023716760672308368 -2.306690423549575617496697746433038374392280907343419747381140346889427142552977587725997274154511171680364194165289764585932156097828855587289806053749652839025875823740328404858161947297068878270862e-17
-0.49999761647290830332351323995441500521023031569063915697621572296897960950677590798774003995020193373657378954362199773936829514418210098107024440613520037953436072077879798159639525344817777631424432 -6.8447242689107435534706251443454601053185843050256967475416546862193386316692478338469981515584255366551722067157407361679192914096161229315739209146722221911374231807128114339793274029576268552321012e-19
-0.4999978099098263023228841666688865247928500783775848396358903519364323393328053055546176526596062136647531743278599976684082680569418073503081311965868764523713917205586213533000105056366275447541369 -1.4670999603431100629919170067970581828755136466952367566783394364121364966826355315603471647712748794442457130136978956147259431103331804051402070875603732166809243771272177808702768571747235894696789e-17
-0.49999764564072660132874544608252571500877698410069366194412735152401732268579012001740011933963679664590906425308878706603844733110690293266006460280140225510441342523982955525828228931522731450928568 -1.0506438695291504957051736075712818299292237239387306212136597087227318696098313454206540383737009069508490511494048546639635284894343913602332807049566141940028978484671460787327527367227039121795205e-18
-0.4999977837493665359984547638904800594221640647947751619871677243110941721255273356725834191568199720745149582965628999940560553954416676397109422772214000886413358661283765487274137614242594009289163 -9.370159126543680758422105461002304492294756688069869107991028284099476992158197661628510623148283888628680572405891797046921116128659572838083902439462986664334432495891385289807427408694442427287163e-18
-0.49999767427640783725900485613576594394011513806160529439350006259843797011560430477566740501821129166658134132888912920201670025259725749553943271435269777458394655768792835237570340737816835749882241 -1.6171588150430054849281121558816458216837470117750790778934102976728295656107046031452846175271098446515349387711809758960572070671789976418735015504970125512109171357906789332705708400183651106533277e-18
-0.49999775711737019653180263818074055212397556845040910073306985272125460760505170530786838266201185958089445407464179233340408382675469548435701510301107202488111864198008850329841860868475085261425953 -6.0079930535673212858579238087298636343745226529706280535077063370363455391181105163261716126136732045014936603103362582497702754423272173936177725046074489118490646478854718807271677330775165816691355e-18
-0.49999770239281797793565382831102120527004705988190746315866254768907971376706232055717707215880385972408124928035127202799717754422475803574963627217787164204297526146479051916645647533638322314695388 -2.4965170517870724605381507765454816185485256699853635748657570161186817813374933869315900407076338304582062997031394144795993137947885962891795686031325886014420835485475468260366074928492760005522756e-18
-0.49999773000243649147513951897418214618701220737363113025681481423307064258326164813232113280896829465356195329676404959105584987427976460305909856499473691238716999188568898983908160353334252282542367 -3.8662847332786530728940717658226045862142237655595457039153631502133942187365561158054862417853505251006173968242723777303824388150814144194448591926213374777967600867406919990645917609514892375345355e-18
0.49863485195053637305219941200128891439617303855489877931501113947394273122849909328954011947798179334691930880483697974463513730878974231465771222220177515746675627307532849695364429545188247665039951 -1.8037097113139905933221674722407496486100057398054980284196776385608838273052660269918058948113001848053084508527405086339900730792369510323185405559538971093947344417248256231124659772455392032793807e-06
0.49958001485407519570688257757033810785101900630384637041586669356007947697074913412751334507605764634124018678403689149055073867136922619687419095383360331390813473721373244068158337008604791555047923 -0.00052240938259728581237702654057185292099354025562720109721634070119236838872771941526574099142180222570957056356405161875206109595701785606158600231054850898116857580997685730082240025999405289463746763
0.49957962863470403921295251912572507028194198519678103924202397575784245811060968639727440336495815495246603691507323952053712380223925093174213123398398171531767078422270195431884517637507511884484203 0.00052170276418897236191841061302203106595046812102488435802195860651881340575627087486844239223311012109207676626457299925041864952467131861168660402597907531396304210340263089865624127916390500183044402
0.49989913041854015868224225488252816940381523338493462483273379089268619171255695419821558217651915353911022394393762522847455547770116145040720908843911825684609965054704241569452837097002449197643836 -0.00057986949853211713570425137101737353857025507754216486914501774457336013093806629645577461821023484627938687668588823773734851184655374373741878173051925597442151007254285355642992698619995958415301569
0.49989851616679519949203923188391679346769954211454549888342184387927058709023345133286528088444073988045513863911659301679936695724622607439561538282653831505321750148564198783690556997389851404771782 0.00057978115245191407287603293340779203512368212926086030378855561390973658366847226591544225156005277597807781088364259957560272713748559942731370190331397466986433388043295615652680613472023500726325684
0.50010074581824900619116725771694145273176096205273933847789266440250777682830217790429666447879991112513370770613421647218689643317721748472822145033286754554284441381628627128593839507384778822617646 -0.00050328707257062432217130083348455535914955245132099118444124455514788720371719990246317523305569166272531243043977292938055252868112805634181908993565001857650490454831230564330229006749797003589099458
0.49948073608008609703441952157630511302377819653736783383283930186423894393279177061484387400929766272396376505246032524504816784984260672848821421696270517739772515060589001801750140787750477744570906 -7.116151647584408620447546140193268550900260053981639460143865570381427512802993951582310982210502909722338841845536403558714379855865877515985308345999180902226572864871753697862272363173925293779393e-55
0.50010027315027905372204054547817956667341467661459110552150913677610695202919942051510151505422081889795294389311912325768778235104879636098913663954259465761517057703889028194081053631825777385272389 0.00050352915085145142048214417415674477446829520593818247243000848872142323555404474944418709148802630611342338973780556425919234519728419397852862152528829936502288533628949234693956714715182208583474974
0.50021503561689858696382657727533229955719158809237900298212896757421481235166383744336722831251390886504023278918223790094502532728960240931599894780839182042305273935742218288805485136010784683471898 -0.00038825246602368667924368878998716573145039770996739276472976519684783886773922044942964988710877948242206773984973865943385002865104680518291403611834020153646524966903022252355929520933577269165928844
0.5002147722937887084197173597356845667199373617919631659095825196159491934089531213301528600711052610069036054695234923257398668612168696325710818297654868683537793680708039904126338949745074191244762 0.0003886320184610694201499596316318142686666486905155281188373511216334108795438443960947261899480696871206853271286154840465643320276356146549698829670369155463002631451020285452402246286824172728129102
0.49956360497383964989267491940513547140232558223580028631664625131933054457497714389818917577062113740292543843383631018384783303219421004953471818422050833140402239951432199996418622160398338852501371 -1.9606141888933367264901698196496043559586417510752806377668364479318256412729511148489389898979883613601171896036657201016993213195661575754485417296178221855351924779554440438910825024520434147483076e-54
0.4995815956333970792142311713491415844120480739079676036558530515778506343773935080624283036276310602878170352932576457268498723253914708642684111688506961885874577995590539333519192539693039952964502 3.4060617217080278550940687373448762218282859888210953852336840426468779410805645274609895600312430357377588342928679127835935418807381681300556469705065029100729517990395172838004421965136859821294268e-07
0.50026622518314211413896982589126857960632586399400911640654127043555024236090697827553170433853295480369941024443912171103513866058502017035314736506940969588397744314466849881469034398705891971329723 -0.0002707482158353636896262598635885860098486578673397005572111413010992111198560783784116133842456170476101479873386353568787850355234349824233100652997524192082588649368427900275425064155490667356942895
0.49959743683739046191094011555719566478439295125276866439055487591336360744264215390482064414680459161428798783885388887008922603949356859315256093795104162996440803508091863325488470656778356450370041 -8.5575587011799387959182349187875109831788301236481405263806295755578976907365312141110218931712066745731823728149894604251656271592364492477614177338155413421988475698678061854996895997331904955742012e-07
0.49961462358185305194193287417587338613341580706425617333459882157285311765939984781330521563678283043282759729411935712676143566338229777276842436011907003963449389382934751259868249728428370490898385 -6.0163245309479077728412948499060478610159667591210078843831634467022264065770957801399553977981739139785609113531445921229562784656918810823463011083494225844641187423126461054552783591314414023971668e-05
0.49961435391322251743440378971806795735452951571764635077116768878275580625138010431531666441248995799992608830113675472272888446730097499138204819529337976271317720017215769239108685465153968585719968 5.9295341311289761942584462159486397255985701304549940974490216721183697949702200361202518239638299771534500303726384742990002152223621446440710150201223081935396444867662953001010299900789732890144891e-05
0.49963474041749679092664727132542588760577812739148973380627586520147174836455304175029229929153963142993948255937706440844962301193944758069707033848567324332104788180293087196514830376352127267419824 -0.00010910085685692455522468995814769626431119829449211049974773883410367076929341037888644504065833266251799560683533932690741867362415474779666678972921622828838171810861950359263199106393494803034951459
0.49963438703271336042907528790336810809905607163299327724071890036320620024460778951435876319591398939464163071537974384889283167996275791233317946083755777323854580116970197853505490871732770439749982 0.0001082814543858658362746177749977780082406582933589131868052469909578812132449628687245893814364880915561176760684559295978433392644759273841862156517474857865558355875287125761724047785472272114619351
0.49966231632228363438495248516816424049939551172413123993521109454456865973977707273873658418706353958036032957968419720177246249502765792430806174079817035820415073631412550561280243626133879858250523 -0.00015376622680895392828428039825548659033039431217811295645603499561033641443030126954809225942101523480500856048833615881075329760931994181330267059136231711759019371339144260100195760081378596532451887
0.49966183978519094094685605131447494955782869464655848756894634494777075695610453888208293093261892328237286345701789964190863682600473785585354469176387876730792646077599842055273756591123039514306639 0.00015299856621075596568653953886549606719146239280785926290133660807602240851302068555551871138313253337522900273606198360617322811790358862918810167251521416669170602488310059911564329728751126173015818
0.49969770501340926725798132313161534236856485194993590936774240861843207548711233352234550913255079335673168525475436636060164800165660794209361817259885598874355892539820108863198091290029499783977797 -0.00019247906023547908581304081373652438102361120869133084876869772242494700265886296050970876516862142830762259297331601162818810233043866551691218133711962949089258632314824568556781497758640099952153637
0.49969709654215941402777108457143180984285972966112683513705020725750479884078127771887046665331043590062670932144444372118202680946460954223785169959553016269010218937995005038866713904984720394284473 0.00019179596928162669836653416986219795910056850908843531253912062007669505809373013608866214000527841312599370716959279214647316465101123491057296318286823997533393898960057338893677136391462700695393773
0.49973972731469888084727314066659886086658926488730169038234142993818732052557161413382370649120401090616339758612845451275171685409722844604583824576806658562026134763409714206198493109842113532392399 -0.00022296847550332919994675017203958888779409668423769657755230642092724325652605089703944691980098047792686059632658113651791988944715836321026984671151666272867648161958399099025174774545735813664360444
0.50026615256793237563549094826199162267658289118774839008286598614330383661680447226149654241840707987149607868806314574656638375691158286056795097742903265311503186441569342008529857376210659553399468 0.00027114268786108400817186110596729245960170908127119814761347006732523502342605901133768255062308454780881031358199095261836638352068729175317735753150357403948907751115356416952960931829848122149737401
0.49973900041891231959057677430669311020626805605378912402547893849546867679102915058337532700796632994131627062926554526004321594212172742523679561346267870663521847981891160635728358664914557655113678 0.00022241199386179852412597113657688236900597862128060614236621320838245458478083911539175218868325256637273328929403325515654377230040164469453027995998658969517874935618261024030659762905950658519543999
0.49978595029719987379565375774083885421346246275513340885224702619838591855450647729021535608304654136983037365917087792504459881515126138610838170287446921166133374041012165862464241145484571497624185 -0.00024337628994870332493589976218503727824620924474382231532418476909409639111447630612090345559643951411896699371556695615174286895971531787749916309366247229509813299112329618691438486934237769514281594
0.49978514094613576332496663760694614408546243580032230277824519420138900639495235122384515640640843064109796981617114780364840848750732088390527796929975838150631905934123621654886046860605215656528625 0.00024298355042009128934936344523755858321161531884610024556066200899995891665447100321797377202783413522483934150594393077545108833825429426880569504019129295742795960933713098786477678034774475712803159
0.50027345538227138933606156433535714629838505351975591126640827807043728493597448616058293376139862582532323055657101287285446922030607364075282667716736029894510592657378616481025383264481095882429298 -0.0001668297436234634039397455636745586230558436599681651127341595180128798623389086173181289905898168135831974096115009483134826521829511394435266590088763181634583527498949494906907693935745738879042629
0.49983318224089673641525703680437933912426977200914890594621476093472569994834640016893093637164808231171133991923791803502059950881849478315429227021792211474132635540289006731538755995763010597619069 -0.00025298185171363412525713678849152309627366221139275038030789796871705649771547362931931085955038428350086006642461207474463570508662947091249359817330984192186480306082939025357186963239517436557470821
0.49962814224256902900167602476140945823819504779035525405541277871134511442166969888528985246887841011810410306813855361648015661502712146378950183233337457375203356949203017715468066405194421995449169 -3.3288750274590708338087978818842619296793430306230964925402117747039096596913724427670826901021624389423251409898591309827898911806335412026004477559550213676731960670798678955806876219167655000547507e-54
0.49983234246521273048401905797354012122808577899360650617741043917770645460603113177398919652691567268699385013703725274063213777303536456619529058961167260194710293683422369613784785428749647553490242 0.00025277265861897405455900616434072229765127435612089593538296699884881551980555182673837784597138891107512954601235649798844123907101405886382926168816988931451820961726133398860308588644424871465778707
0.49987823473420798418234538320692926765381541190859108337909872111198725106513956329116557500780756466459491188133760364943111853125273940865632597156309071006852599611622872632708403359649734910413862 -0.00025241997083882255541211377058739229779690761986067767999097856674504905578888073211837684630825802043579462961344143332305444944571327597714855716372602367320089011517453245498104466984880802406192783
0.50027352601828946915361650429244594993686448598572436696937560194572570926345193506975436662044429970878966775270783332371579545680981731344250118333382017642900934586673013972415572419783181491722478 0.0001671670918849757704970063555225361704822127566509205334251818452631067095262878976405393059629013403069038984767708882293615850701009351779077446405647662311850530132647260935004825214299013073423195
0.49987742117716069281163184950878393409078859718557892499034679972438590559323797319649603078562281142985363886841755571418166258458303214021281856874095210512280207209381516150601362791028212523993201 0.00025239075555066075476343261509953312977256087695223418762441765043886615244155351175274580108497154966714575281742045877875709936429979087097568084415767015333890824388288643732858304078022145427435605
0.49991856247394523639687262961677114063047019515951440273950654810023423396934422247880085485615674853088048057261135379905495826370507667411569150937594007548737986339176054363016642206188681976743568 -0.00024343655557523357093094936044980844577370904883843085370999273627326834926212343084199572500308273890720009860875219409790174131325423891519254957975179976709016050529307192112013849969758509825034104
0.49967937399429119564971228067707392760939874146887065747492819731884081316755242338045849320921201068838742813715230974913105655391562905832723163876459225639772886862666402315204594596961172524252774 -4.5252160209293373992051319485550947444309609545508320991885174104789445615872761880949223475391663775421277960856752063196796590354877926971363286615485207428505103507324302389944948162438966354557394e-54
0.50025140355716113557670042742204311249087951665197902415046302738761424462157507944283205691166721040035060628264584267156848140897036570887670428583643868832579446465778740600549860447731868889215251 -8.3284096601873333772403645102175372774352661102833911283934693205230572962569443248731389165718288913278225845449862813977532733080960197066406890691018518002124640215012369393294074774380245513237322e-05
0.49991782394232749607204917387805659254244330688061912714346688786212591199394572176524492308566315932217720531058809522584888327503796361916365615641786898969310939458560949043813472622022905435705578 0.00024356150389167601696539666820671996637425493679917159711472623563027772672031689184761834711165592246821548567991303570426873470627518482574495232322201891449535110330320348466912216561413350703669864
0.49995263283784876124948449546493171425477929296591673618530641545694642975518146222755194589328279947283911697899266577899937134296092309661922154490231468868437140996635271326404357758120555096464522 -0.00022839660860563231064179478372872345679468900647446072750739514113329943168549678611672577722624944620008412581709376473825299509404277175233447675287891347190266026925554542474873029601508235529379791
0.50025156387817723522939647247819556439802540640481679916360407501993110951929483541301383645805739575755019059523828349845478369770778718906736329971961045882506876477566470075314248487840252585070305 8.352618198169592412860244127549822138114046295540305311756416780979827012471225778776535138202364734002564589772025905229343527843620215315065395769818686058138254051067867596651093356140653581438181e-05
0.4999520010556087648362370206976139786913935759461767383584849078733484885647943959638468370808977930352466060504331726883053080956571706777254837623783578215306078421174646554922930992555420898341562 0.00022863560604310227564710462339739493076064666513759739361758163056650195051984780884409751059161169798961951213680879442434297524058058060527824577403297154871094500179096251373099808307074893996839027
0.49972071694552813581409274302585507121620168748943096373584469958946744805730402275730604052463110247829232400314298458871207834564976919068562029386634827165659607980478198570541878433364354021888921 -5.4262140572332573994323240021512719795827229847749725815234751692762573523962781186380920889176684119782137051275253087412025729881493851291008081302434149621841007950047842974772906326191345853548376e-54
0.49997996377927970625605442916829970775067931375747681576129000017053330966569853223489516976079262573097442474514633589526661304721727459020020146840918161047266244913708178607631622000375188401977838 -0.00020972888310249023888559749135827761787182611726562659005050155720897261935578643238814017252378068781114998432701424274714359088966955612990240277843046674617873332425396583502061319665243086836675396
0.49997945093991688370235839746914149374719831064723089860005076416748198011739942205468332994289088417491062297913136528229959656114477610088334226909238094260810616001799906378026200007771643168785728 0.00021003830142998723128842146603254258317080513012499557105874419896356800545581581461812567853448225954153033574036270486395832600824279140261822869010569000050394507461503792139406808612731372602896557
0.500210661127032949401392287495976988570338105478125253773824626733718184483954442726514546559134617397874843152626236802976237370002685066119963269385117131777599482076443518477194858589436897542391 -2.232938833086321904388693596957788802567441481882496224783168290842956760278481496325433694664679349959888994341764342914806183766430146847404881969459430897987998465379897336942547991226355191497941e-05
0.50000089237353931752309302964724554904250568556757987527405412490647763700101781916991765803928514470114302690895968661396381169532706294472125977958145193207256837362223079722342815148810572831645177 -0.00018951052539366291623768336600555497091703066591350936919812929259901046472949001177854866993175559372746125023346456032022005953552738347581221890711466396218728241132443341420221207120269765855599824
0.49975455875576953311124800297310474855615268294865268403393731630612213226022349485247087683035819606651380117775797955842289336293195645901798042612874661669590069347338705669025560989320418357184688 -6.0182477540537519011316313112731477547875491379361951345000746848840765924602584786208828951424074825190229810860867687378727359754068345027492317486769878813187760591051087037552759647853588819073978e-54
0.50000049467264250738412618392972012909160764210910225416929050067994879071283563650601250099903518730427782946791618951104642166682541007072699842423867013210057750419707974646603483925482537707868282 0.00018985188931853500585063499452345480341942377221258774663470490798724887076496773112801166298852875997871074706984303595895180137451482297280464604333282396408017881252478106359536508186013805327315001
0.50021085723890727852535008967949091743865524512679477282772116868984240258283548002346953582342179224600348236876614517057853207734673908121988896860060486845304869873242502762440477027299570690479341 2.2453091541036702058160070195084127725167613312238486280826498377959581510044481494721573830695132555817232429066613462550779097880572287942149033845795341572679978039715686696804289462451795564763443e-05
0.5000162400112940174551773942294983051319491965903908927516937773409638907012119042356900258486821880297435567126688259482665304200622113066768754190002578842530775647351021592732495966972800162719179 -0.00016927696091531176064873668864930997374664834895979933389579429220666493218758915389079876775583162363473730648965654550112813782099864482211000116554859598048340174625355830225385252381739119555617395
0.50001594379394283766765704287198451930834018883000221742948091036719009724163098184499848968927604549246374781235703223395677400031462386466108691345314556167865262559040956006632438600055086382115276 0.00016962126535600795704429828557321141827252918062502997679325333097305051803255792475770616555281844035691045537387314735169425300840722550160922529836456254405599021872006197979261843976632121541580414
0.49978260836188690780174182462818821986244370007899740264929694275022811189092970439295797411032284267495331808552676336484671912268236977994610324469567010192689233586428120685021934826372383435706907 -6.3404337618956006730725804413294221304545588612405533720984805977520633454130473449164589011509388321476504718867669545856050822513964729434819250012787041762906363747957849401111756261188765785968944e-54
0.50002701314691563990292066037751686323537149949119566793830236167702544103427957900677965015511738611768618112739305678209071453581676151701537839800792510229270020287360092312950754292539981432089964 -0.00015001946518142607675982971997183934111375203594116186916173472282173961608130013127571690169032021713536726589048402014372565975682866883439485135690062939154310883672860901545610286715187573083231871
0.50002680066521222994018806294016640399074244174150149333178392603907099203886538115003662214688229282334385346259188966239276980257236802516087321422743529359030833042179819848991125344070499017345769 0.00015034766264177945376748101133325829574603430923229667128288902637421919230796509307988989505546450455796096687577214546630142369853561150400030030361539814071468719037389325258644557035430018017348774
0.49980611479101238241861908190315279974924900729329999095772081582504721254671579601477751516993981362011325296780372394892767201599389845623089996146418309133281761340861889736903324887507286177798999 -6.449003586402830534810630710207729314423036133693746022195867451237621029277155579359851506374623158724253823840112318041821512719878310802872421993719373848814110704090825951277114409954080285843387e-54
0.50003420134560475360809927689559659843094103121831319807511875798717299018976745804602349716087981893681200455033811738444015193711177610223665354806474010665418373350082678324562741889851926657405941 -0.00013228496575480650488169484900219407977403184539145118061851586718102474400162117414100692550575214758362827936150374889447313538373605048238264097438653775130830608465334206463115157789238414899893941
0.5000340547295245712243233024117487581986722497014933382942767676692684046911339858688913843809862853658802710366039664822557354177674143831366908680513997652164593249661852488411485448501984364475861 0.00013258630384216524019666952572506899903566766688110581320694746188217143514029214366485984583893588937112760270734184972266604281910840472311626826347599723718310695090249222070538432699001450221850388
0.5000386721235004293527586491251108008909973410927792995943225599094865975674232475956461095196439265130595149624457445751142390967678610172774675171421651332384943012914211082208654121708791785007747 -0.00011630414290657929696113605885656020516689551854324158572271385369015583124732632520978693902659871749241348575699238758673096674171861166900440025727815607911170823586669157197926840064255664717610582
0.49982600795209873561352850489855172993432068631966328778035552203423010700361167774248432307526114924410597188144987270138173351584912137214835118597896266658447171703933311592389312939262592146158418 -6.3993947314628739438769993936206512677143256966232764984911894303650425324998432093979442811894954873374959558495101745094291651083202427966296765434240717682106717003638431881418036973090967101477531e-54
0.50003857549718051323195364146578148729899202392652422138244698975286526125892280920356058030195417335231445526384891731455717411055302420272219090778850315170189406844206631482433855908774118980083914 0.00011657384762521909178657475522239552582309359808588415843831864554186996799147985817742162164364372897176526444342134886431451824920463678365658683872113692016124066187826876896978641422620481275188395
0.50004113492391250532451096685940539891805763118346949456175622649060488566325848380357524422616321447219370254243608435736223341721772025327286059466231349456395808665457675456840232292867499328736531 -0.00010210607672357949478510394074346346901717713377921393084549087660604946067574404333428338277910441269598383063486601705447862243133405477183637653631427903829664644344957640854634295497793034622620879
0.49984299163027979560372946718798266093653969372127659919575411034804300964249243099548390027179835984763024017601130529163901642357404634543841854280792310319711022954101937317513952874061135743593085 -6.2390046714246217222664081846564807230499315414610517377089912070811644747778190659220957593321556565174180406485940873474499466199564523452341155088296547642173905336220766461905022520963564343928058e-54
0.50004107518123232450018253273215478511984132263649675009357088793861542586871809140858035939394810440508160473200976310708396661192984716513173765067220749744479631774455678191172193918397511579003738 0.00010234323330679451973651768727864650598489981806306695821011449189052912524504821866394300770934089471001037276883609248391984872936528774582678178610152213905157810537187240999288480510962253248323425
0.5000421445510333267177379201676851691341581011835241471342501978538716183324099894314855553457577469896312913988284180247712786107476301668143900939690692731625148943937944959325812416002072418712686 -8.9604629950396952271443578431430182019486772724134349692647027344766040384167233127005639474158757959792756710018966288547935696727516225746434966600718102214038502669669258403048600499956383077644803e-05
0.49985760635561490062514070926601360446298180511133751153025671186601855243812799307689506066109165210207334686688916116692555864185634024874761737452056709150416451262845630308226518598388806869139748 -6.0054134912570968221844433836031503282057904709209298852828452895048038286140318850769529510414212815634743631380219225455879758225304591704405050645021464478817182110097335510264436073139407263971211e-54
0.50004211136013349023232445501691345877976678389896661640124266447953954029873352407841884021803124088938375507290370039977759536356726542720068427999144697251499618851625699182443785150972710854293402 8.9810571053869114733503123638857303293794511089847995893352001149656749090382644730583605931197728179115563077402568698474635575449082746248909132861531698795113370159505397771342930892620636486837625e-05
0.5000421223550982943400166223238693182284665247076895638665383125864153039571898872150708098908363368907502970202868956362212979014974874693814468706543982410188782293293364161072473151709228488732244 -7.8656717821342028128213075567297651560680657200263375788767165873278998812323518384924995688302238985477355611381521046121464819983114271436452899370888963966783937851937054870924514356734039772582046e-05
0.50004210781048661903530679256482758359570577805704586891274123277101418896250925038793557379502595207367524897251159801767213490366584701557953018349236349080937419661886228878423733777893060686872639 7.883392856847252084696857509655734743035681422579469254722075744850859538019097518047795237295940190882159839003928016701399547298615873335562946241980736047363497452641327076225720519447870660467671e-05
0.49987027279784018601529989986624330018170539246395528169710625904776977284516553309342367774153503626565577030260456784804069842694482071623126552896374665206594081764576353664065853288704914501557063 -5.7270363058977732257932375480450891128227304252053871098533853249282318051393521971418085672808487350199066100683713533576779211335224631605096066602408194630241132451993406423243926838339382508270665e-54
0.50004138228962684524787829922770822266514863692019624110527507863205897997976842732109602605425250970800407348867106584671749945232930725135383643810928549283613432207513493564009568711403213459231414 -6.9098347659246702173198526479167760096667991329458274129248516200931754062607171100877848276679878038963379252510148655577912455111789682518384863916392094890533403429502154939957652907934790101899678e-05
0.50004138045998818420550246151482799696635172932663261443090693138192807607199120427708871337008321013975300052806277871615592422646624175995032061493399995157370224711669842149280064070508453774404811 6.9249781451162004133689645763290822018769284698074759801112004679522221623565004601755261151503460380009799985352204400214439968728799063507720300084789118376883175459069329300862828873524937654688393e-05
0.49988132228413577967948296355865609386416251804955445870525279396762187518098575741372638654692475250046519106487189994152717273864614037120866734546297148901481710318360166560384351340913070357529853 -5.4246325411681458383189181523791383744204394481783577305995345936563446174830051388130916476689132682001101499842730143711567389081096708173074078441905244216937626554225879662387724199689597250160087e-54
0.50004015544131083137962093108190047879839462435595096008187162643336295292678051271568635454368557605956134497754644370189710346150134513030388411814178201701413926243946330953844320447237655344806353 -6.0765124366052791253373913414306552963700117316264209987365395195144142132624209844330250961181134494124302109697362333234827847732869212866608613739944068829071756306788903896445729019780418627111572e-05
0.50004016193592494722546821797658595269069822311249859493214429760209748365150974024918064473983768100978442880299908210643023627011958939155010736049741840195769803863373396689591497872801434656789155 6.089380588478377256391421188022396778658369099212401598656164148721307351643937046420276895906891989347054042238722135646422631294679457179623131414422054331936959519823786839625339401612484799859989e-05
0.49989101862651669658856095808725762855994705852265476904624934179221244759888557998987648305817261157338168138308820729862776379269962629456770288872104944197394178454117860341030497292785229875252275 -5.1129414667131182904434133139486769546331055859314573151978993318180054586132909898256187467815439738612035562633514590241350033575121431602230011253023975833376502633866987801619137801216016810613795e-54
0.5000386105580276736747072470971202621961551573988408601766560858914024057313677313508039189225421306712426124168151386383853559274379716392977776184421198618707322169272509590691494400060068241927392 -5.3502789821175713514962481872736337770035942807299996864426545673478359714850176623056442369059114473085233347633137042057786263086034043567037996371092294278103386885073623311352727913915104989674132e-05
0.50003862215953010435536327206236721798056235251710316015933545321371323723726714348226379888978737402859490194566362577365695857335717121955567136433759238514833591536294679776196237476608830827883999 5.3611602754461675851423215304526852997170988057043810219367914153227707396273959664809101923520899623037183667324775441228884151217715251076189191628352037326148047680107185756773445430246570403855914e-05
0.4998995739748573664540109051743045227934134429078251393141196919718224882733184891678711378378004886251696974413338342714556587753659007960651868371271651835055774499841830348605985736930151053414409 -4.8022059605474787583857768266478555646734456310029155317826936298628613574589038147750813756511569776097562007962749811170889121927144899080266950662707668328828762484332244175197511107624916031537471e-54
0.50003687015955377034722209349902044941807619920238911896640742666326224029143734330557643667857531784780902690448724844466184106786100710409348173692724834405079537369434520750610089612024794010450965 -4.7171805126007376517117852159041151155427627735219923531761101416053148841463127610642983855296420288647529584930111173652885639507547963828005372082025664945015639654244295782839365310436316648171747e-05
0.50003688453207018943503072200013596746333032661018297467074837491740487445897558595352890651619603023323343917619990839591394306324137683615567227550279559980660232610560879947464145886230461723780519 4.7263391495239658243563810014784725569040782169712138618365153605938183474156721065272808235851264712049826252343231052768204832817875276558681613618865345623393772299999239072974354645518581596773708e-05
0.49990716049304721164753211090263182226146039462104383640339064141536516567615245805386199522654851785885989946352304838249740475853679198792148059117994662289195007793782619150133206530382550092867242 -4.5001404201152268488141495114386830952773532698947015985644748159454366190304477827712592815440956497237229304467697785606742289558196383757066477291411723588407293716634402931999792307390058129877109e-54
0.50003502272334209330985938415931201143107164543122282732134543977602465758610716600206603280882857744002472743685496327702876157421754053177034386477918324033124170313117861684244084057873464330125585 -4.1648607050836317304280668768790268012714341481536201802614579750622298641217650851840385919609403665530909822699134029508218297444191855181725473547381191568383248541185072547138827374072035151650018e-05
0.50003503818838062480023124443094853113108885516270464696113871625286429012921123058900926493130505010888410587726995596305233143183114615278478641532314564994961292691687125060295995650649847669057081 4.1725330475317642354630034735267603305301146473420113568481586470927054126333036116856817639712903318929927302411292702972168187789191904261042030852136349983410746496887836847359237278081273985295173e-05
0.49991391906972661792416134878593195956100105040038335672086969921401957834510344904775474914358255751102358213462885630868780398937109757533975352483925963470162658522322011771302301112574444910627592 -4.2197103211347539256332660749966782705036537004331335145957700978629715240293123856429245757505817434540957536996009832236781713568012635286769675017553363709832978470183953416419435068178701754346953e-54
0.50003313171679924554560052690469912971321008324216486921433889113796736915338525070969683555044551253460594544777314079890703178619127658111356465920034589896619501087195693379166136375466017232294041 -3.6825147349749400113825015987652880527859134222209451841577815816047992630460513658291518257625699737374038770025717374872210787029560701037236858819749832003883007741506857354411154160949692237293564e-05
0.50003314708423533672910313178934684643627958032692130980129233287623338121726253306975137165530771120788800815687474225007694956072882276597249950681700013619615948734539843857333388310271737115101392 3.6889091033718307797794822327280666488134782880943173510224040360017746055706852671041413716790297437568414101679949157662840240580965697329846085485660032695420605307519995460204681949681402733933532e-05
0.49991996589378388103404433358611045617822944553696632383937427314942563087596012623276709751137994711951596256852308525024730446305511838847802835445428445041427444903681693857198532212117227388292515 -4.0299672814547583259288674088612501990650047772153448794577859395524087615521407215940032779190462085804307073353189996476185918661905351729744178648376434031167557125783260916375688050956729099155848e-54
0.5000312422295378754777180051650295775458780270028209065853131254897111263630260338196043715186535596750427149203568245367746204252606027442621084677448636345306434983360869719387937561643524373845786 -3.2607640952523627324611056079395981029599045399151881446348351403475330584364502610540625241249375104652896642323676055239598925025530875274319583271822769707409712814606069866226329883748099902810059e-05
0.50003125667119943274256788339254337055068185087460063847316828860260465693932055845783457652197475000649593026676112928216156385842846660046565246686104493850216890315667094696869959233950189091409473 3.2660623274791010276662221103459637216903500229407962326026184766393527748056379716536445263059171045174618134240975267665521151164106795712864830669976623112623434442276236421921233586718930986576071e-05
0.49992539747228666072338130562168505133581105465825891917421278057903829604384808286243003890718528567466251625657698653549217699302634510700059703577160046554750186353337316825820963946754416644943968 -4.3734056744441500788516670499338760620915343368987261005818697739886616585469656166267849813453842545957185638282550820421790492705390695833831137434059789982324561642118539634152967263116530351847868e-54
0.50002938583150239414772737822112218976739482003237716110429296501834352514548389850622264825608891088360674759783720386273367067770769967926308007107564367100356016679471200002081155679462393907170459 -2.8915027258632399060659353591559811736981765459957576274951302160668522986379675260592781923911784823123251659791200548899264312555419513257150306070212827539873897316775870790505401545936634127661086e-05
0.50002939878687851951633473570086707955527351565051011638028475208445592357368703918490550059884985864626493498339831850322442757406814051961967904065763126836011474284969209025095899092598782369650447 2.8958625273441824633652454928343699185696464700080357378983371022228193725205720695211384996574160058358872485957299660591925273928172952564719145126506859645980814767273126574314277916071599012454609e-05
0.49993029449852502666626403895078094205808513013606251713945934591311665526866870646707434840064250886487688079208550477714752329037578189887802622430590450395654279990717231659742158080187325169881233 -7.8410094819846460621868403805623671584638726039038982240546478953088062174429655380905629700332948446421461248209799696776814994988258224138112826409641407318892526914853904746195855063590698307193004e-54
0.50002758413760039318174891641347555428369406522204990972166180838927438588210977176789616603678988438024886324115219065295944845112766698590781988193229056554464527730963798435145414076099585007280967 -2.5677403260235815061529492421429688111946935964740425541260916424151774646411829817483199377406113803786767730093426839642507244841670618257103134313529002751818966483139836144750640482933833390536025e-05
0.50002759524350521550196448159421639718494260075670816927092948893922042632772010643713993713608719584255044133130702154092452616550098736823935635065766947583801367964988452068492351115115576527724127 2.5712978792262801548844387457182210885913669340849123095297287178408832708578570650987343902485531717185740912783844836247556307195473026313805159123525968369238824206466241889307836478884632103086791e-05
0.49993472486164965300746238256407435041540909427546321736977597764078621403355264426095547704266938176993778497287044665102768024452969084984944918126711892053994406051515708243589003950685502291916269 -2.8146022216059331175437211801726799783937368474171810884848531189014694718062476537448042943687857210077845069622032093760770860841149349721481837415259873405421570890127316042768547735851963242593933e-53
0.50002585143316140154499631059639565806566045275475907005362119215568234432134861675875250002888466365750329663249357592796619417854511013520983447039943886253825720401220040806790091049181038215741847 -2.2834550997270340581135204811087185682483660693982872135314483415512046084132063902600698385655852485389186301778832814889625807761550404781854412932699929897413454115938285197033422317779289513892723e-05
0.50002586047120309903388821364848842052169327242681808522739382201145136432585604313322608918727432565536144672112248688586586996466086665575465995000033042391373974410882606248072603091877460359321927 2.2863276520361332776667927014106292152478906683343517422565432348576253940649591384543832043266528328993003299473565518569384818812480728417332146689361003064995358837041014103539226847610121700500733e-05
0.49993874600884851410588066193862423435870812452300624348028793575079825482012671441497739764737439117208743358552794110185487563772503664316272427193690488901062888553073872695199191205722831820195322 -1.3165813845519869507894502858307585293198252122433821845993262171056285017376258041060081133913003798978254400193284446379880812935699342260438954630189533866243372914837611440167805543877918329914813e-52
0.50002419661633153532373186179096027824205124455793358316092370100258024603459082080113695106804651891748949064078831131053730939810195791127556572396133987145346233626643633241974689217508737140315403 -2.0334609316602206938483277171748348635136117634787115220047114599504282780822786022311766959416547972849170494231070860246459324677096024156180948767046261946001322146516410799631162533249185756147595e-05
0.50002420347362737309048929374437545772324610952293536384967486360345187034160276413969426514866372719715080812574106093909713694464513579561690362587530997395441582615553495082243821901687375669584435 2.0357492217157540004612115582530296111548017262775581122824141500427384430131059921815762591908346266975353509189694431499661644050759808945784677731456977282326951543370539749733540306325013902107892e-05
0.49994240681444697848663627795079070915979163249809812336920204522159736640673977509478531940708886499965168408922586090177289726307337889272246233677554402039627465253124837810957086132370278114303005 -6.1530364979127380242093761958094617200922017334591462005630756460880182497782544110243688850496151627838857808198491857821226856805798159885957130892231954329117890598599068577830835315737227449620186e-52
0.50002262464123983431675469878028368378211508279624239517695973207941614428753323255184464680550730470022133431250714128492168970662072566651534910597454600282374846769905124574228741989975922317406004 -1.8132902883042919393163676823184760429200314187720695684351209656228215368592758167140756575596658478269505540044121486397040979367279058084343549041155039424907110453036685354463502872065567025820572e-05
0.50002262928101336584288663557732834287641303482282306076651177130938690598365564400272257866576121869643429039142337706418054886549594579006659531993110301119288518368800374280332033364652142550758108 1.815080749272360712349002911518989794539674060089406921656845930213132330092411922544938905906051141707719956424800911500508493968064454760130983784819908653942758203167460258887574635136896884865133e-05
0.49994574907011427404161374527113396821458824256561454525142969180354209889404129316195361220834753550766692951013899029157322798134953556026296997269502671477535759950361838681268989244731845997837737 -2.7179344191517868189152827389168718047216238432047816185762708396871450537042040111654768344042072151262079583430527358632816438019512031154233874711750322882092749841633845453456229746985651357623632e-51
0.50002113759399444141268037487777044021194795264098922932315017818423659172920152906178090315404328484944228147043182866450098774650171257748697945160127278553852614441013406466780172647370426939032702 -1.6190923512757451576403103911495347155239740099131828568730048717816670241258001315321129209568853503776719025978686095903296806367526370159122587464058193413841665902770962352553672333299609246145533e-05
0.50002114003357057199893172029544280169418904249208642986086923322563729331116327198832880876947328546947546329253930226371417357443190266793300332970845000632295770233436903351003597424338007350421126 1.6204590723493480245909993092467752085369002449145125182749011039375651261443495757223773337690774149535686450128554962413468534070924286451812103244074997183878227356949585763436887490800989558981803e-05
0.49994880868145848000287270348135580295767433633103408623010404418377065784925990364403575632928726330118883395640187384081167434215595096819870047367427893172415640759585349882163841668505140836731945 -1.1295203903267358037684566685316201707488435089511958609377134789896586361976099839834115280542339454041773714407294368838631147193200945077576618989577930128531555174754653123546054620492507528975708e-50
0.50001973549686308501843284266854438410279973812139219449814009966275107251341744391359856637805937268743217045031698593626760316074704368028930939918264165305640042152654582698604691290851881566021287 -1.4475451069044492538405854141741041325127723480707902103208213473574969112303865104014966905363874605139534870175563661991660113715816482025982744060841956468220644122854508367656179809189217555447135e-05
0.50001973579121938292358321719652851196460271986129291540965561755016740873143355688138625681693735499671269288051608346489619199517375174728787888646033355735634487661379031773489436629398406880399067 1.4485515571007777230366800200757490399415320329732261931953531236407280416691959101484110620319971426870943409456234437014544569364436753104566310355523701730720586049066170064509342728444524700320834e-05
0.49995161663529454031636992257395026156672907118491879079905292872018909279660734679916384178650203488470023408390987948338195487633677587048919081218230780554400627536153021515287169637286069531015561 -4.4335138496163396025354191641919887050322956154854909395204537649893608127993741493836302935650862617482564100032768943454691492452956735767386621538498359152343953411693201256810600277792965838759074e-50
0.50001841690999734196478606588687175992173045623796496447505860045573734004918283153510741377618044222228213018295368983948243989672668815204346990510445021100813750484657013331242597282569087218589469 -1.2957798458579372435333990134473902537598655443770864666209204766494029300452885295170699884845862686155472641167870416799117169581142630987396831542891541841686839703557006714285198403008796761944644e-05
0.5000184151394998394174256865102674312908256982457126856613271390050587728525589067570063292874130626251075091992430955207451651338444228163734794249380536846943895034539384353950904928002658324788691 1.2964803756332457807708133092950628405406614843297172743709816517407118087966505664235800062591490076643986153185100612648054596738603955630912008755169417961677962130067930886359689020874801970511985e-05
0.49995419978646192908605827219115699779694725941934988185815878761296279467270888782111413362066992647214879568122121519474847028493892913202073354719338965605118727023570782959665955200410472703009908 -1.6514833066400149101922681243435870588142894494898246687558384717393676778444846112306359362682966191152922650245983861774199395052671329921950057621943098751334023277565033558952315773049777143319919e-49
0.50001717938156099742774826755227853070148068385649296239307119085315293797102323194536625972296235227294919699744852091324379251131060091813482844558383335285696241901195175195683303406302707523709506 -1.1613165088026919488119126461818908681751540362011904172135469738669503731394015580151459203762179215048711565404339420224821203814514412564102412663711956578393158092642193777627095143735723640110286e-05
0.50001717564285770668104032974990430498711099406885073440520960006528514980060282107496800372503430525981009591084961402866954366777416198086648931403469421249267641992183782358154338519566044344226107 1.1617576500938172402751677498842901958694569578756834441960111971615003519459446333906006674566708107488723257999797360407009201591199688985696168639165093725901798001133497581193460768202371693087315e-05
0.49995658150165653971984796587949251785722433004543834654609864239869563687310017728868622952321244549417787718922451933849291100744631989746431162051708810010233920723591604936665444415542262519070693 -5.8638126908211749841946878586384299498069395766231724869992681110778227246234726301958372626502333534766156543046940883706120714140171356087068751749006373604598993129982117774177621392788109835173106e-49
0.50001601978385423702947333345291183798094846328262892955248298692472324855608298391544045481971270563102465326727037675468398628561267456755066744166979107185202177048108980031694117426252172480489542 -1.0420084128188180059538225558876664823066386824397795158105090778032512040173446669917413850955152647729881603451383671449560754815561003182722564654009762293438093986747045310018414787526984463090367e-05
0.50001601418315440007495402160246338076433935829956621210595554657726056327358489347834937159235875204162898694322797884198692126220039847570579089891769838927185017245911346939428139764672463670951611 1.0422299996573040117862008329082530987982112403283745571180120438606731552228253266422596176019579112082459696210224051777458701432486360842898961863226115871140926768883097017392304735165088242724891e-05
0.49995878218921433549871595325875688857219338843380619369584065063095354075253925063850766824121974557097601609776340092366228597823165321961672778358988224646767327748988537197772200458084942451430261 -1.9922678920485348138411397460313866741248589042843523754929331570293518119247728395733422734449995272899689655859766290390814833325796334737824083693504358828978218810200344454226555268424789685775647e-48
0.50001493456342086847815651504753785181966673805588581497820365354268445889442129152296285309728728984367937852790464691336335489803994373892762753172821713660451907627428612049933358053099726842483863 -9.3599503884703143175548220287522022059601686934636636354631630589131710701499222019753166319658788293832400766736873787982668668747293407873266521884734117147420577137786815021860926338934503032745726e-06
0.50001492721157731647074774733099214043714824588014210002794023724315000929593762891637303278811725354359779162291791076764638207703069704723328450265815426419599125841075065925200456620170757844349563 9.3603117029366920167195004502308676869534218455113682974107388649653155121222759196455326088135194062455445835969912643415578415416239117331790205240093161348342356492014423995932885455185098993044596e-06
0.49996081973735998019378771109894477978467383051517397615954668056261789358604056979153036198695642171136983356788398936172526854242226562585195573071864263080001012899737772390953883071050971729424216 -6.4991268938060327814864248501044840686765258337331035986747277145218723793859127487392999023137507639322906215747720612122976623233966457676599949796943464558987916637497394590097355927047879190004234e-48
0.50001391992610813253025252362702274801461297934548172906558440482846291844760900018227016644477995999670580403013221086298042402458966207056525613028684234971517455863422581272391260831806212731397568 -8.4166171785890613610892235409643759923646285664594545778887905988936064682496992609998439554188971325527128150553188474621182852847884436143247139572464559663157982652683396768930863059130802320733754e-06
0.50001391093506168887858659720390357478303097468521715326353154007998338299908256562764424613022919340221759212738343889680212319549741621731765982415414125486551066873824547241260688993962452122305746 8.415415836072007137088040060968901341782614012949680554359547391835468823864226194805689066704121731275003559818042701089787465578568613682142487581006841902494886627622306768062662972521144122907706e-06
0.49996270987855555062684373691566356661450317180155822114675691836058156475053261993087417940553974808764214749964431202775464356392531999727947085605042788270646398150162231321401218541304854353835363 -2.0417675944572438777164552326808656066156815190321028860763983995109438144849364923723067848101606430666719238982789007097514519815720033850832892981298746558984993952358912235273134471814027628620926e-47
0.50001297197287546597468091832429013394404872028640482678057335940528547124242907901904755984492733249105559184141151075134146457460783756227483988364356477060534806650400855920974469421425160813037153 -7.5760520582326074952343922682873279888982804212666765697654402482183502104329150830614674277769720989667862840682849776464172165308591136072511897156475498180770413716518063340976005969548270312751638e-06
0.50001296145312670750624231476569774176021802807408859829589304230220815374413998925066416071418639799205505711231730222644192023916162056613827788852127940669195061627109921883393450229012693237276791 7.573537929606135653676530437215193378104230581387630622512045857307960114685351156087838705322665591771346864117647937341090595425719615879031615139703156364434625656333371610014160016894463595971344e-06
0.4999644664938528748292617460792855746522866163625074219215638165006152503765909440735586066305561423196323931005603887813795991862416514136160906516505783233230863343880076837692092433636767680070557 -6.1938328231558894048952566915485987594433885546818409700595845402506674055778783880697945377147511986871791903715300832935336699120770750179702052847132297997163517256862907580453352509300940445328715e-47
0.50001208679830428490767869838419630633405207260712619056569143005569618692325492038698913843257290193090368391877883083801039899394135565251656941130295206068775369368422094547055946537603304806885789 -6.8260427739387348930851818133619880998209054683077550302660617357622608763911766832654444574641911815060275327546295785774786067996221659944324396426830234831247415288760011152123458572980002878806767e-06
0.50001207485715827974935382441150862244579632372113615763449831605597243379903897184931650207211824990684563405959085876525366470991252101322357037987555389912324963061083563476563231488100019550145597 6.8224297480001895940153064753354042525267876775018503426776578267268381046459602493038707868763772249014650031848766894345132571339267015425859372757212923063206619818202657701580135289986148703039458e-06
0.49996610186827847112874106411377594531670182972365105356093575507055293998149409823717162595608315384670603341722141339792487085147197132459784392284039962597756259356656801319683401128883256395980838 -1.8186457236339937396053753547454352391098327644895796313516866397013426994110486094354896426734967111174978960253686778427567234368918982020686097264401824191501146270027739627471102263463851236308378e-46
0.50001126056088388635774407659326948188087249923657495376323157760401750490184920663199910786010762768321899031555606278912931234507633017705003037692631636789642816977729179715709835541731598485585119 -6.155945928725906549003919240730621104472347876409386490667986601600115048401681652069694387141272571990766849406015282272647766574577272578799975568013266787890565452414591359018969058076138145370511e-06
0.50001124730127437420346823646875474662352393158852832412033851470709411689787742768862886546164197784747221343607458323581717740888287270343633601519073515660733582133902355520571760398198752832388077 6.1514170775094086812287177793973509558857380016575173618506668752693422990970082730518692881875454535106627334868235987700635091162029369280141130962358262297837692826021980892579324087300523293906393e-06
0.499967626906050890331959551002398703796083869411096871353143048752263758521123281120420231367529465921886581130651274875945828800323222971463331478267855372653624423648877554304693967768364511052546 -5.1796394737579134894995921653442773998594184454358857185572562560480955415070427736436605433992769050981447142426100503819322924577187042168989604124712609651462690111398893317284869454257944552300343e-46
0.50001048953198246641282277768935578920111331021396924254606017754816327134267784460654273770479049652171416730359678170720022853816672960305365015676416688081596772713491044867335242083049018202691012 -5.5564720212220342358863657982353202079150335371000337107981318861354282102688286810037677499492537784784227836989596042870912962961027283797009528944651059336277399535704198921229077272372463341671205e-06
0.50001047505172819187567637559800411023193955400428887626751758486378531394324667171680598767944759471372229419522442644982175215323299451867083309935226551756523456458501417490891671318294934280661368 5.5511840129496968854343317374973362404959873878642081567138104051517130138285611344570953249583251464303913014936019488709201007645260390589595164469230463951175128997449128914518486783343618047775779e-06
0.49996905131269062160247051428975102335708644396387177380577920299044717310163857084029647279718657795508487690019295096525108558433914456180913854780982573024723141977996927989734246326823806539294612 -1.4336715523243174191717268367897191644117559226907720015353551681642267402724291074336019224592835079328016496506084801683502500001998330637814672479741497828883512458994054299700081445148198380642799e-45
0.50000977012877305290663431149439638881299948949230431079038078379155963091673051610027497548700101256700199110310727950972352605397739956139470879138803387162974841703219008179934114914868228226625696 -5.0195014358204703154513565630659469328716206902407214269637923086432524212384548198604791533196463075027640245731789399118763266908291075092908990619085048320894359474469873633322605335081052493892728e-06
0.50000975452015419547727249892690923070609882410506949870317002699103875845578305410645798911490454260363481232338108746774592333001052188488401143013933610157554847656759531854374290809455673402840581 5.0135883047955108383939031573273913765939454631362595168469813635396089553125844024873833901241961396425788152933053779858846534322152125505081088135398067092933913725343545120864250225736644850749494e-06
0.49997038374971692261624192497842330197214082801794349703318614530734353194583252582762774936937748228635499256566348237514956417649980514462714549735947721545592268844647841801455364369634474890248442 -3.8632711575628937324018495046860045583391661303327430871948746497099629560201178177254008160869688116922124016423461068647093924194415802015409088664089324334764432879432910976121824968733017191055323e-45
0.50000909893513843619609677186578890253216678817684177492845509981045214819855766157074693680702803101541451278264529675007341325310091178892333872272692530203833216739716709096815928518440037434659185 -4.5379267773752479632063355362369755772250497677980921291074203487464985299069787477618326399507648091694538855147986458400594222868424127482276785270102755675553082676549828126895357271806906176170394e-06
0.50000908228470797398208353317526567246834805950242437477393961137488621800002402141642283769843871726509950084729221325711464495436238945982435710549360888961471312086075871530104546210512385164947995 4.5315031449244697720929825950805697198401722426688184483610795900295406709597098621519120654103089209457402814718402650115644774737702089753513614352179910392492331642799326107350481269422740135080319e-06
0.49997163196654747989412445012221273846148941513443642110383612191735199202873319037103136324860587256071282243299166484927223018346057481584266988226237398757753820230628603866598132953600366134928449 -1.0150880305646347652520095264149876285021057380620627020536593160679252098853330231242612839441725577853940231785644679161576080549797903942974598090152489044688967350129633543965499934636844296878611e-44
0.50000847271362923093577381862818772996583871397233211136316181979767482497268322103002902806670326852825905392049100405882240636611723136001774242574269646438541890522999857105744431314280790779507236 -4.105517638277174146582208689932252906424148605467882483005655858466281610276317136002823040773273630175714665618449088483669046173121230896558357241859644082975508223632198175506404887541652928194166e-06
0.50000845510219463243755487659111825316280738978849777669848195190530738512076845663639046692988352801231903389190173758863084474045306513595221378181723676514993533633763642461423347392675704764109713 4.0986814654591803719579351889080433699743359178210231587713249670827019170999080821223996896616384336220620168020549088898553424795647971968576263882562190172437879083814855546583412138199627502684074e-06
0.49997280291336057833836244665193900449668403218417856476086204836664977710397471638482225677855097360397729701482066030962046783672081624636275638320037941222443425320744637445340913484767395690226947 -2.6044874058882835118476355343570912697635581310357839676843435404124551374262674252290023506545062053524479068389214954909921148697424854436604757567765448549535923922377780848156477423457843363980578e-44
0.50000788841082279507887257043505856403771169694393453012159829188825075681973020228729742177385396945073867839022041373265472700420862294966645727672238024562485756048031914896494463711796143079778947 -3.7168044773886328410209838573047360644155634236872928106982744952537623672860216613584082670583023239981096759989414173648336357611083568540861370917322398339857019023202089412794507269895621424685745e-06
0.50000786991354916194058346834440444751547911857524607905409625050337591091370296177445451506437570182149891028577507765727493779472442850696278463394642728172417499435283466204952005302991896359569173 3.7096394185035155235997172053004589507927564980340823397452410584678032799153955276672303764838703957409404849940634786933824721708961528559057282124211542070413959034463434647584588353269347094931651e-06
0.49997390283799611318820234433173944978211625771753650094982951484919268780212844169660611776921509299435155459522476440383733110809644676465522479434909419294128895325284414335126920177377034046179446 -6.5340815745125287865488727476778212702912567981594283788766956188328189334581880783004896071582335500765373526570908239180010427107156040568856028303373368621262688234761766134072664777921095586379716e-44
0.50000734315787407648270685855402164029004450188458037282089611089598515033153513659037445356582438592376178569665772739573864991185885346176623206680038959075829408552808830235165531607711758769250546 -3.3669787931977423115745200147698224062220126799805418021481441535576617697579134672428000953108527609123566767023600561020010057497535716375845226262791892564610310252680311199749683543810328281265918e-06
0.5000073238444719012822984316792926275423269462318129026551979613598845754512639909290472646286717861366321043648117246699524749454759554109377778967438192983646412128365898721917612809291734637441457 3.3595562090218123707315982206424174291060244990604418219169812532917374946733487801125362228278944209048304377143214130631858064647566772635604731446782789963601401029582100892585972672749764900290593e-06
0.49997493736942368156898039193930582184399399020060370553964213119903794329842784744174324091854765211456552719288262798175818184328910812840805155190540366352633083389600499784953542451316198737693987 -1.6047857087248963126408308786551493439681313745190399705197962221096043904449099422444007481915049548372436347180644107336684114448639276223480676153912988423154701679529502941183654443119923972770756e-43
0.50000683426762221162488983800983712896839887430729007540181068087814037709402369040466471094861172878943801426008407141599549379175528051898479393413237593998688039844043602295295826206908139191674723 -3.0518072002535317654302462845610440040709836244161924360065129938276009897226948372601167280574022835083532155274953683124992502306771844803957721339766753123936101623482039282203828175266169789534846e-06
0.50000681420259213454214231764549966013528790506387270947635731074688498496049868379902152780224892536012820885424883416583638683019378787846161441682737333228418882357331907137763005618394581865228822 3.0441878812177065753080268799853997111816448607246816095770207397652574882377715739930535831135112200432543357281884676992813671268826648041497841351019870266226821692526351996025293640365162316257757e-06
0.49997591158986427445470480993959698474055776050748316328656298118179559503870271012771730012536174094561000765747034542943989116730735933111253962512067069013718107762985885060514156248644520771652837 -3.8628179465010387245933464793606383770780410626958870173945951195659094061177033800840673047162727458970703622351148187927098434428922940163894949906269298261925453958712182185163423434883560298335245e-43
0.50000635922928843540821978096138935184309145588124040203144277604940587217563656193384568784954629487012127307910785474655720112337509630516776568701994008548531514148691173804287840136490368885252914 -2.7675573795732766985068896220688152641309087952835618069639660613981464674490841510702262092189904948949602977501643089055275236672989626188212633353067246518645436736017635835144027643412607086468085e-06
0.50000633847220244179226063359899815912800570812874660241572395868706515408671131274880271757029924552411021048660932590595032297789598124577036614267894055532869524489791887543619757114876968553222669 2.7597930216422641616727690463563438531918194840560882688456855190386792638779865236165241278805434264547635684620534023858874555109996537747921024879427470464789134443672617882538503221023204671265087e-06
0.49997683009729447694881307750571069237719310758458797622726640104020230888786913396214874593934303182295762727622530107161605988982463816108288548340327503837956414906898793147166184123153087050873145 -9.1220648841957128365747843890623999632889128411904660725234513408388040449959783786391732233246191027280313878543698249320540579039499473471169584464733155361065929941737707214033198616037995557889077e-43
0.5000059157015485075796026022740789326514008642126852729258731013825101011504085736580242732689074895326006528744490855776186155366568514838184533907944833439867658618448368020669971025595431388020566 -2.5109341799587427103783515494801048090177683626092839028047417632862381881236595639621100444929923403013227476498507881455878602600029206254058711036327599023528667322777872826039887814242140297316718e-06
0.50000589430735240890526941492060824189929970708226599345872644754655171777569584153495899373523109974555023510892667606083006150864954418434709240268447625699442916509948100253805383580770497050801121 2.5030686495933580338890207387989030926330236328588295305314383788666841492656106744242208118503086284569336690168476673403914902295386329110384845170944885829834795030954613298287290882018212209564787e-06
0.49997769705977129208560990176235785538090947207634429120566097554626881181824160504904083839508912273096526897832614622578418221465547268318218696784577435938073370727314150643968489407131226711801947 -2.1154232437139438386822899438328962872073149301777238246414886582984358217107865124439170617250015592375419533835541597221736828212312940155493851278981763191954704238838494562087926312707068767071083e-42
0.5000055015045688576149507025337057305267510304453786309414741628116427572619155233577864867726796291550086180022703028059789408554834608534025982952786096834317248104444843660660201294457241947027422 -2.2790244063886477169443104875551389377495002622502915306311612161677649821657427511863629422815650822952992726209749728563002662691950186771191183880800656839896820192674693560607279098871730276626139e-06
0.50000547952389502678698641762338166772977296298957632102860027232642070704324565928039259615236256504817163908381510521511243867267091627650857878064708819054109762302507728201529757302754077855306379 2.2710948255406883280452838898234601535997261887153736090045506228729646782995515093677392794405872280307816507869227476504091645706984296610612654399840336312374279381216516307238804527996182475344117e-06
0.49997851626277825064953265266277570824564641548878919045458001168019598157628318412195056228538879998882777895396297281144497289073299369987570006795204633285041856596795377097639654034663773298557745 -4.8216968869546043404917192214252541332516487151324021353129371346157585969198409834249850980770394866786552022111888717411319614234959246848253779706689880692222287966278343877547531075227861141593311e-42
0.50000511461144657694815191370489133553670414147646437900066470161598401939557809450456350442192688164962761534068747965326682492381523639436388095424941419894416654120143107687371444880736558560121036 -2.0692490510511666111761420312003105416444288405290803973853556429709469203455228465823190767891091020112943429197370415062652080808951683650132703556645178066898632079063445447063787682551756692496708e-06
0.50000509209092906125246918712889115352527075202014811948875458751697724380818084211353954190555040695009378606348333378647791021831894691006189124686689396253516937140617973355799433586103731863342192 2.0612867285187465265140243733266365978177398378777570647470821576901544764934775309088173418272558653770922105409051708642408129546163244514073102264360441461926902587966875090932189200712837763224905e-06
0.49997929115059878948276370696577040693909421488800475571837383220088982906803358916758603342817728342918429893974051614054059498297233505662274225010419175009374260395820266538376962183208562118903671 -1.0810784044845892784376665114045781846498544824988263836968251694865199306790579028666637941971865565612154062081290507262525023321078522447842230338719899225095396519356811571493476872604546506732935e-41
0.50000475313937896010781884739207521887741121318865823313825578942651405001251572864648964709044058370624316157869323534607144886659568522793135711104576212985769343954630116870284692992756762024729572 -1.8793219082739350210061217770555444477952145043268168351952987074491514745886249223922915407064333572243000964460569453845592801604326823062144063330204299829624629637545893994511938749478686987580498e-06
0.50000473012196549868495539789973376890501395088160024197347242469773329302086104522548752871546624145856539481786693610991158921277351084404224851414099683913972002546020580785794057251270744619989007 1.8713531398193854468076579377747516260775458142811177978520707724745624776741499671414773626892157327146115734916940078262200367635229786630532250909198926322247031741342189539737038255358973712928275e-06
0.49998002486256264923730131070171265089110698037679696556830980511082033530886030714933653811625693941174690512005485702784608985993435285682175111678133656670339613161000557381731285474235142594423492 -2.386166187425406550045791763661012558171868734014030810655363648036743966560321536725669866015258267999242157280003800164761319344795843288782145915059915703241794283367733009825135950933617865139471e-41
0.5000044153408006109576877420369802047106579938913434202052008871473856823841308355671661744050738055922764855073964755674244534158780430277182403250334664928627493492900251720360642403237802036233144 -1.7072136718149647453186917364151893126474009348826452642198681847667427686220419196912276748333563664272674173932555151190335113652904171803176010940301245175484920193656763482747741773114721586404825e-06
0.50000439186605791350618411955609593290524079981418454117929042884709341168623918868769355213877436802262303081593537531425465274807022010149145323603591747731430414955011740131394086629421217064659083 1.6992604281161073560061175625991921979412966575030360250267626531057558934497494218461071899872966037704613018744156663005262037779689276071394588065042885313911831969236728111064884851576976985217984e-06
0.49998072026487867169860337244018409690102092715837672377477797024050611223899027182147967856506573480605433876606865348699599858486454464856547719060877841494148848269316331199799283788401153940526316 -5.1884741800391748835119232396548188858658649641316485332487942733411435682268831835427686397573884237536661457982746393269315775782677396902220327996802971572948894322757350735410321990670063470290365e-41
0.50000409959465909950663211671753716839696995907643023853731478035795975736452586080347238730397986719336644870319758692393728438426481365093854187675268522766723988266815420954014692035897954833366048 -1.5511207461196237162589679450647423784004811002344984669957767779447009950619716163779482001915738439565592124073527255893047962958622207482803239624750030176708579105988034519836763800798343589455754e-06
0.50000407569906913396895602285935926389783613436144054962134995822836121979089571952993794301997250055337715378878725517269442462360866333136799108046205065263575839402908837827262438521250993763196827 1.5432012648006283582511326087351426829192236510444336383818446696261003080234048113087671507689304860825578605392872865291822379924708596835153911101817888336786121285153053401880167888334817765844542e-06
0.49998137997865762956063315477023150141209790435182459213914915274341913350665914231031481823222214675997399845712703199966583610183503140914232294587160461779808321936734617123889119110564392353917986 -1.1121493658610308871003100239589956799785097792794217647098328503397770496724705454932467201120228915901998041206455586445275083304924092510700201468171275271002423749397232913313301233624039734026154e-40
0.50000380439794908148820664295018695126447907379158144278576678256274179682962644018879148737388619957945854609980537295778090473029011408409820338612015713789718718941743184219257606468371216354559876 -1.4094381159701647069633366229843647606906445051828217075293939643314404480321797156582412977644396201481015309615517792884838419151143504828830474597575560255889057737277288848155422172251631754749349e-06
0.50000378011519517497906993681263337409881704639136040054803517111495397255911577348697925661442773552397994033546573134210119266337322153854809999900614511658788639302244402916954079917919923084255335 1.4015674115647334351797678031513127373384931996545135476334971561105361371776815714536882744145762773428485421301963377670950384884034391566659906084415130988365686159970721820966831507502908694697668e-06
0.49998200640463741653772437036219953955678351018986943102894601724448675275484659531854399271841778518403687632767753939684788548816860657767986509896063118868464262830060603252738961720195315973490317 -2.3514817386645975407863075371008607883180747405039973960295518176883179507028012319293502765038475288921004364174695834071243199395850399267961540431934718611473677793608145421955095202188693246074162e-40
0.50000352835758604691923265010489323798781124454337244469230537014094335086832710088010864364354067036462447789257113828848424981534914457475531942331492614073912175180097660945904909778644978710843357 -1.2807357146186426830491658810417173305672208769206563083864064189694822857316008617653103449648072368799231985500428057790403101124308275080829927528788525531079487795963472969857029423735949864397657e-06
0.50000350371882840682790810059063597362335938858437417425563359020783694741290193634055846797492037837387915985671057494713433882064001205373699635758479523936376984423450507785985916740688576275378665 1.2729260182912176890414977760666357597888933751834654644426165203680012235022423535848407294478004187395639295451500218615336867776310993916983883314748674615275311090664637501999969752756696483069625e-06
0.49998260174504671066179985473442100104776507491675316943467576232292678138261819929774155591509640262327630509649639648931583847341350735112564181974928034667944210410469831566097023368057302838535712 -4.9071441898484899624391651672778226088927889970642336911464852679773000202273636104354458638558059578629990563625953757576829903737713925833930250133156143245587471915111113385558890572287893461433414e-40
0.50000327018267163596312989998574263673641021365999018666956083831968785227205894093328939347010536854249512057199581910301922831638909805065907933774341145460920815597639781321747306284046555248213989 -1.1637378116712841885868425536878965142151891272735137802278720556343523322570056535916578381168134724745635972004053647089763737301803456378875386870153826510951097887366803739912349601033954860629348e-06
0.50000324521681250964318012640286329268004308529905470008395584206362269737531464266913134830969925188062152691328436138032796200096513610387614252241021469633520689759108348372714436691675091457877042 1.1559989508062329967306617994178129360881202028530272604087028011167802594592261270038878213098538381511575876834628594123589047147339519605422677975859526937339940362469341282358437250485421208933056e-06
0.49998316802297940011465137486001995426460874141832637904271967729089316462028273814380691768536243349041268558782746629152566077980308873949706618509187191399181280152273239098726352698609460402659574 -1.0112603812841012371815228267169112048842846074287814584125134347409860402433178776357057404439247193029393381299966202034142559913572387923920768342725895112617083957180553372772978753291491520490818e-39
0.50000302867718057461594083935774289028468865202549854081296318117184539761641663435557994944243082453965627534953103742091025889740312666395664964226848561834672051773043420069826251424819247168461227 -1.0573050109338446601332390825167452195207120988944184492638059155374935215754171343481536019615822468698193755309300529054725268585467993798179162550399126199008634268135438411418759071070227558499259e-06
0.50000300341111973518424598924666967007036345570540109082699618301694425977998561159221249803883637385742211020475937067765905827067721930230130465355353364432324542693562747169101375392062081025951037 1.0496447372513533706516915278183874099668979961877964724489797307261050948677749133952232384883237683032403706948920612265946393160571824872408706959232740792894117605342314563530958183439276124970349e-06
0.49998370709959844849551608372285479021298094587082916943530021280568340985509033913062123903865434598259522653597431349445373478093543021038261823160221809774364794919589699413796108577587279196004886 -2.059056291100863655688086131462980561342512666989025759705506494827745203861692626932715910619715038005298804951998584089984150831426662212144964379887559328915228890852738532142614050458631985484373e-39
0.50000280273308305215282876118492223572384355049743042876068550827753960569538405093692871043217465113979854533391087055367121560011606190958948681022478040399126458264947081003357248757444305450927989 -9.6041850703069025488637391448419547087075058352698720308723962881965113475463122472976600752335329217365573719149781632549805301079143364675138988555309164771320762160489897974148275666537598067207553e-07
0.5000027771919646629124302149932944443396155946121928917670315894484395426480308662639971709049078425348041957126464891764398267799655585870642421592402260446196702439666872991203569684456036461136487 9.5284278066184746689298617524139509751417577998564923467954025811602697843916175480762552366959217513123672214234401818705903893559001820442136218155616746976058941928136651004788350184421101810723022e-07
0.49998422068944270647695939978687540257947652389147554621186335664400386958533404071261489298559372320509106916873196914449603693111565047157859193888266942070485459437439508796089800923415478341439184 -4.1443418746890053304039429050322701768918316664728249462919214409876861475445746108887316836957665683773173688453114333836940747798019917610135832337538498865151279686897134157140739940731752862944094e-39
0.50000259132390447865139313381983888280114406370725124699577046897320260102637564327766799921495930102783775145670204449415458835889245652333629990385081482811599589324113662650300019024731661328115686 -8.7216629947401233565054307021540958565422121763201476100256799967780992782033240323246349337538634668507866369069005708646953274289305882711619402788735655194024824925432961070703376189552517140937871e-07
0.50000256553135667977203924059195448272806101027352273965487585533166329845027309963799575272533850626321547321262960429661978618477834672171195139846147970496245036900238490971489005440939380469514532 8.6467953539298766193093483320239079684638306299578437587148545575077970001502007669299504696215769497454730777063840896327931224932282294709216068923210290339356182622901722528745935372994292727638436e-07
0.4999847103740720097562209482216182104076123120362271290692699923066918466294329138295473408408543585254481947816442960189283650303127383667844770193840711392139811582437675790939727453950971186319491 -8.2494339121303542394918329752704877963811645240957339436795770699519130341733568717105102537884056341417041357460462337729608169436136487578710038121974723907108419109639410848258192167605233922462807e-39
0.50000239349871600937345257938191544067441259210155037957781668423808961967947696996154635050460414670518966287580104125664074149620508250828912143818187560725845447816211945210928605518158165076011783 -7.9173110533066061376109899923976807351641943165292622020358222594278697663345225930410128338134397949615899929906412428399044944514537153804239290066657216530788569702949538887626110899086302135102088e-07
0.50000236747708481193492007545606421611668053919925484624490615023823667074458789384730953499961238893033458938662189763230022336309801753362126835705068734383213580861180388918189749378641389141625999 7.8433638767104940274317296070786901471477114405185810851691282511011362811548504042391651497897312196107522282165421765634773412802003784120363133216933869461949643942643340321506859873123182196222369e-07
0.49998517761425356314586013104054115443315348438241997993491033827148648723328230639033817683255651559247688688965005990420460137728331408337504918993792343743050937236491760591850477801173660512105942 -1.6246580952154101178894738333147610413612252441463638611361142632170003981739834936432902983927631799308354657986721587175307237762944832909924956534199486033298154061666169691100946063343305246254059e-38
0.50000220837654321611637823709949362282372534400330294791636073258990754549650734290996418154505599731501224075871849707306413409595113447292163909029592148703497758763627448968099305083000205888816847 -7.1837974784747724894148993304147567802176914719484483283997653328514369653155781576389153693810362069770034422709775343630205473916481460087597661034944009752206292525356098327917207264744883717162179e-07
0.50000218214712250023978933577131355464633047891973605436602865577822153320757325392916817035201234349561732731924438621170845491195642067160680653049199045653419790469287231038225000691242077436248277 7.1107901689952319784321573557568440601609304441371575409810120298646487103939270754974943056455285761007433309197171213171644141621678969259740644128067855371597395499661382737266649826950256990880957e-07
0.50000203514117621341930634270530615857849640459335703281021449268313886317448623228752304015249419738346981251282771627785151796407048337989796466944041088825179501317369057251968204769782130696214506 -6.5145382930825254345577897268661310406640246515858365104545555880234561268894033997156277983710579347113196043763335333728356726307500036380737842430712065836482607888962243252814041073463244644258134e-07
0.5000020087244358256418291881999014280840890129146531812951209819073458990932543491668955935206575028955040585412842381886640148287356980602709455390018975875564100191950169193878571710859105170893659 6.442480453845367406849358039312993266559973855829999422152349699399087358792622320792379629598065732182776920529093355927773095100033552442923412419510990352587482861612926408627122592317397382401643e-07
0.50000187303636193672027993493485403641242693001028303769192470301686513569447352969184328579463783305323561606869994680452998441881034885933207352858995124867414383089017922414531783885071928070179145 -5.9036152281301463444963604636325521705930080903642499409940483241425729054515570126465326045098044459837938752781939970968082811531857535801461492070966650200770784116295533491687580254657375452249607e-07
0.50000184645217608161793515307405563076943889549022992647172919073837365051245181330418705641278286416598668041660007386064769976168629222221342834531078165366628766315497348329658341025636014664691969 5.8325081066662454231344330665305901963158548029012551958320159764455465869905679327968459648660784890470426503626750678010659766823063909935058706719258071887266739144502126478879499859376135019374202e-07
0.50000172136135775404054136099279832769842652175142153962413862482074834770105281267323055817438657837998734908118135214232581285415145032259146905206626595343369500574835707754531353556301685342035942 -5.3457034027371246394512560744355804219918889682373503102976771895311590127210608413126678525116123517242730824078533707532327967659476705679387027890869252806983546408867328152613419918710266168708868e-07
0.50000169462923608988313916471400958539942830259689997416506946306996003199987982565023099817223052025821639644348139383576555371379147167331739553946238255797588250329023420856982038260468171076776461 5.2755411734236222772496998574262725301889424813308222982182046888623941930137421916247091018640155468511273495031340168928612150154594093158026777154424084911967075584152516760851499336857245551824918e-07
0.50000157946682488943489124415467283428596196871274026621965816409094224191453778371225516893454918030480714406718731951182846700733272963919657519418924607410956880097545036592324089588458763262333592 -4.836007532838576597855574821645616990593048911230930574339483848291245877311275740270255278532583710120632567672737115492607730246355642263710856611466049225618006237414643156303376561869119627732985e-07
0.50000155260614898067273372476856663107308654217413085724939888702955811768402348202594714014519450761553411932094935493319753704636102218357528936931992480007640607423307391522792801762051328273173414 4.7667784470632950856611606671640655674603295617120790829882885223812548974959549594002821262677451475419602274565281394200917127261896230693817924219397525985790966408925513824038487313612052533364314e-07
0.50000144675104002678582648046087521661020091811887308369458068639839943014707707682050216758231493001416873028845257900566744588043853034608698568879892065410671230384399051358604836714061405420412995 -4.3702056012867737155559153324936185986314218799852020017876201240872102933829847302666388578872866777565696431565421326109439273946480376014828289608761781159413470961024090220629281783885336100509504e-07
0.50000141978130809142741988771751265808564665913778929430905208961696090396675586421592298964070986455243658617289404551741820506751911238061555247136212189960125640190851181133647667910015740379748729 4.3018930322950900266202511575053321737911054628064937961495007602282083257651951560406964624562722656392080054059089664185803882194057666255009638657130459691228108134366340895931770402458393950122638e-07
0.5000013226564037781786400147795996722988396002828893558643102520666729036582678749416008231299934212848894078048389714956353227928074566865264158142244136310361322620248978792772283306683247881894136 -3.9443990646725695023330269356460724115024966581268458957536545393945995954914748142075572927481152556204497053773427424125746997685001188279497827618157517742934935635825965293373967295156612867269449e-07
0.50000129559748701132952658848316127842066456088460744102820601625809485187645569317508149061779844558194113596614465758715382276010560631955083859207876560868328314286091441179283734061585764975065848 3.8769824722788650084473495131289087209341841805727092220306870315582836615006855074655299323661642428356703228910538167910828517838062725357678898753941932170123029965449280588434123240337647719175134e-07
0.50000120666622531258993980487164891443583988457323929221757491002420726720117697310468846549641937856341801543704889522201648776134885636953872410243450157396037987880489398070868307655697338366373551 -3.5550687948659019290274267250013309069872588252352109092931964453376425863855496560588964205453440070031218882943590670533471690316867948179253322240280671915889570135901375484874446469335487169358109e-07
0.50000117953863948718286549974156891730517751485273921606127832551495803320365045643495875444727373755459649573300860286330985809265672246722994111071448899009307237571640444099138703273405816268986631 3.4885246341538655106413198220370017644854351614432129014066583137126776944367674160189299049866187688798511765764838910429632667051026721281564133967485175968262374345429809953686252937691556848428261e-07
0.50000107112695981355961633177943306113979281315105389321603188524127743804708964145241295480484269102315119896703122351522917468185403996673903206862882065532232231936469576135706019405288497518440038 3.1333386567682549007426637773933207303275910595551141627622050007748217116250470026859689493263255371310145942590529175704078824282907324155127707658406864469547179696445931398416307181328393349994094e-07
0.50000109830176324849305535282595098166140717849518674299122775978288010202990875481026103469751805875991189354418830872507756701147554027883405725015125759328309937387966515242736121459828874472088108 -3.1990360589418589758496876502965266608658809640592982698758197203685926622854288710310211270723061879090312681426013266276419002070439666228687445150617708950574166621884701333273317766542336529941142e-07
0.50000096992018538702125314588847833075364518399102479538149647529027878445342518757638352703403583167379340592252839594950002128304832929920664684457767287322472807775633990255603838126197785690947474 2.808550355945496820051388547694942001253665877218817012136620229968838871824221346919047004811520755440892464194093049790097215017776128561598707744088814428398436410603910794440847162031152010936901e-07
0.50000099711950384182811652076470217354490887092082354028139937125328856698334484608348607622459755257867487237884476580993499917085397706175165889905353151607028674811190600529456204314060553607646419 -2.8734279323144702214007446484271856523847984647603701795285759174391582617179408404769358786572575141766472783620195084948507741647995525192942738427174398954430939984197967127447765787652190557931553e-07
0.50000087550912426107287174471616274432596705698437365111660636904437155609436936814814303360561033476324538411917322157426462080842645513719157094030033980399493724585157150516157988512711201415898909 2.5115615623693919972123069165481143124318610983386195990147171483258591221296939749037698417309053622243626824611142362066286835936256095700630255639809486012184932444978489438570566130669066490144369e-07
0.50000090270865848973594604438765166226889467288006719290596642213341806646004083988051637415716043495361852215095172860913055328162316748337125159630159650798855445462356794243688750328763275439610799 -2.5756466186806595278701821158977748344660132276593354306166031676525096394526223118923900690868820766244645852013497746637828763732958793491962349259474540388784325350149655217357870140476641514602733e-07
0.50000078751539176329037896425188147804404216628906768419868467623278424049514915404586397782174250309760289508834409134449920321056194642952844833772070105456692664296281554166977267167139839343915529 2.2400229366052471212794542285663798869319753192800536237350597788798740193853499004377173298880335327364329647419358898558608092165204947884116683558503367255448674275133481819229573951067661760040652e-07
0.50000081468886357477531569373638500915979957742407087247869247277292774186463547629971669099026772121369397018580650325262499107549249956487177861333949295952162094228973283322539091633850063483615994 -2.3033422186123373529630258074267608129011943827533982538917929758033666582045947589765110076910282382182922636264768102022662845241918622557729310393592893768382298588793901697107477920748943852832247e-07
0.50000070558934151301874147405115085996287417867695616136167382485605587809510968520885162434375396471928776187343383015143120378204504139448551789147641468630438951610690857559888924788711699818649154 1.9918098666304510307732537359533932142556815023014210251484239806304403204373254498931809957974956058590259739161881754259385912626855584425028884844500560275886024227543607935806414964387674867968526e-07
0.50000073270806665789225608310279724166722711489528343655808442276865336550333950193069533574114402870382370662463362496654809922035969163765777800322800998219372980660920764716955521859446574506219827 -2.0543885479078520829341769906209115576861122326947366851251251613450033879976451131218956459584117311019354724974776215542680998738941885885242619510214021497275994512157386573015038368882890275373411e-07
0.50000062940817750918367897798032154272717114381115176998411301260131076054496595594924487236487827427754276169667541566230042713627757650472624066663595711912626723223448013664220035513184637459211648 1.7650011071570930385330616488035833832410723589349675387053709044370559766046542362154020027154049861225197672995573387514549418399167235596461786497633624328547884408007114231822777197158178210313921e-07
0.50000065644058396187927739345032720251369085706990028907643524857732139346849599412178067112955744396350722015797115026804801390031050458317507952525737323063747760830036315741019936476959832301498274 -1.826861658513995724760199263976592278284713426805763250459668355440730059794831874760006731154477882774492758222684767706783610668551134421475670032725256940032616672945992010973617831478436919946612e-07
0.50000055867423536878661672837410224760042423237551906760068611192402476242417301454533826697329601807835624902689378221200989463360725415545084552064613515548955083890922801281947387235342453265893712 1.5578598686848703782194764168483227478629366924773166569980908993414335508892383147277288177287191701498718074236332285709009362085517599230199259929181553953446139982216240358642749657433574419774438e-07
0.50000058558531494608580163466901258660068312412445667151385821207395568114608304217906590958840823837998993938627071481448948160914618750834672407901769513203080915562270954949810400999794090649916356 -1.6190207602100668913822800071854528510329246121144154694255182675281472642860161217971226302029729695605936238815407214812515568785747503179213197112352856828040010554634219427119963533684452878098884e-07
0.50000049311342235115128970491911113907924618433705545887749962155124223702595173241285928733209574249069572655160808926269098642083050286855862679440363944683187594551888053368270391146492000579488534 1.3688171096794637967140741515354260959138995924060710924498401883817426692505047916679213533461056689876849489822294494465482373355886468897451320591166002307291045803483390947431484759702172139371198e-07
0.50000051986410053790498072643668328045578097124482763461157011916018350728613273551325737917253338415106375251247096850763636704805175059370625025364073363529582451159204170207663096648226168331737594 -1.4292912814938548306048077363632925653072466774610223670477234598274011836070876051914463437310317549195839033589979202147884451778782961784163118965263274450271416564741297510742566538843093445001327e-07
0.50000043247380763078094261483442574821537826952448524062369736114662036782196979651265080687251969076504428501491988988141033106135158441439514554056517940674570819830819187170852841146032323461880158 1.1964568306456516864233877700722690299399129134510548017439187205270447892755451145671558916896494423138333772147992044854707644384902350976923029575334712117687679712418826161758936334380040498146962e-07
0.50000045902021224476186372877517849632070180916677166703206301330054873458479078715354684082689064145345355721807297936790643765153964373204354258224125449446595317975607086992676665807450995397907153 -1.2562498444419828487009255609310790169700366094579333702404798707909415784241877358942910947584534826530464638014881296914925693922585883073053736839507590626597649183955156433837538406732666093612921e-07
0.50000037652435662233928153742066202744198631470767520191276845835425275871788403859326586019280316858691100178769751479312342969129015240518512452393472756314465979140929710351378783113021684261896881 1.0395032201008184144187839919931469563200418571864359531490954577350923441736730429833092808182189788016148916535032460927856954453502435936771212129926147481752223250589265168765624477568195744482531e-07
0.50000040281695992834799539415771814112515333996677466923664021503196777161933524684666818075441909341384838743048328358285175963870244139069352133044737513299932564286074519905685052095136476491854248 -1.0986109621148845963178097946823129980257138231635932786285961978301858060430878329084125041119542103615289447419977647758842700101694951323338873065088927078359019948763367284893440018497404983304597e-07
0.50000032505380637604613634378058684753519442241703448578560995122241818473633201900530166981870520872591211765936602487084885065062930641135052304559417168093895214780102806648850158772515545801422784 8.9680957295497621184709955653573988891151034287102939684228625541116092129311167908100268874830958058603311640969847390268798090676640239948671811267404645679588867910300103530406319470359064991547895e-08
0.5000003510364065373483751325418606587114574343810923712552682447604536841548222744380040906357210981020645196433426241861816493772004377996728900517667576756341000703819698986557715622943998285147403 -9.5521530007396254524500210807323366614245417318449016396649650657979995613860700139768784488981679898509133278270640325144388917109157918695076991455660157758167869120403551926455373348696593752904465e-08
0.50000027786968332936100256177426792537106486622053096679002982854442853652906385094363158699529286870399528376545917228281756562475242227728171357583728112343457542207558752388226573053542369602531931 7.6734902428945289852567557290986037349807992518427253110375368067384489301206207756313758532283003839837817574149483838543467687058685141801126434845217407428596217586961036369558622214288258079040885e-08
0.50000030347817875401980285372638563180952935689799860680590156903226676065376638752900148993641801907964251965744388417461530642750988408244647500455396381742628483177178592149924157935561173971979701 -8.2501937804514554874991925661040937711867722961989619843159104058650204337850383094904584518042984889965514779754100636363150862077987628914360133942474368414845684280589550206412792833819053786778146e-08
0.50000023479746816214977277924583062802173232816368086280233183920938443996309587795128985868703145985719637303964360930776142278160673147674976691573812598775001992086926208331746470180727677849413166 6.5020739602883358058193032139952780429629826429379686928230212180685113050576211866283433692015894163047461817093031225380695639014467832798529201323604563835859257805784348541392071676902164878645473e-08
0.50000025995836382998070207416289504107343407461810411344053274434073068386949627238345880445357490498017926809361118530804837306356892922392130127833879434913715797937065818869664776034209212445386222 -7.0708662633167181478968863814774251445484532557574591026760587009250769565891483213615093408489723106057408902883956290913758062304817601975659781925521120664744652175986044217365678883067603701634443e-08
0.5000001956799033573002985901267170689295723883981556304711348844169512524411187824786709278484319984213555472967303298117922826339532211003851309181026192447120376267686536700551658920065826185379749 5.4457902123515543064593988273514427982013701446139920376817450550868591793301478824132822475630336745940423725385832856422077849072399460572983548259163038185802749178036815428109646967993614847990505e-08
0.50000022030848615647369998955269096842781828486991959485000141858127937697785903853973183842129474985467371202833960919791044748311363378076259792311663586181232054771030771974984365333051805991286474 -6.0057975531728998448790463612309682324947210594879627256759884041736441117627873044839771076791923248573617842408413711875980442645776575504511380164791323261548845359432819464613920472745837443903816e-08
0.50000016037636772438475403378527198216311346042065606866524580112766088561169952820043258638637277835560485602864252296254023364803353048786364212127758230168435393352449687050131632721277887668641041 4.4976761179128713852088256035636284548235552243381350856729209544093496257760144253067303894613626196151761809315870064927851923517610117466636031593595837811852988886501572304917206991161390894273914e-08
0.50000018437456528670383641181041940801532136740304912931889948774626097256170039024597104611340698457480757969576660817331606899332509018967545849556215442298551693600871703791954392424858364683904577 -5.0475443640353531102771575071928956650705471973467182222302951452189025782313322141725068871360008266763604545146055560243992385899388692332205138368898146135120213654720114754861866024143469626903519e-08
0.50000012876194083709133004662140904870429157137479063711792967676315873151965416544233034598785536406889584601741914518158137626501721946436802328314244856001860590629133766373240457218944894049520287 3.6519620895892139015012945272480740949083165870152979146205752215908715823677848897528603542757347635560877831650210041652911625386491652974284004654464815598934334518246351057467317984960635604561504e-08
0.50000010072481079532242250067629751856126109895063644367516802977654519589057330613605236062735024868868837492896336549372923625573358909068495482672006538124455810926656631272564820656176127208849175 2.9043061513172185827689129045595870758947527726163650432061081094376051801032723396908770010618990077916022321163000809666998914811437152877380747571899246464021807047375326838295786117897676073935457e-08
0.50000015201627614120113176671864252158033295987258502251567192181810321230372286606377982649121568590646983092382777565963656802570662024274536599179571566754774163062602983699630445465658340011815134 -4.1895428113417859503452921473105644611169115646390810094952183017741607601336023914784690930341140517506534104892619020883491055594882111078173157593848545734386043558381901810993970360090795946011192e-08
0.50000007615848229843618175300685695015518584307972929302323168576128166812500500614861754049757100601962828056449570043526356734948002304678574631955814952224543157271604258101010827355516812381288477 2.2520521262288659875622786788393880483249638980866475579445549561937567436770342230838394774238989978092498556908144439515205663891198300363175618589279803889535751025122075510212435139216940131464309e-08
0.50000012310627082446237738100713285143122363732731210670787617632103669779962915950796680862805993163314503356807155768359958329068228422272940297322840099065036464428036853956400077493139796929731716 -3.426068701155776453802883375956051896791991348064907826546849565080576604813942544406922671166398143556886332827178307835076788878458746211128756413946126114046653550152570851155357450390288747779905e-08
0.50000005494400221004327549450540673021727440298782669203540805450939802393802016271525187573402173414038040522664330392869283141847500791204653837900418494678601861921217310091697513442222713486776743 1.6936682994881002144440687215895416086468406186525692354790241665763416505078846455168852926293684332759594157780200246632428861568747096978257241381869179759277405234612188617949960284260469463893721e-08
0.50000009752978008895292566933850420517971151508358294940261860200692888007100363352820008185227930065643669279627446116893867225543437473681413529693039327698032087891593074455380553561851763320495646 -2.752196251407452833255953352463965661323768978510493224412518490439912569564734955296735150851907064259361081485397641579556288610157206189422512693398005142459630502090924781566368332803790318521882e-08
0.50000003693107808456292841014199305762689124855687562076798875015086113225891673289077445800583810462906079135845577207109706760797972244760064052935025985258415159667588406419068083283164694567931357 1.2251667932452796882844784154076137541556542585409821708505767548957178119275542999773139083327365682878275344331493200116919589987922008282586133591416168221812031348193857940836474188698911475656179e-08
0.50000007518462377403234631196482821336606321047969760573071916424404014033913544118499254707170504594112637538639039609790429571010975587424195587946604031636664241650399898229486524309872808814362199 -2.1637151783941477151453960187086064941132192491188501211560456822436697939230166195069955432855765280446796897352112031880158078619857757899450098625515787283052027888508644677231970155468432114112848e-08
0.50000002196597595658197729403674990879632560171175017454936985753602074994756584483980233363520266204168985451666474684233721032353608541032878769121434007741126866753011137288234605178890732594173723 8.3286014881315543885776445931753014746225670850630028059426977723941997158756562299741034504560426594648729174336014170398290797991532451702011587620751254387820082516096913878963938823825861445115591e-09
0.50000000998281557153170812074249528202960953939196744317968849378222353422227771432641210093039348910009141327626996136578810360344208773702284070508678125043683664464644863786270490379822319819102383 4.8832789082625347061773595802009168608484882410717322874520033640172448823899276421345574349276654829100216734746743783895979778826699381454111886570611298900476308093475915687113551903118838493913951e-09
0.50000005598140769857935605897879460549390234739809583915741702381852996310306960123492855548128678039276311639640035590991339565917866056294398529725085475182012906347257938874334207895743180316469992 -1.6569069466296318501523958585460877817970082066127838334317562566176113515369635981234792127169598800074612110330191571104330531135804591576016282475188412814487981052888295104203593174973626579106551e-08
0.50000003984217113173826824324387388826113770317096976497675372688593554183046107129227640619892485344175464964810127156289436041143161401456839657718215913691590965592527833272577902269255009636743768 -1.2280241553419859691706650673640213633008076041269059157337451057048243677596534053675095969171462415945644461442235532714700233211534610920816697251949996937677682930635633985052959612101425483032414e-08
0.50000002669260660570501932406459235986355329699230150031951553996729977528855109454459801556964651870758341046832367792913983899002787256648189314820398561131330425875659388144526744891980028857231972 -8.7246442179762678540794757705843451572918145245134534645809367481059554148434427064780414270339325408469813958540405637617412217517440921779001147276630233288319959508585895833146767957144449370785517e-09
0.50000001644180919245556779234475828285926765740590114738877442348614130972264764426090659442563055868122119168807884295782791125642094802230115041665280573184707707545186556413526813436054978837287918 -5.8425655992201285833916053384116473098023269006238739693146346927394884616297946145987697709875279903591908076623633744267056332366471659572435111990862872497878134863401847654706601903376948563559346e-09
0.50000000895136155900176855931814267101436454909963051326259591812771155705053051095575169571444529338864388576777040315215698407558578032092797832462528798012620552962593982181708776453441601332685537 -3.56992048472016477220809962830144027957489051696502091917016494666162619265414415592459859768627543392650030522540781840998398212141483081830034698599044043032575832872836144352961298214171307134048e-09
0.50000000400328613029876208527535174637355295890135311378987530580725270574838412948489980828690191953901179926086452381560763190779296174358977664112930445906173052180753186773128718874266433273211607 -1.8623867857284403646796610594026390935336215003536363628287641665747620407668309969066197514609440350469966960608081801000983498765568534028450260158528474076153551076527012534878340030204474253003891e-09
0.50000000126015084647709465655499825706343376415042330685591270603905190286730255257426301496177962754459425170784470541263603148880610031367622593086336569546734926612050128807905332695868067361309603 -7.1445410698691420434563203851370297257975515056374404734126482987766214408874608801328952172401184933588833587796829410505329019115941018140013287495027426492792584189861819781466509175297028302434829e-10
0.50000000018809490826130285476453068017362428761142334970574541013708922084298109060667499243935075127814985228007741915047833596643151603142595022651461512506458875875841080464690409978132986575032967 -1.344245350092680385037435959469759420196351138391482871443595205046944212762361234120098798620537529902052211710351467592426988245965707002203479767978417297189166282755936821474126647768965451918989e-10
0.50000000000245053651712874539483041506189451058302168148662826590950940270844662157185140295062407459728789409246963040158391232804115924714659367180861077788226057050564135608803971571451678977042251 -2.1160860523688320595834514509191867047638604669562207578478683738583756542191501961731207654090912204930235584994997554259705195918498650479105093433091125217505767790793832969663780083761613262287066e-12
0.49998562376086513379960124055874951056162516673861915311892241758586012184770166187929682967447358561890085740040270333760934618651637410666416746085287350587147014394894613155917498849560357350774631 -3.166991461845858450701741250886307295807967134021259542078404408073606079660675570759256201236819395090416904577802392760203697697386273211103384931824646683164220743228662086582249352633628222793066e-38
0.49998605006466717047438415215471997288710408470183111888930920957898190785467415298341020218676242621098574446467234414517928833936726643480455407442314805290504550447299817306509423960529786578967957 -6.1128995810312295618864176366168306542207867914736361663897758751759277716787478170978590272976329484954021260661367715942202951286753249406024206893777033499592817782694464976688377729583595623816386e-38
0.4999999984808876447885917312947069851829688476332578760966861473754071910725320631169190856250430106727371869509644077129447160983617092284005569723604573145118858369321857050673485297257402695631853 5.2417802908631020415762104680131035385420851584658353872151891509666334586404865025841591900024955591699727659515466605915980199313315132418662677567755818440927207257684338532346061617467702754497193e-08
0.49998645768507597672851131620893051766246500200066323462412863403602382091635512590899269063932718974085584809205718895546876116049319485723110298451338992796625953621177501951315933139331827455249427 -1.1687528899380051503930899532619446925325453266143853192333297589248731121195467925896234987336182099541501368145130712092442257534593147115759945350597736532611183032171245647499364569904244357666015e-37
0.49998684769805295323537414422339974146520344038746749320198133596465354563594729042655007390873637206219363280820674260666892614184877922061047592484874679929613116006976407793173967598181136794980312 -2.2142399428414575533571628739250901204634654284425101474799751742093850419051647549082642130913469011080658004544573236070334686458209473015293036591522077346568971262398792537604598525685660796004387e-37
0.49998722110321023918169594249024066475289870689081968028186482579576049884642607455021038657580782283200319734929638106544593494362457164760230838830136904560959230413518571316205611319039983209833258 -4.1581210760216636181235589585452044954639311530537234450523036681743582720056655197731862392583279837944430271552099560115153800421613720597503551596954170585121732632773250757802180950200326415664159e-37
0.49998757883022045155826265121121037046918082563632016488774455728820500488320567474833887582963141822580094347134683732781425876610909043153690142407691018428895496051316648776189387808768691974565548 -7.7424236748842872333314466967681199526499777471571623143783326315084348526202382267903852751462288761275347442260278341495091444060383778433492725791296071837591764476116302362815497777017334755847258e-37
0.49999990942880113172717025696437334886808854452662348237101245431096991348967758656044335773040886590020295393609186011910591359721285092664170605697395794481513077903495462868231671021200993299563562 1.150304734741717613982251180022397632821741447714954080144927319972200260539207936446347580867384064626703996385383174901990252241503825563788338770721324209223628349932097261943112304118520188140885e-07
0.49998792174460733238841862474131655415267818991217027491877848686617891985246757986735396083093450896849962521895553012141913813529405720586375464591857875931811546986882055789243044128283209607328251 -1.4298629518404461900473861362904045630658144771320747057070055323368460243159141624882770201853874072663193423697523967599778211702669193196811837379511566485817600381503657068712630541717465332389785e-36
0.49998825065298470680235282480023466083199334424905507843434918845296692584769622978284783204661962767757460574149795839642317180032707125051488952488622139960964284148543718082711524151371363727423062 -2.6198340519929862255759650730752378609239544882086853086857225055225261409047182934547898835302805311576583784153162529141147558887641529912006802734085246732842477940936963805979955127174135583073117e-36
0.49998856630780301058213391698336355378771669354066394718216214895996000164354238814085926866328274002333828976497888853074568799835248217234525761109287509132690564212315617530807075079360042155744066 -4.7635807750035781085188865099362633803022728321737922549938805794164479645354493383262908464025898529522539813244141039906670446433492884188284277099448741676963954478852732698403140642497052158511078e-36
0.49998886941165558037269102610881715211966313146271304975791286235018989611009543615754841583929677434907437116758148918626692836169337129270542995183682410560050331057819498968577744711657515237067972 -8.5977896570295612129967459855543466352643286190805544872391331087590654817133823972033974068480742100025062347486289369912722935994883460949161452440363384882714402782093145939725003970662761088985858e-36
0.4999997572963955876866112171462767546749213298536499016115090917342945521340685981531052160870748620715553282618685160142112340074348474849789885085238712257982597683058838219575593331934319358457179 1.6772298989339576335896462322880179012907572209627385075893832752869732096823112734783714850242377892198537254079215378203780402723526027429473608909733473807604532629448478150055763651722227803628969e-07
0.49998916062119075803889239515785104722304373543205589859944507852877398907841147703662504821464705736752024596777486092026224180246852378867716547667273333123182341038706411860133975071386043990543648 -1.5407840509836769400437863535120797423068734346652330678319654908204080011116897074256120246950707512297893900645773607270587679461163101996369796874976877781716439413037410341545702645423147198183537e-35
0.49998944055067051153125353272075847819981574045985955503868110011254513607858578441676731790584733039762467564156262797911836492775584144619049855453038365331146227063708720781202763688412659036975143 -2.7422172913229326783241690900772075207288143881420614944009332298296886116210345796678369992278861947351569468935507019708046946200904004039106931491595755576726131558289804701417811437731547034181455e-35
0.49998970977521160702884629452117869082839991836651374301520633940371864589432970434527350755032738873906075387322639468513065091478786940172819314185074000400145348046385884530023047844547993746720902 -4.8480394581528605248006834444772668982342888507670059506224320275431620340709454126017850529264737417904351472302158123909613297334159272160886861279313805977364163380624434780731753075180724008022554e-35
0.49998996883374128675007611736165114584999774600979167531369382291779488055727000151856697333037719920151460737461824487664842551305917344949849947231517390685671242143908741960913288835981421027036441 -8.5158802442418758627652151905210597179587415972738896275499686597565017958815028762205772718711679029316796365563615941910697557914313979522765552724278517848571153867456578760401424988107460138890489e-35
0.49999021823169583341123951028471781926050048687815881995656257658796165900143636977909916696236078640629842714156514817665344584833433040675878059456027659083100652419225090181476504092179567315319902 -1.4865622909251932624709618863530862342483847849251872284256030852728279435503635238702422301942389440952660641045947210798535531054386527345049175082286272476746787568174013450960438918849334164419393e-34
0.49999045844348726743653544969943954491266063203181729634278321566594258400544796987718645774767608343140812480676217725911562685891777984895542416153944511668605341658988752591815103553113299789354075 -2.5793735651760189225582327988208594709656645364024615320030286539956806189206597717590245189424435183721715510835133105118408263343596519914769788832351143041853630065697606040015567864308645768109035e-34
0.49999955629398542665770888447905796976093926518412259064707330296694540558181445056099568629052042685957442967788376550934686027596478752214903996435409482173990509602368812204417862857168967841941837 2.0484076536369591843537946877630029241968137050301774150961838207053034131592446100413735792815632278737622282887847837751807353714125369715838592946900409869974105225195708091544343270023442332320042e-07
0.49999068991476066820319966971366910653755158141972215655959049504251205255137368458731604133128210366122941568409320093037483117198402560438253105315005156515582756807738236690263584458763928819970603 -4.4494559138192277165500622909301370490658200148359492962018959842782922935787490731241668342389919953193145071827020510100563897184931814071586954018114533995669671191918949152503333114739058060487932e-34
0.49999091306446218576795757047951672038494696753465027487339249666776055594847580098435900033231532425285932013547767117327982073995719122290824003918019917504398375208501081798495463434111698954859611 -7.6320609886656984575560248998963362743355415786031923410426795579387705446575382140085255534129421395834238659343278379247022947460770537112172030418730507533127951139609532635106572442397606754390378e-34
0.4999911282867356717039089829806691711448844096155097749895093563089824940059902173155889711075707934319385278130248590818792720668451928179810712371587112882471127501013449074186248951402444379817564 -1.3019571720609863666494020110837577517278108107752231999571263755842312439424937054084883364389341025462250257543706013893439157991194038585754724906464623414935354837988725774639167461051609799257795e-33
0.49999133595266396994838072358818936167203147876045290391315025262879802978187335995123823180398985349619931388728757884557712695072036952756047251256031275087924391410240016138113442660516938431979055 -2.2092573690798847902584334078518588472737559209630160764811119027602335366344161691381187724712946296599500136596284312387272310206609652608504663527196976081459398459325971991791842036876996665605341e-33
0.49999153641186923911427586870182957686443614386397804937788342380126605273701155054328085937359950797396223115467065544199844231428923355422868135420399342731227108331070216597294702266570147619726125 -3.7296043823433056905787060787871005545903975203787697198112541755269719582543950052248776490312902565241234124395993350293067840759885859431527876018281287158522455717557574393758593166588589067682851e-33
0.49999172999398519910472835640321830564690665127532071114316510256410888272514354502774418609167913240373001079918639029041897540950457136071925051389067480580199411194368909165338864375596413504027351 -6.2649208896693271461862560601909463061235742924676111867821468862270014344128902092414622529301852980011401101143695694624344626591744414139149951090904771960690235528746392624655767202674154408405319e-33
0.4999919170100128833699356537236387291537942795729064035445429270638542398814489627444862210525469617813775045428678374458131103909346767113945446903630258944085069610049224801480790141554789017738448 -1.0473019128120957721770217412027067106451790381486018695373242705615121220908252039075376121121149388379657723727696817030642257124583452481283264076903717915619532386006077941616250122011490836506753e-32
0.49999932473566912372255437049046870911574032674165707328727764794336471638560780585434988508602313205539974723854205361615155308662213189316431592834167965807281091061810318703657737965231290038835359 2.2281187447428665020102121103721835959818150554358912574073785486712702503499942855848528715429324735495884085645355703099703677113760551319025767804539418327465045849057131566903667138897252967328047e-07
0.49999209775357031321354733925683904282953807678046175048615598859480482291566857665591426505477665638507483840979020398219510866632464050872167867358743108014759673229247146951873091786924560107952447 -1.7425951665935021651114292222714842206142408228462298870242050675396695220176923643529944154763566568707421855477743190105995393565888483328937499337286196006570539503309811795364873389298837858467901e-32
0.4999922725020454743757587201571132759075825578622582978474417982378914294486437442840301417888329127425592080149098595054093566801453457137348887382971422792558393993441622791148736780666350823894651 -2.8863704897337100531178006451539790257565212651634302919253142821495883857538084381917664540264723952494959473266469168866962815667567074352142160879686667789422205670610651359072739072656123565759261e-32
0.4999924415176610532102226689978645409542991942058811760675984759477734735321561533022965065121670831555851900517851858644708604605644842058061910142619116570444897875443166995953933007930625114867321 -4.7599152647806646456238359474788836317679231668421763139650332925291107065156222788619510279673636617490756027699374469941540452769756447532240580004410446489732797400011514338505152340479759213834186e-32
0.49999260504845856665959506729034125710987326217207687582827507497543353245815796963381929756090261426431368488389348297674581847725269304743715115752475120057818649371596734070770203657748382960690851 -7.8162172121973542121410854457333952218765085190044968599776195413934216588720191067424450505273044282171921049422525191437328012481411224346781506239048465168857374162399924846245540291336603538521439e-32
0.49999276332920878517683693841812617333718321766279598189078819582678943158648193416187267971618693423613601611027573772593110768867268734848722791613187063791416861735296823141684642478394240507429379 -1.278206775569185069830411963355880367902750458333977472176579457003057035017129785001605139793995347377283158091437024418446924092827015487493793252307048114544593907990019731151415305707063137506275e-31
0.49999291658225469048458113069955004673676594030657881369227537332826965744791345686160169540413913813530836372415541528882679353996110061521791893695796075759275547935848284963091025016532430225940396 -2.0819381230999600220311601263735472084621799761669353804188523500077997590538259990265455882740878242483891904965977458659465965643841912936199190924508057545723407924301476094429660392541548999543561e-31
0.49999306501829262164957090931776633502509667492869943500522878937827924221089129282070928131694882260484482710699556033824618631500361868024602413056900048228200923549314854568806875418461552152788193 -3.3779264917999851606600515777397129415076960297686204340184273316478573076865415134680352258986241787272896482483565204899748328324728636544185660835321356347001505827207312686363906142828330430936949e-31
0.49999320883709673552481544447947051393452315815623818190509691445514740645256930534051749364944245638221756153335317240442327347266308895423760701031269340235727656004250358235786035930321062590556424 -5.4600944763147775146167051877966179683728417713113519561496706884157157378708709928525684722776455300105818780175526868708869379270010764364240302212649319165062125169126259804269209524078750750452796e-31
0.49999908360377144946839758483812413138423295635087719200054061272262162832031701597772813866948336703659912089631240979408142174937727350003765440035745381757442007125369704717891736391142995042810584 2.1996671775911228656085061115207846167048885396579879788469781439327049704423724680434598473829318648497305810826284204989899439527132176504272695292312360170350638872279286986011215366131806775773198e-07
0.49999334822819143429623771035226432929793257941541093453368588344297881696396123245109103823607576518368702879548900129549445312033332542031059667960789810902167189845894268919623576531473537528960502 -8.7936291284893171459944287070813940435579677626419544592283103779591648156516783912101826200231566487183584861500280195465045165301508866626284328527531839778992524713194070822255545569892490546954628e-31
0.49999348337147598761937541946962757687461650627841720496582734379049124948156872569880909445326152333490740941808877234674591800518911463415071625143079736074453806995980693898253557460460849631665655 -1.4112475539504615898647448084031962712118904579011878486358588558439579116076514583670057711796773432487765115639628146831269045171702739844001281104645142121497487893548920062603303957725536616037e-30
0.4999936144378051943303239360218727813588456731923125473009545463306655947649198403163867755634706833480353244881234253036277430330122057759771341699518798249435850922261603158016868139635571453604294 -2.2571116965027167717311641938066007042051965797448886936656325813055671178881048925005121165036772639948417873375314076833705128735917070755013107408237392940770631633270644255278957985215799822357304e-30
0.49999374158952958428348332726947039168300210930959806775928864913938550162336917625612164257474140834238068021339917745758542417733273359282974135764488172890111552035216888444886738300643735068647466 -3.5980249080540389504400552284924568250042039158499390005788047733310160114532139836707124513736971365960475453157588176324266845201074621147878277806571526349153165677481079066851984301193231906321891e-30
0.49999386498099835038010062956765843800022548454881435596775832768785587031360108661097986494054791956157718200904061546374221340213861219965018735165936401907317450519635436726561356019245792836038335 -5.7171795850242234589843975314914668519501035769022518783911556115883951518427831535083180012074469447940405993807989247498709169474188849444100458759545432830277666400963113395117721756449430352324656e-30
0.49999398475902792066260494615548439840585963216558369950117112071096003922296442189963055559282758418169773382764023654892059008644776524165653570128466897330515984543994395689543577810720409168089007 -9.0562880486029665644538880797714910227078664251004165950392064492907781756512365652480972158889837542867375268080407170476467409449702611102315814586895536647919170191385184916040480829335176764228317e-30
0.49999410106333882723934850385828655598152972914850008726036131597246678039858098113810717986377777809873111687497212603675626637417803393925321434041722951150172879772396211823050046490844077803229705 -1.4302516459900224720426293502810507977599654006972905303781327811424443813184453453538392100332890632282727128060713429638274433864339513521833191695226263993804059404731297079602730147291213598822321e-29
0.49999421402696329992156346844569031665103817041686916270465005426862749836498492182991275817545849818336912674236296713655178183019393837309836551734384640534593508644028953395025292235358604146730166 -2.2522190693773202555063218920394448964892556960334019479948649169356341218852787388696059258895010133044054489297551470438950230655946177097228533831563950816717626996499865035158244530223373943964109e-29
0.49999432377662580527244329141831109355334239702760788849728108473990022115986052952275924418157650937414728541794498078159857290898367010213622175917087672246594088577562986510956375743801901693548022 -3.5365998025173737444343478968627022160738311420184731125489186009849827208303140996602497676977103995918664830765561318037282950136508547859328540168913565434149746729039755798331273633957909993277674e-29
0.49999443043309856404533078782146554773011037092950792801941342284463786257164526650920604719125614507100276245045924305404270408837231950730191383127820279511834529696627690292450239668795367507524684 -5.5383269661300313186486008607121637433255085361356853393618147659495888795820032253973253101489799665170013475616862209174287467670552052947610168681969630817342698364531745074252606746617359839166831e-29
0.49999885462236086309484112550746182766668741176747272284308048488729219410001279995832049046027630588407781256335112679051655985342822779639002720439326025137861246826461844809741179611391150197136858 1.9656685767858382231049375428497642196195844410373300793428706177618583291317941581115790086813743183329287231954936290539489920848117270280516985372449819436321618129651064597404227274444666527972512e-07
0.49999453411153390973242580633002566209975645675203831311731450714969906175871398026348756604784199189877618811701628823661376306721641821661159023815832024908897166884975819536167083085748148036094171 -8.6502385640306699742543443207598407169051865101838791839370876904559010642711377865390907315957611235604799949731890172628249068027531284470349887277391420789592060634418387654626765521050803214783621e-29
0.49999463492177519638591072896053821900798872090902697687481314110140159980137193416762777134656772613460426233287851911756955073755112262968198024966694239462236523168264769389262488998938995664054241 -1.3476373573655923251244282328557158804895624329186540860635360366265835921166654743749969605133444231821667892443873496554525415082992734806810691527302599100927169881120111522926464908106936708616308e-28
0.4999947329686478234327839535958222453616765113727334376949243368147917594908931217508578800431313807850892054236034063565310514602070300727243340449384604454465713190776940857995214679206559757889762 -2.0943601226246870000924234857323830776471106345085030210106339082861258067826396599600196617495957470410201166412779041604780673265043483419518409957823494836800271758978078985441493786269011680861548e-28
0.49999482835223181747715064789827116657760557955777572931773790938015333668261885487960675508917984950563937648391069501893996464825955933638364282074079103053026619818218691808012703301163037710227641 -3.2471342381385907376245998118628166151161409795881046835627505266462130305616925938842157389128535602786722790502450198447741314306436629021473015247812050936816605817955278317852632604267543859397603e-28
0.49999492116811729481473933520557623701383690816890523547272175379921686864806538595293194118619915237119705621347248898047758279304574302689109079426782982175483694928479169616931102349576312627124917 -5.022919732387740869142330241687849846744989132580113007192598507907799459492553666750790052705861794191931392708072884636171507006900809629894540885423391698656432940350164482261317339851378365846257e-28
0.49999501150764402245332713732394352852000771455829672084630681004372330657963549945433359757269507521642601201776004666199201195547047497133555681437314801826203659986164253689632521700822912025690792 -7.7527411432475825700014691135902827127037617678622125254603206131669344219426495282666492353330685171099913787358639344599806617860118434841657766255172902414036379459244580800665250767088969767044456e-28
0.49999509945812619883740994747578732212526301924677021449951378027267231017995112845700994510653026822990462596034213557554269387270771023823593977315325393041906839845605747414782567521955076966236514 -1.1940781426447552306263720653480081476693289746157997209750461508442067631842902901700760639300333522916237293098539768880427141402155731446360478035971218143781993548757399847076515571037681086185912e-27
0.4999951851030634873187423619474592867952845680752087064648920427362428656011505929767851496686533901673108333683841959249147031903251241649658346943725539022850274509882807495935508446766092838683445 -1.8353693517905529872527987213738291043517258504494011901078406818417643003418001706268527565498776918215099651828258836856299697536167714019978197370762062708260116044751239476169357510285242937831174e-27
0.49999526852233925489241737469074204182728941767903279679931209870982139756102533677766593885544391102141674249335230247749053446751138703451468133525749541567007248320375499247923672539691607228907663 -2.8155407449309550533840677866473072055125283820921375007141989788824605046166699529707578701343663849195227839408426928697246988908640625991428447096440973102650659871088151149303475564013412063039114e-27
0.49999534979240689510989997862550924135936167973437936038449834001246621513608521627363848341664389255594851140310139041326742000978611206140830534262353914385819441089531244270945364766278468999576148 -4.3110362704475508887378846273029376521196104494590535386720450093477307917919522563984615113823567187049072515182783874401176900054177688661039827072863363401379757869378169158770884462868392267671975e-27
0.49999542898646504673847023879876925778594996398367200281204647726998551245815306210406534810540844543177000848867274678652534355295943020039494538222528381524550910900120096945406641604448750181662407 -6.5889551103149789535613754924946410539016512223923542075514374929824664516971936488894179952049399854933562071048883485267489801723917870350005648863152192942420935712133725473900826386001127271408749e-27
0.49999865830125622724671099667067413393954078987510850410812358404880786264582808384296869245215344371627318364132346736331589258257856332351959099776234192464354279607342032639340669855851344465530578 1.5472749023741007194244333893172911347779204770691874809987430091651171534257732515224844834810063770961602155777844109298608805334621814180286815115313104266344305148956415163598816975341453854174402e-07
0.49999550617462245807904247977394213159012637554977959046284892000536596095073892942082087802734628822042185673691226117550551711902939348274376489957913487129770969049092942473084667591488984323703323 -1.0053089567736684622468878318256062121724475799537122502486023837051615628459338371435999158881544531773582752750017764474181777387799282987859854142927110796839384677027703684453617543542952259236753e-26
0.4999955814240531903579194588727203953826806588669576515949791091775341221805019339419171366279000882913126588931915523380394823391257797531125921060052163202894414628342084955524381846583147889516727 -1.5313112347232454335090599977601386272243111860150882251311831344339406093925615688504249786956782487073540316209791000713202326623825387857688248193270071335229161592714614632521992639451453095160328e-26
0.4999956547991428018014585515261763203606768893954927141357908670756829215134343926267862650467441143172915671215614330358030945557982693519032951634168406901900954348378385469235665709141013448807068 -2.3288460599934490697758564388458077911777105602763580785337761895049260013241135587382661857688116512868843487827037971710085142343691431706137464961244474581118450379861552284822915236745940479486707e-26
0.49999572636162610646116997843535080074573943906909195756973851938797643094208838302954052293180782385626037218701073797516298290715000681631454284074859956874181910444170998312342256650912151878725891 -3.5364189595048056439032019621813816174972398268841037808936564504742279374871358953912787296251136954860849473007651158839667190191395654891990177744210210690236714115789796994382361202098610915452712e-26
0.49999579617071705819734662308555878818944713503883156608416644896402770401821267047826067219333951204872063599364584228493586141733599717368814514832842526188762337582771234724882734997449669951076134 -5.3624622092509042405619911619840243406265526913255015680315845721354310343557540723276640741540925586920484181628345963227418721717038340043740728956579903702168667592484042558895715370912780783980812e-26
0.49999586428323127010608427883192329436030280018365585710775021666390295769909672157252681820745401749606117385548987659734983669328886800385306703519610963608884202356516647630298108707426459857824015 -8.1203394562513673263240370627860299828611881754298429860833826729806015817073083441595895608437473527333518929715766022953499635515001070152779191472759177992778097280333602318140084066287040755518479e-26
0.49999593075370164277497666383924801071320448899471992782421203013118358655882910934472552936819259988667659874078632210073675200713953760340059766700464262582540813856014055942195255380063089116101734 -1.228075801327874345829284806519242768482508376589323801754028165690347591479540601505543679535053857348245247724030881870742366896085206354864642255795304180095311976953618083773933349962312709680097e-25
0.49999599563448754079423629812545202308299590076980051387942316139432009530667706420208141430091417042531738011844454599632530220541717699990328219140951233080144057133518987158183482886405174451839484 -1.8550206018090942558690306860568289398476124992500691279098969841923887924747381343196827971976250097594277322629268288751377161626577046684400848938514107911271050375351162038031546793356704165891177e-25
0.49999605897587792567669183243590345573156172957785646981422439508171919058422438432150685302995245144137563930495927704271649005788450862227216318488705869734840136088158340593854980314134987385730613 -2.7988286855183876947048578635688012589514455557378502747861484351155796936217422480220248639670779301303065722268915399686736944990595494803132541364466246404511147021128486386131093106388366840654038e-25
0.49999612082618882452031778911295513408676893409382226345101885475207775078445944844682779474004289788313646314039690807654082916339817798030765886724431880633544285672776738195306288822642433667459764 -4.2183179134626554158313439210839226300910850569156540480955002869126817968974113680463300789546422984570250572416439112921270774078583707152454995946092668213369235047543054568412771472234144894896421e-25
0.49999618123185548717058193336280943805976689880226803983124782078898680763180155021709914210166896866009363899641975986080118974970176566737878419135930764817465890193123130082325232222011361075467415 -6.3513946250940809152629129022779292363428925101001357355842982269627335582967247805398733655396700874433779387983022460079193910054827969318819942027759337612692188145616373653282246483185930444295194e-25
0.49999624023751956011633823666103769484973660877377292789146290491465957639389403241360205932355887694346398154372113292330610440595140283688058404683595616708026213278616562150579954287815600724378308 -9.5542610498722622927186715596767346470077500184740123569809335055562174870793757833733893061927154563297719839137434199602625195814429097645151257390414501710709033116997460446709852949425370991490064e-25
0.49999629788611158270917070376795010345937077142998016494661652514336222048164901019896924688031007123153781945106943030474242717296331763318947125108217625977759816068367854837398455763629402582035271 -1.4360012273243261913680201095181111789392110279510257939089000180167433372404478578067127642655381744030613932780348554402699827423853834645734624631441237202441618369431407479157599906065853859098968e-24
0.49999851214095766563312424260133875796493967180295970106196523245829844765470780058711687767927474771304742445217370410019463044349403656009239511079175010394998270465074490251451961157272799402650794 9.8208313330489450744848936128952212406931669367974041785137431458291760824639983588889329746630241951449185625840311923692778136910530202707464192115039493493471717192528313330790534999423379598897417e-08
0.49999635421892909037472426414538786366197994368207610608628021477009521303590878360914515256402409956700915846721671103360018386927207738116183220401920987035978973498470808758763087338662126559656036 -2.1566209236706672963852366378337376590521563822324104961898416957848580089626346521526769990932373162919944796527837553594427474267977204771761192646942863430380389554238045208515731532009454308724572e-24
0.49999640927571059014261018782028676321602891628162019072019630410719245622988042441710526181251661503474385771880018876485318152494150817127159059913848229473385986823204202937942144621209740264485569 -3.2365763502060196679161418518490079617340839095728702515681311692933194203312597372415242588441914771875352391532873093614532363306456971382240878496973739381020263139649240371066056916728080722152462e-24
0.49999646309470565592877173768038601852842827732423682098808566493367917549003233097237761433331930176048062403332422786829056187511280794057904692574318347206200791204218127630500601984463449966889871 -4.8542581824554776734138590668681463848514121804252428727756272801520012906161715011239404331580971179529252112632432658680319192218259459090208957370281403212781099544258740356800887622663763516350458e-24
0.49999651571274137444218439738138760043024366532491742598783749079457882882188215678861514531859341680182730683951543616287324285401700487271187776845083958776552664879018462608006197371242058891453278 -7.2764077646824384909319021335200809640433134396676274994082581089504967513862222279540094235262226872419363634932349740567958528124653870902245713873916911400147827974182146809304533145190943822364297e-24
0.49999656716528535724838936256377510261868802544500761315573771252933520756449466385113292593945626310188841856976688086867216192485060935491866230658604687687951187422936032606480616493700134969783917 -1.0901864446664698217584472672996081282475153082287961236119971397059503643442756971953596746517047592260749829199752823627910539056922026321107049916321046088046641402619738148016289813494533752861521e-23
0.49999661748650552030706596184971381878526080146203211968348805493428400357137278308146747659249291783548124601070204442055458298700901696233396237219660757921389018519541771891011840699024004624839199 -1.6327018893042320335504275607055246809535099361590832495564003592373350691349080623402301578786983374139056752812140312480325186266764321095682524827812923160229908040116714770945856061383122541175789e-23
0.49999666670932681911968823266218071308993977426431132698743646917556301956057909266855879224930840397848562950338073223930489548676568119393460361592614031821437986829016181798179762282994343025724379 -2.4443789452614026871798964712249353074682404975986345554553975325684464128805612679035382867021482963290917471377556350887945742475914623583023590001393602245351365222882598720413387481730752300684348e-23
0.49999671486548511539412832597457464045712146134541551965977490399605377919181324328087907580438551725078810512019084375552804217026862299460095275681695878502676512857479759836383802297218372307218015 -3.6586366039436002131443199531473447672384941710351882209164016060858154578217074631714715939156780653674823581805199113992621046504056371346346250840377039356474801097168802447527847742488882156675207e-23
0.49999676198557833978077881908416795728906435920236293259577524138070404088857023880800225207628701631770479920985514944576079388220600696927784781815774187947233378268349071797863484168578534217009349 -5.4751141712128675733718813572382326646196039093112690727660763596609325160328912186082043639556880093030872311905725468409930785480701663297914405028899735191982492883183559283668226616841175458784464e-23
0.49999680809911510469069600619579911810081728367302187577532447820479514840923938996405825581104358749286538090521717479036250711330756153972180184888953587451904079608385206111518431951680859164607619 -8.1926584342489556497373708577254501212036602373097115178676535609856373358723620602085550582486196105203045313644539939998286044700461003082286784012358929179697425377486070338669734067803762340714515e-23
0.49999685323456091140757055486437509151220544641534796031156288283163020536340076221512499155136625170783247103216787989142518212062500531418997932975090404195819372903319844230891461880219700066914287 -1.2258842921949343398445356948733903999287169250349916235552905978611317327623964137221851842701976199261900391931664827448362534205149917585061437272101025135572843206433713134636497474303844529151715e-22
0.49999689741938208659445788611068096110836698326247705297553522846340530719087686671823255417395348477781670100295752530928042736629706294158848085206323553764192218711279913592930319471752898774885329 -1.8344375612482811804812475853228818303814255232177710896498197121422769267532284834681296661179655128077247743639106011915814325333975042162535008303949116341147068862770770480580295794194111204173599e-22
0.49999842925009836890245639533405397263649857915007058588068449826423058144112876799524190061540243803191878114790837353197946529959907164533771862150813218190180721472345671041100912090918910795648667 3.2073042956606807745433979438042466217458163993829372100475763796311566205977021691426515450858813869585158099910810530052309458309673289170377099633246689303913207392861943922964544826249076862365946e-08
0.49999843689990782252020323298767072047995362392362593939572679099402151956217745609373984303606876841735535698503360502450524377244452415763396932205725703322977286185365891194436628410508081477373572 -6.2250117410688642611859640269409533112413811807254075198904815696622348778621537958618089859776009622581392038947355742892624219582403851059296426428071718329386194871525525527192805213148570359031863e-09
0.49999694068008757482040949984933354839220180878461590115484205621648525131437176434458214657978010061763590849914068352355017434483185038093395214795299711402838962978295971302505031112731758770623956 -2.7455022212585592960695897694366085274812567438168827131287195795628170433446174100446903869815850250065619216664031256193033879747427195670116839001791092959037898470544278557432633966354931281845642e-22
0.49999842090633265840398735790564323265204509707498121670953161987790209175238192157748105132389156279390690042943733041740265523023265915133162450797015538257837291290628884153159627647156843246288142 -2.5963958873427488038878789834579639628911472557880640611595064797912833330500510091165250166593728734672493681340144162363135850095731371642624767421229184747666531629084246534914996836799919453458068e-09
0.49999698304226870584308020425704345080323119943327052716164806284234614018427788399676811820525041225512683092111446801451319313015567463428792400636718685422507428846747428285868953191383289312967753 -4.1100155470285041047058610329216384111378384182548884793300388693865427555346342799208980564812935904957671132689505082883961118012624511490096462551993887904916045245835534081479696335663034792389774e-22
0.49999840468544277352993042976004278829645536269458365455456162997945123330123194506023484013351079323823496377991356653650685126319658300997457904572870257659240316682091531929333567004109181703605826 -9.5050842426438940792499377883154174415546898043903821386737402109564979263805871515095447052787760224803653910258827965213182395232135307242576871344678087829291261302524408623374239601237483628657869e-10
0.49999838838498338702771969863576647261560549028883421867761168820814274467738773543469363803937239131309456139505489902620783837272841076769075865532202845127507202389380780941573303055016803151818584 -3.4103812135630219065288958098553959328451191763362344812228434109356926094238502321337158903736082254676649280727468895820026038182590464177915993159198867593582631989995948498673333272054184679104685e-10
0.49999702453063704803667603987830471792321544662137466100274756793354003196307660692119572041754308108765755036685063391905008972064924532115136937811091784314472635905046516492259735817738410020117201 -6.1546901763368640662566305298030525006415794337225129460546452054474046891399779345562452637751192623140412971577635994036058403125491042176915080419785891647589705263319965430076892620444079862769266e-22
0.49999837189574832541088572265607847383350316610171506560413282402594282332024352912512130890253918706459879564243586931434126410996220902965376705923460434911110256344542155090503751481378635089227745 -1.2753355082225958608456010111262990109333094684264252594756271071008151048787419949655654634400578443010023043173673296247278784537319739946075071672874098010449903318320483765930559047785734531769185e-10
0.49999706516906045250952000678364690956196354895627453279429141634985910189929702995448452832691564234132030835896218405687480072575643730343370788644641222384056557531806152696271904059067713468938014 -9.2203884096463977787086927884994626210968139392710739845722567967867869589810325949928453879622410406068589283019189183855599469142433479502972055908586158429638772531841951994679977079278250007586279e-22
0.49999835515846446468682767051867829425249947218659865137142831744563411756203757107947646126352041782915035657836782650711960037584968314802120700974939640874149011599972369096435367796019203042474144 -5.0617731555741275443538922816344366205772518791730328361154035914441549497118030187060607500603271794151457026373710451799560564686748898846150202120647889651962335523206603104385077813399029486287108e-11
0.49999833815825789509556396062601283414334615262399894638983767862353517065219656321039438149754108985728952992113744046911490382008441827353888990600028604010959353715378233016989333355651289354649252 -2.1301169927545005961486848082770639836213415026471157046731516938550254668313506093749503309939942544016276540666725451853470873637973957549699660292182700634725837293192644972007097825627496296489829e-11
0.49999710498059738607462860191507954285787846172384977359775074467467894461054292151587690371320330177338720240709528655023998261377716852915898064040669875850914339915379270344001151019616256951618115 -1.3820151231233918011358929978412087939519641354008450323330840488137440115387864734181834295334355153012574079048552745816042688158513634474690900938585377560753785505339426175488985672383384485143032e-21
0.49999832089004686365793105297135061746298310259434734604029737297309065252616162455692150027524760670360318675639770570943628831120558254332239416473688433163594121821014796917293285104711640765160953 -9.4393044339883656466457547382152595533380440948325897369292091252234297652490260697572506538302855331974597380629760347376185051126065174853304042827733648043080447135940150558974447132426435703017675e-12
0.4999971439875296452856172090150322727490607917064727131661398730158151720756257624538754405424625677861104832602622300899494083405371626759792040177716432579195756481133936776687457365097024224661692 -2.0727090453629603329323636178096665154999352262804253666989201557777270023632793583284535096717977109814996596251051939524590343070800724214287304356588465461982738858815410189623958065660515350643058e-21
0.49999830334949708639554972623692558128329592144620646113201081686401636479619826530347821909360554254757238084695007121290410115078288743402095289289568653428319741415387067287523833971021548226768953 -4.3720303243169830807696588712213270824098450152040154400223508327188946704303179755554985591659940866623223224750930188039956539093777243868492457969983629711597064918494275149526673524605852310381712e-12
0.49999828553171587695504232916195993371661353763865023034966550410049970365661159885695919670314302676424231799172554180752286368749350733717570600852881628872387183639667301027261085404579229611839695 -2.1028671450921241935294555284835489274790798394053231916181783980876240924150809532545838395023708476259539551949144160444178104092867019546169920723070115478078243787722474917798663971042584169485086e-12
0.49999718221139353819735350526500328262436252158991423001503829581408406266238198953214003035072918861932747213421472283110181480076340739070290993861211334070915212623885662834694010089443809323566478 -3.1107743376193003214479364973043798109295696219452451267460931460255325563445106123793841361369679304248912577111574553975144685912067474075759630732818961565076576482182834917184977238522390968730887e-21
0.49999826743129641488208186917942974027500826921848683066234068253373837635944779340394051106414095719010102837768601636295133947449177084618983724881017181396035196378424395977723105416239258326213482 -1.0447213242981968338115535800325436996670693274015743373246002955006684367827228189746986024487708532743441628248303208286368315580902281410424332383858069745802001207627279651182053729656825393277586e-12
0.49999824904246864724871032468697694378803585942771977588370571985811056554432331546368351916531395944322230403362231540824719025913911510216694950301525256602306707774974823869288215429212479148127609 -5.3377323426631487991400134895233428711702588305021136070725261611266446805833299658267739034061190082083437273122314052577377684188387017135021990401157783099785635113640997768725264826968758923976677e-13
0.49999721967300961532694500820296146961425022934798943730912554869289152889176865299149146269035609102319988948065731562090670488117858845905074692255136561750931453206142263018043153897804377895749245 -4.6724782665719275147727062472386569479362373286182057312481588651883752125104013365666970636397225189219560243898653733596207698286342316153044878260658615211274826465714028704910035995750212142875279e-21
0.49999823035919467747632459092344362650022734537461009042539542202069048153238486446564685113900047548833724364829215379715894800463338776392758641655803334675648299070496333177757288833452480826562117 -2.7947093474761454122865012021431447398669469220065604023802697633818892846586147050577403074211631677701502825899958457392934524825743935314434601260180955764108696253094634714108384591527607325484146e-13
0.49999821137521707152617372028114137757445067020194009465177137803131295289370568467596066172562976542720005388331973276957763984878779322680957530556266404947172590610558050934572336860070864901608148 -1.4950954584507959607195365347106434266432550582332616539680768704573345441346419675408813962089254160394010918221719610024792880669342463861438943280310640166798284953131501228507880683107433023959603e-13
0.49999725639251102644907568670769431526585254589279313127280866271994756292951129803011600537292310966320341049065464011187251953098314523850592286604948985998384789886460838965967525538577951131207426 -7.0245766865221851048640889147557066759717632158826560351595182888433419492639695613948565432521083695984956871869407285105372804694056485382070776588176525954740607152610878684682818687404784202105512e-21
0.49999819208408054795639090339917459507435867258437182933882191920233999577616287275637802182907627334011944214650281851430867532530433436558029784507034800626484656702925715879064011971746905991685661 -8.152604464808693149131609640537094851007406783638002288797839171948433416029384271560162671769296222943453891705602577817400236387080066845645259586890318564365620171956804161896963578575341225464197e-14
0.49999817247913995849797344507686224665304094207169153403626071234675386530746091593534924380443136044621944579649786111110465976601404603051344321110388819806897287919216948266676625932765272440709541 -4.5219975866110310445861633069626460416029423977017994936278044290828134057721443276662249012795917365033683827735577270965486393866272681971643576154370923562069332134402898897137798336444994509649769e-14
0.49999729238937057533570277701096337257705988093023474034947730241054620601771478390721883756072264409898084090770960488699730748500590405934538999056471233381366927633881360042618339614762745744343195 -1.0571440656747796516280773652505419951091480807337705509706810380853323174701370282083650788610031744711128943054976377098386243706046817988084224500693261405396574647488370604602594211148955344249434e-20
0.49999815255356133438014736918798638893014448438597654365093126783300167249772713172697411064154398281913426294296021506637764265847743631138551169743702938964464541330712842618204598981427711362988015 -2.5469257660109238461468976751156050112011013346268251896047201242054602752745594928310743645701894840692414876718266958829344594996853069518050028831243474138559666879777219821482871839139340744825976e-14
0.49999813230031937188778276961861030043946923654552740540964275243959332799234012267293068309667025062779527727672645882520688970720172919716539084394382366900160409711102975254292919902760956396761736 -1.4544798143788047642056998015053346521352353718686058650202629485610801216184250213545025096474283900845400146688559192715814804687223596869274586054305474404803287910875884295094894924224095595717418e-14
0.49999732768242654032092497023349066991267594414118261730976366025981249023845744093818611178034105007922822128393908700088232220964742476513805982625505221097889365507492149469683765872821859510473892 -1.5927152744550064221014759211825830148802880675488649846722810086962498384239330016390322490435908846246527542483057198434207656197286635532759715800685371862220542111158237531777337282444349843472506e-20
0.49999811171219301405600339171489694487600705188087330727560970186912303940984769902681281778453042821909785219715436692496773611377951434374295016569841679399054047060179211925194105267043700234279048 -8.4109637953001261069633072795013733508248854201070765876957273528506175626397784074512991166751238855446692865519476459866894583521032677970516488797662187990795514419052651745417655489291844509529449e-15
0.49999736228990732461644158885562606434106857002893973747736081578348357604113960448625118705942749039565549600022128802953391130048966774100657211537518859094266117930108451443361496309499457766289798 -2.402607081835585048504006575307657337708633018372771145840887306445948783712504795438619143684057570383961510999955976433895432903786770984843850517552216983230867994891576795207575950347033416681915e-20
0.49999809078175994253015948368388370454693924343630866556862274071598027442178227814223270572689256127825865730362423417394315182766425368245869681936294607676452674935246086761111434123645773917131018 -4.919758227045771902698550580333287667000323948975600388206956363762240344844609581657050060297990748385319955874302894910382048793054001489070164785175505093276938331512561785266544007494213339914438e-15
0.49999806950139038084927789490031130811432090496124893366687934513744444882262702183488781215369874003217439219318117103838470880606240436733536077541857188004929004433705605209257136076844160811795105 -2.9078682231298049707025510446586471990708699600156803990068946457915113253342584136533829420630203504386329064298020597620525998607507405292132017545070272978864579600274575161825831190824883382177757e-15
0.4999980478632404066228290263175095907604604395764980337271217362062675858733604312543401444897629790654555436817536991748748553573664733911361231557888094960885855001059337579173844103881068713453736 -1.7352483934858231833842456603933663371268934019006242074295656728614946629603698336923463696771578819501706080890167096900247714129547481397407988519598497499545228819099766302058345463407396275188015e-15
0.4999980258592448680848609447949645683132553768429867642909762281437463946277009487109574333850409069891658959165350390013284227526631078449806679833266309401997199052630060519684875219635230051690701 -1.0446472929362210615895477974542550454455948982310948962328412088950221553600173268077560592537391896192729992525488877246361281267490018904074297124346994933482763751084598066414565499227304697735316e-15
0.49999739622945499660206408737561378395975991670891869009135650834821081559828224103988270960799032898726099519012008624079179091549782211817544406597215491835391447335014206863159627938809052589769192 -3.6292822251631484565271808504678649814161109111662051054820930522540124671520140143069795656571228792957325731144283583269750448475417673053476250296376448800691928859647874757663443876661021772988936e-20
0.49999800348110994858926222037928917141671078402316645916312912145555686685528318308609585324794919666381674143467050962667027213214907119825972322734261767636782657425778930963897003212245305124082685 -6.3401529213898724624074547250570495628591111446338035716923959405275799628410695414078951565240796738616782479371188273221463110690352688756233329457722212767815118529749062046545901107725910261968425e-16
0.49999798072030539562124164148524310312463607527434082635030442113193301857887353856766870643371509098128469546843221179326103876227390972466192871617481565875215551093094708099186757741051751466030825 -3.8768885014057258355829870706813698748332767065251278447235343892535511118403637840929561075945583330372973859322590317753194754303614375154445591965420374882459647929299550411573684368161255096862317e-16
0.49999795756805641649475879214190786500972366807507867326690129441796122798744744939949290169095657372584711460573151370690444978880970686610059935957725710931109417474596174817710346700824954540756876 -2.3871420008854975724717331803086419410501483845174168799690097246800262460903785148961132953693631305506194264388491785780487317606022270463416502961399653257901626871931883595229512892626600007418688e-16
0.49999793401533523493427572641736426047849503167823230322560655237977772319683764787740912558002303841875435474657989971363989274646058326742668182178311434952233224984234084950391876497890480433080286 -1.4793304044197137409922819292148307379319962745541548431061355189788383818145033254208481762356844969872701171480828935014570270181334948750206019624929045713445819082368730184156964123810592375361057e-16
0.49999791005285229809478406669954621545223023106953244616801664943192791208926345356321480048094401081834986538737941995500325397451735840814975152167776826033675336202579426174001760823735412393330609 -9.2224124931427630881689856533397814714507098790710120258443089823232537489466835492090204660455856474306247029957348527300562623633137503856483005225229240970760345517342432462576117654633088275285599e-17
0.49999742951814777685132642037470515366740642677937612651079055593482219177065282856527191667138345836980230347520119979489097892689844423987964091612705052297228801594694447572360143827220010400046056 -5.4904392338138578231942838971586091960636193052951523725310966036741739750969357807651319117772741750683456118975737022001739941209868256671427738897487113969791611434021254589539333985260477504730303e-20
0.49999788567104712066317358252876863319683766127744396834221750758692478454312729570428428806903344889248471267959625221657459731597150717893696210171388682728364552616109980886297148489917708061694514 -5.7814145502898755622308790132732133124313282058092206813577414085978460601815235789714571725398150249199502555685642567567663192712818961914140233025549270143067460666409627970109838354974528030376324e-17
0.49999786086007875067704526960972099920380220099274498750477793205053400220659734569156254505893147560170654609558357219630447011775083984972702670876352172547731875970199447042406158672757462200908248 -3.6430647481101752476871600478342670981891954444842305213719891528169938455827894860377373608927735253003341813376147251734872541230092578855950524197336921764951961731940084287015868353133373899258304e-17
0.49999783560981584015534947885286579717477517734656891386308207698264646000652190505681918900492278677519683241077812249411334266055097040369833461188391116134651485072736366062325258109102153417483179 -2.3066904235495756174966977464330383743922809767093051389370423543320996033900216677548199577160881602680764884738091126111259457200779680448757317899975405354383314399112069090033728224389236814218262e-17
0.49999746217252152540784213461898410981007567308695753921265395641764774598744547683609445819276484487922348558009320850386168578546261044491757150110549091552603258898883358871696501216400678743847423 -8.3195379728378919815838306899695482096439795083116180079142806557778199535362043303518219237937747367396516041305868826829889867770810321644876592264822163271537603791808951407173124496171648918842149e-20
0.49999780990982630232288416666888652479285007837758483963589105777867627027438237778750779958454450001593763011596636699165066210819610390966069880573303469732866504851490974943031979881722175317892089 -1.4670999603431100629919170067970581828755135057028142044087164020755351035797259747512088938903786673157423772153096094019134366875521516338791469440389226889671477438731084732521298047950139657516982e-17
0.49999778374936653599845476389048005942216406479477516198716644903295123683661595855451787338561171405258983419811581979288742677114290951129527262741075607996992603106769675877321272630228311349244456 -9.3701591265436807584221054610023044922947594396442984084046510079177705109512236585157612011612839864734993339164198947326982195992330071333707635210442517925271624345763779987791275387617088276745421e-18
0.49999749420859027978839612638342747438142785877497358256453845149461943263453598885199697787963219256665925740184488529302316992709055770455263743663261710765910721115130971792838596040664294348203568 -1.2628656953492486155903773125703122914521263340365489484767623986867554845525447975821378025086774281861624295835896914988913533311365951471792826018955697055421690706847276381555921388449373646115888e-19
0.49999775711737019653180263818074055212397556845040910073307206355780541904644511551430804211782992433506970311272937462141369869938603783516476001131098522930967746022201885757107667210091391998243382 -6.0079930535673212858579238087298636343745174922266461787045310065552264737312798299569834471423364940877979816765638100434028744580877500702497929995710054730958435528311895739084378636777960015267784e-18
0.4999977300024364914751395189741821461870122073736311302568111351046591930207716446634073679271116446032750034923930786099563174598615140550429252708424808626803217712750249226959588033497811542541972 -3.8662847332786530728940717658226045862142330759564015081646598658400557812064045457763594526869437569408436205542081545597154346649846808206878852674900350719887745327514578498464853981384283947034312e-18
0.49999752564186589133970774491112287823400590732032729661686099372213816758950981955121861379402570594271059422445495208198011769397826094209159890569552230635843410581327508055533214620408506966815515 -1.9206309677338715948872701894968008423237992169690001446782832858037836225757340217660581165000873223934478007590593232699995559925155291325536774599176737523579443256684741050425746073853173675101065e-19
0.49999770239281797793565382831102120527004705988190746315866842670285792076781487232968934606868296660237839019400467225719394880442250778508192048182167765357781057124053221895769476548800288954199818 -2.4965170517870724605381507765454816185485095003302229465597931916862941870693803676794060543213653080720026040157005146840803263677077570867760878526671419349458712965417776223915297832673673423754771e-18
0.49999767427640783725900485613576594394011513806160529439349104030120292001400659404434369004102114109024324435615412263787217570843478760208279269392375251476357705500776703006127009096595157125191686 -1.6171588150430054849281121558816458216837740661312331682549025341566040246659393624588435075091363105367609287971419322164252312456861116587915779216170964337850268856176871336551292460802565977731728e-18
0.49999755648737680490428198457543882227272910656090744496100375287234582877119554147840631522779332424992118976504512253041503444473595849149168643444332421253830361069437378596270210641250056044637528 -2.9270195279085221391060134472670050713566102877751392979938227274053819073883875215102176819385041882945882990379696381568666682870179316403219781711966801648810131776939952905987097411510484868619957e-19
0.499997645640726601328745446082525715008776984100693661944140650071633001044790004413027224119764846303773927351914361361570327760408132489813911363887930600661054744197154141551314013380573539786407 -1.0506438695291504957051736075712818299291800841711934908416528564372293491762614831252716161131077850341678547144644312651890082864669520811741201035755728766692831899105686524892668000926731691424203e-18
0.49999758675968602424466515161746575858193390383141743758793591624044332959828500454047992471905460739112187562850396063677190263642413580503731717487262594594994774366754097007476846720195761942783557 -4.4706619894611037539068112352136178337971100624279109510573979796183347468272187436047932558962375016004359400124117763504508368518902358706227799283000155614035394967202163749644310348343516711107175e-19
0.49999761647290830332351323995441500521023031569063915697619689884100179389244364030081911112319968446970412439153184104432745288640577024255972957512198384243460439105513748759983372215377028143947896 -6.8447242689107435534706251443454601053192633852561939430984951572452675086909234350017146713706625937001957367269570429407115826340804935064081312498770942142484864666252524734385554388183109750003372e-19
