5.72546272969605846858025004194837182606233899999610518860716675416295445017908687713849450628790448265814321227044711721192218359787068203906640029283466828563488903399322073348031 -44.0052222416918223738538258153839341257419994040552694886668272394908142785085741478584660260787494546858277503604331950274167923165599675282483296396690778704928932851361815844404
-5.72546272969605846858025004194837182606233899999610518860716675416295445017908687714428573785771579159613225362070796134209711743438297752991432613389825071695812460836682002580387 -44.0052222416918223738538258153839341257419994040552694886668272394908142785085741478554534813761285454115781782086880048639259686026371376921484515585138780014082169634176419939177
-1.22043352037823527698791998374635280763714914510189493662125030833026706875453207152999707028431648023856186770809849408540616330172788258894262876714059210173143417353871365448448e-74 -44.7214216640035165221674853925464879423719087788651579972347419100592462344650907217405621931961196588636932300690967983496923614685910326743908838427325172921437130712614986032536
1.72812593225366325339401716828099956316884532921646456376664389644514164440223365708825418097316901982703403236533762150750207871493381203127030820731501101569401770215124464277765e-72 -44.3886006647061484792283962921785009351681348986681362980213207796039177206285872948800060019445480438626437581325094823746136812376557528405998251467652209868284762976040605782023
-9.89123283137411492426619593185391897837580675208574889490518783581341257531672150447949294928655680987963359804821626825355571985344836925686273546383539802568805889092666788942924e-71 -44.0755133059600026243370463777679384963659144361444333100037505987876047819685558514834186661169282830876450191799725231626086779990728779536937108697379904443243090372091705615345
3.35668775053677917618834718027673547187473441496577587358398240898330894289780469352051169434491838043115976541585236536518690071218902282590142012119575983398437751729986477535559e-69 -43.7717990646764926360667242351751922518863397400635606644247939836846303634751178998080196499128377265338232727366697708277687829423090572016163256942593486048657186843115257539233
-7.86653183131195641992331040092948232148377588099724516338724607349531320320845532078086161921924504827533853313628510890274212908214226379566631669799711745947849540917816880766445e-68 -43.4737750285954261616661543308836875758242161699594759519609082902838087440654376110153238397665624917839016600364581517257593505884237070028811782728682540531167882833190025408287
5.71282083239397349242888872307574176047044770484400098257629865419159340709026329616210737014477252847523779457076825138660100146573850143653731579390971781649882190259944955494335 -41.5273944922789952978633774974835453831812285524275609146423659540373430913353304640794533848929580117313127611878760198403910946841636508156060849002530664431359615764325930762801
1.37984017515413471018440191724057715635491938874590235326392056358818184407957215303411952515374518099628275938211450322587983655561287296477067153675485143366209324021560303884355e-66 -43.1796679801724834899009747083749083277056131297453730532848925265931015651684758510773150463776664728281840338306687819705538563791334108943884692720852608827235652563640298752582
-5.71282083239397349242888872307574176047044770484400098257629865419159340709026370253540386083884548414406095588475992100332128060702237299901342779614409562069142525428088553167024 -41.5273944922789952978633774974835453831812285524275609146423659540373430913353281123047030779313896298041844939826720372884578894183413826276465896732911030876358172039592926110621
-1.902097601502402811035897834107466341489221643851698125459275083727663457678815676614604211166736678365162107081479739960612480558334449509843685247107544440458904441572953916851e-65 -42.8884960438557259508106632099744775450808886471760664847294201018964723517454440814825015700306363382546534851405509915677665123717839841922193172351836787709920786551231031631573
2.12744082474578496299806806596666807010819171519133252648552196774059736029608053268163661393058322521916318158324769709756054179484118187537582818782797107807930452935629832847408e-64 -42.5996820939070024971186284618709697782564859360911985361013668657279319683484652238365647026983670664852416587612848808984241892748574701925839884490960993292624890385263645069283
-1.97301841216234025786266723338877122300139273689554004522959901733801246902645215453015596051176809376005728541588658477209768866517666380082073426313813208775987844638302248672996e-63 -42.3128917584305327334017233297323023883467963367516041665566761345346579564750120278778180290155282367934828390788852616827983636561123483926929965061992673502659970963625714204573
1.539862208064544526863325334974505421340171370760702885107791399662985827894800311318755603914178975125584039102429355937517877784880165491702626407158856514454323562099464112438e-62 -42.0279601100199272084626006390340476641711181600224431838131532278517632866274013052443971502193252997935432021871627187329576418219075015064647916962176827888068841136172800830626
-1.02106511396317198729349189748398858668019880701566561001868150278606891013064638916760766672169746505071639564161806001972007523940415906665466595765249831298655458554994149531991e-61 -41.7448616246937102199277286358927372612980987213802729746881020267136452632678584899780636588511688835657892987111001094368736106462046619452096751115065719031418369558426566201005
5.78066037743031077951460063183907046917969302843967279138425943221425865171527595855486654338830904274005509309225690153747659990991252885383208685597446602713064616393906018504871e-61 -41.4637070567004474234213143519263866743806336519081505532793768529899327273945428694084796973025712557737742501896577978362409144688829478511590896325031076500771082577612643586458
5.63813776605871706141346973651795413734132824535169320485873726128924579225929775882907308656954808880784017062365171858477044605703116244783790721534956160645969137384184092255843 -39.5410874963275028011870319228783592255183867695531813561416957887284075132266824823329716558357567154683605277702670974522060024119983792393287361030214894857387850369508546553603
-5.63813776605871706141346973651795413734132824535169320485873726128924579224943221953578070073323618710693830866628010420642417207641748264510606334649650877989291371355047446375271 -39.5410874963275028011870319228783592255183867695531813561416957887284075132351308160642021114572257022147894331473767623372409607621905153378938181404889595518889956707638520263743
-2.7942178228768243499321293863050554155082531560549552860179257720556693143677672091480285789766447327314720443772237942191366831170260676702621084110595493395285416450289441165111e-60 -41.1847623982139947772277657867471992704038882633144535650370845063256792746236436314790771770948355539197497777699494481887157966886153825244792846689665948950014585351161505425383
1.1459541609762884358385061019946734079060563689878977389704995146498646808743171705172896195430684208720658293925370859834302798353572237199457676206262306027247788828268095915397e-59 -40.9084893845366944023928809530461500798067564893214743483391779994933708062774839364795590352271690423961915315315121377365955121854153025877683859349096950039235446480632143073647
-3.92377526419167901715349811643651442331066456771912481014536086955189316162857353186271516117789268440474479597690872234473086125457450814380799383980486770386947663901746207371691e-59 -40.6356021297590779425498808800885844861016665073628790544817760590386492170993928813143846839843791162370626177890041023715177908070077271138344759604641115475646155243325350652237
1.08410008400231245714693844809146013165275833459963959373816015244572989892550246079901905332625820340127973756518306275150270242336580674475003590144980050005726026278687287644083e-58 -40.3671029153272107274564715174407482912437971396030905350712225117311381803272533096124138601390672932327006726472174807049553111795923527294199957297979535285764211432325625791908
-2.24407188931632948768640847963195338036791189574253421927869849463069447590877088222843687035997281981704326978303183998136788267664759117111036875336631888546571637021685151788848e-58 -40.1041596070489972534796000235329212450575732316835015103393947663936349311028519769154209756202611771383733634964923273288629721954128603950580700801188001443728180858937011361126
5.54096347178932555383831381480133024661617717790696471675222150090197880444877520812161760688530741676992306689383708372865612554451286029036459551105764137162644616630177976776916 -37.8320728767941837798533991607249378943357392569933100912224869112040996985975091881084376921091618642200897042822085540380637971016459413404506910428411680772883510743516657001134
2.81779815019919737527335780357951102519838490534536613453903584305060008317163963168498588756160985569148092974911945082276817763947038241553623227312896874466433460712599221336967e-58 -39.8475202682641845873031980008566117829710451385795680609833729268965334349084616904911905191350332047939098465867126941318140115575593868737818759345107137099653411982160616532259
-5.54096347178932555383831381480133024661617717790696471675222150090197880616863823974607409590258085435390158458601156118962747340802806919250102688890236928124560556887289410997101 -37.8320728767941837798533991607249378943357392569933100912224869112040996933476405702141184312652086059475012529642354493126593735345863688107640549580125113127359591925943612097848
3.07481831641846310961493264935402683474444769735051782651947105424251457332526301117061682147441999510255031271105486101970228959503509243664689408367203642741752172755435759881581e-59 -39.5963571632686023650599884843864190517985744845420696013921159281408762469314210499873325389490964043404408887873048957692313714733471417172819065037915610558240938792028711023203
-1.00117406911873682959455903546857360808766773664030439845732599550491739887852683934904240476181187634067183234070802641674892734409051733391480967839675070085557546749448399838936e-57 -39.3477651156356560088959321550299717765709012965861570288950167144148854374834461674030669792315531848751343319713854784673118864811080784420972615312713432529811304638026539059891
2.13033460526224396809659535031887794057561549699179808409477419278075851334448308059849002382199317269135499982423473423879635609427897397115486661096344303518325340978207979624308e-57 -39.0985598575424080425958457656086195036691574984486950102115274068797440519761712915186217274302299956066345818340488491103456088349465752409404905998033015366265732182396990800173
-1.53827122337506315046617854977702463562786587927088393041714148062926214415618207446145912239086214790038069089631759887812313824258321930796777575676606476042313318970287651548164e-57 -38.8475141735186782727967788412282520485910234058066806330091046871025700826976947240312669647902302842296978615234223444550619636350138486954769985040932492905878542669973359104184
-2.76852269967953760538848519383684413010903683423989513807717148115208351217511156872789595062077624950056634798299473816158173966240767935220619650931664584826885817617579631632063e-57 -38.5952517021446422030168113281731190288263418698562202347089662051824080072313805224382949205831091431035036657525453152914884190587340876874248920669687866561377784253002999802174
5.42511963979562969680145756270343649312013930139012883714613275008046890404972147198862812296715548965750632121775694211317706253211060456092811431937733315347890077935339141952775 -36.313984678460944510192794529193433852922341257754346779602696918648675483152525701313344451877041027353238216540725764214667871326775730275377393589179002064265314681821847906888
8.81570395097624657973343569856852519293664246239692677066978011985809584133515371648451664499729195081895955757591349343987409249601304145838996179024508800776025424403011546227145e-57 -38.3428422836640206218587039783496892728833292620147713314812092661370378774799206368661378031060053517800269563800006058319647110088038210911278696509845375543968469376650939761847
-5.42511963979562969680145756270343649312013930139012883714613275008046934999882827392537589050066337838635310326544811181548214919102940088867726960519625162902055800921238537391471 -36.3139846784609445101927945291934338529223412577543467796026969186486756014347745424421943566574392732862083360383384946137117487368966188441722420750542737571070573495732335326676
-7.77528206692817546481376557751675146708525308975459568470035071538894462898435045834875823203610653575275711167361728904960078281732317805883911049360089339583562371951228451253325e-57 -38.0908719734883961099623999080851867249679130039536140990095032195826341789599867136822772577261643773717070055820385377756140785548178815451858350277734035568602531663124741812185
-8.21538509594551482621577476747785459767767643104474141366170704602166169349366920729365514766260595497070129237205093998235994947159851832349635959276103015594533548928514041127287e-57 -37.8392931062185930082259144307198815572383443106886935102385327834065378887612050422391555684480663849925997964204957232474516578781949795988627897740328208868669487783722694654476
2.77152432474700557679042840832434196553003019880955219024005968311604627177562166861580797787719578637291545484025395553416014879273152871537460325610895406177257751308400126649606e-56 -37.5877653300520536385670679854806308450478220896851903233776812307943807143431626286598710830793486195416916776680319105106878785671702259365281004421245260209243062317314270834925
-1.81136092428099587692879806418911837667840817768075885814199310032918919198694918641931823683503955774530340418042191706744771687108887646853666792618543672004268768813436084934735e-56 -37.3360631282027117841213297685508032433073924768339406958557475465896382718655152462931205171061137506644618931436511374727282732771409502774502231576129323754551208548121098057376
-3.23412511819845403038925149148252151989163307060800515868385865261144917495678171604733156003756425573106607649247008140428522857310496532907932324008337845454012879352189155240409e-56 -37.0842097542108163663779346898343982148935893615225922003634670917835289134379029127890263736836350572797568767340319041390703332339560748567611556034581682052753839503308087734412
5.29191497231752252497911608857627395874300952057111039784651058479126861738882868036203422856550721178271797377789746211912736576226012879284963909677600260585602827831976944317691 -34.9365709238251609914297789795277132100863986635308632642198222433643258641786182931667545975926490903767989855150201834960911195199244065151302428765988555923285460848844942997546
6.72703307468605542639525820584228586478109130627183284372610881820499965293531335918891954760409695133271741027448897887596828866401510562434217975899775983565665561406034686851236e-56 -36.8323399355915078652617772905669283200466014265618014821015810477333437072083475129363137404871406030630264985226242993773415785885344016621528605597594481634547032696394672779109
-5.29191497231752252497911608857627395874300952057111039784651058479127680434949374882935407563929849511757665667319798209518035638486532907581229526112497819233764194450972290157805 -34.9365709238251609914297789795277132100863986635308632642198222433643358981674210252021204113824951405272086418105904716097819181540507928936812732403846463972960406456677085811086
-8.79208292420267859242285864642831210957496853947148620338276668581783460888191732275528414971421355873485786307633920530532468209873040021551936825510485087513954758257236710307727e-57 -36.5805255410139537224954993223437694145675394222834355726306444657599163170569364582002326113215092773449642035816684802701748164909004204401701366854418758355162292019734173408182
-1.03946055513740587490142932261332741345733811091393754303342464235141487424911994099000014857481640992649955440233396444877423371178877988069949740210062490326554492209029274262897e-55 -36.3287344328240739930863133523652097865191679580599489577283013309765026501603639884472633528219779423505607706819317894445880352930216333449464749891212472227604416101711580050894
9.77622889751094613088863458782705255490020596694357039042203822476095512838038116945420545059659940313133354362986318197462518144438103683840692797532480004051060699502457198506063e-56 -36.0769069385296689144483619548553279232140567266793617216142990502307611481039988976239770293819077180274397488015130039574476789307942065662054692936870024418818324200246478178451
8.59805706449276556868870055854028144379272222754326047233554345016655028398756333146594195249967794386605207950727084209758778850930146458859038461245734165822710671032800435781397e-56 -35.8250295067466941420724655638572927260824105385996159755339432659727583361238681109857323583432841015618979058488161911920096672944023308416766787852073841868749219300386063617398
5.14370203659501394706993152949448124161019782056590549980998023549452448348949436528793221217082388230755879430851293210018745862024666296717075846973053597443691989057355135234834 -33.6675740907119328246887593742110305874283775779437544820826785396043163582449505393757153328774000497362128427879966296262695952371480228469395493702761543583800030168569793029557
-1.99350148843295208924706991244337770981355382503213269789826332657604089959908617641755152176759657770541545813714066603978993519834541701169966311816909539287107109826596528097382e-55 -35.5731307471760315588647117653790850775823240284475860703195454281457486353310556299242657856898781653236382707662776554532173419383411818947073682451192324034782582847919196606151
-5.14370203659501394706993152949448124161019782056590549980998023549464046053187537323027584684172363730831430498607803989162653830701350882920620148984187886567094961974608952647831 -33.6675740907119328246887593742110305874283775779437544820826785396044362188324741369421265004074504402904393156091293320832871232951541432689656271173745018374087838467657392424244
5.42077017235258326791588431488206675291780043519987316297015130217653132861539919309383472369059734239344618611799482743234837406499231525408734378478566498794645927408045490177851e-58 -35.321232386617581798499426466298044177755298807471266645978610521302771301272549725129976240084138716949160702846595150551859785014991513362393946550410873145587097321990532790385
2.65665589106080264167836892506346148021581981025227649420600939366835637059802005538159483486509134499211237060235529773284564178290841113197270935541346730861026492819971864555214e-55 -35.0693257762659089739857848998541069187619994776788106892951993200134436386594562255319480855582830348285959710581299462113819782555805919210452182276044931149694875516715878728287
-1.29878261718732612588151712973327379812619881428088670882194009211094582867424242154447177791881794525940324470813704111142343310060112859556315512930294962684656196001149643103465e-55 -34.8173927812184576706748663224552695223478297535957975704306017707574877619086954530087754994831479871081915654011341663020549388019633838361291395569107028067171584086978269891306
-2.70254680974529724048579419749932076130611525258290612935284551957839577292388030404625023033409693350642933517126308960088895182994659368064181753822480916777439471693725712532595e-55 -34.5654316679686407613270546431756210071794065510760281394284511070800266715917234507627594336458234671422383172456445491011473207207826809612218271803434600682603224237714819602768
4.98317410278598884048743614203744360108524779783819155559577411621398731556800805372260866305964506213558258351014742244038144874439263490377090319522396826546291498459655736033815 -32.4852602232550637352977619916234561246570817284899695132251237754564575567374973300272019072320638862765619482210974374587987080619223252591151593592846981934464736239356737814566
-4.98317410278598884048743614203744360108524779783819155559577411621516454773580487909057823559669707493523550690249556448023124419506511909729152991721845580981224293700441474321422 -32.4852602232550637352977619916234561246570817284899695132251237754566255022844628838710656454675939968165532131877170666517822735179497803429397610920961150869938453073465122613405
2.56775270620293606406874267542447721705749256301917249523998625469712075594020721734567752128502968887466116999828623935969970399624359678765149464421570433295953726377379612428186e-55 -34.3134538201369083912292580253671089356369369381474105620170391832326081247968852044538234243805386982117323446121775774898350416636967870012795053066530080008374363229360439291512
2.2060574117595849400817158952160517158484178315829833026157877849038532976816294413344944730545873261145786703738881055387799395181959497912634088729621985747975770894580681507337e-55 -34.0614638207022302966860137476305485171919128179600109439673805178696019173429897774994152100051866371376006130507216122611453918807771797683182304480890106878995177281148541286125
-3.44162780141529763839343426997284146563745479252015164818546614589363011089030292398276157527884890707629404389083646919561593318872219693654735213363223809823125391672013070197527e-55 -33.8094543567194366636169090471511200457944682082080331155319180998486637619026520881508323093572872936843510168550096845682911112896991393174174215277916273623025877110469150213031
-1.46517915967558966463400457175163023660086930778025135653326126829611452136104525272323271173337496758793501282767650591800719408604308648712620274028793564375682288378445804607268e-55 -33.5574195053879210927076535804969429361757444414846634361341734318991119277900213976691770152579530289551731116144858222133956007445778331156904832711568401858031666358970264585542
4.81284698863373140664325323583713038609672341810865184473090605097601767563599297792643003772430530488378674270535137196527470901416210149494240973633849815734353220455352446159573 -31.3743593433911802595344497556565015840708945970614128098278504331319684826917368522260833403428561718737808851267282513574624455160161256688306650159237768961010751672015711673891
3.78098534182776910293612953071041628916280785643917894350714454061706498045034701104285065885632418290880502741036245799512894575175183004754618584000898949479234947648314885328814e-55 -33.3053628720615772505871058087517402440633854639210594584037839070776492474829699819913212418077189262675297627001139678208955095846386851281223266709690389897007721317128563903497
-4.81284698863373140664325323583713038609672341810865184473090605097891404677494437860923715471685845609310218326534012897536378893344538160249060100110086774486517120871882889324771 -31.3743593433911802595344497556565015840708945970614128098278504331275401717333901382093363763477829302463278507173873246504056777239736053436012303851797992587437743370068655349542
7.89568918250919800324421609647828769861630140796888281401303821180122430117485654073014680635538630278408202806351140640952498927539308132572279233409991123578616615278308062375462e-56 -33.0532893272226949758068550491691756801954641563626345538971003583430688737726734759396245961633597788448762751505257164880355608882904762693957034197660891824174151807089649442742
-3.64828789863091367360539662416593991014441339905750303889532922685579813109351406800221262168639879828825140208511770395413925731954039072110435271073109938935971118670222609620516e-55 -32.8011962736140861427508020833409188803382722256953072418562013195273970733764623820440609281115010528034553243896775529970216917142204074330678382189408045822931752998237020949347
-3.59741212302448919843481553107574331658867383250733888857208055872918699128852711575082548325261887339622192156783100962696155559701410275810073834336677946512252586402751318422554e-56 -32.5490786418754247279551842245168366949824388106011436877837832502717596069139981488769566181500394349225732342293755875893414237253170465614879845321061515264878862753907640321903
4.63489217106868283690792178754019520298424794359933442787044845106508625010860742643721508809921857444861312598917162103883232350582974266955515105508071615593339241819479662704927 -30.3237307319066890251541458444055146722050526253567908107934698186661601874513440602399972911875020916513701470865129350081092304078975183191771806712382582002162895027130851259446
3.19986442877980803006652097692992269770217896745701884563935501770823845957982122496049303099278781923009855041328556732039332001661720505842866234232830858014712936230566789872671e-55 -32.2969373499953523320417355640266072515772676296914715658485859842105455488941937503141073475681190427854794538895355137696640914348151714111491583000147940288579351990515815227669
-4.63489217106868283690792178754019520298424794359933442787044845105212821933099636171124332401580946930803840122437632760465746044346025639682591591296431392913120230666792687388923 -30.3237307319066890251541458444055146722050526253567908107934698186568924119618280928716008450813631472892379116167023738807272228559861415768557912727904463796678095190867872126751
1.98549254265208012420660364589034125062881158793582673934601062262109662269140741009994575553708119529003379365700428350644071026995065714628437790687492609996080277464839241823013e-56 -32.0447762170446909297913040873290955948422476371534351334263876355594488622888322653270392543087793774216903983919729122359943890251964936975686847920899690861811096974969088403306
-2.59182814826580390187334653263914826674289648593455040853391829126412344681750602139404914753223212366179131017391729129633992503739541714251134904559998677778436413096758752911834e-55 -31.7925939097381325429113184017866025697305631217359685168227222697060717203848208823251900012047522029789206300519428885883138420062837675357728254548186116837144844549819459983715
-2.23182294512748511884566095531363974970521491187073931794283124144616699407765220936822578872851056432549622717081963822364056854843584019561822125197860169309829329302682108277159e-56 -31.5403860761498465986677459529023330267753060572225614233565987880981679203750793982098670040375482077141886782940707421346656010766860315127794934022337623785801195157350503705283
1.94211954133189878331645184337024319577085549927462223594467358722525198772642223080671725217854708046981015236010530257425745848220989343118390744815869948001669502625553891780651e-55 -31.288153162069302307020418565972105942599706747905614774754263827071435259675878536233505958284576022137228459743067502341417744409165015154397602603032545142980089457592949384023
4.4511280669313778166324347770165129850077308932403063213439485331776487994703730256842607988780461578720106886020839611534932357991976796956893258131819880695287860370508759042384 -29.3249752310430277135363384030151213404162447842989926307254777301583898435727487951272972073837651660244084432830013482836093374307540410681815722504523786897365398384516120063416
-4.45112806693137781663243477701651298500773089324030632134394853316665654926728188309324016493677614379930258636427391433281779902216779683683891091229777673701601546426452196630421 -29.3249752310430277135363384030151213404162447842989926307254777301909452117465632665534847883014760991038300343308426829653860959224633515087677216368812054705097497107379751742795
3.16761059221364178883365226664107603482655309113704014015734349109759276758902987422714000711657475300463613763486400480675895228750038313795644003465541318660521509032829341746829e-56 -31.0358985103268616355157056371086501580281624555832197975214802057192676732503231125774743104321339018080401958791711979057125234625427776761802626651780889738934568427207101309996
-1.33119590179040737383795117662486105980169996675075598546700234889354944318067765723286095062206442978190650266716569718748928897642540942213065249194122862629600771439054054469548e-55 -30.7836205139936501203066137221276429778256676162812531649288564442073013653833957826088926343323741970212864381408858334044786886440344840832762681921572211308908370931809910740584
-3.85153484370734993539928766348423215482883482121103649851850877633015557757630062945803718039760126821777302053759549085609277435129760520541515262462206044734412005393695057120876e-56 -30.5313149238614450482282743015988063111113201352351544497771493502121162330730938239304770562764047787118420772269852201169530877093204315471692480584541071736251708736406573886597
8.13880860404538170553509475977239443097975630081194467745815386198100821471465000195654224874787607969673168094243040709384116271910589337734080617905007379544883919149693433798383e-56 -30.2789829799476407600212669694151892227046491810453858188093338220119486276324755781535892034634380224233685302972370578114571932875264967788268659129006371844482647862153171898618
4.26306328697983320171764730906058518689923098340368489340519561854173723948540921597416166432298606721727946793170645674736301293592903878108130412665750026634065623694089615004654 -28.3715807420084447016100369355473505689412815526867002629602393696831834586121475682549099631112895327279611715188165008015098775460552301113863061399587660447743901844962355774752
-4.26306328697983320171764730906058518689923098340368489340519561859523390146021933038165229125143147355581343035440466688092560085434982247784574952526503549685386976223655889033247 -28.3715807420084447016100369355473505689412815526867002629602393696689134756942712725925800685289560906845406896908076168763326942485060541469351904644534145655957683776840138866559
3.83646470302613643569238932120120858032434761594689849947368301818014288149991858784781294092520476143598153620460533249481761661914491951403397116861716629065335182058659004385833e-56 -30.0266279680923054334316668176619071159082520330364211975715942408340944360881768929403072494386004599293257751491955052851996672046099636584734343474122275751589522206430791321102
-4.23340584779537716056882493576089000988074427751618155221779749853168960809594758159929950603633966680003497638754319466743513395406467632443729647067152943849259843644555317642688e-56 -29.7742466656671117866251839991302953235620546098951701867721143636946443405867798137381674536899030087878913679546785409159818730191404222842972065596336515311117548215205599554372
-3.16284980037748540816838073891782788780138323268412730842994112696364392524742811172917730253835239754886299665963223729114277638034411049688721773999525445884392480023431814969374e-56 -29.5218348865338500672428556256751543971416262591638957056898836847307525736382245146649395195944587979313230537374206391148107109531899222884695492846690107367337946423592154223737
4.07194967671733504798944353264575677983031611315296073843223656961721746473970510660746049406035765244038178445484685443268842506415213798515199834795082225126979268266521551558507 -27.4583767589909783527566396216344818029146656717593721802801530215893033099701792515900052477389759339167889717540394765720574865939919677522128817159432585889025121732044736717423
1.68314474083226632197139222989565423173025033427527958030084672208471740364215172437635036397502182758063894384160101862432702459725064594333326135843355834621254246217611291975494e-56 -29.2693962811338248141312718264775146456479769404654902120703471108445450112827968086299726713133824677429583273662796023341811613133307520375067971281387609421306395836158047024341
-4.071949676717335047989443532645756779830316113152960738432236569555835907974800667547558612570798531683469190059768319742485640322651251207084665833556605164533429117248826984288 -27.4583767589909783527566396216344818029146656717593721802801530215582080068631987643958892152730568773215848614523592922790588886591550975269303651762677488321834480740898096587445
2.16117621156023598733343191024898245020093967930456328466590765633706525295716225472039904224168514021587805787949949862700266840249977334783245109124512943656098796679635691028604e-56 -29.0169333422436258543761695869314003826992769104289060432115536435317293832965672575308899778130045536853476677466014750179770374705047490502388418020482012428133178803326873216904
-3.21046923944026713226292468356978511691132416954885880011199568893279712890117470219190639372437626769488099171644373321490603407676975034488428942985140027389243087923927201987589e-57 -28.7644392325055094435416833519425268857049765454493530634507335198823477250036926387222652405599801925817652074432532721360221749073316217486167638012979755006573746627103044121012
-1.20207132175010572906827655293353966264069268972144206152904447767287444747374810837050304964181976435229786157288181352025752495234390163273734826863331082542302804891639506484332e-56 -28.5119119693789660426449581019977221999954986057399020321838212466149720915254842670171449388495274083292322409251976490110587817644770573743539179151548833577226902427041337338662
3.87883088830721957774040313698352683329870391789071004263840181288586043190434204793053734456449587435082611008009987913545830644537254265756601730958032454887809121943566225292514 -26.581174098212684460133605482873760949379076503659132038248298786059652251482112951262163351833161339036191861112805429677141132606898284563398920667832124410119023878904047884323
-1.98392107703269886387129771932749253143713590062472950150855184551974338719349142142772041821603424226686955982169324947107816422245883945792657423988326303849682073919975551997246e-57 -28.2593596639821400033458196189008493833717728221156914639263414991616898149444772513732504290543751439935741164370847292521968801976138077066315491671692602939101438613351793436553
-3.8788308883072195777404031369835268332987039178907100426384018129239388164883638940702731907224476133614966835623194029965140676553536698861292803906482206142232254208176621951075 -26.5811740982126844601336054828737609493790765036591320382482987861155218033999132384793397642731897370191887143983429609582686568381347641386049297914559658103853985008260040194127
5.15175136591335073350067350311664925587576842179714442171508886231268857409969678023560987577483207769081786676642249135642908037721237268016349194203103297974373328017581053587909e-57 -28.0067793905688470137151492150257753465265494331490473609080672591870162899797697902905933313151362332605949729483402818892360782371218501218433805705185166474368014731242427696558
2.60362464040599966863752815010071760243032235014240538046720001809837445994690917757183491143682399667976068590254360085829237654300605202724100877792057193878036714719775423742353e-57 -27.7541597686243351731568109552384878892245815563858673689878866445396379724526604256873260512416134546578854134251863762034562116145615721556548327108656596756656391707028364213908
-1.42412010267869919194140662786567153369692380788650396235376175961619710017741591469657696653058770124492359475268506065050033755783614102289317488557398412740791395297651307831101e-57 -27.5015093196830729082840431780124871864970636185990298587941654562966816777717770258569498074052130360477767137064908488575948078037870867834718186155522923904646720486163908943935
3.68458289139073057077173735142909967736149925108643567426649963037995476366847142736568703180373290382791796307198773250891458305919815319842347224269017800997607339913947931709115 -25.7365194353978884498906533792038361459337108421119229252186042244217714506515982759397596913295290755063237754254036470770821562242860344572221792395954501133411524789335968391137
-1.63040326520021547176872624010619043931954586554591429584526539134247251936727411408726483703592757279907250940975032291828890232127088044724250683861696629255485324207338918189856e-57 -27.2488372602677831146034363422415800017570711106577364801445047243394049227832767472255386339701473587754669385901203617145607319003344905991086783207368850089972671342979414454579
-3.68458289139073057077173735142909967736149925108643567426649963036427540239272286024809116358840541283602385846495343486078802382649140736203897246020169571430283201339009720738749 -25.7365194353978884498906533792038361459337108421119229252186042243705383182466798751194341216896285483916913601939525470007280177315339759245119390487465385525886846613692784602714
7.65279977620382390783838172355477895586013420518438676480671531803194555486474713533060339187016388598108825713895541347412065584112009700835169596006555037290453804565312285123627e-61 -26.9961229608725652948871366990208471264900762035500344861717738757769514931367452201692829749238952231117395945759073918050360031595438258018905492588691913568584338415321139517664
6.59602663331296310739562322838936193535176826523460925116959908498643395809788278376417716469087498044506992319228817639080109150406954592144097843873760948122685388356548497634908e-58 -26.7433643820100965849831285642093226349727870407529979207212861033187137952328006818298574472306584096202821377242738315539419448162021662109498886317672046232894547198606563646109
3.48994653891910590658977528143622948189229224183694285745850441689828810080003294961978528496952593415870196469097733626734743122971933146417259084937064688033013367788812250649228 -24.9215233485487227815031977263212927341735906188821194945237215554546418425457527014637463512692740225218222852286590739176971540558765446726505633955258710437290939376767505119302
2.55366807907287177140022735262823878232385941540157966841817830022695654284068558648278762052154273718220678015267567959920591947224102664428012654092618504104278324583883312964207e-58 -26.4905925996219548285394058956835277583035359659597732412723679364860146326162149685788424991620592206979921282226443558851332769445338280252983328324335860447852432764725278196665
-3.48994653891910590658977528143622948189229224183694285745850441690447587874843443679232080091328572930240802550281973836845780344798365781798751723649183839113062711855288320715339 -24.9215233485487227815031977263212927341735906188821194945237215554888829317229130119936894676200894416886101125180708545734463639002484167002340123470898280833622796051050369038145
-1.47251044862649697202617100805913708299780009508045690551553721022522904966128701521706744149825487514904968367244608253367235582690757894198690641504514394303569387191227487878793e-58 -26.2377841647577213951312458964521379323988017907984237337616865882004757453021003676799557544035236045887693397236793699611050689631531922682193483214417677529489272336907647123646
-1.5316499457425445762780981278413958091274166486600490568409215290646603112889227496730332220090564118204837612297547647240519271706002324706098643606389589419261290557702444294728e-58 -25.9849050135267179646367695631079274810866207462080270507497092310150208631108525647094129180020978075008166176153933063441515183437003025143216541515441783505466144458506872962728
-1.20627754954683796840883424422997956639649427979407928918983159808245486892825584047466738978419621729803997251403405140828979243321531989050446943112639812643079296066333032140633e-59 -25.7320211862971410587594044908387260430233548059287255875910460829111276497170786293004127543452316948557439882970378445638453985591102066425418415719874088286190502957127739735843
3.29555338167334216212073046758262871636855302994404917471888154514065139235348466700305261629034124760358707470259775098849492542112598731602855284721348938898082871499916894588419 -24.1337368399159991540497554592084361137778709717450026157047401813933287907758090166801490873929047947707470492722594321366334752838228619540153582404185826837331164220640414080654
-3.29555338167334216212073046758262871636855302994404917471888154513641778976981146113095596550565519678763523702359926345638257989032758995551438238447805643091048021530664328687433 -24.1337368399159991540497554592084361137778709717450026157047401813750466028421297320696050844915091276954137005269589407007538868306180011528159915414143058780452855608565168908478
4.69250920615580951430288880834713213106978651046917252469926802466967259610089678275938803758816317306162950870484845212009525148980947704195991817687466195493359037584486689359072e-59 -25.4791273745756626010739517159744557672077841910737181623148541474547779390606621540550456811196494832257858926616350742995694391711631755718693781267134626612515166083978451444187
2.43498688666557637963996186590038897033993381247037678558892233725859987024684254429595033350633549521841499182157441052787645058427761160650911082603581539921290994043307432451009e-59 -25.2261093460046102432430776977783747212074484803282454673517422286255183095818822652341122205629247089507568454898879056718532888888739135966551527454476621783537611323585273104488
-4.10582364507420205246209300001019659813703051888432374556945408782849970401810325658558809939640204223641591372235516632918212176235893222161770618708187472120437469085256879920437e-60 -24.9730896986203382371194464117977812691474022467711173411883284969374477501842254656993181921488160893395864198332880036373763877847648497020767228914134982285256597591321810075757
3.10194606306979484014452292131920730006061971755870472510773944080664847648122141040734572995984829880391158128982035067750603068840477475642144000680953313311126368793963430910021 -23.3710607041921379499131333202165768691668041731107577555448665623566669179717351569749402125025791317989465481245133034333297712656972193853751558498375503402649134993637568957562
-9.2918317780389574953109125189682180366348151037208271272631138129113544568604096369425679155633188244368784260185320394403369986866589623789641385004934438178842668189052252731596e-60 -24.7201449357397359264065778376242445642674543096125360426027490512927956301370920844685902583534298766427783718282576103999481136175975125064091154911970806000899459706668028405529
-3.10194606306979484014452292131920730006061971755870472510773944081019001964773956465067923269681122332445266160412951441499697882619529595730426042907167614217075656399424640154995 -23.3710607041921379499131333202165768691668041731107577555448665623643919125986656716336171082888936300374977510922494690182683945762216505262551897792972389558605199226404450256612
-3.03142817147611453238840543330035632077530339585914311856519155625259713744715334985070220099793818253374021976469471667972449214871790065599538280257186917076603982955520663710131e-60 -24.4669527504744323688238016540110994220857290320408145739793520680849071327599138793101348547240476278046331930057672530103461710539656397137186222015086473056140200016471367767151
1.24481874274973241584768291180030342428276332232740365427730674032378850410006387573006396210854207618645490381223907353729364933715749085415945992869653000846776642412191664551213e-60 -24.213739367913970965472288082527574438394651811303021027322672744340698651507315649243249876155442129836555404900183583592443958370208819407439864936029918745661808665568079616111
1.41570879511095864101490600229634487155563161809101543981465758607648001447552302200387589469057634816940425418245837299408421012371511869262725103405514617888059646355024432906735e-60 -23.9608651229814443198379555590103161396450685937267516064852583974589856463044318332468608329672751684153011087972629643860764906496056751156848493475554256526121893939041808155182
2.90959446572187866202915624292077823978960776930746772297560956986601405767171113757343150960882034479676152525431358014796235548166902035619661753958014509301200873465597371609422 -22.631677697777223527716144485648868075947889880531600797157102573528279346920444723848572469102585906950688110105737649632942422461748078891233825892902491170964795830908718337044
-2.90959446572187866202915624292077823978960776930746772297560956986373345861744055284063301985847372994602680040352719527646107633415925001846385529009882789808551085031820495710397 -22.6316776977772235277161444856488680759478898805316007971571025735259477268677179892789648665981856099537521111694554151349195936154697254276519441953177871362794256472037384900258
3.42521389842441955776731674840146425116433901718779032693143599410811580136666352263519874258318183857573494988474719804172843998036738719034681315524288428602902787251709110570151e-61 -23.7073990359207511135420098514021766602272073343577591817461617707804242121376841497819621679697839201528817129007637417227754711534528596626584528614190101772883559969120893839228
-1.97978873040141431638432164041779396824905018932948426490469396506050136422910701581232923891828136608216191325548727279490219454836955431301789694873781989818631726093554036087241e-61 -23.4538305031461001096497768820685608019507400502732985227476804946338083866961631502194490463341767527675209074087553653588133654586982842943987174470515675104528952655873950730785
-1.79933345739604456585813813944138034562629996149746067378226851004645656827613944595845162678343660049994406143943403721556661285929663473972124996593762881789750148927535179724462e-61 -23.2014721058695184386281793068487426143367860782076870250033458002457622233028517173971725585887684332068508225808697097358483558093652924066895449469600239409863527269946369921292
2.71890855779904672818660872256417280987024150905948233986212636931361667993214878107816342683746925422062808122973717884486506924382154112211186660534175239776024228719668418927495 -21.9140008855027911829546901181274846422977516773502790887877891055374607112170391214896784201427933959093778562093062568282614808082298194606179249543077268839365013559539140092619
-2.71890855779904672818660872256417280987024150905948233986212636931463188744599858779585828937217899526858938131742821277566316583076207200725389951045430315205854025220112312138099 -21.9140008855027911829546901181274846422977516773502790887877891055377965123349010603924399773545407817411068201888959583032675923515800370074003008026977886698766660137498049787582
-4.12084476397187762061754774325299865119747992000393604423259629046760857104245576634749026040750887603648120880874982638478543662257047084486294058215909423859550677265612544323797e-62 -22.9473219941591687527451180052992172545512172974517909521414815119489720184256393620781449880837836799919234524780649248944871536485070966243239521262044440434358644510076611163053
2.10114831044101062463916532534085879999859000372766029423846038590911164090958766060101704736789183520849540863369324003418966012249213567295737055264568447642380492109561181230765e-62 -22.6929642852903377296829016045077736346533937012543254885147750150762872033221318041028124069128948674151711071987131059032013073010659876976640313606374126470836719138623054580773
1.94222106334213606865816014357592244163170306754621080464466002525217275710379528411163668927962456443501015936361926057600707662275329947225568027010672696531094712864422755242663e-62 -22.442854241253689301174779984361417279783131171045154255193653858588641794383381588119085605058338646448126500198509983320902621842556052571021832287532723740128250729487913786306
2.53024867961616767198227457895614280949847562950069187796774045721965200016145799257808434735643305987971751137413358621840194728762953507207929741906143177923578006796374675298258 -21.2166336934001510944823366896472369803945389798414217290254127440287423799183787718318967952944887646698365449446913423224860899651914472837186246262088901199991576268196132697336
-2.53024867961616767198227457895614280949847562950069187796774045721936239360446552503647704621032389273126837183814427348294273498570594193366278656016598136371754415931748379354311 -21.2166336934001510944823366896472369803945389798414217290254127440288262558359922236344899284073606408560513581932502332009654890512934564553173431528864004534949598722256255926274
5.348433998049688048024202635256823664006832550903652816228947204059198603987209338260742489769264473801256941893248742257925350447928893324933620843913293065953192053215050367644e-63 -22.1859002548460404403318776057180109278710552345523445286481181179732708117004521458686448494243717279566921694976928329202020406329735997978016242732309774046924729445597010972406
-1.33547202468263072625425186615535151979960801194612416830385819806370104499707626647020707958465435965083549081099174714035376281929758146009598982640418290029840993266671509990194e-63 -21.9301069939979783538279522489577735442208965803330090511125539288901342699874341004493177918355912638242631595257315903257980671995218660512477249475313050567454623047764509818303
-1.71949099950120886364273594582322212683875267072372054571052698870870778380109135912252556094751927908947787599733989747785593651159150954577538501803827068919034857937841397328268e-63 -21.6889518907294999214350683171080122017381727506652107924275269527817158210941630887692316314128827594575403652640517831616128987388898233375447451016678000233950755858271500187767
2.34393384006627615689429981640159256269163465179252755156823476640093243121351832950997277390454166306196601128349715558834786138710747405217546518552744717227208575904944788163561 -20.5383385838598843813203135813632532626415725132965131821992761571308247387766508782681620055708416318803077846022678837204734572988154032929843049752886666274472466116038553701163
-2.34393384006627615689429981640159256269163465179252755156823476640097213147912748498040223423403019229401837328236793044193566999759543491248259447123875526160900899411049802391585 -20.5383385838598843813203135813632532626415725132965131821992761571307628314142320360618064613762535790812462984286308908014908013802866856932388486792363877763186051814370501666776
-6.47848372475757394354767589335959546918621441556155179605350834189131438950383618205509546438298528394011519126265103439706844487297849109834374402536745097643980149175158503020599e-64 -21.4173926264113506790564367419202535422197899884765918884941156107851845253635738990881141117433150764631693658755316586842691026288154617835546028890675489780181359305848110152174
7.73537777653119530489260575387107759643380842851569435860295239909989563109579461428061126983528031519134112233728651431403347778883704140913530682865006306002000649456114945838896e-66 -21.1653829056631576019694678732688244906778175055997941633316392696987698135955042523491756767508488519468994608448994834787609245213328628574016041638318184524589649655896751006426
1.19825385198037510747883849661769594703529088222849618052327696821617440766763445281903686656209943891902297619474941600064370831886350810834509330463740591190102872406395922431658e-64 -20.9526586988641152788383592291429272766507504648237070934593274398383539925884875419651065728048187486388090493275976132113631691851668031644233167661873411528449316234952043214767
2.16024845928761189643025272377777315095774658149809583012708665378408751370953121968954192062395805159701632564032169640424693006707532810023245963742645705816193398229696863473205 -19.8780121847131217585830135607467071408696979234504161874972534001373937493959705320259658596739770208574299171561906095830528921310221047040634609983578820084923476259371576881499
-2.16024845928761189643025272377777315095774658149809583012708665378409151939116098787650711796568610923653934260173452666348325993760069799440699191511064749944281677805810058432995 -19.8780121847131217585830135607467071408696979234504161874972534001374088223820849780357845759305303287689926237229616475845886759121006863863552020242472928636080228042963956794483
7.21698106945221341094993947372141949413017270742154715467030515668913831666645234892032831699057023214726698844629788859330773653503319092905718698286787552871897836107042736209537e-65 -20.5949841325126136213373043862379409865541731186760569760210985596677338687239462541722446864728205832480830603405996135359723565615104744268440897818954718250202688978770144136139
-9.63594002913406898257278804047139422576417468000079679420425748919179805125106027173826470830041946650305749275122466765083541897414406831624627139365065040050449452635975861824868e-66 -20.4547273637329636041398021866100186283814378066245142135050956831445299588737672296871977375063925454748438969269299947574937854752149839727369030800640002157771921277449300954451
-2.99291107804470228051505629477100209439438877897239915104462902469760193897792850370491077784515813107378978120970425627700579384962574038524632591406423131463196271783399212499989e-66 -20.2278799309423154869163242570106033568253721542367269024834396371890674520318426457485510767086563096290981151879243030104141489627328090030142680889980247200030255144447730971218
1.97944789704200419218247125286559100693808294635538351021064652033221222374304622685510562688201863172991099791341165410335683055765715476524161955136751816397391619947067524691976 -19.2346653127830893417432293794578881832123204918179532457232528269806119029432875780220111819405720704808651484801263143532359476851338143555911024286078527292906546639262635526187
-1.97944789704200419218247125286559100693808294635538351021064652033220953625434667322368996185865405480212940608806618586227430842999435542208377541433960234489304944202870635742882 -19.2346653127830893417432293794578881832123204918179532457232528269806108453586478933445333268030952233932946257495168956099678506337728515896558173524186947657547474892182224084398
0.21056243525315695548388780806664743437508295233010161980203014318319907888581725025267552212248908397143204444621443029506209733589502538065258702167783623775510039689569506999011 -19.8071222063333832063312757028497386623434319041896652185855553800816114773232845733276708656888805329162525704869284753616584747099247207062861731355736336237893225226418676541506
-0.210562435253156955483887808066647434375082952330101619802030143185863374024236904658357405252699128031552018581360210563071329338234989397256666297855361062483877629600816739338712 -19.8071222063333832063312757028497386623434319041896652185855553800807154540314103112695904288554157830144980052909335119019001687782886723339058003770610021620474236893461232097968
-3.34646099578852626518233314808894751268122687424516635354734435935621114965314105435111388477267286323665400897654473004663828299884171766445890961397368988765501478473368688107665e-67 -19.3606536270338263158837993158611685358542272025789268190888829479500607000050594617721734414153719104202662726112308633855336728793100332431706607091519376708091050934214851437295
1.80176304751410250077487766703780791248304012288047773840782305150545070142202519187056575680440152926503286095563101523438776614669733747934106169764104956603740743170575930263499 -18.6074065786693858413815157577488724854589230901783815648796917724711514058503702862042900916965412792858881609617242335687876886187124769869904429721928027823122009014973994810397
0.344219691390547121703219217057247613361921295130291794428852774648422357728714394170802919835219315523356914614526821845065345728843181663652239610701114747155630327392039318267794 -19.1448871557497836247516730199478766465888203172596409608289372882056526184932055734154608177856184864758129753754015046058577994402936851849519317242177106138451303350000185221603
-0.344219691390547121703219217057247613361921295130291794428852774648453139708461677805342976711313968944787045958403852377712267270607155163721411026724704424542208118521548284509697 -19.1448871557497836247516730199478766465888203172596409608289372882058018117547072019909512948059018837604696293600642416197750083256983573317081343552885548916046612038524609492624
-1.80176304751410250077487766703780791248304012288047773840782305150545107088401118687875796558181541713013513669827741461369245727934183034979846919499916466107482925487143274750963 -18.6074065786693858413815157577488724854589230901783815648796917724711511173293951878069431496271529334119753914060410859022532695532286937228436245829468081920688260064332564991602
0.494783685356039397002068993828572179394281336232761584571144446269441691254630808283439455251822081775686313643623000192750112758546313653913283722799335359226838288785083646411605 -18.5426402224723010798335174640478784585301104943417686854621848648455201718992098307546356309057998723212011105125311095519518433998633452198042476838494820318408767567078842368358
-0.49478368535603939700206899382857217939428133623276158457114444626943552056486832463779567923633190284341722845680444895808983814654986163745763288079882593162968817830978916342048 -18.5426402224723010798335174640478784585301104943417686854621848648455274886296833398202015242261786411166874778729100632083042835467997241839012846223705225654272020428726284534748
1.6274025635155115516379375661260497941343044630471967643143974764604818081389098781611373790559577921436899325311999556374926964246724467968908430076928662788251221921126786744774 -17.995425322682610175051404843976729929896548571150626157947151759449821617541132033151015389345056955029203057279279860460540896638223580743189483981611131997031572327063579262096
-1.62740256351551155163793756612604979413430446304719676431439747646048182326534481450412376820542896903586264626652746589022453008848677015843930666293221404397483306334228803691679 -17.9954253226826101750514048439767299298965485711506261579471517594498216827181365820645613280920609862792868119031319848147931020302050606039363086026509071149721286831194048414537
3.41553013820351714143957544562948667069909005800591698692821620127121384033698889503348496137517261528655826354439274832525137346903723889249092794867865853445005829906593713153085e-69 -18.2631100893076423610043721090376055309724084086200535804998790270495092475723243365857652069187207681506731426103997601289784049865568225130538837177537473516079552928991616652448
0.649640000853659143525133495111488625618003926626812146712091988170560631228868739212500476920009175040478989892106759228500692577513457027267671809779639178445758540246855261947273 -17.9266524252658416171264683039366991838399988996795908627896813800979338872679525996977966863901100939764271281895992558130628999119032987464200257643860012012072246253520441162492
-0.649640000853659143525133495111488625618003926626812146712091988170560169379203909847978051322255617345759187770033041403506414516310965398632830810882236846682902534427097511198064 -17.9266524252658416171264683039366991838399988996795908627896813800979338517887663958013163767352722848886961948930170741846899285577142431509334166958043902253780755830599037002226
1.4564809270338249337742641552428398767180559415409318538589077261059935917553971655249825102184810146788947903266625158161646449046538915765814797464647823339509670962594386149794 -17.3979358286361725148008020105387242171561020543522766502077828412577396803245334563418996432173138877921152120221280086464365428509416338568293050606021543052196464413800354580839
-1.45648092703382493377426415524283987671805594154093185385890772610599358337763991923117225698137540227281485911872346428429294731134511745015245057833415806241035797516659384916736 -17.3979358286361725148008020105387242171561020543522766502077828412577396793663118413133342172033181863330741117607920588480831011444374554034286553780543324657853013302444277693247
0.795495757512822407562087221813801164492795418678571457488763483363632202510061557445670983411445838102045363011177242094367771094149627326102940622061528974136734214338112037909556 -17.3370011280350712728556648068948797119679452644164112182602358718907970134751506167597758795518064231849341122891886732235827501167318711943104290621488950283732557595165754425149
-0.795495757512822407562087221813801164492795418678571457488763483363632183278363004559462409242416691223433676230996738309968151267577464684785558274925428290264098171796614171398301 -17.3370011280350712728556648068948797119679452644164112182602358718907969955459986340389273392965299789657361006667832585058478402041134121164462055997769800426010664431811119416166
1.28701842672940696834350936224628957801017504656366771476316949089777321719111488235701361945915449373321278925000965019547613415188353814747959431723858316795507121641224650370961 -16.814523726298037474240670924835196490335204201370681241520841919571805744262430044463083210128067770920287462117462518442250273837467340824877574106765641104993129150874156210683
-1.28701842672940696834350936224628957801017504656366771476316949089777321755469257516427252127296883788688414143207671601635374630124160890032286627345888843225132545615307306562708 -16.8145237262980374742406709248351964903352042013706812415208419195718057433439467190561696132712121522462645536280670871887031375920315548794400414772702482298134678087178837043965
-1.20186710080310600819283771067405790659865586698640367155842314199955279502879516461647910693513995856071198814399844018354238241307301485201003591164894175183816018265223445847323e-71 -17.0199268539202079244065331074122745214724091088344254016559070888577082363443010226663048691550409935284987752161162430764872796325470174682788996504412935556100925643132789646532
0.943887221022434962228874478751745465532875540202467091808046330272655911712793247982775112844855596030378128156582231479240451692499862120112860465286378405709063903760622719868837 -16.7495616970060456542850318196486493835129470747444552286442746360320230609248177887033896948384631216860095258683300548687931629983869978121299165970132204139700581237795226315124
-0.943887221022434962228874478751745465532875540202467091808046330272655911234536909954601360133423355509287279815911013032043088658594472745817255258877318974732697918913759314162818 -16.7495616970060456542850318196486493835129470747444552286442746360320230596426708326063744910258716391374009629698685063865091197723704276880552869299077897718216543467375164244702
1.12619150911939886222324726479407997174050809545629703838322375009433255694453678337153004719528091775825204570035589751500269945620318005866247768671132504536105107250689708748076 -16.2950242160693424572953531843006652992882843624920294466237918912926614841033100014593186689483007840940075274606058635131419979790985181729080700697278084864374950984345406880432
-1.12619150911939886222324726479407997174050809545629703838322375009433255704585181506341653223266638203760890812433146574411260105653554251678635394210175306273666734785203416721344 -16.2950242160693424572953531843006652992882843624920294466237918912926614840593161423818468700986966568743902045249601371927536897767058426255796769050759580845242475260526776205894
1.08001609493477482870550547874486782597847623788502269237700499924842620407541094169506309604578844989412746490791286961265838391594377757070848901540782052200169975437604561420633 -16.1115225044353006856700068268306021288414116530470682793670678717070288110183510953699862274173262731086714964163740096855577246807353330518213950709842774285295472284049252537439
-1.08001609493477482870550547874486782597847623788502269237700499924842620405377311862875501911902061153795364870378574825087905221741132081440019362537747265475032148714420301920344 -16.1115225044353006856700068268306021288414116530470682793670678717070288110066366972827698496408569025881468654941644645600405356306940002045917574459150102157937642836716287996354
1.0957933143451593606523628142480809455960151365510114910917960819697330444913826521396191195842928794186391272062768353331890804232614686028900764688420701838362954504673744300753 -15.755644607616093972384590275101676228126026874906173185529264145196605681077369534862998303652017718884883647872175701683823292649554049854940018682687055598519804631628740881506
-1.09579331434515936065236281424808094559601513655101149109179608196973304449397993488461738417568514610081352947461646984356429918449899848981780871494358158851262263159091021977074 -15.7556446076160939723845902751016762281260268749061731855292641451966056810782432359932061278219035829469900250437458976313780248896157193605224127414662071030527553071111425890623
1.08476061676734790349676687058016018779856980260149047018226680345884982458497800985137835688497146507025567551092382302481282753457450032748861217739477551029900357633936416663219 -15.4808187666753629234392155225914350338518828136942001534653073170454408026590930746057388274112282851044367930321375165623916346698778340991393624889184108656537328692326210455102
-1.08476061676734790349676687058016018779856980260149047018226680345884982458515903717068522854351631508266971198729954814793466255713824009661082946258017872769754067654641876677293 -15.4808187666753629234392155225914350338518828136942001534653073170454408026590895861710764255760981239544532932612191475012861776896692177698392778677563550580119030976790700633439
5.24759523169329501732836670955771611470611968885306724909491769576978260689174324248850567446565520500797675286712616303857112810432986677556913131005802350319258539985731571313743e-75 -15.4861172116174917832363478438341321796467272480684442924135477609059010179653903869502716864840508680821266407037738966280373789066055048877419891542300655068712293594185870368388
1.08425659122268959861269146414722199701017687353393975806301826130854324005801390938531100211725015997316226649165936274867314359722152760565010687751250670891423438365859063972831 -15.1776916193554764446670234029185671518311219483131561635211314186742824418894834934034148742782919989769400681169613151508370225967931224051345680053019486865672572133390344139441
-1.08425659122268959861269146414722199701017687353393975806301826130854324005805650956394425359506947489574051951470116596349413369682809823539685407568214850596129055086849670780785 -15.1776916193554764446670234029185671518311219483131561635211314186742824418895520186391577250104143167357997564332859207647391364136137150303547997137367048633090771064814180963418
1.08023525316403680060324473844156279676433689501054295075578529660209228038079144653569344159694953183790644695005731231138757336322785514031295740404622950998726407681520430949528 -14.8918364913963406442984499423936879212229660593065464599435196949214304481173288818860099569083056582298623057744613349021999573661547587585167231219186367142256846976790905401894
-1.08023525316403680060324473844156279676433689501054295075578529660209228038079590557619314326340567181289474152715603425690744331648594878841828309880292493561245598266851197332704 -14.8918364913963406442984499423936879212229660593065464599435196949214304481173406926088171038520153347254111924731179536628999952243895592158269198515476797404301381207551246609369
1.0773047974855389485041807954616739002213201811435272646073972774080384647674904146322180096343452006039509229664518576961897788982408184997088275527974354893709939074113523784468 -14.6047371373492997446114798277040478127678439348929551070266044898916373986094682784938530014932028165902932455806686245014337241708830815261320645663112271406171305726136900397867
-1.07730479748553894850418079546167390022132018114352726460739727740803846476749044236737799845994087069423345555418045628298981062910448389616075853743589237256529336686925861589797 -14.604737137349299744611479827704047812767843934892955107026604489891637398609471304697686570066014359699459915455785464567350120699047807753374089480497684224455206218798991577476
1.07262838852431650367677710120259159359943899540912512026084359153431531912693119956857722589914741000877827694884866015000169710889434957247875318347319031251899858769409985411587 -14.323289961316764341316755275961642208225384452903477918544016900733532523204121423253711299613548185270837998087271540498577283101193576694122952298510321308027333954243552661351
-1.07262838852431650367677710120259159359943899540912512026084359153431531912693108576868239693748219053431657066513296603098833634282291079238378240814004287867839869745932941614597 -14.3232899613167643413167552759616422082253844529034779185440169007335325232041220166928504721053310290523333828090139186513528414290517399870605406763504735620317802379131450645739
1.06684199300253535855879970216034177353037301345876010038822542359602295992864549974284350508379589212374573004241735402224096443432255744987848751269493746228748870072503870813575 -14.0435967359959848150609786168576445759887577129738228621253833879944875075714687397284928396936988035894689681120893491409690304380597431666024449368573531312536027169001672274019
-1.06684199300253535855879970216034177353037301345876010038822542359602295992864544653368555666656668302882773086602157865009825867172611533916040014703178872823364579356967574970072 -14.0435967359959848150609786168576445759887577129738228621253833879944875075714688618493039341129287212318305398025863374006271990698326459762253803305416267418034368864541176039646
1.05986826429421635125157369378414419867242825450625193294962530182965247811352668780669932174892139720324458197343161341653315703860705846720227715979954743960011950813609109415107 -13.7661038479312761932543811655402146497067375331838017051079335386738785872153355568248219998922442239601212750981237831464080722330526291831528425877517152994130009105661911267783
-1.05986826429421635125157369378414419867242825450625193294962530182965247811352667156233187863560940795542945320930724001531217273048303618919251577208674659574261546661235358472207 -13.7661038479312761932543811655402146497067375331838017051079335386738785872153355802144050349926221983256410742881509038850818151884814157675811690951159143183738624661006842152239
1.0524373653653444728056035255635036483102419792764793430795319029945769366117873787445854076453564712804170854540339642063634858294086714408646998621031229562103461048342913585345 -13.4895703516400148974522180592982093737369795970681554852050387754242043883658722545476671036004205769186479050088985013389653979665811387283265160911501989538624145882673117144748
-1.05243736536534447280560352556350364831024197927647934307953190299457693661178737427677515382045986428650589444598830389052761126140644814705951970694646185105852424491298601940115 -13.4895703516400148974522180592982093737369795970681554852050387754242043883658722586881406375339283098221882088276741030598920652435156687299612302629663858898922721398742542393351
1.04556005959231508438939622991592563832894278931011515531514361512094023117915635362926497866142242066216267645432231019033424220169850208793266527568473099758165697767673726219332 -13.2138106542124032979308704846541516496356185246722178415995891726223825858780844126917659029938578399333627008174738876233617109151752929570865572772524491914095758790914235236072
-1.0455600595923150843893962299159256383289427893101151553151436151209402311791563525529357658710262230155411121626631651515439803781795056676576115180765247715464912487567160159668 -13.213810654212403297930870484654151649635618524672217841599589172622382585878084413306790427486847100076514420290642125478904236419714769693363691924587150409261071917485548638287
1.04053674310108591022442944022750458393083067451625924324267599889045447114051937717574304707494626227653531388944575354939176167010131677436166630832684454386692672466764041439699 -12.9390720028487346449531108014783735408480332168094469443462833872591168336172666831605002299193803766628290608919124716558268112773601495962752258011541603387530759013042865862874
-1.04053674310108591022442944022750458393083067451625924324267599889045447114051937695112670415066132862763901521789001996249198745736196871198173640410774153691266837697595018590079 -12.9390720028487346449531108014783735408480332168094469443462833872591168336172666832275019185789579800408429701162186389771083221552111975365134758034189569661711211018065945070766
-2.59716485593540577094932504366285176448862265570999515336913844042516545667542271799336811072492957697695798373443593347446776996151094675707781034654167639880222468939576979952609e-81 -12.9487751839317727137258639846304951474116954388933953896340994184680767555482881693109558543584165713755784309600227671185655113097853700112839301221748719362936009438044285721581
1.03806767984126565635633170725233968450157543208267854541565446630869254899792595253071159842355684040707535511158526015352000212665545926706322240173215752450274622208195429896763 -12.666539750482185008854836651080821988951073982331321408373522337605112615224167827921381519629098850625973998887022822475294533402568209267500817203754144906102333705615424617314
-1.03806767984126565635633170725233968450157543208267854541565446630869254899792595249036620680979144024439585482289962166266728981314698286554670520682157790714154540567338821789063 -12.6665397504821850088548366510808219889510739823313214083735223376051126152241678279253356766268860656520376907691287187608304602835736198415533031985988389644962670358335322677015
1.03777460599470522272140223463672657368343745245504613208580079020333801710095403913424544016407822418117212137549975125122731806085311496788561791278526560351021557980033288063406 -12.3972807352648794856879151698766192563688530160836963041376763370324612658574120883327174918275919352159180886556579627793453766600935150549250600393222943266896289828109333964502
-1.03777460599470522272140223463672657368343745245504613208580079020333801710095403912771193163557269290557223069110789925707951930521522481546970796158363498859242323929281579581001 -12.3972807352648794856879151698766192563688530160836963041376763370324612658574120883325170908016218118398469093546714869388716149940423731083997701021583628157975057918322905634427
1.03877767429653525130548826379284596392422320477058348139625238294065189048224690140711377793170223994465742651490765112752294835685514800927653015215579558181088670039846998494286 -12.1314957474765134434816513513220708203628678232167139445692589110623279099192300194926682944032995341240892035117993519114960573213075164781285084406609387409533688172169900163431
-1.03877767429653525130548826379284596392422320477058348139625238294065189048224690140611113156411826997052148357534691728175942865576561334465322901058218611718739176829167655821104 -12.1314957474765134434816513513220708203628678232167139445692589110623279099192300194925729341141173761514693425574018682874369699170184015515837355084372669511524117926152693626517
1.04045003752297663800244336940905829516353542340768874476394350352980218955154620348282337890429199466161517759906635232183606850183333643664169292920140457017654359033096190794586 -11.8686508814097329683983339026920195315795263984323450001896163094178045917394290726790918815762287684902030151813082081760962873477126029340909747050453568746639667794020902388868
-1.04045003752297663800244336940905829516353542340768874476394350352980218955154620348267404608201238559448115738914161571538230356123120041322282811632209268649867103718135271113272 -11.86865088140973296839833390269201953157952639843234500018961630941780459173942907267907500176832479654627407261431596988748902604353781182898066414812670093825396774334084749961
1.04256875614261881856844942884891760076723872201271451877370356394254145020664044675734983273558353599863776591019561910071348337519547283941837957301688783324765865130270992375308 -11.6079316033888446636733698570051882432422815148475005848689424931734225474203230355862699602619638171330775373212830110856591250217063178085173688357903907866904262494895430621913
-1.04256875614261881856844942884891760076723872201271451877370356394254145020664044675732824447822713381966316913978364412677557416706289182889001851693750824002724889993127609583191 -11.6079316033888446636733698570051882432422815148475005848689424931734225474203230355862676660678004382442537524875604611444797043274739208024779892605816020753151120225741874533887
1.04522018186985118338061143274111090031709365042356114425036711589976532677811147496844051071833552349288581020849288267025001608720240187474339696215036878357161027727617764347313 -11.3484809778741540488862521967020668252922541745105221591161448957430281876001588174456124636406370203581586957366419195966826937981029328110654251687982686192239804312016451080678
-1.04522018186985118338061143274111090031709365042356114425036711589976532677811147496843751528852067668623394578982155359012601781026736085736105881276841969113370818747660751830675 -11.3484809778741540488862521967020668252922541745105221591161448957430281876001588174456121760936671429838502517247604848455466128958259866163214165263529799091037459749174904859285
1.04874882080889046200167431585027322078456961210073233318847336212815549140598349746194075411083512750868205995662208584442479089372957213032693586455968371096614871603167100477876 -11.089532063821336440923967568046772737988162985999291833308882386388486736579514356689255974878526255235246035757274756031005393306070933113545440545155568781883182146961375003581
-1.04874882080889046200167431585027322078456961210073233318847336212815549140598349746194036212723362483116819215123682291374024200828822081136943235696766511676673393976140882533231 -11.0895320638213364409239675680467727379881629859992918333088823863884867365795143566892559359062920866051957489515946474837330505135285806330802174717195158030275885458824532817976
1.05374877626899968817296090434199632266722379861738553969985690960121924516104988519923271970519637585834557386874091169627212001228622265045571395947277199754681186945849392399852 -10.8306085221561611232103260224992342166204636275846189095602946688370553706315112184879690294302551535338497441604286321305914734039524630139840445195505125402600804065527457594874
-1.05374877626899968817296090434199632266722379861738553969985690960121924516104988519923267240865178826240285358365951799031508553756035930843844217422121486166932650597374425854785 -10.8306085221561611232103260224992342166204636275846189095602946688370553706315112184879690235377006994730983842556142247603967805507850500119596234383652886146294327629832607657458
1.06087637523605142776804166567987009537024103621826740000138516314532127329382616484245297677349536843573891301395128388705825007517339439160480572534236977317580311109062401780265 -10.5718169293031124464804213945410729326272104973340057559576558612991147939435028872293296490208432594495142532050675540331753425394739773030560122500822762032332698530071213869764
-1.06087637523605142776804166567987009537024103621826740000138516314532127329382616484245297161751741472167506294377506047284224987051754075397123981623337222576493084035236784910607 -10.5718169293031124464804213945410729326272104973340057559576558612991147939435028872293296481800896745148653287597004455928178977425686177856543756273240456271931797535766397290011
1.07033576173856346765076954156017231226460861315173000888921146732513688892585634744545886511319574270494691661871007886021237441008281949829896740698720673480923928875405179753738 -10.3138689801203948480682773460507219531283462902709993423271511614201679416164828739855922570718250611102762417452381348604726200661016209323627975985380208428212185194959617470866
-1.07033576173856346765076954156017231226460861315173000888921146732513688892585634744545886460549459523296321797793052826714340189564732310863504837095971099984702881418216345990222 -10.3138689801203948480682773460507219531283462902709993423271511614201679416164828739855922569744997340037459243219893519621048849198516197014430099465199986099410895343297354478857
3.24823626012196813961694371209531195153983623332334658339724899748192949712685517809988845750891672852471980269507506687835017459877837001669744517441145491777918397168301871438471e-89 -10.5182226318110717525958772127962026865182401691094088977064718516759633275398827992440918698766568499675850211109838243805627079439756809435588052824735050843378036581075938969375
1.081549233152232200213539506897308252381010460446728114546704629905827728765101161333788370593096632529817930125593052393963008470541957159296842174212941064871069426917889564113 -10.0574905526439169297593762760518259463334700182484300477792407373621715418428382433077267086848203161209182015287546086969767523601359981118505512976802760420652552147415861564107
-1.08154923315223220021353950689730825238101046044672811454670462990582772876510116133378837054685537535318649224700403700854495754057684799805202070475436235236067876344009262353534 -10.0574905526439169297593762760518259463334700182484300477792407373621715418428382433077267086759335813588939707133367933032220053200375196055883117249529486503833825704957943340071
1.09355224471003914662623594737397076666686221537735220238476919411704212891475596278840135141657003688740389411017490631130779956579088109428024896566004402910432912306680189848665 -9.80283068577495162465615883371688040118976698819515687606549758097629383018905425899601225427591839742031588072426266318650297542075658901141933518674592387183287349917008141576873
-1.09355224471003914662623594737397076666686221537735220238476919411704212891475596278840135141257252342285805877825779074613812965816125654560024666764183292642515652004674336414905 -9.8028306857749516246561588337168804011897669881951568760654975809762938301890542589960122542752505359635670566229315384746532802530742991722108016789703580978605232141994560689499
1.10556712582135008833118079103000646955658084466050519891952037479338535435742422727732875908373119006169454406103949908164186962142057139004052351919457034989016051361369059712239 -9.54949621812533925373724808404075462802036464264374559181640765227035077192120239858657695722053647644272081474611746011301451536369273280954485225862448985946922292500910057090134
-1.1055671258213500883311807910300064695565808446605051989195203747933853543574242272773287590833990398635634018948270719490889675984698312313776928067272241450621645420085262135982 -9.54949621812533925373724808404075462802036464264374559181640765227035077192120239858657695722049205876484058465889698004465287601181499230322037082330979732031772313160048988937878
1.11721571839716590186123804623309550421299902755133777601882879819068930052560642059961416429245667523065112952124662457474994769711896165554774134608246030569296523440406922493909 -9.29686837268832919452454883723612367479457699504516858168006968402193079247108093588463444315171709454582167685094929773488841513467498103932477405360572093612945790875862070173647
-1.11721571839716590186123804623309550421299902755133777601882879819068930052560642059961416429243013432148137290938018314172810993938795525140664604689680424234662682760601071033801 -9.29686837268832919452454883723612367479457699504516858168006968402193079247108093588463444315171412423951254735100754459216048259319139731767346870211260025211930702257695443435923
1.12850175219529987899942736184203086174679953222644233324500916121561717760074965045807207462702571293748717707339612725691753157094529820617370934237634787022630710659853006557119 -9.04433916984903660129158560562931312140261689001502767705499589752681002364693530442191999855364533333201927593309512094733153417923837253588823914783211305615650945714734366173332
-1.12850175219529987899942736184203086174679953222644233324500916121561717760074965045807207462702368973085354164585262944951758448053891644556247906784244978831246972905633643169538 -9.04433916984903660129158560562931312140261689001502767705499589752681002364693530442191999855364509627019940374865735712510873395489155858165639646671046865454878238211416110597402
1.13973627356238123963101963975026812319340017174679196658888059794166706760043378181643376188166780650169874308759617683756653410233443770266583047282035039254524494423142892697519 -8.7914812358725513224272526950104299983088405413993311493222402296924105739293753690522394301719792824410815930635525340642603796669519908306120122831511807464993591190877044638699
-1.13973627356238123963101963975026812319340017174679196658888059794166706760043378181643376188166766162121823847738688005702947907604865657959332650934790934070486900076615883850235 -8.79148123587255132242725269501042999830884054139933114932224022969241057392937536905223943017197925967871906850679274157338665865480203307571441396858245311761230921515424091913734
1.15137353286765463958466947555988693253104404261915465596699362251928888730127211605609385225402592907313241030618159873998718958173436528925151393375361561360437898208803280824782 -8.53819731734102788512181052142380369775094866547555632774169460232958139060620956286107422632594879110994474829615816686032447618876829207223256673655491201326107393011727443459448
-1.15137353286765463958466947555988693253104404261915465596699362251928888730127211605609385225402591949488192373385295792192032429472347190670506902679875688633404062790856800210435 -8.53819731734102788512181052142380369775094866547555632774169460232958139060620956286107422632594878891916976565897494091699580261309894132921906544756032067163561686957985181491979
1.16372471171688073534443733378571455528681889356301316905151911870290416556063160160499876043085006823195885712663115015910174534126757960550667752796588571267714407770063744191439 -8.2847148015843716313909484049511692337552452793138256828722452868912382521720863424963665937051258301766104892959004448655567866379929970705331946087823753250295078076716027993906
-1.16372471171688073534443733378571455528681889356301316905151911870290416556063160160499876043085006765161779455955363375886043666221850030633330488036972574553024418846342861872189 -8.28471480158437163139094840495116923375524527931382568287224528689123825217208634249636659370512582999024402616576959621653015553922172685383829422940777193382836741039773837808046
-5.69536917715662667518559727339687326549076264418612504972118868217783439242157416828185759395830812528921453017816465781232588482897257358289967294394424326082149289051320696988133e-98 -8.44964554636335401247591654646806366529207161962071127963769548665995271284967471635242688563596905983664693479830299613029205104970261983136328813506837463827499844523399217899662
1.17678656488688940306098469460998396590304311986883728201969130355831958221550883819921658257033612119082227137660569736100324221257272049086717548667475013015466252685803037720251 -8.03130855617143133912333457313500493628654720264610563370366638486342307895325056775284241842924485597170776314777097240326110004548703454722851503282821785288561916018656673071473
-1.17678656488688940306098469460998396590304311986883728201969130355831958221550883819921658257033612115835086658672672588195564204370868544185104861121289987945696652758931139173986 -8.0313085561714313391233345731350049362865472026461056337036663848634230789532505677528424184292448559578643485911985582412404300264849432182020091205653003727838888461679919576585
1.19041842495671695898651773870465458271458667344439489114449895515881758844620984847929302747596189984596014224117055988014380481060368634498789684062040232711384161615214505482244 -7.7780383963514898653437762758810373357821932130686802734008360204727112415056750612393285843048953016486074186552345304467255111131378487106583165984380338573851409761763970212757
-1.19041842495671695898651773870465458271458667344439489114449895515881758844620984847929302747596189984426508234263490365448630548058706144068073050912256759004960385682037327089393 -7.77803839635148986534377627588103733578219321306868027340083602047271124150567506123932858430489530164767510400292949876712486466322931477903858727000219857987838345588002250066464
1.20460059487988500771705431361556950323220663216073032307952741620880879420894570499502689572788524962583506329409609723928121218373929079855099430369648941952965036835043613061384 -7.52481873461172736134452044619946321838558174518673426281553400823662568137685331574117703270327114696349731943749147456062273445542702657375945085815827901411824049990292461514083
-1.20460059487988500771705431361556950323220663216073032307952741620880879420894570499502689572788524962575275261960442743013408842698954434377270010365247462160482296759374189825785 -7.524818734611727361344520446199463218385581745186734262815534008236625681376853315741177032703271146963438329280397629675908646714345356308032604233912173604664655702725105525576
1.2194327300933812702429377242797195994520969301009489185587327612412033922894935366929131463967187157368947861508639315850136825682375312151431625609560248015929634535553673194793 -7.27162262467275143564560582797088817995110274494054118286131774574417346613164136006112444554578622939790252149661265898084605123996699942902620809888305943320323603411210545032783
-1.21943273009338127024293772427971959945209693010094891855873276124120339228949353669291314639671871573689116813888839144641702467569033267391947282507700411229256297313693652976702 -7.27162262467275143564560582797088817995110274494054118286131774574417346613164136006112444554578622939789896962967284496540395271863289583662022290435564173118198255651819970328131
1.42080605105585321274387033559281883135464291329258517229026672907605786730592292042743223711161767728329431803959209708392062553988359576299367670726349065777002229495461774184947e-104 -7.38188373908728909718830737754920376466073956258421090390024047998406863733757285643785213289907697098322842473160779708540286297718493919376658698216463504019645822370710726506309
1.23499180141769460112944015750470478658032963306765269691476014935703998639634610088425360710719773052610052526372788577465042233647769597760614940506389803381921661179099667213923 -7.01850393303468240228927441088057578538748570453661042981775566625211530963950590674569215945511345041928847180207974702448671976227068367077928835145281377553762313510242639473022
-1.23499180141769460112944015750470478658032963306765269691476014935703998639634610088425360710719773052610039153907954645023000623317752619825891506073743462636518254225632209467297 -7.018503933034682402289274410880575785387485704536610429817755666252115309639505906745692159455113450419288271229958699518620990343475681269299284506349638270050586863603232448927
1.25131435467292224699007147124017494620884230225969402478160629723124378420287386811344048404039576209420193171681181956079742411950318203806234681198064048443139517267285215291302 -6.76550509953033774862251712565287789340600832217180771292449633328529975273921087396244137322785629464779962838563602689504223901872374571472035509960435525298093375110784588784207
-1.251314354672922246990071471240174946208842302259694024781606297231243784202873868113440484040395762094201928383213319618477252497373824295667687436044780341956780267710601577781 -6.76550509953033774862251712565287789340600832217180771292449633328529975273921087396244137322785629464779961819506491281576461331143323562717895523778656265239996869353721916253943
1.26845406365498489020826848818382332216428579633634314954859350226503581645657115330425854050044927365864274410184549574654312142485156617481182134599395691626601116988942812070192 -6.51265217242235436820051321925768910039243407394807923970425526730883056899843123252978216360459408232612793013114622765114373402393242628022984070363420647057169036495121975265395
-1.26845406365498489020826848818382332216428579633634314954859350226503581645657115330425854050044927365864274411345420636429051546325403108948611585850601490839610321093579894031613 -6.51265217242235436820051321925768910039243407394807923970425526730883056899843123252978216360459408232612792969351989686078581028987873515943216931025278842646143259457563724307861
1.28647839312054019117884501303113889515179456615237570858257771618958413790930950917506720584596149026784690003680084202514352789226206712812998802708074490761343012927641895484373 -6.25998793759551517463490184629764125109193162249331641800696920355412980338455564669057171660451168220343399600394618587036384731218176609722372034113378427420784738054913585597661
1.04640260836574887740227148107774124177188697968801780567368997382540778070016673314038197071115634255459079117332399392393602576335713603388431319303123687589597499205537251853055e-106 -6.60060960309528286963498049825835087140731048229109700472894072725568825461692041010648974255440689614159193355094288797695573535832003988891573619472781610611458183906040261448779
-1.28647839312054019117884501303113889515179456615237570858257771618958413790930950917506720584596149026784690004365507770340946640757514196275927284738060574813808581827093544013926 -6.25998793759551517463490184629764125109193162249331641800696920355412980338455564669057171660451168220343399598934726790652585255232382852913330974879774443160368523610924072212735
1.30545414031967472837348365249381963257036574060412481958479196246322473798842122454726680547906188460300088967253896232586373560310616153208009852434907960518460340188598718732256 -6.0075663381569465014778464837691061033826732617741177210620230328076775136190973137370676086377382724873138362191323460357979399462213148976685431669220568259173628708125878762492
-1.30545414031967472837348365249381963257036574060412481958479196246322473798842122454726680547906188460300088967295875395651042940354845020023676005485899998258705519132061322949666 -6.00756633815694650147784648376910610338267326177411772106202303280767751361909731373706760863773827248731383621881099026966372086149060003852544839107900492252591669817155095422914
1.32545334573848080638895141542739427225981931515225504933631900819099180184918770804059316313764292441455467306166831282119324529304734161362414911944633866643607651437810461358462 -5.75544999093289001187512160459179184919247665840631232710298662990409142798946929979432928788352429313002783120627213871028021844118525368909090769141209552885489556779691374344689
-1.32545334573848080638895141542739427225981931515225504933631900819099180184918770804059316313764292441455467306168345777437396532088970555621083502603807186972765056210318514867364 -5.75544999093289001187512160459179184919247665840631232710298662990409142798946929979432928788352429313002783120627042203633812268382422240210603251647463607277485408009568898160781
-1.03131562672259411943988826797309061574793911321506997063209352142434162407092231429970884922096011203525679694310826394967896392955020617604791604203153731610954663877396821968355e-109 -5.97374320566475089810819321430788699217210513470070433118634339996150407938032864168570861572010992626659116924646542258404918149152897533913135798304596081516578823053845976782363
1.34655294460149152622745438332512786146219099066185368741900247179569270956193887425201400597920347650214801188730195637933032831119029854766788007212724064129458086399938495092995 -5.50371551500112136777350348329609075048703991670028036077559067375369603667615099904063407795044237270037573185492284038142196567300625278812859044580180567199941961910628263839778
-1.34655294460149152622745438332512786146219099066185368741900247179569270956193887425201400597920347650214801188730229457901550368420535102640384481775638338321506807155471269584993 -5.50371551500112136777350348329609075048703991670028036077559067375369603667615099904063407795044237270037573185492301907039388409412595625146678789230748173216355758466891270518588
1.36883317564001630698313410529767592365897765070192396836249594689523511201616377079981715105505126625632021771808038701798119052110931197237579027846185336284426172878465623478907 -5.25245539945695715128581879948799596675955512018630069786965021602392529983388987599075659996127584367315758398121050768862651274647232712858523473104959217048472034660937195971343
-1.36883317564001630698313410529767592365897765070192396836249594689523511201616377079981715105505126625632021771808039046708086085677086853064442066634296320097507960894911061143308 -5.25245539945695715128581879948799596675955512018630069786965021602392529983388987599075659996127584367315758398121051520819863270947713709756507135942995216255497503456600285654563
1.74433187279382386146977064122264488847054090752375973027967783678246914980190711402993975598297302049013107114109403805424849616907733109934950673375010935991081264632306418476527e-112 -5.44726492854580068197564615251661007482377682511672330573596555250825012235168362586839158843383028607125961182041012733523468232935448788706889090558998919918810273986746454298456
1.39237661942266053907674199265652422975522964587588739543124009016482422141524956124513745975456066419510933558712640100217599412539538991168710047092954618013921332176851165109474 -5.00178110002597243224758624904878995091421203583057940090224300061616579028281497545203888622536305513054990134940677386329293378934609244450190615633309717615881795954353912802851
-1.39237661942266053907674199265652422975522964587588739543124009016482422141524956124513745975456066419510933558712640096019940327131599381565793361431714748856274607068381377018729 -5.00178110002597243224758624904878995091421203583057940090224300061616579028281497545203888622536305513054990134940677401009001604138632554027575484560964994156117837497116419957023
1.41726598180693502039393118650721060936655744208092608210064871055165979305070680962369503011841748927971615951114856152232736066586418740964989647993624202880297512961828299922655 -4.75182653347262353365951968206289590758041831381616159297610765393337353932261186756089339498207136241445411434247713025104705433475299591227930975561491073698223362827723580334715
-1.41726598180693502039393118650721060936655744208092608210064871055165979305070680962369503011841748927971615951114856152027406585175514831253338219461728645896286899196508277753281 -4.75182653347262353365951968206289590758041831381616159297610765393337353932261186756089339498207136241445411434247713025225204032422234599941209003052699483869814134311937183461316
1.44358093497857937079595290936960693981107186049931946490438302011829754476250757380943368740771805733110796064428077791128960167350744207435498049914406439437694597166190513964009 -4.50275181439557984290348986904774905094936652171172552752361696515389738715513064287089307611139818174552529768600998209295319546297172767924164309681610996615208890041770820230475
-4.84080494197258222918157995749931147931995174883676241383227918092313317473572417340473334034186363110510348242495600785804003634536299658801782775560437555286282989829512160722256e-115 -4.99272677430605134683894634538685984800566455336524800410478969975931393413104974912611268993244708775842457763930029178189926650101032023866686032217152084702250335621068270436754
-1.44358093497857937079595290936960693981107186049931946490438302011829754476250757380943368740771805733110796064428077791125977126744956893943204209394754521186020769699856596012591 -4.50275181439557984290348986904774905094936652171172552752361696515389738715513064287089307611139818174552529768600998209294448510827060543669413072766890659106833522656561259946211
1.47139355381690423738863602369389073754988296989930046822512817169235169996328050998263170400999873469142682441069225823550968399285196996400533276883423542737789863094530167581186 -4.25474713124919124831913449187683481227964569012302443365026279586581635973884217584514276142117604048614540488590144623188351938696943488842397627009853596441093620832828692788883
-1.47139355381690423738863602369389073754988296989930046822512817169235169996328050998263170400999873469142682441069225823550954728444153932643540423491374125910670788632925125322236 -4.25474713124919124831913449187683481227964569012302443365026279586581635973884217584514276142117604048614540488590144623188321115703746323343227123784615408597678818902923360820032
2.04032638296303744813940961068097962453174892510806542744646935143688222144332346530455459892907509845710757218173380111788955169430308927664639128922406155562426486998828597659923e-117 -4.59294597924803784768006184002215005928391843191524052912933526344596686161266783451012604568832250419707915162539545509886015203750430308299653109366369921890394115708884205518018
1.50076202755997939317341772031889328455839730014773045268589544527177139983390617295666973179297138540204411769637219002760020007306602264012771976715576477365335395049644992446031 -4.00803639010378840104792036880130616849685598544622012375380016164445473800819537390875323083403019707850467290243249057201687997603534404552776245445290833627914356853694887200713
-1.50076202755997939317341772031889328455839730014773045268589544527177139983390617295666973179297138540204411769637219002760020154780908904494126687876128461935791778992829083562894 -4.00803639010378840104792036880130616849685598544622012375380016164445473800819537390875323083403019707850467290243249057201687732245066284929897753158835701973081245788567680444163
1.53172232643035801407027922753602400294451084881909111415907116296823704728642729392257841803912059333174218091080281524898395132425099392744252319252441315861736933776393129314782 -3.76288008635918026573772666656250971250256951627601857202161760602489822865763895142664924705293443405218819370102028114344035624021764599612423055188193315352240758116490213038944
-1.53172232643035801407027922753602400294451084881909111415907116296823704728642729392257841803912059333174218091080281524898395134700664556052172913969137654082876242531618659569402 -3.76288008635918026573772666656250971250256951627601857202161760602489822865763895142664924705293443405218819370102028114344035623822422623326800574384061883784352036909698069750111
-1.22565465456151368555330168783604109419713816472013253232519251382002084857344134040188335083829529228307435748610863273452204662240972275706554900642102084847762784886142155374507e-119 -4.2365925706636714668380922249821010538330166086579993145915252097959389203360040597584217024319865711338584490101291706435564316827901124435809986184473586336914634670558683072395
1.56427763511713645426661642221926448726824473282405229719463981479147294854530646199972186353933496202124444370994880227692465694974387794694008668983961389241601090656262504427982 -3.51957660951616368070976273471066083667004929793376419779562894288164756424241656157904736628072351339841600023266827393371937443685298953798221225355854422389507507287146348798731
-1.56427763511713645426661642221926448726824473282405229719463981479147294854530646199972186353933496202124444370994880227692465694983210010762197383532079864898887000862947862323172 -3.51957660951616368070976273471066083667004929793376419779562894288164756424241656157904736628072351339841600023266827393371937443696907162898812548412532941398067891826247658224074
1.5983856366235188244312915623037521996886974114260477690524076760029066001412802726887214478535310645913418420078374922488105743587692815862042529309540737661735138615541498775375 -3.27846093862374888733515915432236449280923066122793812791693052308036721913291919972956612337853155606491483126616425843105104551209021023752999663169928278421736731237051264682036
9.97189638525739223493907102250981589496998210754941521522948536905359238129280129460575178272989870303172773570469504155211830368401986246589424627842762352534758435742758996526018e-122 -3.9157224988124045071235384479853681588147610222727046819530032215159378262022038761531024716856711837525184961328263929393390168408168691866390915268426626813410763184495707358453
-1.59838563662351882443129156230375219968869741142604776905240767600290660014128027268872144785353106459134184200783749224881057435876900967020660271046762740033184282452012671441798 -3.27846093862374888733515915432236449280923066122793812791693052308036721913291919972956612337853155606491483126616425843105104551209095875659342660993537768095735449738792977239412
1.63394418460197601886264722164897997513155066261397134386292645895799138561558113034524305934088699599317384601011894850210574462369351604678171408914346109493892438151906518526736 -3.03989951649419579136204664507101322914590216348300920063911504647105278864998943249973633401016777391344091795989936874738683769291890185287927637618870999479068596639118406131205
-1.63394418460197601886264722164897997513155066261397134386292645895799138561558113034524305934088699599317384601011894850210574462369351252741774463242243769443378595657529782350573 -3.03989951649419579136204664507101322914590216348300920063911504647105278864998943249973633401016777391344091795989936874738683769291890288859512778694739381029515490880981283257823
-1.05359138460184068081281134226875713268503910168937698897227265686915554366453716699368423063833545712616242180792321407968824140520021145910280368745431240343255140236615745951749e-123 -3.62450577591178706816689020362854022958255387663737834484232250050926525579806950823090128467164085803802715474863263219151473249560441993984473309850474322000266817102498059035838
1.67077652851025881342499720519045441960573400924683000412244221883330708420794086749067884818868810667528187695831332254617150137189228990481542707321585194467865889471555583944305 -2.80428012555884953739094954485061822084431309917989493342129484113749104418938158948449555020203633600123505318988743173911574108389663660965401456455980636748000590077857151798138
-1.67077652851025881342499720519045441960573400924683000412244221883330708420794086749067884818868810667528187695831332254617150137189228989304020219354184190230049200663335353842904 -2.80428012555884953739094954485061822084431309917989493342129484113749104418938158948449555020203633600123505318988743173911574108389663660245715593075433285388691275357550485482464
1.708617954442745006873138246098038718353276017892320298386202750570314715256931394595726163268036437089268053909582369036884567769419373410765698243131225064519569789060486547372 -2.57199596632537342787670172967883365477064303507528743628773224367172210609018180446943500500955306780205598463996016132109389673288750254513089114428287855203650488842503542093479
1.39546282074753702407619253196962657663407967260043035514050321890827928890164855397030747967369791043408630322564887657190785693709735114598956516426762678897923050891228006143109e-125 -3.3585099919630511265790067938652394704902928305411141782924444961133011720298670896051926032313233468799236927606601799769508547951739423531521616337628606079344419527581348871427
-1.70861795444274500687313824609803871835327601789232029838620275057031471525693139459572616326803643708926805390958236903688456776941937341075314214179996181006643281300676624480732 -2.57199596632537342787670172967883365477064303507528743628773224367172210609018180446943500500955306780205598463996016132109389673288750254509170623074885198267765647800378725036452
1.74710626293588272701406498798228546286191123623996289649552332807063573348393588177986033185439762484549993841936898392733652858702217006436687168748745891939038105670864302566194 -2.3434239440128953043420931692068271232228130394881625283513038934096327023397164713442599628794907113749541501118859456582568755830754012703804242477887344004805339905540594766075
-2.24911549790631665281511495850563678111970603092663236044596511435046592488557999488282987038634072347097713011247412974787484671326968374149972739843160201127181944399121382504553e-127 -3.11426866999082432576604158543044358871511041720444946505140099776303400319131937824257341429872497706824036235260094463130107465975922742218529349596123490387601400832911795021854
-1.74710626293588272701406498798228546286191123623996289649552332807063573348393588177986033185439762484549993841936898392733652858702217006436689680137286195564473270350465215942522 -2.34342394401289530434209316920682712322281303948816252835130389340963270233971647134425996287949071137495415011188594565825687558307540127038033207345570980967269425012732202866864
1.7857786381030928353400672200160520934274587863391707037421454791181951166077667400845786024527480767958864269011802686458529547976709036517525558728857855772063337584049386541429 -2.11889833023322963864092033731640963685877668420500391186773595300582342627460939870710316034622426048303952857084939961060844651755697473405616482118334520644216413332932950576046
-1.78577863810309283534006722001605209342745878633917070374214547911819511660776674008457860245274807679588642690118026864585295479767090365175255598257134467827872406679383767656286 -2.11889833023322963864092033731640963685877668420500391186773595300582342627460939870710316034622426048303952857084939961060844651755697473405616468927484641680358061455450831889688
1.82407694134369668301710765972880175079303146927424127270526438950693367390729562688515975299839500766890155121046208867053997868122092316314897875741974550484318678461849775236599 -1.89868220309858223223427763080560980864521492507719476867805734343844881000156276072500767763501243190909477899475272231709721667953889253618490297821034360057398842795195595978111
4.3029886127454785399932540537559890486437265132199814779494504760104468666426334529095819185200155681155054810128250041188647667279248479627464375338877639719838946334870938335533e-129 -2.88900710998942090513473102697821095412708825783120849045011549265509848605172815788671346326630980628936073823878763932937785245524457654825649549124776990996102466524920390368433
1.86136228620164631472655722071316826049530671335887358523124953257865874772241486864298742258603609731613777502818866285133280452076591918930326329857161686302516721061915023216246 -1.68293995525021404151510938384492847749717743235332386573880230320062220830175256889629078121065598451284921987406166057083923224123766550147045637730022200895397228435567125603024
-1.82407694134369668301710765972880175079303146927424127270526438950693367390729562688515975299839500766890155121046208867053997868122092316314897875761490537073021654787513382279312 -1.89868220309858223223427763080560980864521492507719476867805734343844881000156276072500767763501243190909477899475272231709721667953889253618490297807357537311013793471936351910694
1.8969382219695037897236816169863070953217228253316438154886354370730359401569388965922100655535409521267051219509964861819307854645839752168501447171643440584151327464198121447275 -1.47171433619970825717844999484061349054227275716699479632093242862945289412721196863675491344071989069226963020343342105254095875432279389530444047086467012266239547001428354756542
-9.5731277543811341909501176813303119992032255246204146637029556579898038293401385384097894985068845411303220519917357794673535880466486306315852998892150497686579645815448997741272e-131 -2.68046063152787303197662153457189255495633055026858564108166419620311424244125128733661298089519319215050020800518473972770952081891482665208712865904462856048894645356211222675996
-1.86136228620164631472655722071316826049530671335887358523124953257865874772241486864298742258603609731613777502818866285133280452076591918930326329857183994617928339694811939464918 -1.68293995525021404151510938384492847749717743235332386573880230320062220830175256889629078121065598451284921987406166057083923224123766550147045637730009392322285514652239995810484
1.93008044870419634008802778690153315214588892153785325603323621598003704073207767245547118014258696337760308136505514372688533727171908534760321833192532033573231435427443444834938 -1.26491089258665017524490284838841159021333047025034966282704586346514228120282651800086876101689286199001294921287261914617999286255605233911402319521993697491110739996344840575744
-1.89693822196950378972368161698630709532172282533164381548863543707303594015693889659221006555354095212670512195099648618193078546458397521685014471716434423503889974268750823665416 -1.47171433619970825717844999484061349054227275716699479632093242862945289412721196863675491344071989069226963020343342105254095875432279389530444047086466999659848199821018670854578
1.96007008231857460274912575327333191698071497435790119086976758617893738187718849180055610348418136573971273329900291239151532839648698041263717340339823805969260367485983081253048 -1.06229153369478229367036984850844133298299797429861674624857520510618004684511555729043273074994786124476570770851588683048246522983680030829867047153482603084062790383827078699203
2.43487614253792102990609435539792726487323549402242302596686454625649365645992640305745941707003954609935006117620276820426184720253854118357655134760118917269724075639841286785585e-132 -2.48674969100326184220970357261095448502580234949994612605887047342715312886262421757760499735684340718911768824535561549931368890106146220773927350215233449188216248041470622456949
1.98622719290197826010878675439426827279000519556618639438844334265747113427033044600929691530609027023155835173043380582652924726379776373396674757869844056817480302107555324465044 -0.863477636988604200063963069701824136376480196940908651659726744268180071654539034216015911864766626085101936689374725445663927238596156619347387734871435867267162836190210255930057
2.00794157529778128638622069949167818812835489207901383162378150923792443168631129160868246912885461622961409408688799342768452047068123123121802617070914301069201827761557410114114 -0.667961869874373963137725242606102386866816408923787285695743574368419078671786410565984989954615742882267196274155747702824610017035495206192707016924239824913443364513896868255929
2.04186598331158296088040899508136039623890241349745856727742311073044998858844288077165275543657117269093871633350690653111852640475155381669986664498312296006921586619094399203995 -0.0946203044731418651002727849717075393073413852009313969697151788320885624718567988744252410492629555217058857561647332435457037456747181298961176242564169538445837489326959675387909
2.02469839923372164857311054505468272926507311998858509133096181889897238402775418356382124807856552488703933417841005998364706086118511498555791897038520179989190769872867056075404 -0.475126883484550213005229752857652213578149440262566394025655221968678468042326576964048779976075307940173262356931069720311046122041325882405313082579391681168322828008055168668916
2.03609745861939035981718902495618555401470852573597020359892057976168198673577570937517727578911586556164118227765958902877386234374506085848504586063074303554300127661975952559852 -0.2842684117516148131357743504355183769255769377452611497963250258832711538001105190898165436690464280471735742539441752143267990379629824462264966524148454769664587521650413973857
-1.93008044870419634008802778690153315214588892153785325603323621598003704073207767245547118014258696337760308136505514372688533727171908534760321833192532033581946884902190835868017 -1.26491089258665017524490284838841159021333047025034966282704586346514228120282651800086876101689286199001294921287261914617999286255605233911402319521993697479646911552059010065184
-1.96007008231857460274912575327333191698071497435790119086976758617893738187718849180055610348418136573971273329900291239151532839648698041263717340339823805969261406769684574987319 -1.06229153369478229367036984850844133298299797429861674624857520510618004684511555729043273074994786124476570770851588683048246522983680030829867047153482603084055314647020757307535
-6.98110434899222249997246636412131795895001199183749779353838979359536367409313944527881397684387143346468743703184455567096246462065829844432250697434991580883977041074257048279057e-134 -2.30629141309183480390186742397129564905253624875240768596794539723502066574934745668724651683757368623995724639238239015237577504102740553528251895409836360320162617827642936196157
-1.98622719290197826010878675439426827279000519556618639438844334265747113427033044600929691530609027023155835173043380582652924726379776373396674757869844056817480300319972831845353 -0.863477636988604200063963069701824136376480196940908651659726744268180071654539034216015911864766626085101936689374725445663927238596156619347387734871435867267162810317251705820988
-2.00794157529778128638622069949167818812835489207901383162378150923792443168631129160868246912885461622961409408688799342768452047068123123121802617070914301069201827760517529280882 -0.66796186987437396313772524260610238686681640892378728569574357436841907867178641056598498995461574288226719627415574770282461001703549520619270701692423982491344336451386698046662
-2.02469839923372164857311054505468272926507311998858509133096181889897238402775418356382124807856552488703933417841005998364706086118511498555791897038520179989190769872866964558276 -0.475126883484550213005229752857652213578149440262566394025655221968678468042326576964048779976075307940173262356931069720311046122041325882405313082579391681168322828008057833422618
-2.04186598331158296088040899508136039623890241349745856727742311073044998858844288077165275543657117269093871633350690653111852640475155381669986664498312296006921586619094399203383 -0.0946203044731418651002727849717075393073413852009313969697151788320885624718567988744252410492629555217058857561647332435457037456747181298961176242564169538445837489326959675391112
-2.03609745861939035981718902495618555401470852573597020359892057976168198673577570937517727578911586556164118227765958902877386234374506085848504586063074303554300127661975952603307 -0.284268411751614813135774350435518376925576937745261149796325025883271153800110519089816543669046428047173574253944175214326799037962982446226496652414845476966458752165041397692653
2.22995573166909177571706244723622652161433864663877416223672936634986587291332407781119332220402299611006398175779020625576414851523999870096446393915428339984865210811123978674922e-135 -2.13773520459552279588299805840320058327383844964268455684199036333270438316876066209896496850319798606740166218835042416697780821055290329565097462355951507014882365880249234098241
-7.85769103127120888728746621102079619544840718078481904331142909385393767962418938423499202667660712456082826725393169608920770380863895862736720328565603265104421368128325454801326e-137 -1.97991471869318089637085603004383196774445007849454527561025635297017952713518242068890877558595542945151421163876102862007544348839086887444012629289211507167322062193403539842327
3.02866031817076623296585085055274003049106851789731172962430138313823852507193020844769301346288029937190562052510398025695092807475870226728785840287401379967457574932995715300106e-138 -1.83181114413519639985196817924856005729776408089371673878515802819272022003556850507209178524089275364001961629720046513263315336474628994164213808565867096395254474644564771676697
-1.26761499222950840257562474208160447668804654257787454552589492033070278843591481088350155142747285210306987405284136170399083832731897518196944647074381874570651715914725793868417e-139 -1.69252443556420419867611923144383394212398539739724407285269334711775179834513668440838941319422931654516103144081877120624845648886087782220883040545702970202217343793535353690425
5.72427668973587200342914399613324122085063514945515986650561240927874312960713538074722134844731990316233061205001620703308875207652511412784425638267039706952557518893588187635195e-141 -1.56125011548564001386016489040524342972545146065548864780989597137112290047980059786431503747461505032208348062041274530625291452738406836527790580617844465912272036328289992108176
-2.77318800857565799243426488106366845876019182914149063610487926417051529588328077308004875103341736493479731858271852274827562535909878445206141123215876495400946914882437397955685e-142 -1.43725990251709229760850146507470738590884432305486437753093267851655517734347729243937194032829519070509890801690370007105791323044509242478007403542377838496801398240410043291054
1.43400158664574070353448879684258061302420581440614013662203632429428686799963710422318786601734207011922179223451468977267087482892220908046421454668057705597784603994521885031468e-143 -1.31988478105413287924980205421958579133464613434334354676671858484330182480232640502360903790417767772026286303107057245834897115003636308763517489748038908514951333930442270084723
-7.87835332827993533161059875939678994526690362774934749731024286087421209554786039134067235911300742019390034829846283439832166933761916321033343498071205646072773703150121458527507e-145 -1.20849928221426363279300928988156138230533744186515671782368430826691821796763998336208043921230398774614553257656524141965208566497288322344567305185828324350764705013923787650964
4.57966094811715844969589583281836502866108885068724611835121531505097489639130383492476253657434616414041028980561416065181486259981044802633401280661591936053866724703815507692935e-146 -1.10250569742621586052890961429982658859862748992499968105272668665994060043122387196562009167678277142520205954466891231097473734539047074286933554195900556228306667260556626276896
-2.8062093161573943990560515797873656719061279665944699748541778885600437765533866096773005364633535573743911997951670433957935514163684991411988671621206198526099530795898843193107e-147 -1.00131663077754294967595913358636912217342223568520351570526729472445256715775026633263575492676700592295763010584359464944454323921535590004230740896805304553216964843329351346878
1.80655869822366083601022839590844962151166690990438390238337853742187042468201249391238587187582377279554098049665262045670062438942676309671171951700175827334690515872319146938422e-148 -0.904333535761326767363886911685150624491532189851997425751032174050337722029735909925971869026954777010437723359521919853708522869405745851023681015897353692316752223711175755413813
-1.21836502227331765680723963536847575983345410151243513529285576900691237897652373323359282791140259607553416857407584488044298204986722458037834221400552472354809134694010772839777e-149 -0.810917247304173027244904196104940449452802158201551377119665690269164021847311342446062345926599841857048123057943438098756209545299161629941573829168050284633503566680938106559789
8.58750115359586680776769380163015653240777275887546153073438956747179524500683024779389606495224671905348806614777187107062382100585309040850996201694690603902914061170655758875609e-151 -0.720342955230519657081308494759365188041075888360459398523051618348391028160057449743709996554647221052335190141728332650167867202708123444871212634901532731210182336282508555184186
-6.31517758944233723908307451402467786373635196626110479628986604837757108838043412698262634782365793169684831659732117269614463212357499793222917856761276837526605127412547663699243e-152 -0.631723754424453227016867532262038726586798249678987959488289169503559189587783164639337331681679733854589621232846966384216379531289443983561580722771483644572644822143234842329632
4.84256896617124413581827491577440265384760671922444998766782572067355174150954263245131021668980144912379401966552806891321904036161261888196699942516859130324706463845775398040019e-153 -0.543865387200775691960715148518420919248162202490686943031909016229995665552479723383390635087419034158875461282112729429031212862617127885258554472706535957904503544566675208998655
-3.8786311384126975810987795669080163924902836936748267468519952803086195352469785645661797329879123788839408525511608451065683786373651540202766284905096397294524323844833336380929e-154 -0.454950093547784467541606868121986675668370783086000650279942651424732378435231790201970723915749181109324424770531260568141796852712189691263617163013071537968708278273978647479442
3.27124022818270271943262495774283618741036444959507997388588958885481129632756400666252346904563394312706874236056061339149181276418484477921541888380833825183883996112911506307509e-155 -0.361704924129721738401818413921468761943253332142642020813500399453948843605747667140649270662641674607650914022238375230853971934445787141023860350750031674920638011387894974718589
-3.00583920076165416626785802167412434477265170996550630845575481833065570139914815569296398592488525245961834173283274901258202338036244848846962404280546827729077213745023102471834e-156 -0.25639217258420626739946872813348030241934915795316528735947426118491341007297486318281691162561207500006679764826132446138233552048554583745050077575925782251845314185050000628758
4.22644989912867540657447247565966274546607277081408230630875303007752183264442232387089069122247670570768294350237665726867384091844618790694289104953495472354383086486253814230286e-157 -0.101226512430992671687894109128482312976132079765703516370992412284351624594825923424780523797036519157137719953522098820088006301463363763696157889890820129890308439857703705599041
0.191652966493192521329288200643057110281808264928270005721803979473529011811751121279353234083499675585290108286164009373729953181924479029340420782998708086240524156724259793462402 -0.000554622745530999068258482668313534596640442600941120014634523827758201046855034038872915166040739634857204508749452611909860371830533341816153958321229331735617649224485470297044045
-0.191652966493192521329288200643057110281808264928270005721803979473529011811751121279353234083499675585290108286164009373729953181924479029340420782998708086258603688822939740971047 -0.000554622745530999068258482668313534596640442600941120014634523827758201046855034038872915166040739634857204508749452611909860371830533341816153958321229331758138509566778165811181862
0.276240889175200323517888424110540315464095722157753754067592040059338903961889484635236143046965784355268446431467057668839774177204171334723625386634739522168515661237844657707613 -0.000433949180487762615540709513262168637030094491964038141250914229363615181021006571848374680188377868789161351507337369412461218574183322588482892084223774871509354278174249582089262
-0.27624088917520032351788842411054031546409572215775375406759204005933890396188948463523614304696578435526844643146705766883977417720417133472362538663473952216682592616860405439511 -0.000433949180487762615540709513262168637030094491964038141250914229363615181021006571848374680188377868789161351507337369412461218574183322588482892084223774870463004906700942595591325
0.331044835075870644447071094174077206313547957176883612670078953934753942345699162918032457017632016304706521110616289964923137955923099188855696027233703152697437285537994968663258 -0.000336782908255010566648204557751718810518460324269549991960644564165823856480809851504453268605764855730445225482679979310798136512545718694238118964498775408953479345176650661176907
-0.331044835075870644447071094174077206313547957176883612670078953934753942345699162918032457017632016304706521110616289964923137955923099188855696027233703152697595670001061572755472 -0.000336782908255010566648204557751718810518460324269549991960644564165823856480809851504453268605764855730445225482679979310798136512545718694238118964498775409017287835500545750618079
-2.26092769721220773446697624075997900965530286889816486673497197816922400951541768283523934904827461958526316491286831557273621350953985030510005668193244973603147137358162822115059e-157 0.099819137416645269149363363527059771186383298316826888078595145036500770268118052811234326490731315803103537489709386314912076535154726741100613361201348526325919445913128253167313
0.370710991723178530445459193623844377050907913449935971860190336110174311648285134111027776827182624328532952801104917649647602407264792339790002487168932164613333940681961689014729 -0.000259015558286097771018738884026780256216149251472958897123121356136977253954775410171199284825592098397627126867241163330672586709075387025739684678874814195011372749541605294561432
-0.370710991723178530445459193623844377050907913449935971860190336110174311648285134111027776827182624328532952801104917649647602407264792339790002487168932164613319318089495141390591 -0.000259015558286097771018738884026780256216149251472958897123121356136977253954775410171199284825592098397627126867241163330672586709075387025739684678874814195006197271254468937676679
0.400711176643833526357158258890134947011873120855964863382302230811905801967807226918451161947104729096693342122448337788110706882566571114501887400345989948581836549535743262556578 -0.000197194404034317297980928024979744472269157624907872042381573912331353100389229572525284967283502054337106163345196993600618132816294291627035799095406784436119671181701131418159591
-0.400711176643833526357158258890134947011873120855964863382302230811905801967807226918451161947104729096693342122448337788110706882566571114501887400345989948581837841105639365423732 -0.000197194404034317297980928024979744472269157624907872042381573912331353100389229572525284967283502054337106163345196993600618132816294291627035799095406784436120237638994039479537861
0.4238913228746740807787122792427011987471320011204535638352394137535722443556372673673205940231124005635131435915598623605001059902215558108940198168595082449297405198540103809801 -0.00014842198654919184386424738938060753957303708936451015307462827060423792192373912204181300181729797132011751529771556096908762891652262084824225778259646077764755708856574174021667
-0.423891322874674080778712279242701198747132001120453563835239413753572244355637267367320594023112400563513143591559862360500105990221555810894019816859508244929740417004323651280312 -0.00014842198654919184386424738938060753957303708936451015307462827060423792192373912204181300181729797132011751529771556096908762891652262084824225778259646077764748388976825913194745
0.441990993958488628911777503531888386870591918898954393096612998730001603688064174733266181445283130016556417834953757608808619640584154551261079503012762802003234603978701818916937 -0.000110271753791962691009278499957632865479100542360959502895709830181282757723691593575788981272087445203731379774630473423700317302297885003472536758111602155842632094444103889443635
-0.441990993958488628911777503531888386870591918898954393096612998730001603688064174733266181445283130016556417834953757608808619640584154551261079503012762802003234610156649825470965 -0.00011027175379196269100927849995763286547910054236095950289570983018128275772369159357578898127208744520373137977463047342370031730229788500347253675811160215584264177773428750555052
8.12977633654537906240639110939503666605512468990325712167045094396510202902375282369570139597134750232274797720043732475538078079997551785161161657033606287263910471351435321204181e-157 0.254618279313813666426953629500364642384333691409681758208563331579118358059186186747769716985004953398048019448580069439963214969314757073226995247884274497115686492973736991860368
0.45618176323453112626701989572045895966256173759632434123114531889042515514617554209991677503526741002071441871783012286908655549847523817580092016451220708306003957677217962270651 -8.07168879601869265615460514189792082587480218055237993801685899488440628837887978649238051490366242137695614645990501131630067157594308109960465536084356192187757634315754048637334e-05
-0.456181763234531126267019895720458959662561737596324341231145318890425155146175542099916775035267410020714418717830122869086555498475238175800920164512207083060039576771972806772574 -8.07168879601869265615460514189792082587480218055237993801685899488440628837887978649238051490366242137695614645990501131630067157594308109960465536084356192187745453235634613114311e-05
0.467304891942540611105957595630891054086966671851756855661896570118445552355684834859331475513376496611486801294894664912412635348392520872845627155768627442664226221310704438798053 -5.80700316526131239592767174851314822014123616735857562719537898111459998344980413261464149687919904753096647489812189307815967682059575406689581725479744386132040039106374961612562e-05
-0.467304891942540611105957595630891054086966671851756855661896570118445552355684834859331475513376496611486801294894664912412635348392520872845627155768627442664226221225087157984565 -5.80700316526131239592767174851314822014123616735857562719537898111459998344980413261464149687919904753096647489812189307815967682059575406689581725479744386132041454071601477615223e-05
-7.41955717749301700395328553462248502179728448149836165390561666764025294005133614475230181122478295933307543237403206905326014147187137545209360424480918076623608617557038868133947e-156 0.359482333104075364753557766503495154867608387349953458822303052427929594514975601414114792271658936454155625507786055131152855313759863282646935142653606585989613388341978655731218
0.475992052701800226336286849290372680484101830020407858890151600996148490748831637239665439835203233601750800122693103898921676354809014438201261718936923840811435695488342343527957 -4.09320576697787609447036663658929690588701727061800888480477881118028663160069076613377703920831140056185316720842834716521462792957389318509028718383595204230038077238882450800499e-05
-0.475992052701800226336286849290372680484101830020407858890151600996148490748831637239665439835203233601750800122693103898921676354809014438201261718936923840811435695507257097132081 -4.09320576697787609447036663658929690588701727061800888480477881118028663160069076613377703920831140056185316720842834716521462792957389318509028718383595204230037926430344684844597e-05
8.47344775000000217131860544848418617579113412640657775842733887307429519528806420064564083001025712444912977836919869282837822753133457930786842402957873153745876915659329945916619e-155 0.452180232400938903652342697282638013644432241309554151136733171559274480459740589359728030887111286294777229872728810615020632547563449093367257985779015598224826398474672138033481
0.482733057328057758595788168482578717856937750633966912434843654733660220194629230640147880047455445428244413737880642498453614555160652837737913834064860415475211188147658635414099 -2.81483784887073124004512608264497619644312610192979523404381078613084765344963064632278234481201865495616629193689474723113008883429412820532473287943065930159208984037437047873517e-05
-0.482733057328057758595788168482578717856937750633966912434843654733660220194629230640147880047455445428244413737880642498453614555160652837737913834064860415475211188144780721248533 -2.81483784887073124004512608264497619644312610192979523404381078613084765344963064632278234481201865495616629193689474723113008883429412820532473287943065930159208998984764185481806e-05
-1.05619082826673697194474444444223412340339188461180555062615789277842568920034857328957986774418466971965600194407924114817744131484718642663838184199338469893306201849796286941129e-153 0.540430182519210385980535063331698828218502407518912126666379044755671821385433757925008604060895212588325929071454474119067181488958513236832144140528727356927634259627379095353056
0.487916924868025750070824376213789410164501309055220139271650899859697481479135971773508079918968092880621932239081796173598138577998102625950544544004675457758019138209601038967857 -1.8771582856643423578797532035204336507276965645103554903992970715992990032052739461575292661553539015152907618695293933928123426948570692934151077366041273886246105791044501130035e-05
1.377616075896572576809961671715461616819584982279885309862276891764855474414605573977042788754857201058673111456742191786528430650884432139192696120959327453221771331228352062965e-152 0.62748190830117670516764270778665026615112983374706414071442505825189736367855732527346282119955449111815919697777240111203497658150831113647284845066447221663508618255103423135624
-0.487916924868025750070824376213789410164501309055220139271650899859697481479135971773508079918968092880621932239081796173598138577998102625950544544004675457758019138209942622840668 -1.87715828566434235787975320352043365072769656451035549039929707159929900320527394615752926615535390151529076186952939339281234269485706929341510773660412738862461056495526479670198e-05
-1.85892188528347608807907267106699044485269372658921990599775470419183803243397373435983720333445806480195789012664004985964482137319557317389206433164436192910888541595371087510605e-151 0.715125471310082492982636722796502347018331407621559699998550000629062063266295771735121801896951319592619229071900247125041978024527484091602296719443337067038756175975741312855978
0.491858716600185259890966037787640033233719236339439232384206658744490780276880286189158655022454988346920359127787821918150748324472820695334425795952436181068847418255852616945521 -1.20294695606536446475565885701518934061993479718445164791558372112405795702589358318998405199111437772894520586790800531406032211786405950291660195896628486861777473220220849597256e-05
2.5926620956526718456351876775084036273881079196609565806715768626647110235771970203898764008659780583034512473581005026549138657949098977552522005765117533873528422108437119433787e-150 0.804522038240045010961415341695793524094995392021772264942827756313952592888585496566823079002758020689125843653911018506931213030886831466920371075287134668896649312740520268363561
-0.49185871660018525989096603778764003323371923633943923238420665874449078027688028618915865502245498834692035912778782191815074832447282069533442579595243618106884741825582139913355 -1.20294695606536446475565885701518934061993479718445164791558372112405795702589358318998405199111437772894520586790800531406032211786405950291660195896628486861777473347060703161884e-05
-3.74712977017976634530390220244098572982743623584358967778292159251204112803423269089143010749281314399793134680833245412389022271279409352785119005877211381300924385837705645521854e-149 0.896518902412146610500725646790772453322208377854702160759694223856871439029766215183299972882894648565713610362576964261442461660772336988438522061974525488861700299688039103436335
0.494819406352943622221187794425569230502654598533686081672387645718555661003523892975685409674020340892179477071612249914105021810587197611940695857539513509202685200809419771948576 -7.2981207953246732337374275259312892605724544611720177302922887920621137681537254464793838771455360159951758450178267330014093340939199430108934033786184386685825139225540956890052e-06
5.63191967443009014214128284810111445467345071693316611034489100276457237226554101502400428512128121293532461109929785114762634585405581944736897310693018725233980838985196658675144e-148 0.991793350447318350065709058662822757644935762759384273193406235647591607346717769124104458103679250962418461136404739510856458190033997200830641497848208612725783525841280390591521
-0.494819406352943622221187794425569230502654598533686081672387645718555661003523892975685409674020340892179477071612249914105021810587197611940695857539513509202685200809421775688533 -7.29812079532467323373742752593128926057245446117201773029228879206211376815372544647938387714553601599517584501782673300140933409391994301089340337861843866858251392161138200754324e-06
-8.83477217503166321199109245638923314590502796482813859555702954945261315060948622957550441376705924815132934574946844735244106564685030610304056989612206002439310390383435637298418e-147 1.09092739039224520456776683904039196302660756859624034679408102701659827187210007998995782787087806738253082308890436418368170087778927604421829860695046603395864765320691602199053
1.45150734547189814999791687217652670212593723756508397700082219097144989136762088513139113399361902909996336434094408989231197890040184075672989634690884444548103029942415517328329e-145 1.19445063774293992595670780936355673032465231427502074969469816672612839034284945405662759774091937107056022436371688808928761926938346327795791556282334737521516474499736680700187
-2.50582088189892092582864274047167766535945529536796780731742804437704236498248696796826433792112918359733524073625980997695307884554178395733780814649891541762720068550100748218927e-144 1.30286710925557205373122367494013588244165181381004291394874285020461602716933913573092631966649406083920805588690584943162996537321561977157920682360195501581555180156035570417239
4.55987783474145736419204426144968886831191621572568292491394605557671795208958200891156830117283768889972067140510039493899836742947351083768945186966110353153074370325727036123468e-143 1.41667332722263327822549184510403119314029639687761705053802216924421270133485593758008466932730854207050230520463519829811083517831883997817300463343286445305749941586229316360866
-8.77343983419868977793970389770065170141645006704293116955299982383261560170571110531343453938061537144700578766062837861217409151465324802437402254058570691447922337582096842036511e-142 1.53637152244692094666372910252807820890829548062457699135834199568381740862805529316396546471392467216108309644183288708496510058874301426224018872097187573451543330610648992827666
1.79037662683645590557889263293318650082337832954943392877641968237430055279819158630925104800671218429978838550229541359058891150484625675950303165633541555853438368173338492073888e-140 1.66248002056827569456225177640875781306018744855887034178708974626644968105157670852111002820203033484252363771089910696183298840655995269634085257582208346944061059695066007255729
-3.88726358430828684176898212793040484891060728754561308597175540151775929321698689682611791671649203405059439728210606279402045353941966523807634561279464035059860006061535957586352e-139 1.79554203952605354468388919661098234235959633781726416574791245080140213904528479255201237667886933623947010837119345811738055118549599138371310503758891257478873254919128735664378
9.00889177872672760795863613664861063973193479010487732273352983144559166033513576743298748424762797334814180118943598637583443166583071400192912726080341928470018575990165968746194e-138 1.93613367387518205800024376133207918508990394894910948717399480687923670150330830560041172470506996890976499012507315453121150130783130648606238523928247065977348362956688244766933
-2.2359983447695371505746418381141621796070339138614046232388755487026656964015223876254100169051363283673110720083533721482957166862714636252749590042979555148720158869245074655536e-136 2.08487159618794972108962542837678578749370865707643114153030530673217819314665719471726406373509407060508230654788920673105929170668191572876425370302380237662670446677823477566248
5.96396530549055691859946559760939547115114933486912041450174912980666205936132622665714312606844370751436528522960779213215327351036828761452724723210871923584553293595409396303427e-135 2.24242087224516699007818972095798659944205506894343468260016602165665716168414251085191707161157299541867600469639040883158498836872278010743575644929100802421096326530917974605837
-1.71554320630855885436259214996112078875019529109223479312513970708256494931232942492645671371725644261707778208841509618479149924831036356318686130375413939468541033487257584751206e-133 2.40950321775849223776410603480246985991747794187873120449115795764690106396021698349137902788847448545626327708587674298781555874872396046822471477128137909103078739471467868472511
5.34149801303811903073760892317545533713237132293030180058306492548628812530316733350663279590329505010667081719999098987854488092461601923895157163973370570224235959108542792680478e-132 2.58690599549192242119946257325798778991030286021506823756150904883833914837831469720103334529564583294600898882896536516379615149358435650754595006213897804840298752016848212376398
-1.80705146224836882828812586869161167291916321719937523586360490538688287499918414162121084692922476233888884783225725298540740892726675757123502920156615665041244726431451950505444e-130 2.77549225018877418420345561725749755864305966991781494321309139067213491235777759082421460292775394078269094285899910202932277617589654410216423960474232607563273495201082410548462
6.66875727156898235816428424337411019352166934785090023578955464481219813311884214268015510160520096119037624997828285780042615911105185554573150949552568454327858183695183339228212e-129 2.97621209847978573024797141330866083119825262650461010070213734794070107913102784179134439281537543531459503593546012466369120007227871678914020261605338544450398359385472758272016
-2.69582407423504773491160759054858479952014256582382356209275438204972101164786186292353865854855997986547649004199979045343320419197972235631398958399302058128101008250433285264276e-127 3.19011582965494004899315460319748578059150874334372797618480637667698306628384995039780276586255904868664661580083912304858706611620803758991539619410686217030601686840267585206936
1.19899944912938120764973550455635671511208854677775509647126477215354115552426642647115535056329471420027037047793630230638778303512937895348781930088758112132974788483209398285324e-125 3.41836913115063992150455762283320558068935516844425357921514811369939531574208286341992429656170239692061589624750207456757757382832371872088991527502293179335612219748517407170772
-5.89469886116200552200311289929011247860497907008527504959820724015702125142483651199335974682724080406683312287745911691020785073363358041359740100350175787014240213931394496920162e-124 3.66227093222252291207974620941964496752638518966768295349530161176379954375317595404911323381176818512393035452319827237149995964772620515102088398549290011715774088220364967122902
3.21962721518943236642919534763153942418744572391390851822738650344746095762513866203541759371619011770097464457394408529503978929959861769159852389733229836199716929421841253553041e-122 3.92327446486989488400574424681313219295723391860717921637992066497626040583468614473396416409288037308609032867417726885229573088258964167612450817067071743956084376823727045778399
-1.96434325782624580108412808119815104841166993760281330084775657399032126765976938013264076988222605857815079088096315607874766188900036966736184452119245122150362832967121561713034e-120 4.20301227910502058597687208398872356399664965108420574728098954655089443128623605177854846631028277423945327272463454835473766670017928447777333275339263910956733071601331515621217
1.34671296132533473587013724670102192764288071491970215695701709201474544150528365183849532597002902733705196627348176711776163326724450359676470360691845955835739888276379553745687e-118 4.50332612916747992787077358045928743612988921823150280392295662944683005153156601697258928581884436204313768057972217532965882091780869661147742475427022713048426877741433677813239
-1.04424363384891804038038635126883601605146909716726352478375062060296384549063265906810783806199900171789182020502635895509433592499187621103777345106097740674280359702627310000028e-116 4.82630288068548798508047392061013388130396868656665694414162566790102419422439655276989287475095831645636442161402621798250175699882144003451163161324527401762341982836831599379428
9.22364846758174059768534194852183073259861789265276638795036631153489937247781059769825168832923265582182925964550558566583213147036810519205255717252205482256121621637391327829826e-115 5.17431789302407804462475172997216452412396318362584850230608498569807296745610174771243989595627352452968473044686491965974585019050665780223670615670030194313423520916388218895885
-9.35414959810940168548334376969869199859215590758333444240024054194984419753513089679856251864508883058696154978126277360488169296166717585853494746785274563806393159958417820731016e-113 5.5500877292881824321399927611409538715206375479539048885777121897884060245619690856471295416095769215380468061715517443980746238677729523955941955277812676086354327452794973010183
1.09874978294634475888154134551034609787009620633439734806789545694395192891605320009813107211432497639042023908900857680682921378846413733908163279321932101671402939024194786936867e-110 5.95673457046518714341339079795066666309069480405316895624698836619763588377160627738595816420951425348229123968936654778712584010614013202394250030413461471360770926015598870561147
-1.50936294303980132491295599452146325457535212952844346220709854159520911862731499059195183102950197449834866476836200081304327350629914158888225625141148258826627246780499801767279e-108 6.39786540395801045690375656416091018626442280511702056463884945509506784697570710814704616448152077435635006956031396335027555632033093588266947461320644179061112735999735207492198
2.45113843977564611956300769110071255188806719125688181098061931890978993871675599875566670405933619669998211469212757117402768735457131523129679240732343774742442884584352835809519e-106 6.87766998152905889083938001807053336807496397246900399918299684514605629609525154204288130877694735517303683536030534981937440135430542077446383778193037994990520874890060781581996
-4.76251219009931045237107326875058377277221197737358867084175891124475491080024114961864900768988761946401577028773484952672525685167490993376651253415471991331231472514504577847083e-104 7.40104278353828612128127757102587142942401372024981509310812368227234017007979384681032004103171793033377697011226375836480636676178280317750036871998535647733715166857179664411364
1.12208023317691929447491191182324363844157920982697920856992884121806348450568899582986016318258214453153247362437338275804571175315228453115437823658979560381273015993587953694619e-101 7.97373590747425368230834129328582089660720907946157905262610862224236495987569402086609710301283325527107096784486020913994063658887519740974125455462570904529051548459013190571827
-3.25427602759353881966870743988177296342438274556965289507568550806291497616296839796092208697267358107310894344496651839646247729696605237893341339966804894711426251162961899472457e-99 8.60255209429408307432220775821514755924439962310008620022967091087747709750307494215887919879118619658712908228764740078570769843186125821434769247318793987842537941308671281111118
1.18154501684482819240252473369504759783512212378488004562932775238547424740545485844949336520508793485355658191794722872350605733262094653871381218033644310743422287436518825097054e-96 9.29559026997881139661720824878415737862674146162967514162743679829874848390615193177546484503068480161842965856225203147649058191888132589940792763002182390923642500305259893773245
-5.47335935936552465352743014545063468441728562991010697739568279035016233667587560365205147244561369355627903278562818000924548335224482282612043131991819710356242209028268001711628e-94 10.0625603847761783964593872734684755788522116580787845574896989356054145923702107531004097258302386855741111020826939332204029146877054060494332268680014035524324618905364140250621
3.30498370408583220338685891523919136946138428964877118348394318118810076403060319903146079232111169585499425906331411496538670181222214574401161597910448602242514181751440057076664e-91 10.9151905333542159050266714526837704468727942100632508593562351747295594818457221658055691612220865054388984918355066851079515368748751463923881668272290703021810357301741999405132
-2.66520117604768493632811192056961752934535219175698398862820297487833041990878553538901168964660141971152037197651036490429049983973978546130119322380700456751213075550787002711109e-88 11.8677581721488908780000698729722774235592986590457457539804436747491381770576959136800249124525766231007697794105104168792104576584759822525670492483921093943534294381232357689105
2.95053041194412102265024824422906436624371661898357156974348946034690482639018133967817866608964640597752809169458830279274860833694689430019731787426192223573554655221506704796902e-85 12.9377899972717897654482484620315215084709670779755613097252253626414415639931145316591961618059988201293543492341180709560803533662867934270720102114099427410276947696659835320763
-4.62716324638336311933862746400332063797918627660684181814681838067333706244593109671232474846734097545978223317981243961017264139222572876972262145075044369257065856545103510639162e-82 14.1469937034490204476446957200448546399927729927956274038713451100072668174293203466890221435751478050678514800537635047368579053474147089105286409096915597120754118386146580411642
1.06554292112902173499344570180115572811072057897186579354299110431567852035533923742405836269636143942380939252045891068284885529375206427930448240315164130448102808287475237021634e-78 15.5225125747500757561446179234787873403167588018171056418546328488740575775958212709537101622705284491825968059360861363062996976173931226646907043314129952182229484803543245449818
-3.75474462192028764021892468382105831236123339414548366335089751817106064978380700416465484693027359441196204965306085932486859089452823123381847920674195139687479760214581014212978e-75 17.0986357686627974110940521171417154233646770313017795883965234891614554474636969548684299629278909853402963234363170715636042470709164805064259796232919672112044704422662426909956
2.12326893888041743683071944355277715565310755015817714876664638968501722960970629011308975206717004653643238463432358385803891005724963633510466378958642880804483129425604710296626e-71 18.91916165961672112286911366041586099542965119771886152723893070512650103921938097935513452495619428048415988409238075513197533572803722020160401083977206194532129843364982868383
-2.0360918433836613548635992414277725689434461767567809156035710953638116582776766673867947546931592555271886007256836579990071669470376469488763966287366490742313991394524675619766e-67 21.0407128680190398138730857110525558835765112730735735359564390957046593295766707530087261148955962047835460933009135656684352364730923512792511512033660263710324202780516964904359
3.53088217228906173307495085957632619944136362095940189224935195710420404611228695253423626323555659444211096522605954701141731348307756742208864489595245500069540515277567935875362e-63 23.5374640205727509708459851980239865758189287572052245641166830240789895286698080103026793321918567732039092620400305857315388968166528277465359720241345669161954293371627358389902
-1.19408665101745026019628231817258563049700204938870201891200556580724045209343931951662885031459445897673034674122254873212541812740779663663124978824011495764991319848638726686039e-58 26.5080100195706039838783791528323795455446488531527435750108089479203611922619257800362754513414155740382264718354644324146878224310402889057273133833397865433406922596250953688049
8.61025545335305262752760319008959149879817257159832946785657952011824597745404511373980156225638840491566939061526724321851707198104965558319153741744445825745713850171452008399894e-54 30.0855521494230342675568581198784877589147783726488030832204708502084070013324978899623042551864399207274184314316838250912129555863083187525271091583468692795650006078129384526749
-1.47260824874756500714737464019664188071092883018758782997747840252737803201323966974872127218640912273944462051392094649935334882703096973572268296886441988730167522894484334858978e-48 34.453359135768697969253983067214734632477713199363221121294903386126354797329401866170905691835625106133180574572368160257261856864698292921930328568386838689913867975827815919988
6.79314506050270451855003460431885944280265285166359894038352128282360495268932917981545262329341302730695514665755865923701821913104852684107236609932278076748198056776179581148491e-43 39.86885708769134005181909429927825256668612748556687352139235916273485753297529176745876626981123545046944915634416768942538298373283071365043272112835014462941510319061805084647
-9.89005437502291242192309272771773246805274609049450914372340477715668633725534680662391992881580213978775950828319165713906647338263783855145531024146754243961879594658170017832629e-37 46.7022966889842569702987397772496431727673116438647502548323704171855198580473759321469641062499968624141344850132894259489382786095750739437923927821104796608395676311243880240391
5.52293081642492205140128384575327606069351744072672698142145744412956634576081109366563110576114689619754116217487642011139320839324982267380783453648818796871446172582333782109547e-30 55.500967639298899847542729315513680482934836724903063841371011018277292895808538849177457191422263232900013642430407503292449737052904664187727546920344016083371186961053422081458
-1.51385327378557060951853889356281290999718700051242281538517365159058472388490929371544262698462493700700168197379192879094412503426731493935039347650714722125502017862130479872618e-22 67.1001208331512378813186283674068729446406691348412479264661860351194855193409424852894383126420422853439612032944501704436602880084557143333344207588801850861158337348014233363706
2.80156163804699897771369806209724996516814837297150221895461841544916982803387333821050919250777437966006507519307369517794669382244638920495401104463278557966277816282765530373101e-14 82.8236059988091052045369925122575376057949037109049719595077513614205740383132245507106749575769843441572273296538731080349287943116562967963293278784088763778319614944518118301688
-5.34715045758245866579265728649956145785776624708195303936739925343162530258871514107089991114076156645502405253082801987846165154077893858319865064249734351184176378342328876842445e-05 104.867404499093406536444473558384088351046594441180183980224673940353620455978409029139599600836841951779667300239340132162626253171023224190674848326100048649961564120744701954533
0.305884526429786322118881179527920172644190942710713160987306486574595614204815480331387267680936026142936110499081510574395099544802763334401022506247547966928432591722477250966435 117.936404155542774121957864498090324391418449737331897216706987359124564331987931646791393003087906703992853114632789813761237471556424543454204462513792013491648908582379439611869
-8.04421837956226081930223815716657360237255428868715277000046975201497557322875406696146176473263733571571720829991651386152449959326583028962067561568223546812943395677577498691516 118.03963369620431719694853164245644630270674523655800319242140151534504094308055342757811936727147648305839504639736513295880965077644531563636298835626729309117264937950815127897
8.64156906432190033244974711175201149852245326046795329210619578724049473519006520850487448248202356382485967500330055784463962530583979779144775711759587435248163684062294418907725 118.082440180331817812691374973842507177927167951913801415596569089088056150734486965080746625190699057872750806018476471725381654556809655628952273202903825989297699272621661883239
-16.2697657723866575572895826795656536258317795870351709983989042465305656983611888406968057095319194034077763582972720913595960820629381369126235972998730173237854734733283259016655 118.055813634824314438087868339961164119067927872464894266599149906048472594916466422875209983222548952866269711888823798900703702398029079748597184866134846141022577016166425738563
16.8553525058870905929724864536430555764587525216199281381231911837476290075384750676202731553753445340169831825062867515845371360841328265529460433698225156715474961909318886383481 118.103757649100589011765080683334390435213568718570791522776792332484519303156418711440669382733807449150870585523354937662035380547754914493605992923257323644300533704886097414305
-24.4719916981984668608220886736069597852465293288183450396998279371369780756684097559142356011163557202917621748973172321264070884267475178586956129657634855141081818717677774001883 117.638913542924569258788251050127860375661125858733590766778302807371293836636990776945231833299968365261195294531475636620894911784170956427772761406062959681787860860209191691207
25.0507065389487766071235190198437536220050471178128294308104978040895750723146255072433126237033274482468060701909260604627237722467850056482388961182801942186400741340027685939252 117.677805920320581865202243473633767430599228297426106382339995214922411563149760556580454710459320741212961828145271388357023168714075650893473593066544743690960275307657807303875
-32.6628637847099954482842839413534858874359709594082262650908603833541682725133104506262059782207370584603267221024455174251132711005411220737238481276768623915317715280347218874945 116.680295519695572036339835582537914399697081760959977620600884485311830889822529777430261742686896229847058837640947760780372873889002675636785615076817132615473173440319391948345
33.2338943050519308244898641156737804622609880292071402433241551759117873655143845260357040301691183530767071371607719101957084010552781025053654076378557799169855555870583803201044 116.705933616303439911629085454669498259794726307141242622812093681551472006958217129123897000859594157689551290061469438651581261553604558515650683341343234106219241853411953458003
-40.8075547631869976081841200290627965529498761315813456528824094875978573321328626156089973758270389139042313505852233847089188805440451067540469372194430817387990593626647537846025 115.154025791729825321800601888729964212234688993511853470636211064093149859145293564837962742907108367611570861948064191787052064903302997313748879425024025329742012148067042147213
41.3690039552203957145888089037299817629246895062783178999743009061100881570039999180836454711003896943859313529130301033708289969207459418348978386993319983305288715397483571068667 115.164874213018271800134323485423265070737300188457633937797025955041629223070685225464158272355770940063276679308829763017652777910525718473513127473361058004545078237413321561434
-48.8647720861623378947894275355882206411025697798030079215986785078220981459657904142788761655704275429636896476624045001022559124953835021406828906041473950320681256875450538239441 113.057651435585865628467981436210125686898385959069110066523001889299991034586308732301486936157400381033507705539435501105217775248780548151898877360064030096058687018730015263341
49.4147750011557102401978268106054122126332173911979209742334063405560023799532489856533664528724645432379550620183478608644079945444884748843397095308900075625806786029841079004145 113.052883793267082471912083812983044853819825720818907035167111156998100455335783272105337235741466406179206416879054846557229256459184174161872370185257506536259109421984432557034
-56.7936650966565912669503636588854060041049328038500640597517528912370227202506938585473790280682571787726563154830512041253145377968959680630332756155299588918745521604312340089876 110.396203079265299601610434386619230158400113172418702632020809541540659704199951371798087411700142352606442317117473099359423179121549261174453469156426732481785044521789961850035
-64.5542796151318671189212149349743535900726066381084006753622852701290815245405852463264889262464035493824859420806675953893628806604241765375402271337361626543694483901297298223538 107.178424124108763539814786137484130645924707901193907672082811005675838914608046785405040570638216841812899449178711553247840684268270600784625558102968798301198819803721209407888
-72.1075016568510414346516694741709009717168888648255066587151811878111840088532066337397561371693516347161041302129636767356175812385475922804895156349859184375568170603974372661837 103.415964396939540048014185434744634532145473543266538638385525193999335548541256951538342585887230035902603508985948097300505154118140258647557061743879914579426340335435964983575
-79.4151290272279934541205712204518703096245035708882944710270291372249973400833237423214498882241872636926600380446021247871127755717973881454828377720215966869581748090138062558266 99.1231989443229195936576496790508304530814284856475018718609738361795822364555124868157024159409816057866425320356539973604761011750345336484539031373779557119096456547728994632318
57.3305139721600429924044102091661093101979190267187147408894353364744989695964515159540711036175596922675454758139548042746523681927164762562365678600435842567820981183320048668198 110.375243860830010639794725260993116325928945829072343488110426791256377275620974123862186858170454282233719160856847036734400643285879567951815914188812862927659034840858807476349
65.0764141082644926484729091211637615579556762154265407585028672645474814193330307007714900383887007475797694760477445745270429969595554164676877336576739373526659897715938895992528 107.140859944557766685635291292442983674580118367755808290068659183758492221312788725663901997813620013548747742114029762504302261171448404476085903801423397726594510204030572948382
72.6134946241846568445155200391218370274935471696997897767515796452225884528874321343228442100351215207549237995391262151431589408208013309225355494076427678309054170436505451351782 103.361535304695632021225004314566442189877564550757728543253430406101100647799668266516950941876413974612403877441648126812129235250110399575385296994355578571640789376513801752817
79.9036769161700488790589883260399547625189420815155761362849457918937121868417551014282702072441281109722394808130317432095840683290242246441368155536711205862414345569863891153267 99.0518028700859073020185578847976836726636989121915696795467783943853412113922846791553947780262786462979735344844260159271511572742765377678906601034856160622750810897130879834484
86.909937347066057365406534464866964761040502325818597930155677468472186017032880369331320543420794798914347093679174102077972698229102591776386364711191684742820007070809484800853 94.2288467128249674472864659263820043920437725076772099429551433218379923593365768537396589411015469278212815490108786655306349067551970750136516245729247780576212233523328269556732
-86.4400219308372159187797406090062500666269425121529769381568462262129076062619945540547259464760029365868791479657782877216779362251203126156013380037037477303324099743260977846073 94.3171503315420248861026790198632405858479459072085765178024735771177236847514803991074426012659778922608135803366257555020613572350463692233323597648601075859505298852483166724831
-93.1462771038981422663967988157448548297280754180532979507904375038680242302377745621998956547353633100936135598920516704098106108917141002784835807615591564749112842225731535079328 89.0174131283053888955124542016281529355427794766928504388266156163363664188348331815515524521373968840279572148198926873206038666029062630440900505117186337623632436500645482443844
-99.4994035632923679615267333473482632502750506851192665779692787437080463354158729268265340122344770424698470093041549428589418821052449232990710018956055930488148453664908663881939 83.2460654978714842259727806823312864278129918946727621049793807111784093061817264330738739248391884263267060776115774257854181365823643696313110005715723217194717490979416617537565
93.5964823647903746142141380674336475870315088425019274392830110039436188470863412469215671598475156678933015537344301313507275216302439998742598473948369826771602397582417948098507 88.9124234072840131572857571445004215864898737162641998885217813729584685600878684453741914453514272213906874366474896443582179767855235348163858415425495187012772468503272198230998
99.9289251040650798969457356151405634360610625709385466066283607639762330452348550723216299421943543627398799512629228115216878406377211572978242035536519468075920742422508204215639 83.1247705467755926822486357458797748571518067305498470655490282887900108926638891655349640185258185205354684998948604944461097631004754963470737155213549606872590568832598530295291
-105.466493084129178920768065176383066360515171535474267704632091330290718526529068330603411919897700630382774477469063309759071110204505227583709685596250652246095009118167498237982 77.0275674502081785095175097161328225216906434931957083620442816599998260338687672349965113630821867298125467213819342629555424547928602892826930026942497689037759885480114645370822
-111.016383197382086689159163322326257522109682865824212617261774879885339438374808743188580526862712325688786373149556082318243285082262255739406622108704576283446970940849799946008 70.3886468363313159479766098104438207502054162884446427023998857495674079830155665659490749566122866386785755313869645995169307557059610268922948427937554192745066991872529440909506
105.874456882394000421403812486281025786554537981390464655262284113643425478053198552172074265121372948319548638025627262824840759470382617240292767470667472899302909637239052787274 76.8905023927316945934053669517589919612893777187561027755920298499477250089511979026661987553104259814783974612982375243193173282419734427903467485741895099932469652004839896563043
111.402011366596548629064633125376543468720451129367773999082854746389014160249946945310436245100945178747997491596581142296803493411675450204330697718957699615727635453545019476145 70.236493773419338719112115976133126919172469868008767312779395812570194998434629976306366678340984232109478192775820424658695317060581893146397094872311169621909353844353258421428
-116.119811678127064413491624970538815417270756279090067725435401120596111522277492080715938240060203487245077752422846251588352765734908894618281801555802920731271590269834827149758 63.3581739827430790170965146443126484722718227925773752568264197221666849785772897752208089147747745727418050612249645590859779933760087819110955184283709955830782869098599906437484
-120.749561744683365588769704294507417638990457195342571534948424980863260907005262718453520787975090309571080432620859137925315694201926784667640496771653980717429015523921105520566 55.9670257246653639591094305988325575517426211323960223974076627124457509885019752776836414629784758371861130887723523733673983916314531576720970822045494224130404315706455839553075
116.482420285486085134421381476268814339758954308717039573994663814288910471145972819217783939204143976026307744136772789854170519237382922103824959223415113330383046301022185646032 63.1917530966287173531445319278497009210117399043263812941470835426441882883066274796966760625378898041547270552419045530037431857598203402719170426902683517271601503491001669873628
-124.880597249366243511703365806626304966645647064941727485920496100589609956777761921901736796770530983145738311921307866260196618122470284845771696361449470666182519377454945297903 48.2479395806709548631502162421961959878470651794446931394061954359449123257028070847734974320911670202127626179626810897468173941948377491812612547622278479858276767749769970686623
121.088559815769294033500017641388931422987233880479039007268557191785987538995945499016848514765157407019608347536126062030161771484016536003397030618957436001166087229092220232755 55.787285178120457534819366063493136693606640037380596192143812199858192481757213458741650370634327828601853036225936741060969922592698740113434388700587386491961921483541736758036
125.195486852124197194481051667779882265406040321722544014989484035730433859079160454269275186589368204104539821312052983455883636097915217591309567928024883990696427799302384979721 48.0559445611347892265663259798608436188863029947930252576848806172569032918928373896777608935798595901043689761806619046981075259217998285885974003152840248336684857087318308427852
-128.490187182812640313710642256744838930697012071310978810760021331187724684569635217781948264385282085591615692927316828333494136782542432942790167359488172918181466150732728263407 40.2353588476439901433684790283490423124382543517245842346003897279376420626274255001605072142080838044096461909126895637680043587801044350615765799234347206280995420581940846953129
-131.558018863411051583026108512399925398814492014363917506504441459772652804406915749312137806951023737846752595991150994461603649356226964413416550844748894787768994935117881799579 31.965269445251248394562674388240181654157885080903762388308512506376913009992123997931756326103996018510398861220623622317335234740096319336203338296040064926796413843217993303321
128.78056443931256501079304149682341367125372118885176731251185512298642608264086082987994582370515083393185219335198533171161019378841046614008866440591819874636766170547187046453 40.0322800353736916663541595782950276656150842538523847135193285590551665437837924525418384638154996638214868332197124236643587278662953877015105197051587718448305769774897992217698
131.823575715620215780943979655687808523217645925373423250581896795116168301618702083281017058770693848166270647285249088930979030975099898132226297999092712605074137123115163059535 31.7523711165751848749248201533358598870883316449174186205146893628622166767447305272055809695479235081377074175102155594521488518244142036997420439946818339602573833645527858014029
134.306825791808189729626014371904772151789926437924282494815512819332009628660612563826163165169540825976125802609460879450558959260403376965869936348682344647323018580725407979308 23.2536573056691128770416361656723933953379165822972977267545980994178994819139973655493034820748870608170141348303964941862156931357522861197362419256737886622542222431331839246926
-134.06629924171092390015709736902719278525581576808573475129822630671404485932866290289350475357715377380595852186742341195070206680456398300452600369841760135186964356847201949288 23.4750293907625653581576113101824851661314918334358184675334737460062716012661690018299645357822785765943842062637046027686209563349792510400607142027784187583357785703948142583524
-135.999843815128273619358200207459561165455211825608543825062041918464952264183054712460512942887637606615999209151197927444211464911030929108317715040124267651380617772999210781495 14.8031918353020785460738372231320605026007054359327582551267893973029493761701826547731482485474478120180576534706760293548300529331275006935372335664325409726223861221161723444824
-137.346152720402137846787414236465705244476811172950654618571838240951077964228119987713004634278126555811427221946721183914325380266152402988353289066939954405389850179470276000943 5.98932264116885292858288786743667229022421872179278136297825650710718023079576530563726248697093289774661402987963720073754856750412664588844310973760571478223198487669953936760351
136.215231066417235072813509215611923566511921219159872817234571871494285656947077935393176805588509273657501741952570193369502683388409711356057281740477635891742564889846729151281 14.5747610047487397313219413698309583818872039489751344028782021659553040941964184969317898388132173098464824813814440296664606683844278178404819421860597401046773645044266897235594
-138.095473650736385914460099907645649747669088607501440488666113433777506022841640554034548705931327936981779828772091375789173830253737674456995714139908000176816112167713885833979 -2.92618647317395229305522109460778362420858032306945956649204657804030863677772401793090365562994135892485227966934580816633320277571159169510888528933170701306804337113382150381886
137.536395556873224530276400347598397803966667154124373673428675889412287443360669543396664356365253219643861644213142158070605790238522218143076225626843564318609169396073550006061 5.75530502387578534670958657020814125567622660414021692571210572478973391002162678147640164799187546292351445849391114421617763375628302030504106259190070227523963035766585871261936
-138.240851332759121258694982135007375210340565963537379313992368681971431499441613936652563171625270399038449189683902770062661572318787577096488812760600911630802022905843790082197 -11.9023081485569491564604367665309471683187407119305457673339089969576802876071785149494420381321761128513265176328441546691306063382704842688272708619642201602198614940673348955379
138.260673907782577657694099805720843483592398888939538298611541307286048465526086879413555671506741130530039062843696740131102793511788532705701471714246797790574379088084419074967 -3.16427433287873980099456666346293491223394738507392736003734852654454916625569431024186498340371935150011004465169005063798117891376304463004409278135745427043479633318454345924891
-137.778163397410448850474336944026002449529752212984621728804758686405950039494933690620021641236990274888814219620701665575143120544173747851306538651408978016764845299774249394554 -20.8975718459473452563696020826356170840279853715836772213006018614406005910220966499282683722508316907754444369895562229333447565172271083389770512251705399363735358335970990479735
-136.706142591488550050126483791431396507081983808227050640197052077426496452535128200774602421419422159079524408949586560657626249838823415400638716399624805649590871271260394469122 -29.8702573975589307744958463811066771096542133496452440794381676409978837450858133519367953313857555998875450954691024672658222055050073677515320937725912351135376951129852704176776
138.381220825148954541637383727257389536059040917162959457058597891668156715872972264203928242317998520642769879471387802139621190767841216740875882870386328824660984893823938692325 -12.1429175623802785693848447332866519324230098658666834682338784631703277129936786802376358122500538667230222557152351104175926349974490517856642840774155533197151818952654051616062
137.894026780553210841167399310029542802567415553504445948397988755282819646662132756902198806924435353940466803730848796374136235513392047004818184290140906547744350954605796354937 -21.139134550778542587387660170901570612042215550681860425599181280778437283045491205664531318062661782912923298220221572578413966994523107304547900792250201586128213907807693963997
-135.026385406654899441527191425458665589008139182766934469396886002115974586896292749237336902404383187263532368500171239752242783624534565880402611361782008375588627223615242848529 -38.778588458165775651696043052401773377714121453943332302958968003183334985263594876674167311609860963203401015398726234359951077586171697880464407568305306701315853377405452381559
136.797939935737191207119825736021985918178196502644616032003106636931544716325944824886255591801294561088991453309889785656141360233418392366502538438256339016712826946503790559105 -30.1111983242443623411438412061331829986458495549095811839584577770123112998887744207865975505802042895209340339661686207942084386747205983249370185391155692512029130170338701106818
-132.743347355104865946897891339263160523563968907378315722507885208085455778487596386015317681315874443950757122423485931304981641621373921392093140129243393375243533796445648789884 -47.5809246403078225340724547688487844950827192988407560577495927732898109316727751127728064620489573376723647721679178388164570133376548455504636439430729472657516132048853417591648
135.094674359330822139226077890791148949596859866335387400862026369996784755524493067112479640596212662463836320945185980737688999896073296003463635953690981446949478008361605443612 -39.0173387935126813432856615358530676737576213628706136512506000872665406829382396416575961692304329875881372785074358562392078830770828961822338496715629152098727948435904210986854
-129.864325301788706492424751452166844250210375478335686875782285136467484300024080992266007997690745097507112031967938064908210851907072928198369760350394752998861992640013685112645 -56.2359511056539230948521272573055916162334038511009198048383351490893249748928778491728154754988528253197946020563121319680515489464543951523209132976373493460761180140479799963736
-126.39942747868725517548546733040645738795952037255993892157371772200902157463574079215775340137440502019714049199995753163937519989327519580008364246295929278406821099050454605251 -64.702864398217669135593517880633454529138150626405020607926170090717518442415573490093134411238707549055203939893154131507737674670934594765398890670050177495801832967095831432791
132.788804748315069929270471895955523596453083241388933551797145667595748233132894935464086428630906791473055324498972191602784672759969916369916894183462890512478005029777274148347 -47.8159352946795200143386848213493272910558563804012641496119405609268596977607148335238435729375803129349390150635558723363231139025188753980308241458964328349575252091692575108403
-122.361532063653979790545408451096255126252513131126628388485981579609186826935471805019537261525888662130997525252807323274137627784071904270653572945210665873030415676855215533994 -72.9415533591831841349957489436462296076627821832980286798306863359328383075575232282697048638111290552033267157393904102136606614352529347476714469671611415337649374682932647925913
-117.766235508881125291034801427581236973428595289336739689507103424564033836830545349490614346195836395188754558129405479765409660455157980981338631206352097617476185815738621222975 -80.9127740816682304412747616693283245550025184041847647423426162183281541700475856031479544103974044148485442193531570282260170129097751725864637310203422750392601197509778110440338
-112.631792150000556701018689344664202385318310950053299355763393805160067982105037082430292924773819548112671038673464497889729150979954636568440529978315849392373642974416599597965 -88.5783180813821958488596644842665062325307172341599758683285847925410695117571472420020407415855971636358360662130397684941375595354731113549921039973417562364340706386588231018625
129.887748032777853486879503948993516423751861044234269103394584950961399055895296403782570284301149214087285319716493467741082314963266858825354869501904386677672074884396740069234 -56.4657067131743547954505343542196665783849368187921975718705184327288692931884244897581542440571735359541720209308891113395382367089891137447871800078006651870572216609026087209917
-106.979047000814433374726725577127377378365285050139938103616613834305696572215066680781356787242629426442303939539642138487183976143425462408502680499438299050781897386314208940826 -95.9011732230732457946096495816181540866243072553168721646301947641737071667018192650873306055233818344486762602495343496886070945882736358038308079541591666518378986282720905989464
126.401732439885490277879354897605608028894424516801684170922562634806277581821330299382305218629602942579320588012915438800257930041352880713095313566530588726026176821763966064105 -64.9258979838713885029141749917381095052216672816347163302833508368976474647048460931480271983969166735381745210578723702686574721248030760819470236517921621459494777148281312670305
122.34375482812764964212904587845547447644338684715024502734486102075061916101095488565788564264675747189964876350966521505420033647883387432978520712971122731288269090475023045321 -73.1564618009428824526655804398417638447760317118513035111054716963718057794288638176050737505129765061077699378174574978003957666324615232030994977196119172815188333266580793874767
-100.831364000912103624823006387029777090451123292924775983361094874599040700664048960946090473729294364599054853321102945465650352546706532110665889697288013955918153153177142032747 -102.845677512489078554097606074572148967078346789887409377066766163781738226549112915211128085631842376197784068941690526480338699904656784107224898648242391279603285701820191690012
117.729527380697777961614272481152284875720927414624369497193542915641318817646437271693834105755644625799664718284733392214221928053353171696939013494429835033477833691137966898792 -81.1182344663232589843217932926690920107489671638508050535773601384247514593454239165738804642395705039967236129347006680181165678426606278684108057250932046042129364576259397425969
-94.2145522537730757054427891285078503992770313419618363781171941997089299661338395902919559583248558298600793194834091631248210953795024811519062407100093364988277020627304231375974 -109.377666704991216656396268121051606103071247003637525257059226402905735359086647358385067918220172614178179343865037418483201331625792814621377235214719447920638455119065889573008
-87.1567928309010528789323949661694162904089041323340476267374772778314901975730887407774695783972108658352056323851235884128848503215231824420871777538806493854770067041059088129536 -115.464617848807845377206490455277855320393693904943054164347808630202414608333494596940485683286197084746944817576556239203498872893253516455836411740125701907081978351794936951756
112.57741506767647486869567273298448191767706390207834063890288241236725296144282946023263415876986627146541980971129706850345330408501313820965124780382378649756610637269476773923 -88.773104985003660319466918787167806467240336079415616746136228373564811758298543926776591349048353987376103300904679204146107433122571099039690971406223644276512338896802846541141
106.908365640690583939138938213341126523829865627163402336000929192825206529557787579923138342433924466911530452470327846936635630924480260487386696469317951318412107312558086526594 -96.084176819936593664793655913429465242220271087711662498773435818481931483620109336988326922303330038456881839775243698412980283583686111807434799164030582414037122936828209449698
-79.6885683044875888538908122601516872383100863990427896501883444249461183175434495376129679780044720738333045889170260308603782091320047917749028987439249226345242713201976356463398 -121.075792377487549447532294348752161428634280004208073512848124992936847376130860612018269748152742877219965568650799140793709573765317745444631252814732424674417586357206980889524
-71.8425960092481712822974980168268841103999650343779416158044935586147581269250147340020025983990995746261188158424402856994263279566585518218115042854919167873367358170814976791445 -126.182384082162875815928630054867217140576447692549149064291854698208998483213700126443180925884012343179487781105306909747375177679698273649663040777284847097102897598676813962264
100.745834281809924495051679391381729255888427473568066489130600779582417844194230669638732295757560100669679043650222078951041214581834183211942135580994924431557184694757609314559 -103.015922202590568535234773049200331904217366686772297349446668539183930802857125355466490497866616056414727364713899503449324887052570072199092928102995615505166976739457035636214
94.1157053284228549894627095179966051853093835973924232917670005190922194172073155180187670830668685279648895899538227061273490048584151151575844209738673100485066850951841049968032 -109.534329619484735098416293728485542251423739736731197492510421279005338639837028020785690427361036543279443365648087703015970041932974272147735378138096153822550207573838600540581
-63.653763789577291130458534258503899757087354895334616710081394673294784547483955643157982458482766408429822831661593159972831103537603155163324432441635698221053883454666995713601 -130.757678913317664936590138531309136252243856305428753982582152875511266644304434953192233547002174979478163126196477380075411866860373690400062621840230766828581217185755690278635
87.0462136242914637787072738170585892160182563915862542392418218404703690656544885864994104073819889912722940927276186166857861779431100231349410614312534537154077702311104691963741 -115.607046119005809918805601420491448646269367041413164774238822425297005656905575337942849296946780366755881098981699055374094462734628549196125793696408982960404355383278057412772
-55.1590634174335830395997140739616321775369177579834997525927629125941050640819124459515359091902958578670008745892211331691545111726419336461353102226048122111621058397045764157649 -134.777234467902031775651244234202590549927697631835834027660033491888648504094799838727686323866503079901753475584601180427355198638178668004392433785657463483567642530135716245301
79.5678678203285422557868501842103647367745369970329755826896364494533043914335597216530518495832881809217059922887705360584142778022827985432103820484020688589858864081603311593988 -121.203517432864756545833665016400834281294956819583808458675656883795059399788874654702168753440084188076216770714228260882767844455350699331855142246763795372568316451331639330127
-46.3975120561312161918137444279386079656353246934012875982176601286732447710116007041376670205179622825557068838824985873090316017374113050479882181730695314348847302447060175766055 -138.219086269680710895873303671455888428122056680033863489451820339460528084379591902149125814802544754445331855944339497821945672606320708583636567210981859677651547939382206298659
71.7133771037383075706906782932328768070447335731242570857752268545337932496986860798421901872983135200277099479932977735504097703062438769112374075315377950271519768891739716429772 -126.295130524171482901528767902849530259600728004666150618674160818294389409621713821970004783910113220663123074080415400400011989505059277636788321400656969696529065501144902305355
-37.4100468407869237078211499437968367171537282197245773715652546635491114994825181542007741129841236339364962168609814705140341131396219363209755280643113540316062448363591978604841 -141.063984445935473754371823315389276323183269434104646294835144739378639525982504348232375367674553975057018323746034391723972583467981686416251163695689603295291365892997461733328
63.517581050415026250911125523253033833547578090972268619330410900261340232346768915997325460068671422793411025609181851032743969389582404193476173973709892609166004274255794871723 -130.85536483544126296920321079890448301610922328964846581686786445526223170865916744646416421301819065203203076283826392291374825270449727733530736668146741512880157857701707895334
-28.239373513809669657226804270825834773236029312090132769007802177159896821350167320653650829403669525919916216916080878885084907452902649602834469727366566758999130753365509234995 -143.29565735852347653475066480943202659133915979787836671051229633667477110019536458354441010005729692861148680739663212003299975453222862471945694558128540184089313949590988213678
55.0173792826559987716418091315524289323075916696199773727300035345251387546758265552125620896117931879402806678897860144407263723702769923677496445844200289471170550695394128039546 -134.859959730452840827817468383099594683747410392367567856431114870379460333735620612231443324546994946050690730509062240313978023532238679542461260444396769561058737396736462061646
-18.9297495623472589884926750613913322408336161553270299194564961400380514509746610331419725988901145644530776586970367829611629940147874380308350439891654478545911845526428073261418 -144.901088488150306894775193976087454935807201299281457165721246982261460660578704313395466600372414897562523031314453650034754480040994043190926599647225164345592622117892459345289
46.2516533028586254904238981079398009730641350659988021100373013466267496075458838716519295873216471700364983996792866637852549441248989302330444413334406374681579936069331194045399 -138.287105597294004290500078956052005568893510158838317715491543774876319408097033403772168622882154952088304706688827534512166203259433567968052686413526167604872743279147574021426
-9.5266878833555301988869353658804683474962280743451903220860775038657131706920479730562461283458379355380649397328005452093780225272765540972889460171049927582117085405008365905889 -145.870781594911883139226401465652423412520098286280405514815513639326652939220753966407461364095123923160629109774753727117945671612811759613192332451353871808086890749020697312149
37.2611677122392236398027851422214292038627264010447267747349195706208813497693247743514276242704109385294480656200218364664688802121485736431702263727906845034286533116418507897103 -141.117663750305751314072514555287085072278174387647851472437986480022804882458197055804199239322961297031929080068271001446029888188455734452043491252463282936163594612059479837041
28.0884332880690387602882280532307811718765765377377806342033776139753727406364176137501942722344166223939175214194595179820427843761897710259549502304294159243209201396759234755349 -143.335414670647651746192987043463443726827639432143790279043638008598976344999847287110385531436485646403879708292168028819567327044828874108765203640704545767136365173893321937419
-0.0765794828842964579979711872957976590569891566991906093867795872886520060948437190627168028055585957122192621442396260520564194486088305538780717563044688307835824729241715559544034 -146.198980970591917362043433714748343861214586999082736446528731741789813116145268859822405211114584482064102596795980047480563945796422655020625545384817936800665454804529179197984
18.7775122616982964930449267805884957494232375861789732096127465467963783950919135534360694987298962537414565037221517327093938237544471155056160409580469058167580090861281113258503 -144.92732505907748207092010341415037487844905682481479653534961197809668981281254071727454415426892655928376996198727608006190578865884838936426576832851897257896885056046698437845
9.3737491730210287566439289037751285511902318313239098066692280686400893507267705442037472321763721607886618584682726400945485718255469614624762013149577454177815645469664078232273 -145.883813032875759263946717845139634559930156475717721573620408146807999745106343472517715981555227473999139715462375468818796291657570698953475211281187102255416903579474260244489
-5.4795965994864078895425703421310959209161458646271229399494509867143123920093278733003888394308999153632600813543563471842458033408162995068740914587321233414607048987598560155927 -354.475675466605244127683335297290598527547611393725983902205464761071730230975139975324277375734757467759082654347832001896166425804362766352301331229489099481708885652898231954938
0.497028389210476247693772216151276372103139798282994306139168692526268559832277331102905279187793778903125776525195331173323563546529584079261962083631373445920773992668299633134563 -4.08419436712288847786901449146426269008877802565477970562284303226167439167740119604731289481571834918115049269990326977648416616738383679609872462024494413263057062581123511007804e-06
-0.497028389210476247693772216151276372103139798282994306139168692526268559832277331102905279187793778903125776525195331173323563546529584079261962083631373445920773992668299563941801 -4.08419436712288847786901449146426269008877802565477970562284303226167439167740119604731289481571834918115049269990326977648416616738383679609872462024494413263057062585083797483695e-06
0.498822943603448106054669491822981211494620214193764519229018104221965409175489790528085698573322072363381062383856595563889100136939021669837897762342223181956674518486687578898988 -2.3780967788116528451900796874262924525308706619840729138178180394146811479437427452283373158644418389016050374889619980838728820983987487766269819538788561997346284441717619913919e-06
0.499639872081537345395190798297745767939621588305425457682127392426638562519503602685322571651548697163785676722135112113707281401463329022278595064929055923642733311513081076281915 -0.000625877327326270565055507944030991877982471514092881542913025992554061385092044052289107919470143543671611500723983524218249176647852278615162591008949097863957352732522195926956523
0.499639197339251805364070993760572694185268870936891805149442436347694023021609541525002690412197791683966015820235336682911012295015944025996763933556256699818029370007075595083776 0.000625180877660113864976946430240330472284345300916006758588947543821939338040241966370553350798346385318912578997238774337538537043271607956753837717905543843723598985530933926646561
0.499974922045996497763393007346379833463960775888004008424867627027724617091180331942479733195259357445006970227636338119549700007574615240376470259583445640607212363724466987579351 -0.000627110081543974114454644096922606575885833125464554639769013036275012337121347940158504876707900442638407855756543140988837493921009225758951172312807312335011910980851710051131721
0.499974154118916334944775776064653365286561595620879761332329299090781658434895585050957210316984029633719044011663891764109239802999999278138099631169418587448651926425832391462702 0.000627151779840947214366100502626678159166364707911111669397238577944284382234225595738390284068318608211141071341696909833966801825614403532320159726887484543451845866397033160446926
0.500174349116402262694799147972034222420007853329328635515932699604828966817015704025035062680608752832180915374852252864647958676885723368051372820097628963343579778983288862406212 -0.000511960437047603272836095747033207566967716541134934766702741211515343690131846377782673014185505797809500138747990856956044812778774071063148544420430515685199740583780717259767536
0.499422390949626470642209801700301632229132995689680136407387818837720091374403154797885592967023322749888265098730314697987803595312488768565469746561274235103619501502537881841425 3.81165949239418303915874160855463398764258651735745638751299052826630891192403317848686012469351000726171753227294266619261919651116268488816289786245606563700211022199953675201555e-07
0.500173831215944170964119789269532303474293974785747836613201342533056374309449938758807030003100706652842575192391474188287523050220673214586286229794038749382703252843196079473315 0.00051236012034210951373488910628844067306811966830345043554166839010402855137341429240561460404557585739750820554605242192045061730550800828820089294828864230324996841522396956877371
0.500275553833658842653657467772245429787209109478324561892718486692636101371829005187012595816302517251214116999120349277543041876953150011207794951062849802997078262351427046594288 -0.000369594797685198472201234977347962729267833788110848204531904176889383000206144965556549317506193233551789046388476047883358669882667702388555259698816282007677553613520136494939952
0.499480736080086097034419521576305113023778196537367833832839301864238943935934046016650129769544117377662211205795829421081544188776760768104401716434805935655246179870200284078769 -7.1161516475844086204314831971458539195321090973275024281597806773178527025638549500755698776340290927328599628549818893929577440968522600661281731115530512590499000930368259774489e-55
0.500275324941104835179284963391496004599376740929038013095518690792138239591610789725103520070486528340158312223557862728232258108385066806794420976159559899328031083674717191131513 0.000370107493239767725831493560834766635842467732548950503980470297334233831880513079303032525141370953249313283290641288563564169430792724544144157000326070005435891256327968886222864
0.50030798632273676240993054818976263125931346761455468190828565993026054250103210088509579103440163877636683096760539929633436164660414218722983822461371284993580898125057567497546 -0.000234906911012568265568438024089169741332946028383699026032272299499936933829936001944400796158631284758104178080762310791997314632427959266462985764686472884575951207540817058861406
0.499609551845669974603504046608066900976187680678283583219638535546613130236605724278858829274161765824848124865906479391051007996990358266949485692708520333207479220378120706190176 -2.31924158295882833353633369409143215729752927957710366658105232437696433425166475422094470801660391600915380544469808723520036786830517776622536658394436520581494432337851194601438e-05
0.499610254483400169017983082088480315739597895250218633241300541205377632208104945565246157869823327763620637517157849247730304451254873686038967066405242076675163815678967705386592 2.93051068719702134607456968323660381273074353223977444625595404805918142642285985555406707930758933658154820349607789189699467989830857692203983560218237504717827429051793530909022e-05
0.499620484192861051538320063917070207058187657825691748051851015527054482253120543855082695601089922255144088668051203342789722911960117910950646413511420404038155003155926848761594 -7.48544375535137446832727183215297356864080162433551928765212606304301638811936743637795256547958763790133492058360051091337484954185400013443786285166836404574378441818764285858314e-05
0.499622515644065666170712256914627409432244453011120363284119335983336981323653360410574546583790127780371012947845985517804816716111056785792453474867406820528648833535816440761152 8.07343878738374819870932742949021877070231623260098154343721621966559506080145754909312229879814148746330395762900054410886572969005366547774638353358204465257581038002136206631369e-05
0.49964209361829019778406723628762420248984813339816407205571633001793637987732281020342888594888680367572424400100121366945016101105517884034803762734067338601710054391292659798937 -0.000123710473809305677909394481092911950667685643210989920701308847876962369488697635487981651843995115477729537919867128278674740080019194787914180715201240548822633966064212976979693
0.499673244684887142688097828401710222565378355230276072219188210473662292190683274051092618383353533075958837006737118932045249574236092429011573386822143620079813374545518065801519 -0.000167518050380341202580195592678423964180515880715716219786755965153415419761673519799874491537628130375170408970740621095275025226444634886307598026452891641121165915570167693361959
0.499645318201376632286846819652437963964751816891298544671328379215466524559801577071600618062277843394352652472343054810820080696543368604720518490773695001533721859077082877662579 0.000129098391558191947961462296142136081858325259674414035411356489492038619137090927453615671922140805882148242118616958310771107049581329230182358460786403559426614787934395704695216
0.499563604973839649892674919405135471402325582235800286316646251319330544520042249591057509901409065425813353349576519114692963214890900180044947333563324542751462401966867264227405 -1.96061418889333672651791558539008079457201957115753571483377874142160067910089391785122868793417303108377910807947171933787531085426793405250912876171736003964221699384652207472329e-54
0.49971247891136392184391076365674806590523847147768020853345793159362984182038891230180259363134850495611361047684464822178710948639684667612870687172027806336222934230893897092046 -0.00020385625354082181392832252058751278765812409000457474890146619318127289515391482667227107941975164446919453837577292820489117083206476475022200522854746318935433291836744411305228
0.499677505228307981319663030824940714014594777297844884246033905494164710445365898012165537963661123481944544786236551897645751590945688621275089069905819444658498135538297193542132 0.000172123822928532861710181288119584945569085365504507839491003458509076945585719676712775719174852619489740727056518170524600878511576816987688496619925829287283791536301243657756543
0.499717540896381540783385491009243873817406050476151261279084933087116872949631778760613607354291289693010193147020019507365110826335300505538603846626630126031925273356155193168049 0.000207402943351710631963265831313535317057330785472785942554031735350548159358657052500647664147039910278457096371003558779203898824533051528503050458291640359293762057374302665028173
0.499757559681818101672817315929178545625409497700756311001720245915067540732579889216783395283214701257417610613035525465220505810885545231144170257510384817903617377289047553268487 -0.000230564188864154440661283492575664301675930902382333863191421921269170967015759343233665755238387035025588784733331125446371949927065559690796472355384781679065346594728965179209897
0.500307994532834036647081984955608410137049507635251982452545362641591495644419025159691787969034266242487255230090380305659177812877143494864394843040276487881429974244391948736885 0.000235385002188599796903902785473293276891224543474935735454777631908834318034619512675753162100647672976351122643750156934096154133519179366756182738604632455084710474048068751570973
0.499763087038032141586510755785647032545224932884778232050848390259870502325642944779703602089970836008228723194676949880363765877136957439356435434602710552461360741308878015794994 0.000232852610473678261585812174635632343278620033269478834717413841288281838784205000921163702340800442370532448588525054512697312930118530734060023417431067923209148434797497957306469
0.499805431310717346139966505125690835917945391178858895813438686760263128661484685970740503689879398669702274786897462340671200498647175115487369867739809974200919945417604387001519 -0.000246317297169484864251785154718860917427889778304650442034868546598786586932061248993901966539041133995073411930185453369205769576798150906549956145487725300346815534539693666140569
0.500294231350108353016177754600643704797655102645785366386391769569725356888784994333265866788987571893656487321083053252156832363701425241331227316997356310574289788047026391281089 -0.000122648755705957030644799979462765445918427884794780365565310302645755317977311269969402713659348835578703365323036297216843673806181225849193393679586761902739204240060255658531014
0.4998110218327382957459227895165764773241127385125697517432750761671915828234389971926172628987136049949670900194804638636190658913943097249570148039111536156625301662520817564979 0.000247289836198979398485606208495950713018977354747277413566498756858837664902217821474810466040583882942755956267466228727239396786218223929688993013325076863673155565113362561516634
0.499852680281946085063260580257412402410558783899107699937829941338612088057809390072919066558034109018376383378111628170947163163761340605665363291580712193641573802501468486435752 -0.000251092097215185228702501506250749094843352829000101247638793766846800987408257684247329676715264374712743313869301426975099352731044689603481416338237152361161591129864490821426003
0.499628142242569029001676024761409458238195047790355254055412778711345106516368169104932512086569492587338408024837047465924320353960022775678566658074554413367608524000368805484687 -3.32887502745907083790509972270141604345146200474845563211534344152083789991907584637392640366829464063713724583126731625065549782041532608104063506860237210897618622776099049519024e-54
0.499857947481115032000878673817651095538499476135745943734443097563303068179699407761571167667804953930059159843182325986524916240867822787929986019098661305739825918757068445206177 0.00025085670914171060741012833596165204770606428139151500922920524426595408936345098614589372021523826158428986876333730293049374855034940424330525102844226639751841492490830966923548
0.499896256578897021475913291038783409677345184125287242631463795295943010439498085862133009944571167381835503682045143251087266878808782618056720955414670555999733736453569006385338 -0.000246199745971976634503819571490761205934676894569767227665670092367176139424944650003979068578875434471404971685134043357968626833366457780476197486230216475676138288773025025614804
0.500294398313228367171785933535342048995884103692970378839923531707677781104133777423372013988348761961344586427092340426479958506048956364982593932937460798373150891936933230206654 0.000123011107398973469502519223664709224044116775380985994623080648892880773660263745119247343233489501292333321602162182129188044246823912027426253679531730085994482985943525106843092
0.499900908674647629741054631173997697186958475555167994229905775999645909196914816420942777651249571044123649812570401827726544202343635838770419605306114181948700275644626223667394 0.000244994378261550758595691406587436856410479738870691804926857558229420884235422986199376275598167196431963441003703509858170091524336809390854660495504858487465611033103523617956635
0.499934041962631400737291204940812930146414093251018325403197708854040969885477705458368273670428412030310206091728076180631046946201581370145444542764014825751744715876336973800353 -0.000233873712591334633356010699206842017535027367131718186893103229778984014940251753477041691481445289603688389333999716807855367443552013153377092053897264500515975792751332396324215
0.499679373994291195649712280677073927609398741468870657474928197318841291079935686125395274488192204161594996423162051944497027975452053715627013832620215681322836325310019159588921 -4.52521602092933715160359213479763915021594826815539325924207793754453707991229953215455813629898199000246275389910896112094863505993009502484964763987035993108940226273947441142268e-54
0.500250484561541513847138239787600820940145821302590155587939869780217467143127571872475976058021497269522455921899772284625528109458538818697921344276689234582420686747239803198811 -3.79019059483362730257547759703863027805393831469250797276015516752338328286978429936665980061369531998496389020193581256343267771409671766242473035906854259696858145282646220042757e-05
0.499937920157466711457800215455520720323078050415540790985155086298538986308342927197553290389296739219113339509921855514672026402913332386442795491652522137291759157731834511835318 0.000231997005252667917757540434115575359459350087122646814814334460177221046321606473761290187513062931005456505986561206954307305195565802466184776240315824128522040583166442074909238
0.499965051162138817673211742061868610316792150961983785296993870903370936433948398735016180032316953242181509486035893797350391990813087030515813624793880884856568208736486529760769 -0.000216669014680655138808915575081416534753766903725328946439222032933822364809830302926528394835659001618988866710169706159110159208925798476110722903400298643846300950580433529979215
0.500250726188574897304312421595691551550676297697603762784316884765710793311339772741762821743024191267158158381940504210818916273492529106501294206617574176907506791850641722564717 3.81042994231850054330450191057938887263730047127158765614668786063957603299668097505009309747200821610623918022032396316306197093894248174823747277421110495109361085347251195546148e-05
0.499720716945528135814092743025855071216201687489430963735844699589457196131666750769380864169780204604933575931003640846858904720262708966435127544165464761638576176489204404376417 -5.42621405723326272557124304897428355759015358029340575000826599647438457468647015278859510622295958335618514055739479329428600459960808064151007986740447926915170359271715073492616e-54
0.499968123205389139776042783512802541951708949117771279993742132049998365467579546433793319353912684603401589920249118670181881418083210887295613387704458769800250220427989676468318 0.000214411785209780106953646616586047455591425657862377987711386220562682622936870534592699647198648582551514823834113773813237853991958613421491802062418424249788004750342368243900674
0.499989288453365690727932300485845487447422747361332842307629283849434984278876947897033390181636768205501799599657121354399254557420991356320106740269455548069326330854537832352668 -0.000196935487006312034359501511273292502201378603466931072195483846939492564704804518235269330224723858783130149725171476503222447878387993519650977407270848084127673897868244410297638
0.499991613296485598544263526142801776857700906623067763430343540216282407078666300655598855267581794669681491290230451132854428686003402785856355592993059000205356619295799578586442 0.00019453576976351205087245984097682245812052994868530425238799763152352667004153842464458713628423225137411686577657498693754217016212331075970220112543428640014487972782482588301914
0.500007417200235617245910885327813549305912550544212343559054048920103082575414646180156576378834902230713449064019082487858453151741145602947496608608395921405432365996158542175323 -0.000176514783392074141187023604510031121298619893481874687789743271053728046360243008721658602674370484369843507503227959954523642389601077067611071869266171651580514206449817679845653
0.499754558755769533111248002973104748556152682948652684033937316306099550986045321371443439448058815730844690829732697521012277267005427111584825463117364900357763346056399470826524 -6.01824775405376349993719252148484787718060667428665475036806016045913629566319851242333371967932529144411777336213442332762760141914285322451607438674485759252645965195138500655288e-54
0.500009102618310140811382776078431294458964331172301577047491868717505890329417307466752493100462826386612609104576053143609057446429770610549252093185973614740503186308441514909132 0.000174141668537869414170148195783624804769395690411104822809414589424450245633180154997833872917822104125866934261150342476993449005976963377080837009133345951714910194258964252163507
0.500020415842296744217175585013355163575674939836454481473755539979626805861013947186409331939216447410162325019423671753379058061032348213710722246785295297700188371446277650870117 -0.000156665539062119730395534411530419404921967794290534240984402145074588479511173147705643206460863646373868407400426682010172558166727470753159022733952034635269146700898216385203676
0.499782608361886907801741824628188219862443700078997402649296942755557152442472599128176523606823946272156942419281590282937911400927446498129146305105205945451132273707186113319048 -6.34043376189281836053069397487351007887465709314975547957161688718703479452172743738179401807185884352563144628189960069634810018608065821517454802560408291204589316013719353140504e-54
0.500021584144478446739899251418414587212180606595730496221975885051863199735355484539048227490925903714682947522746070745882484297343057798610212521309780510330975414886697291194984 0.000154423857210370792361769315743265616511279175759272623830053330899644303525168022187825533316941955874638407007731373924766820024624523887059296505599354903773880467545549048142774
0.500029321019310353357373534715537785369257409192170705401599960964746705371816513289582771420841240114026175329279971403159593034120395703893910115831014163684061648199501485181782 -0.000138135197585243720245236394001314551652428818537083623049029936272953311925838499660586103576450301326687334791514637587912999571832174488418957532283206456641311505086210263782608
0.499806114791012382418619081903152799749249007293299990957720815769117327528991697777439801081549133103966774576867306683642776701996750718702492693992378361086196236109741591673611 -6.44900358643225552373786678760694834561341581547226086791956428692673248744782990282168103474744914416108582483163827487547843486184930002627337577541183687642315069326201380304315e-54
0.50003008776902036049206517539895726362687072068135441990881355610909838641328719602877724175175935601440878672937980880623481429465436168238911897657791766682829327788214378707011 0.000136079851052582635015879830018283751080578372490122832421720635525687045470862719215522008872220610615476230254460811201853574608028127975855933206015879944376543786472618473404022
0.500035079123011246296924172394881206018359628887480751039851488111342415411500176392452653550063250521061064072970752144588795139244862702550045482724834584979124285849821366735118 -0.000121289247019301358574540728823953068470800622216389978073489061613450747325747481890779504049083898189219677667369678129641071967742297844353466440133467265768831952510999038262372
0.500035543162432113414891063440966842184955019140701339644371061197115350480655901886105160087314133063319930179958938819327957891486851068624097577767239683815360068195209494692595 0.000119440961803684195169197541312411454878913778525972133615207278212397655026844377669892984354792749974955829488834448292399527915938605134203072622936453830968058721224562000233593
0.499826007952098735613528504898551729934320686319663287780355520384711980562930666121779384581131234947003311214587258852999307675974006330646979510999202611723966500705344941585313 -6.39939473232809951660791793795720360137169814717272560701507174137630084083842929959676933957580085661544498785342907447819799598829842094858648819597138652751968804435694538237946e-54
0.500038483775411992572958440505004341054205059234876417972064265178110119775132733815006854070227002241985065818867294456048778155183536748654108018695252338788744008653931390600465 -0.000106239470849387373878302686725185527061235587935675219540786787930247765830831072093729738368652187314376501093459391798666781028455154579815229658271637692454641637053527401155088
0.500038724666098046730689396487317684713649354242829566334780840381814854327803783229589221355709849085480863682293171210442604107337569794153781966055565017500546423612704950724876 0.000104597934842383051375504352370072844290568705505017935915505227213752268208526305653273357119130767491240486351191202737908746276690173240944389608681232053718339993124835097723072
0.500040166293241718599416873203622441854978146397968927449332042441030273009481622906228272505080399700742566692902014969938966344507421842305488010919569683085144042149720173413407 -9.29458342429060395786135773416000269189269049407782604478070957994477872001737738749657196262574499389068467023550210839356953881280110733639139339537177343134974596813911188635694e-05
0.499842991630279795603729467187982660936539693721276599195754132439776066585801053117615533934551348539955068544572833906696115845079143324121443727193475611844775938096462696429738 -6.23900465971881036539687693054501845656271151836952946025816160377322694219243910777399558581918810190702043600469832693906894235040848952961228927509140307840773679825123300814629e-54
0.500040245661290419408282074802080993385723559511619337188427630734270318877290188564423513387476378884990731440785206707476373282809071166029486711196644587368129304592749432930564 9.14991497294683766794284518662192158480171324890094710981735517514434385390151953970535531425220011962028359642588400999904095726779261209657546467538235623146384869070373354946074e-05
0.500040612285390724374038635007368285920895837204933249317992834333802774483194930774486137058132418506438565113322700343311015526607415552582382411487331274954143562761254499164622 -8.12875790944335339983196809070298621246333999168669421979227806520537533358198908839501224967055609048005857584661429332447893437961261173137093566950291214705242367482460715436465e-05
0.499857606355614900625140709266013604462981805111337511530257385495335061010678201417415718053610877375422843732816313476526593721940539044230927324062578142974654803042632371089064 -6.00541313529373156181595687883305565675272841174879564148833596586048901170001658678605954942786275344865178980147053560950269618084718822541042915191246873282591253216033395949052e-54
0.500040576715540796246556588814522419342195219364962413061648991246911621637812059268007200417844189081751066413637352721460167038088228529814220427505365133522458412825819107694451 8.00184108960793392343425940608295729931424367026347161560925465168815387816416597474572767401953006426832616570349619293200240877538397434230358563759386266101322454590115383478656e-05
0.500040187383434480136646513503298831786692175379407454864040633339466559067676007023522414181950699515496865133003076160387375332031024609735344367671878173106781998709507525165334 -7.11084317779414360700957155711939541410652767293879792621060049006997179861330773626856532921170308396422374303972561199839627856001931088557070985271625020337737125434513486561327e-05
0.499870272797840186015299899866243300181705392463955281697105435248567707387327227908301935815238172739578850807021803491102193845952732364326696709884973787610236091754708357906698 -5.72703676946209626026423840913226484411551771991624774544596430304511994146367614216504095832837517514431259177767756191829333346947288296664355082363949558132420362172253283768207e-54
0.500040071560397406963516247151082808901815597399226728920786208749216908034025276158358708546178371800932331502723819441597730317071633122601070630108732725930458295786818593422254 6.99976898541767027208794731757972733724265240663706594168718231796220517043896388901983905586338498086486643506247981870825198928518846174436562804405962045413676836067879234491399e-05
0.500039163186465383600933420443017939826131273370843319293904100993719105893834569318999826160046069380320879554074150783907851962258801578120773413639820194087371856122350706924869 -6.22431644530442782170931247752248614442481846910763514227035952039473258716634058759361530896837875822915403861455728341938725810208061717227458928744277134034391455492639836171533e-05
0.49988132228413577967948296355865609386416251804955445870500266662256364413273613585964881171575996853669279920279921489002061092097582856176732571032218646474987619576893156129201 -5.42476610659090649963069976379759972209985842044432341095302522293801185246712919938926940956535032542128846816658810447471415173338697312349206839579829895630614544609154877455005e-54
0.500038992694411392936980124306851867285079814209544579214628133978685295478274487905490632465125458438431618021816354000901299658385971368164289953939836703471914193398336035253888 6.12720371827988216940231465945225229987829743796783707387015601546522228064421864489370838677650693706211764924969110354013180867572379940242041613668836127971564335790969804629996e-05
0.500037739672948833073875866398379288287462490041437908215886998558843397989313704493917804045281174108983015339996918061578337408286541226400352770838699851214049476652703658859222 -5.45319702466893304666668996899989375806792563079899218357113106983439905986328246779972653529294406829032964465221778847259568875479873715885448092258808676759995313192986119739759e-05
0.499891018626516696588560958087257628559947058522654769040752001830958625085110925671877350932686001749369209370656006731326960828002993302932368898824601555960327404543252180535787 -5.11588031006390894496923625563082565843154981953741135700064835870180795839966314248486358459540103788449479291966490815834857461855092826365037379413474052573262216618046148761667e-54
0.500037533268043594123456285152057730475961827845370894382756576557107516889976042192274563621074274307556100487704474834657391969564571853369980901018648742214091139682499857793516 5.36829376151003756027423240572753125700996598543180581539774469817887537618731003582315349310814610041931107319475909881223544507417600422089335017661775222824789751015254647633117e-05
0.500036063128733415489119786680173575642763358395595069942310659408682598303116657042451998618302752830626369706431682596261119399567568966090844811933444039643177433147762981411158 -4.78274237865656234069443056521983309375813126653462247984106674398436629389795472840677062079417225485358238322913320006890484551438184355457952071791032678561921574602779352576695e-05
0.499899573974857366454010905174304522793413442907825139239042156710642554948956284294355785427326802752724411763605988930459381491848807854081179132217672947382522206075747622812961 -4.84242782070295678117041462575358416954067463997717422474534695286867608344081957252127132670908345084244540252083874383253702737253716733353776889681562816627104048449436413632595e-54
0.500035834493741195644071799803494169533969846635393891752259175512029921917045744415275175568182442147599174270974473219256461990497520098799404725181203579486950621628640748381094 4.70846787880100315437315975771015316972456076862495940741164323103760144609778002458282765319728675958391347201671824495128040859335862446842004284139936462533786058865577259956118e-05
0.500034239907099414133857314562780353901380396735283306437348949869199165547630967214999443308254600160631305015798640118206965277187028340057867771489457571490058818371682437751156 -4.19971896442640715759505838961543916433575323969835757502127080227518979644571195905954905801338542663643186519007218998820511458241557768925819341428520296681613558473707806011363e-05
0.499907160493047211647532110902631822261460394621043835625678885247262932689667521069488760983512457818558468373483180753874858244520879835784723973861160715494958309485014809744849 -4.91780497336746638221070669364776903306919163414763583922865782083709531934198804710523836780275678545916126492041499322959112921181854205935238520632044443445273674647994996239483e-54
0.500033998970216780308811625996456429896315018595650974577313507191508558187309258195072297227363609640209637490755825888524808321926558252203254598961966780594988180110426683084878 4.13467363419670601574363159071906407021346288847882376071154024525428821312097069245329854278733349888935848803850145543895424772260344964068219613041497993344813480533943336739628e-05
0.500032346763186943440941375005324437280409058004684401091624344136206815692926149292249075571432232909289302361832168663198255176042032486477417368793038185221141270640238303936461 -3.69244275971664268301161629776929677243651711631233857500056313111451298218728926567788155676832794368830140724156972323141637181946474693093761494571952121027789471822883812009788e-05
0.499913919069726617924161348785931959561001050400383350109489191294071135149813208492901425744686815759726536217038952812995267871688616183049884169115965863162330511418880612487182 -7.77945444751204874572408148183538557280544433770085068790559301041109505828222672853107438306910315608883399449640820194149129682343529303417990420223575875721589577237057726093306e-54
0.50003210067655883294561271150651981875661020062437207590143243009844707402738461216249498310156569292967601463838764739064439871195804787306472159096553897563541008154380123045254 3.63540142558030860573452955401980625639670844265380536050575089696793373123915567176882218867584699235008741808970260191711384836629224161971537048481769729313982608868096110840981e-05
0.500030438538064778426320656320772226771067915067363010165093333520989404817683349075492659028142138171141771036618932569692387486566368713762004399488234217420752946192384272741044 -3.25070341757263338085037982570147619977615988299891561891051033376667232976529968622144247965193348296196370645518366326753402769336425302091172490499579510388537361601682568470638e-05
0.49991996589378388103404433358611045617822944553696627567999153651890276782103549521213216506059011544691736794897593465286595729773366538949796454570535647938508621185933373446896 -3.00292802513838594918270412247726055024626752817319243061926792171110018477535180026672050409186491597155214304384893306154318430160158063919286448868710477147680556254693143636883e-53
0.500030192400441505193574409157961920128972289709012410337615864445568460057951673461345879202252390310851885222403528286193733621353888566178668457167487507227120244996675943534744 3.20060106926649837530080022595681289915215848760421036821175780176041807870258593528051447605376774732962865053775073092779654038164021519169382649770523625691674972604567525290959e-05
0.500028553853652487464970916201215280466538369831251271088849549319955303262767276466634392107973393190561806650928343339218960025994380911075025613159591903619988325354018438368324 -2.8656360273222764577822794302088423287713475887590750712033772045005284103472421098710096764888835146398419315193329329728967522816032395330775141507276047371591948890565399751768e-05
0.499925397472286660723381305621685051335811054658258610125662126287652082291770565083254162533660145703388750287263298598959825946421778989640680363755731376969018544561723404280972 -1.71670182062781770334190354020929903401014902242271037555243905704418255673624417602608170250345842347724593132405952333145803205487011514134173351225576392083966267474836533019451e-52
0.500028311244141644652642069421761893142281987263316793023102060875952870322655808618305738505515032366305226856340819023271257862012822347010560112461967775891558271362970033388686 2.82155081760988527539461936085276221516941769363651496480522761272989674684938276032255508577081345106334828280087624047045904226323244458114479192899945444989410449133367368912394e-05
0.500026719335257048366326560408325305868524939079175599025048003582247498505602625809246564599308725552086840391761885751756963740255807916764807547747765918572081458603891586323785 -2.52957514126249390702721725556870210400640940531405624350402265402600934216939467520504221366566079255150680436269089300409990524387856072747730660904221268124924944587233497065467e-05
0.499930294498525026666264038950780942058085130136060735538134666251579936217140763821677362785291535966023632262980069309731655180129745969582442285685230763899582536905827502544047 -9.74940014834450219361118921642273953471918974750946609393192519124329514724703977957644598954700589425903830591712350090427868788526379386093094309573621822515192706626336095825952e-52
0.500026482708523958131364021269427349301507778047964907459429644359061944531446436307891693592160005962146484684992646219227185513666330670761420985267968293177624359400082632551454 2.49071114276298953603728068019006608052046435245516531819205627164948629937916737543926575226559915487953728852328548677847613453971062044918670418584271048918115953808014945033469e-05
0.500024952749024399546317875613087331750441744775914413348451956336210457354881980449977735066268036711756454468211381407313714763617811433608169899192968901700612238242577365920278 -2.23590909202395404715740857023887290044200064000856685855330551076572056168858757149632945106685707640925904464801369300729371762597997394980602652302881868259349602897722463482293e-05
0.499934724861649653007462382564074350415409094275453855301885972290914386432244530815149859902363641293814189861696879476209748704476595503188335283921919673832793889704632268627439 -5.12436246719843489651292179677011087977756031752565255245019497209071153951929788011739051955341765471803007180068062602533507338331156637046473301025522390986774712659292155118481e-51
0.500024723728880397407499648483199929849014554002633698490539373191342911193759692082977885318714870217150813947990147962326859972801062897897803056817555363293325971592756022490578 2.20158002805263369379126338270015253105354505404429033471062703448513696927091016612411428557414573080461386943383390626571536734342785005587470541637590806715395316893170488920675e-05
0.500023265339119140667510173063488701506998502750252208305291501945337511049222566222420013549475261002373361103988107520535291088776767401705372499006674542350767421956135854342003 -1.97894339983125206327976984671186592513622410619886195252156060168667717557954066380269427897156980951605523929138746244251630069712547478717170840849471535068753019184048804146288e-05
0.499938746008848514105880661938624234358708124522960886054433583905962743150525774703079603687545587136263064072521006700115911613885218738632808112723285129087523591919683144604218 -2.48918493372290780537698652986321977471747407350112552911960922251643134771707943806934085439151929779149950653916317457655313383512171124570188052917135516983030069383201021052626e-50
0.500023044937338037543636832037852954393894375566088730717713889239531466607944819794074983591247509595265815955600740258801556544435021631097285643548679492820053764939517059782967 1.94855787405030359532556027162684230555189061041069443615865552651670246759733307762869430582559764583509354036588003964384128341280041066298503003207611015931455104123982135551057e-05
0.500021663572734598915654737193151079946373367302960997375023680664255085561012710696487319934350126758396495673191840488696060963234432642558982859554651966333760895137428983971174 -1.7537770435067941347456908508859181530106438996288449259121604528640766236096563053550721504731721533774334544977004314479477193003195636873842620419757729519357150747201741095338e-05
0.499942406814446978486636277950790709159791632497893665451049023866924631120138565952346848789495179882221705149118834891533437742692276691846085771964151507260146132075417953228386 -1.12546547855512045244888431033173906425285455246965381674067992211247395228564724251270598638254191923088239588467827405213477672604972014413106428935134252488565959005322614418462e-49
0.500021452352580809998712973552266522514617447059603040998969711127324592857427181537685493176786505107711056779238317561280742944031487941476234318919061196569159462275834656522208 1.72682542865277864062710634875806319320735863871371993692543453695331444113232890348064762409625726603298804159946969472590665192282454892244120911124100295582646776681307439625092e-05
0.500020150445051808914072910814329956561622065742139047783358492819485162232445756852388757577532732303605289244853726231683803911958324102361890265872449489835313996699839749047049 -1.55619268652544172113585741535028096969951225104367697931684349980151286940126965028509912804792164822849240408785588718797950531743019853459772127639986842923358327136739189876713e-05
0.4999457490701142740416137452711339682145882425647505857522560008816721820606099939767615330807784456588081332197804442758005476707513660918859248478706778891800001962206506159008 -4.77062299885590692344659580582860277917802767091863268960358488130956891846737921275934345520855455436977529403707020877017922964013805371271178559905383409295232912999687204393581e-49
0.500019948643715126140470134977416101368931054803715240015386235809320440252624440729477230261243904574540530576516996136345513027949458763560416170672938958328959235889940341478539 1.53223564697881878088623820715011582551853506686426564980832652306166603907381178434915464630655117109389110671677543126634938372209038820185396621625197445243149288963100802604427e-05
0.500018726455781888445086038821612912619942159406199244634155389766279874921409455517617007199160415825522447284273686338651358231955208317211898594778445209632648125933700626567047 -1.38256056314285948600086129422916356131573372049067450505140725274382725446227788017041906747073059324371878843339851684275804135798984161440936354557377207519826073458727376521399e-05
0.499948808681458480002872703481355802957674336327590283550057981346473722482199330853040940609562996272613007765110883757025957030419948017279548791606477339631490694279273641333786 -1.90757278310906570567337758256247290444493610599665371648472157432691141367465254475279069214953473983131798971396394555695042911185388916574886791714522702425794299786158541937562e-48
0.500018534076121443964545823942023101702425410049207900780191939726735953760783833288704784197228377530080967620780514845638532147593972403493463426866728487759287029256757313430152 1.36121909757879839839930170710611871709408416529188477253156522034343038713699595903908422568429386927124713432901220998114458519083888200890381275327772541069232488983381339020077e-05
0.500017390339661933736366279266027456982967648141901572943086925851251136787451742812585096994805012027185014425768541858027716592786518630041956924943529283866751704682836963137222 -1.2297550573397902241863947009741834598568154475736180173436487513766890189133754934741848843764270104233400386001573846541195923581436054922076170498651842651580299529394686986895e-05
0.499951616635294540316369922573950261566729071171900701191199720369240412414675934580237539168079103825707806626682730804549946071968563292320330391706662826759033879951148865123159 -7.23358988429096982588558603405820088004562945276886027807658149677121815207372256300169634032021356710197247858813383104571604714362498226034734555900897774857704262101452552266901e-48
0.500017207218932745154678941888645571989711913038722087327070950688204439245521415246807774651145483029270325306843248065238872812336699455777653580281360491956893583752813027367614 1.21070191123111379342455976711403193043130972845129639405207113211971066984756194251934212162542201064333169583987258329721702514314147478823278086347806513181431053024768571656115e-05
0.500016139612031199847733612204391474651665411409023085019809131121482070184018129694244566928375563479014737339403553041686639537365076461814986500822952643444673591055856164711734 -1.09508272606755798003098442188215824742244876351314794806597047442582322218949835765752946506110940179294210000601324098723095359159985598922986254426149226258342629182964854037276e-05
0.499954199786461929086058272191156997796947259372468277048745419363322018237613728164872391457463301747715624566375755618243789858368913531362989693492430080532896253340197926542454 -2.61321150496717264921988272140187438466476638692805710707152710275562016846184830203696339714690416036065803363796504513424236649888953553630877287455873611267832780156960997975165e-47
0.500015965473289897593374272779935737885122593989392473847793683395686697086983499543085349713729683936262426495821425316038571611026694548313133019834653197433360656448213569764708 1.07803501485787668727873283463594482406144715882642147196823076038728478984226252797107036850841800383301820167359887221228374175747817466526337793099275077950022604690066541050244e-05
0.500014970975095787427486759001735066509377982524517481412385205291547222252422877142651277303040993970233936307460193602140364509244559088318430614508858412285454076168866693137882 -9.76220448372646570395605480542966720749486814985494286547293049989108818125681169905298976857511443812164265231331693090320016780159938467692095797988123542692992441244286975136884e-06
0.499956581501656539719847965879492517857224329883956821619948079013919877563623515584029926355330674187403530260417014886421521391207787106209980848179889300379846972321306377261844 -9.0294653887884429838367849457049564699941935077311326519300938166132137666036271347486194723294742823095858796858420842190794107755924730066787914864591963592375740761690182745944e-47
0.500014805465539284582608720626038657339022201598589441738678595531064944354073630527270047326794691481816520308915002116316998087146810194835560274095616729899289924528211385226507 9.60933337269780903503200843437301096146521852084536711988385507948854004450191295414145838009983034486833760711726624714110693573259629788689002197340767620814976697405851848865525e-06
0.500013880619074499658403743655799179691455646764880959667073558760471518193667404330785132584779274424852635830576453984117173754948456586514535584541820686866708208266921865666234 -8.71162422943082586185071087232823962929345599678432880396861921322501527106922564162384702910488720731788772994586931718865722676633429675294861088774093800226946595699506657010582e-06
0.499958782189214335498715953258756888572193387899965077829622974322543801395786853241459824560673463294462153136122901087311470733984435742586866808027258259053773490721296167148458 -2.99447088502005395715813427147815380877020208510768029958848391529113924465831227444243729801767081531092551299576872892605524104074496193295454487129892235917100560842623240896971e-46
0.500013723338504065593621587565133482269466276000415758503171331768188721546947962109515494607508482956949257519256905147455399167109665511185368256819267280345306518241282603327298 8.57423721138430994791188657177840135483330747044554370760392524513237201865808666708618081036127038306878157619297530721080447336335720435371486951466499311714121092627090935080514e-06
0.500012864443964220948754017822198604573748444664533359185846496793607496367326924250468651832296520409371243391865830797227726900963297789411395398719723806630508296774947918909568 -7.78174832038375199309214037406624881421236250309892343197916794420759070544157709258075051484533008413110819963810161903199542123846504006587835533751634630893500582342885138023847e-06
0.499960819737359980193787711098944779784673828816166856708157986103093827101980418194344159325179409034585520546891872751732665593376036100173579968162224222000611589766852571790526 -9.56035719770853363496523120513909238100321845193699949522135006093048768724731522142964188393087808966011953400973184630531511623356062557902050762649047337922531302871995982268347e-46
0.500012714965781098128197958456121045968830292741185716322923966865359394515242959860464965942432236685865832652319626801809698582803303793468437698393224759868935702723309959842602 7.65800373713264687947548200581686045859994094934239449043641457321166702162901873237737399752185613665570246261745663457701534725846278199853825784847268490918539116217976764189453e-06
0.500011918221363304050679166863289065604831621928468643641144204243411919922268159017026854106640913465078733211221947479376349400997675139625872019714390429759189519546017675379415 -6.95757107991109241382289660379447003533017146086478595949019130871643432567478806147084016176796604995448496049397104392806668658730387517917587087684903950010507011844489092210711e-06
0.499962709878555550626843736915663566614503166581828676965516641563033366479779455265877892701088691965270617031184738178727533657988245895532985252762384309546403142680043114265886 -2.94645584228071192062019142675360838860966469120905219244865209182243784817377975813725763162045066269138178265451367395198546412220064432970069129670425256160502268654541322349466e-45
0.500011776107915643447373742239032846227049282689507268497160963545105809466969561747517802925260391562080793317911632520235700557782283190924155168135600700837222723070569149877558 6.84586807554847689868798091909106696483679165125207063734773591097207070174436902715404844458408277459172010099711734694785514119838448514819736468822071606168122109139533952416535e-06
0.500011037711071681535182691967355314865565702988189818473687422278811051201898786390919607251659894464031373714466582054503790050786203755137486591539370444240361044084297977912789 -6.22608861948979662029525181727409568117647864427491550071511716059896793551076545107516017463120056961825899264532405062953044291148676468646395053149816130341778632177867676906137e-06
0.499964466493852874829261746079285574652286600845089773211272895837559684638939141453483667207147553546836012549957634068451529990644239512164748319636814367273524422104128567609848 -8.78712456023215521839161406268064926294036643282675858311176880458376053496338786866123662592293072786200603843172226051093998448033791264492678030971046436292632655324806248023833e-45
0.500010902524732867056841411374521770844275151875063138480418120546956224343798812011312655359215000215320292978308383927679828043366146594010454066938303305617091466559957421837816 6.12503345430900140757798031482592290923908652413422207091354186180488960223832370329289986633728162815281146233330138069290607611736023485889135527228477757089867568885701823071844e-06
0.500010218743634184587803197302870187453588678751988275482228438883624094126638148428489751547193348344843162421556970250576543240403454432005060414956809448898971827132887233744386 -5.57601653812119985924973207282122407521747675301991453400207926873463050489509441979724325293113614083907353189543902858305126093357364411578482343033694976731701831109472023016648e-06
0.499966101868278471128741064113775945316701784988336934113038848407356551850732551205280116138987438004900587304396497690830979017811148217328346126750549180805259304198833838868215 -2.54129930483616993601876472510071180707512828153391177167832354809668180455212349861822958632193729047387696130391500739993543298732542305719081024448667196907579248048910769536703e-44
0.500010090054661322836979311445297752015342717614805088354562992473013197142680111695613608682410446044728421226867386906694481806951332614878335168897017591006124247273328609590049 5.48439381651065708031818117118494587576625371211891739732140891050123635486992933334412964310673138578220544963729983209972349147135814082149362110295806562737071270413663049161875e-06
0.500009457277309771931017826259846189164947822896070785238686358190122263304866163630804003742135152969985966927300611388002921079701543493725179387847963525659506559439740933310037 -4.99754892653255939289799434218392081670181139000804579131378396333976640063613692656495283680501029162313096907878838499377305704225850978483797697935323191626491986064875458719861e-06
0.499967626906050890331959551002398703796083744100122071309016866611546916867066792578385674736461819835068450649295795740708682149295808149038019294969306602546673086761434587554656 -7.14126645515540337069062826506958457461855275585576775801381629787559882497317907616146328581148343539664962242803625311142081265622932557769881331313380873643666200965795432181234e-44
0.500009334669280522165901482513308182437787366483826720880410637160095450843224652116725721467227235879968867876026934581465599713553579707420218116795897951131931855600078135321487 4.91429701071083985578116816781402714707954798057097778635218256410359883412892083687352948596842137962631336869690859568521815668421224357966295803687136361710707296624216629272769e-06
0.500008749435915311941140721435416338444984404832021906417973293258325721886965567631051237427272309007606826288528158045534619903986749353791393740278495126651083048396940828824433 -4.48215256241392634542214902904814609444691398606840208654927777018218811937719056625186781888615051648903203571127972602264766176543103654938699231680650982313733516749886654112525e-06
0.499969051312690621602470514289751023357086102297081743032516537955673918948337429425067258297211341967549204127320479115193501581034619568496997634130556538726024095193297234660126 -1.9533169762632352564008719063934092099854552138608325185614987009931891075042516280607771914534139928354691714757265039480589624051153629718547316820666525825146134655558254675363e-43
0.50000863250935105023979263481008893921509907970736976180462979817108888284506520329154543887247871118429847262204692573519930067315073657270459483111940779092251878118721035379092 4.4063425491317736678798872996117903539236646217216492266045210517475833347690069878785587477837476295339284206698770638367392978785420220424948063351705112624175240908762825996407e-06
0.500008091532446979282340050637461099226878868085028142892732318364978886175535112900648814770799259971920623737000310489174271435937027719885491441731490178324889271682940417308054 -4.02239106127439866569221445757153973719929957360941124302593864639327158140439244671573814782556798036360356861938833437012975899163965088028551315242453017734391858918291457763803e-06
0.499970383749716922616241924978423301972139919802724285153433291651855499179618991165464801425637597671909581629593681950985731726209780228311143405289855299604653196419695320624536 -5.20889735669507012863099318929870816624520660017913163022850728007322374265375022704924875655620592990955284396779313103650185908802802368960741189930403837006864519989026494343782e-43
0.500007979907085582620706211900050474219751196764410619246047677357640615887368573837837718734886166618740542393418532711640081330734770231999243056316555460207655703959766076302856 3.95320879029262197561243752911029408990515360124343968800085542557200508456349227273958175406704221042548882126258218509891553844613614040322287517282067675256454414744272678208581e-06
0.500007480082205528710016111345600949949221279077417243573681736638386326618877243591571064821559236091732949474374424497804672331193420966416574591257198116214909925963800640608779 -3.61177451455620285346916725709488702288401320646369917184155967529385107129890242495369126708547501277344538394987417681905493458043238062936344032440296242790770942609854667301887e-06
0.499971631966547479894124450122212738461487058007549839922128973214201497044407515853109591674321678535128425765750536701524973940459352346304470837158610263553949771508623769778652 -1.3562211345780599961025139017480624109250303469358921586515545752780232592064132766639114876279661171265539759698620619649741454553950775448375265119462901214265498285314863813813e-42
0.500007373398276727453605826587827344401964526841550693906913561086582699765662040965918413076350264816214947830864138751587775598819247819463378899669557856227927950862644779270903 3.54850515689210072748250793636376286532917500718930635587325753870613125454574313133292736933651908541088425112753136637173933207673862736418469367987463459442353793584754479097993e-06
0.50000691180825430358647412478020649431059737863228098662277391087587818812780057334059881960057636106940908990447282633052553105381733052630649687932719613222852713535665071276777 -3.24463081047278626962267472760750184341265644881303756581264734238000957395669547979784126066103987040385721982910758739258413561903858576930275685346534449522657158420093708148955e-06
0.499972802913360578338362446651939004496678051277643785765382653093466745574421864136989186901292074473822301076470940049172086326680644628412866322045235466403220987215761650552892 -3.45230178807933363659638636047660828603608342565575251246218437651432425935517012984719405343135919498309588721719203442009188654898102841253565028126183602318626695017886292633328e-42
0.500006809727026288971812818081210491724506681086050801522335752303155498131469871360608012920973544305799440530699709345562218170744766793953460223964836175249554444090526622659098 3.18664565237772652401963748860240202872224899911224682966883997978991066364826366109475379999796510997742113316639435040672273708816362939360835469888051525300806287039163512539929e-06
0.500006383641353723964811305103559869280241463023976901128491360385707361709037222917980352663206287045090220870204169507380795088199022665692113386547065748978590250078951046532257 -2.91599540373738817915656980195385845102727408885215339167597911232490927670699404470298984405632165096588370512911742921273781714662594265300267642758063555150626244415805484437923e-06
0.499973902837996113188202344331739449782101402646825958891712637762322196298525432725797369113065211407935753196813020936942663553946411571204884189886702854584276269943823012473998 -8.60229906373436696253599037324936990565799050760912012519092223431254527863387288109448925963522267896128451815904938707962241678428987047423717114346745433439432874145028084810553e-42
0.500006285845155278602712246665480360434142009084967689689626724136670875367917524105921653038807775731765910648411708773773425970062539749808275682736010358615501496737731254617302 2.86274050044853968242298354504155272326994396180813110124020146315306579590873208389166405425364342376865137294321343668268109458376870816687573927989638394256946310650587598599129e-06
0.500005892715992588130493412904275765271982221879025622955496137324405629956491871987323306560352233742883767692898835432781177213262407490180910054908691425702469853539154700158757 -2.62151678857781092219191969789438350361603312626766347802747993881799514115227436918610826497984587924541005163802105302016483264806950542276604831228601571222116699796972906535363e-06
0.499974937369423681568980391939305821843957832791105874625737986826662068089733064508163870304019990408400344002554029000782902437659803898692715099933063842609187106975205043495915 -2.10058034560987528552434439268498644569564053282228522113543813764041513260578711602844802623945430694852853312527760945782836032396591512790052610495468485065496677348697654335737e-41
0.500005798907865729952830375950770210174825563912078182384058669245317354444938172608438258937538897846379194152004175412596385961640084922726799805070822329453627707264604890628694 2.57250321135129583608496707285900795377533986340628402525491419630236485805906285615760440558620912267133841544898456658680773393726663348945755056541262052034882948967634292602628e-06
0.500005436363736527695819828029935385721083865328108609392797155665694737503256690362344580061680114341888062974367186962112116271298963774267844417659958257820161147854667346086016 -2.35737534558073013794590172046116650561559193833795876399277592561641962436297414865581047777606026171772897718559139158002239708276566761340458918601475759706247245644963611131649e-06
0.499975911589864274454704809939596984740471425282878616637608881746904723982065712328851555646701172617414411871614290104326993307266804897311749164765005274091499365722433553837877 -5.0319521846034079938308013149921091205528743303509699898993508332675891497618582845524091250286149356699087297595695924225584394509134144683524950096654027185756188917439969303125e-41
0.500005346266836959317078358918172141982627043720803013023247074626416249293821176757941644225202804815607791411317017856736272330785846912365620642280073583284482736671818599540157 2.31217078753755691755010413670901313600080378796252878364306078712588975867567130209872872235258460246339490923791305565072431250630640435847372147481901813087511239645383751082726e-06
0.500005012104808316159047731276822396825525392000260917537474718536201380123927645379124363701448554416390580720104912991016855875357252960671486608802484309260289673819586867771683 -2.12021358665532964019802145718902550616649527467479016905309326850240381705328178342255760684118960681066293931546761509284651047810223495467630968902893519082909649280044133936754e-06
0.499976830097294476948813077505710692376990681660681410412342875233907838097609482404590960129329764425552996438643194009891097105571299227443476671781428385020180013364156134520138 -1.18365636788832243032159747499406011384834925856003911897864055292025235954429752336582693719995808048123142830990723553326200731762059400702767232386377414379932352699535457704783e-40
0.50000492546164214596206255779704531920950482523609206046471963683904971189777025155838933123287699023645080871979621226214273660573026711265653203184655575933502300817494538277405 2.07843512861328057561560220809913531317823801236838722095414647805564074932208198627264041588031655174206303468980440246945203585747591373891759686143559942216640049333875079146821e-06
0.500004617638581321127042173007399146461862884926998261989395672715943162131720061167843690892683314721655303183398853885884790630784353112318100347538513008992113692405390754463458 -1.90707612251469106356275053152954620767769176908079724473666442447579588182808427374503001010499967556243788324597469109838513202095336532470096706284980804527142445039225260079466e-06
0.499977697059771292085609901762357855380443005692586949865840618890169058639697689059692590959281419888935814814274042736972277017816616174431110619117810713165060724225679614329365 -2.73650117206400163474105407011431838090313653848705643497520694660958650022698026382959881520420226757276831246640516608399559234385101232260338105506552080754144896533989796322095e-40
0.500004534210144507671301590537878779956689395592389420559400973448418831626929088574503101751223639455365301849174309366768598433013298896821173982240980516326735359964086594242054 1.86838399017381583174163414756974022939484596998997249442721316709007547097206237360623252601300308200480488096729021597370933135956700120353728403034639230338528459741968251544988e-06
0.500004250833489332023403401437014656908320884972722514621316865290843720831322214113610564931845203944573757984897548620791466014299615550197656658507584900432302184850382634211111 -1.71535793132304266655244940817980579325861165100324108498219790302307771780114923958028790454394355267350746164816822581194634203626355226700153436940367093367123769510948897555793e-06
0.499978516262778250649532652662775708244589082239953444279788723403050781958082991365745370071152736820863856511356045739486185104872799200490054250702209621337000287904493771107612 -6.22311643168254735509078505807954667559633148386724184900912288075045865397104848905462978103008809677112705983780242593076092321822467062433223405914663191113822168036745752774068e-40
0.500004170398359525451541564917586372420572917046145015740680317328922328102842177785608840417858033532418491357396195319442682856598475738028666842144809502584923018403894808406707 1.67945010073544037055853409078101949582741363107942135070654748175674380037406892350906153863954377394140482171019736447628339674960764739158484704960323617916183055375664003145467e-06
0.500003909716720384262190836771584203063792958776163404822070213606522646531915738884420870170882018347845285496265083738552109678756344756690097849126062949461666208771946388629587 -1.542759722356698796638130986779403607843142221588997519521041319777334441898182613391143862971654487557242970398251250325066398887194324950714014198711665482311889741673308714103e-06
0.500003832070138093455135223106260205641128277052820569687628200181024814465365367201658806453414077936957459867491852132594767746201790400438934820546196573371316534128713721831286 1.50936725224832428646413903198856918712985771821786363005648505559325493173329727533619094310622376118859707870350956131297545530375180743995088106537789633066359407149008610124064e-06
0.499979291150598789482763706965770406936734948009757367390827707689842057594557586152557843084072817314749194794246856316492749536276476785988714107111258358602255350275660096300281 -1.39315376192715658749903218171678562779524623062773896378387868291335021601497895521803788576435536018600244060856444191351334853331141813585160889456399236879443390493905937321284e-39
0.500003592463959155954953607290713865574326471224990740722523049207769538354447289293788603378197895641166010559542107435055663692634852040130676833879746745675325315783073615240002 -1.38724937057558811472574227344735674132583464795405747407713270142379797915632648536901251675310263397651103864513508243688874463677214661141183497664805841949949121165771657687788e-06
0.500003517416925536733217010146605600105496905553658926936372606322199888330428535170101129388182913412923448733268653093558363986921426846907992768441031168924554746794964006193248 1.35613235840477695421271923934093889980913091142047086924652899294752082850261639176924411283750878752315509823282836394195483018169107107656168675765060257581158713955415632492294e-06
0.499980024862562649237301310701712650885921014231884268214947995674841769054444145927807523235220972116855731475423878586429038259001744174331096973427978148482512318494075135293271 -3.07243723973764691585618868493495403924098333290748622752773007084722692529510810960402966796380859900202987309722629412837355337761755278619868347896308234818911670337393311996252e-39
0.50000329738936445592240636626878824097273223998531318749547844929750368189655274618000493741906402199518956568174933952620481205374200301200836447667930229298446564856810433420268 -1.24702855197266294537492417017681475350033788847179122491826140276582766165490051024236909758874537912978980929790981061119753140823421123026286450084179230555714575413690003562874e-06
0.50000322476777578794503581720353003870634758025511758262193578338417702250987773989247458837175172255994041215918438908692205960826426384689490193642110625309243702195810474846128 1.21797262612474287285400014025095785063079463468193085698579898179980674936883542620580473240675634275723073973693939892577859530976246667955202193311242091198458103893616635353926e-06
0.49998072026487867169860337244018409688978360058597138058285729051533586111549892036675118639102281864035722029894349607552210245353550858487269612583863862261838069474855804113852 -6.6796445305737126453489944086172362389881275540491057991666768493521081533919407723336336737285161315633964858155469488176219845153474765471526296668337302010094519410687233346353e-39
0.500003022935909433001618598091506014718535663637602993019865056993119575300880483777411723197221095153682898642199984224236350465750192314618730143075766794138218558395001891943192 -1.12050383979559741499801491571267434635827182945375138813061186885665084760365667556056071146628931202648795772222996561771969364038983875731631145188551388049535223009470595136341e-06
0.500002952579742991201470066900876085888731554226403928437159339481197643889255615635837944079565746945860746711432203955981618031923968304750835627249092535607598999469375887495325 1.09331711346638723006525734152518106453880354138917952957828378992811678346209108690081036887552658709105189585546874886391403277304057311850944343988937779075961712653548037879745e-06
0.500002767666167943492839038830122763787968658503208719032500516902447503562261794898248811482565414746791875121208267397837745289864243113902560557253849243232536223739729670559563 -1.00626163190838764337553415569126074476891706992682775987960913229834057335689051128610599550448519935686956563373867691814763652517327846372000376751160575847217569976429584157569e-06
0.499981379978657629560633154770231501388079083942857810227876997105129134864363709644529659522945174165363535119093935130105674635283724745278939289144135636801044346851185619862079 -1.43246791552651846619663065071411324664281693601664922714814139477541034633211603705284635143016499705508732690572623997131785561022899774438767120679490254455152483661928076832422e-38
0.500002699428730061681622154100889923472995057887987782974228451399583722803026772147927375528506624951020042906887150425115760171083864796455243795502702554719370885487700961413519 9.80772055396484169508316430363890984816807660806034818862351701819250807512952251580561878619703905922041216714302055231021471590875219287765057341262893610168638429015518003767168e-07
0.500002530253597575093083620050350916120857056368568306122622396141029671961493324168708745673833352801678544350181415344164181864698120667001024645069048115299274394209307815206597 -9.03046372808797260873744745276137424441477029739243569792236489597211971338810827234045112241376882398835998263971560038187311721221394821010871743384376488500057554118390928453503e-07
0.499982006404637416537724370362199539506113232656100527990964884050911025054654576970923334865485800640855747121858687887181795034577548550717378868322156064930021319052344863167287 -3.03204398229193335380572658667815197497324275758576025202438841113220824217909221659844844716865933539141489605784130050535209517549574420766507282427058244060098963386338326487548e-38
0.500002464000841931625350904579526968806130544508898476771344984524876295781667198411363838273027468342548812498973582984412575593696708544460374410783707954665464896675899323494018 8.7909943043581546427798282500328571448389607956742275862542446349527990291079062339043507814763882157228432669986370774463790299001396411099437610323789576301159179410343947606497e-07
0.500002309474345492942677311117052970491316091030334234231279416160310378788471055982462130333930274832874766238013755127524376758450907698511690881259344876924633912554699906972665 -8.09741612788116217543109742566504181822567066511189388707326649936817171336910269456904255286302183779038895479678561542898124905206352704936650413141281057662817604053037612276004e-07
0.500002245084267785407292664184528260598506258291454789785461900478940836126182732417231022432317447414691792895200144450421943861059645042280606565005617689544533954030110386568284 7.87198318768344444147747694345787774406834908643705763983858553113474443136659873777172111982461657798096395513736432329494172887420753749997453927477166204293986824832864302015079e-07
0.500002104199585506374329552636503875954602669403978020680447124383045125752010174326790657184714995887481088680244671756718995106258084834217022370172774760221754225278519103238001 -7.25353513647587221484156959601312572090605372247882427423098374154538416457569948658448668212534816141370798741498081681389394224831625885175630934907223470179851446843965159358681e-07
0.500002041561699549998521155128364117575515118660483329206737102282663927164710987993766216071908022153213520254896739544707166773803936389840700831581306005743219082603830902814067 7.04088668164973270381239866961863980776085412515041217457785801253464917067385469046004498785054360050303361960691459318497125036270358208767015698579077515013698290270295540930097e-07
0.500001913388381981839395187023136754714419095085028246782590617240480272471233641270745890368996260337917283624574494883515718422871939108132714347192819073868750506645574030115287 -6.48996467155997465079083816145771921700940436240136892028562974308943764046222155543145021967411624758264749344487978253153062615618575604731962992850198977072255686854633306272935e-07
0.500001852403281740223510934285691613030856593532928820853564777313126444222089267286607845765471057494668220350576727621024538515429017093936430237803781359307789181511909542838911 6.28897139875507539089690080186992378710023702593688181337437727761181597889911948099039027314370040022736746821733498673752611667682934874874625191941963515486926930212564640080786e-07
0.500001736081067237031857981709168013659619512848904962001106201802908276016646187804510146394758164338193953150489872231635631601966984457149490745800118495849953880292404964277819 -5.79880540633550727971489204336395086268294275958740908006220120939437159641409408331243928327030216298447303584687011563973737664668296941521762040537820812466568895681074866809479e-07
0.500001676660079291242231796011564945781477869959975769284714146928203570304335890696866061274032894648012832197872623395237413367313996159683899397142725843926556594944080315266837 5.60844754048243808260155436072261233914856912994376436555364331464562998607404897055241384408440259014071372111321913703570646859866701238993070226629719787076559249092866833552596e-07
0.500001571393112909714103943321904236157483028174984261326569004526095255399110763036691687430791744413533329073823312418169244794345003818651606927284690804971190542902320520362617 -5.17300505015988937208140623978440906912964664868869193078058510323632675201291764220799933752452283953060340429477942684256699546033688357281379785744269897098991429008242328960023e-07
0.500001513458044346650096509146734696877393209766500173726716213171179272137055200912377010432362239828383658127027857085387888118223543788148687674598170165042384580105114001446665 4.99236094563468183782534169352151319568429474755848335318859950204371397400034436045296266752242185302921733065382085184940859393955022155509249440918968218053516942975840440251868e-07
0.500001418509471781982784103180387705262366021505795611158310471023573404197181402953394295611402053028682143755059218116913528697437202548836932239694748999806744212606314341221978 -4.60626235616986591771524197961952506710993937164506899758148941943809015453821774846922692050178629759644295226722749290936458498646433641129743454406718162438567897045571075213016e-07
0.500001361992459424127025902519780790212036219322438966521505696133144368025213722865079270282591594239208792813018413964995414455983817908005244218700754392749489521839352550490574 4.43449867528972885758383631756133138656230212248343024888589519471326890389813087896445274478005931067790580076184973535369232463135483175175677574655687812247411372059726559577005e-07
0.500001276679364100505120386256929620971014366632881784804515572800543529907211840949262261852610853889168749501788381634807746143288258958236226431629188710411015415585752363914181 -4.09294305516209623832883479826479132763229789167600981776010701025437851636242959706515993762142860164729245585347107723929614780419266163962810629736449146768988026743978081872542e-07
0.500001221522832431656134573412004135857309069475254409357241477769235015957201845067455099270123337463707169030026567956067929277103271181730186944144576585551871885247117529748753 3.92930637026918833497170058474336337558896624483891746417580318586596239010972719159122957334163349910635418807510776168991403997181197526723316203424065440057256707301442831193716e-07
0.500001145211481134875025678027121680909439045985697988390031378865989735534224346281075833464990274810670828691352506391005757820102754454703441308610036053864071563114936155008465 -3.62800616857504332780101745759975351126817430263015528281920509621167786290989403958146914949833295931321749507081342367821903698870946056053283168024106102989800071712721473383588e-07
0.500001091368218266830863960943058975389456302370370812065322237413653945248590995505593088477545576435165235939785664910607585394489693817847662086462404959924644408764545275425069 3.47181586828185179751853075238289711382218915580354304771945784919195430233006213231479336400103273631526615985016683821317541578684527730614588578896431604435463297928196657613886e-07
0.500001023469578224253491489460894082316757105181860193840719746346015108107745219722658652323283743080539484290954515095122732140139289804283344911307644705496962580543418232241082 -3.20693937026377083999244519928026113974655330042275549880325817633926838300617798042742087405372846975460339431808438871065286435146022023545211369723542379764954018373466388637648e-07
0.500000970902941917102611843614838649773665948117110457880653890356702968377098894960395170315757188581178910743297717193295722019754771515496909423935525437205454339846615860140009 3.05758178399969898816177785502048765060650129151089186717237885416792478609127197845779458295612074155278096934036675512541822271671256589760317347030173107929214645950765953977912e-07
0.50000091086842961296836856501054504523353994747499205762056630350506016710783057953183016873847151636033967277127637378987010239595273313177324353190974961323754321650475633358314 -2.82570225268102118000519539860698301370262023146674508740308392215546923852790950994306543574788982866799038705075557728139709864860852700111770243330119363521225644874340910816565e-07
0.500000859552698899748647121054701533440498430604679942100515960833995631647967368699314988253768963606942907837715132238571915537155192963462594465116943395637027478896588835594061 2.68262594243584197935359936707330455623719761995153335233617446725596543115746575602714880520481328617937310096879217911513655518434863224130932326055214436046324409871363262418012e-07
0.500000806870117757693120472642082516718605333850834017259024287809579263221889326754725917741140201567316114809702008884505649256427248543892243832823629550073699051724510255074867 -2.48067651308226500964379316505753534879206150126660642664713664854863212133728598274782363935637379637887930304084936655963239588008093784523380181955439147012603742414339472382938e-07
0.500000756791010437696289836121897458130871954628552477883324165322664600759044539648103459505222731957506932968444006855854687589377310393923227342341526737469837782275193490166373 2.34338871990336412430429445930069036307343701601706504092474415419353802789191250877577040723557261406223870501573085166801704984157483257309384180644271401714586276703462371223394e-07
0.500000662136012973987531127597912102961611119015480985368288368256365216071290031849736165104097951739778131741938744834685431463942897702605093396183159963738958257814232249109841 2.03668649352751060351360158912479541531245020613730362017160397073976157697656332568940126250708108162803713290501086926292723794949032840733248063317967004811738983503264454815592e-07
0.500000710980630330023774237409539203708997909045749123831711239391526700441653078677748087726404429845689585946815428534521552473600954701894068390956557123605111855699040634712996 -2.16862221389139963004503796447799030454287297988465513269581931977056200063734791773987010493842553891988900189315022855553575936824455040485100759876601031120630287813267621838578e-07
0.500000575147564674198249245110667458728825058537065180549453225000411014181554005376667589382164996198352629341305139073635885518118486656305463038105566331081591104638367703801291 1.75967453723504934961664778682715375158837890321809296264510154090216422287689071502777692168002645467740899794526830458828411452095217020565051090733260383418223382633220925962776e-07
0.50000062274673869793915670055087621155897549526389025027605758470722193619830848064542328209376528296017755965065382809244948001344109915178447759808366079647004872482565003021687 -1.88663939250726171493753048767963830109463382238023184033346557352334958994904249635218134458459499032139403136746605541397619973133403550387509593820229741886996572710947800750492e-07
0.50000049542465597357055931950337154104324308002658248131330322175598714148846263658072408710633477747405134488861044133024025828548743870936734870042662356276119575578402900005939 1.50981484164499870911821077702588756444067493763143962713311768783183706024272591088739639650950566277370214235412211152104230161138824481889060562085430584850382108061111669447574e-07
0.500000541753132144290072777150869030720405807999627645603587584929805597275348730077287782590591579328443947076220820669597159725007974998749244922523447504846410653484988498246658 -1.63213440373040517612652350879852025682017895658316801405048865693407582909095314924339125845969645022677409772143870280379478774110726379676729750437942192651634822203008140373429e-07
0.500000422603118106979363132500538696956068756238836324484099911601459425086438789005303886653281403163944106512804725875176026783737140702357476030012728962087917244263487156692572 1.28484850411583736109634330353159794687202753089877010490079303411963550119575153060121574935623985105070442339080479427636172807444798021444444867158629610445747322464174669711557e-07
0.500000467619782444135465924107945897589641992067269769448651178543186733870746198810476558792657138933299379509418310769512153746113699162584355593140594512964726567434673272430904 -1.40279047730192717633109510100328995074207466261800488552917584904869331781107487725817179563684403845280768941697611511000228139480584617629965979077879758689010362899764033779137e-07
0.500000356353634639301167650324425025868497405984101981364832931472710191577642268768172243026750118724338632567020892719827473368966697714302921518595097269348851934086097656738469 1.08277260356323710360268646918958144961920976077616987931934824100238037308097261860743690888670101956747130752144097405325696865909520205527385007171366228960279533585978542379463e-07
0.50000039999951385849727044850467412260971960814419021038264824848846561882464923202800934490027550963450184502636711500362390310929325207362363211932475512091039996390784674507886 -1.19654206963940510052576849754778585931733483970817926482188154289721397661636311631404992860985440155250613722413329609685625513043654085068119957330113433164501353742823465021691e-07
0.50000029638007581044718210960444729272114328330498883562711684544904786546026747149106385787951744761422612742636920230323260110067624797945399182031596382788563574596937876662272 9.01822038772194247126662799580474019039958787166624224773736698229985610766592369774366277220821843685439458455447866258229737692628079141054979286498569350939917515171450333239476e-08
0.500000338575754872985294314236577248809264590883205512810983750513757035001171185400725203095716198865376131926102049655799134954160565206660592111834561197229523322861348263197276 -1.01155269026844445418213350679951082761949758873989917788733104742940256574634396441192512072209793516655017062605726423048151392311345827442041334218610685753333106676053298344105e-07
0.500000242418172896981948550832834074420563390504908312857191107123758626586204706786947414837293432846735712179316973310157420878134270850057320266752608691747566837119462787808537 7.40458194229286074034272030618698636860771684156524613721811300566216328214569960157265251390296423378929005107219646344060526134259773912122501300923595041125856562671797086775272e-08
0.500000283060452421249473052851291268251916556077450991944360593807521270586218299088804682468855513537232266348722888705681313791643899714919310270409507808759680082674089810233741 -8.46195996750315374391940067513105530563429812484437578446158019823371302217602503893562764637337477189678789607387500144143925880986819326052963586082132670143106949982139358869404e-08
0.500000194234403406695981595550968557527304607947118137726963834793053370931272692199361713899443868385430007442512484413957966674173873864086356397581045745418410094314151750362917 5.97369667439956546598442167518598544687566535217732370721875149906746271927270265578885467065934547271835783787162125836811546344732516442727048426422461560318036311276556276330245e-08
0.500000233192142986272618368561041329658418336297657030876307876208180733365694215239173523829732489930524307644798288393727390377570314877178640666273497032839744678878639040021285 -6.99040068971016036911043407526044176357106505974163517552257765073276926672206492692611117389793404237297901815166476742835124133818916860887822207802822892423527477629560974071907e-08
0.500000151624133538708010440842496372493437013054019240730787015680894665055590410747917703765136989233172577897354236530855616287190541938175728196804625218102655503992986886047959 4.71496771433401868809005330985475455469399483305410212034085031908341658921475558547788191967540485093629391405528033080317973356490249737397767666230388938390544171150951322097668e-08
0.500000188734212008526610642352259660487944596316781016016667256067921567382956373664636247459589368833999318438120874423245498836767358963338055185774082755644997181454830988118358 -5.68834808357955470397499058539916567796357103045607575100937640881201228656371868209905426423511340004939908803627075347181694970242704093632993922056489568729308886179431614431383e-08
0.500000114404920522752740621289082281550509604119315573466912361315977591285782792732991064713132153625747815845937776711314059300758216354095126433397126276137966997584980268534402 3.62093388747951708403802035224996927237033173567206229596696464272454487351452579068785605019602607308162512033334049777899595123821647078195627068461426903366687692494371907323446e-08
0.500000082393361261847942056171172367007574759404435596097497944695041226382846378710427759446228278305564458520196249834244883569569246627439590337969598883710469967617288344117955 2.68778322032732262312934016598296937130431467004446036383686515522983706168164432198339762851618283784699247597423061790248596694388079161038289333594890728489915763595755895780744e-08
0.500000149473458723336758351210198454381902059573045620757280265362159276794011785193915216276957355930461311938424234466364643985086733019002254249669555276467019271401644091274567 -4.54501977805329836700971422647718276054783126556918061340885552671856036617689074533727828896447172601050424356401510240515024278626529881935273421185767878595408867232127432475025e-08
0.500000055354750995127845843182032869354464417778993315923492219219368809513631543740912065874261703445159477271715347059190809821834598776341213945495192053862978943585140205142311 1.91237111125590981122869927975759161253975109993303985831951686519526021393347916566291727866657755790565854735751049707488508502537070282106733888905406417889157405882571891331749e-08
0.500000115219229332113940722613132779651503267592222138182861153229723639564345429498910334353154004084572216665341674448468763277622825056229889461058069341927984080296882844501057 -3.55125216542465277785157614498791271417068147067718212409649993386852648432250229029288972828666351556500929964735396202042024466547545230764848727088792059005614012231207553669278e-08
0.500000032984345812101931155687702468202925034714011040077289738621477051366132698446341703049081371018675986046455757070773511868856186212623785611446747918024464794525382521276451 1.27919065491501046945547281134884935820829112148671047861859049806110657792146574067125800956953387543572437757969921584053688477658818349454492326259673764045448051188032204460327e-08
0.500000085803412782260530714334054969182872311169701317039803926100461261760228773579752844021611012951871829347556608096871374611409734986492143454678238445803810840843622938458342 -2.69930187883454079538438777968996081323207314617157395314802722968399261824481237374210790734023114046803494496906436599266562885360197078030902546454901838474086782848829935032788e-08
0.500000015052709113681950151984452124674098201657846500455971710507286131703708588524025122855825334088761500540981736613475050260700739623606562014092838672835236463174849088630439 7.42587109834980696375885599982275025430107600277017888986060987360645452500374179361797819664016356883870036283019408935741834414379074995770549998404947099233253162644490013783904e-09
0.500000061080541344135653059149754331594617934611751088794097367975899083790295795631052472379736627329892099473140043339788496265122063454970428811701356530416630011486069467961358 -1.98229036304850495570131204044635618107146002130123956456517028890541944580410045008762590053215462639088886258434705893379448853453977176893890510895637390826059421946762162550812e-08
0.500000040922604833334845234112619668492311692611410829886121672018131908771735226851283396187360067664064046049858908966162404712783748827997393409879850914376736399767149988387369 -1.39291776581390724355121202629018928916695178374282312601651235090988497428153608115714707843168517459317708136053319593854024012711584641383709401080281306099232153808889350154419e-08
0.500000025194829823836412815218293816434289684726515777159764869397934531171214321955389597030272713563227368554632853572110548232815857744367520458564104398183791509334554894237766 -9.21705403206336775991062888653965018474655184836752660169388628326495506117454748046654190596974749306417293956357152025222304032090031509988072039007695544952650880584931105806639e-09
0.500000013701670114616327780643104005281016526722094872175770049093832261276113776644382036991400048552246566714318848035562212408529777836446644422168845534165874958588139351722022 -5.56858924155459797459936579368832040598911209054321417100430876139440736520507434895598187549232835077038399325999905418883255180471027358234989603033173228519093674363756442273683e-09
0.500000006118633555939318892404116985792959462562865832443636715074290176947830359170440529333348920573211678686701661991674799599139875301344819277189257934099554217872506028638921 -2.87807022125651227477930066892770402649592215615024871935352071879766540401065532056367888618452333403582668123698503474195523873674495130059677261449864184591912077673365514994684e-09
0.500000001923200196397152473141641256249860432986818623632482153153713966217963009988070223750218668115086427295319772187767081995019784508177638568664431330478363282786223403601782 -1.09646839556621556484889288044775695180038507439200206459341759948199927979793738265537048427308389160540737122605059889237036732286583170280466760776086183577268377578089907695208e-09
0.500000000286778577933999008195337027012442959270664479525615374326125187317894353539449716203555652966902202859917493213388401298737610747904724192395950750296267321303928733876036 -2.05373668771206691529632983084173346789141962434401462299230471229448274083179279155411625512541371024032745035919720920377626337518712820266549637755554501603364270424393073058619e-10
0.500000000003735049382351022037958346606931782399742024686405217710117401558629986173958596857640208009133696238270831513047116711988785704328266082965096378839674817736736743714285 -3.22606475873266217723236473372401155716948607510499262822955676451991513397346017565939365440544875513669812514899684291314055840321910666377953935723201288624551120476058233845235e-12
0.499982601745046710661799854734421000942202537604874208441975300622306417959960773997314426434039054720795472710282318971239912929429698736227233732807432942269476181325804229472387 -6.33792887404013454643740465342892989897098923268005456026560264280884007226992506052112720738137898633850952070854125405274627333162946213479108955311428100835265715584798514602292e-38
0.499983168022979400114651374860019954047314117350791690430649879429061491295806719712682426754677837472802515328656212047861750113997812420748704394958544700343427236158693808507187 -1.3090264764745006632984090854967927352738252466033257581132934270097913801741731673549373200987595073319770173448575739833487201471984402706513546548854773953472306451003609690248e-37
0.499983707099598448495516083722854789770814965793642138387841452723228772300176837193642826581912354737311574651828407196593457386855439172111073205352236471035351714156649764153976 -2.67272026807360208849825000249272984889382188031588557065207089640383475590566590752561067617420296786364340804225279784374740943867548648475573856917353897693938561086722617691543e-37
0.49999999795353096453438935218334600854174786100234351101412713061219455252999868267115638899401362495287571170872378546136286247271048990453851200663032303869446320850909236140364 6.43662596609857990921782790418661811973788832614558289521906465902675884629698403882298675107848725891971105322177404189447380979726477497832346167816158965313035105270117396117332e-08
0.499984220689442706476959399786875401689617279588940402545901245970119974829003250348423875451661220578885484080560187970409916105373185263573480484584477909611147935520026285116346 -5.39716013842357717282806790633747729838460003332647908757737535659560158340874195448418491709823027370511426336176713504627896876212003899823534708305968734967933040972432983550496e-37
0.49998471037407200975622094822161820863567533032868549260871032355332251331030487356987885734636003078502088820718530850678976823322283313127708655863816107972639532370999049248226 -1.07838885643374527302457337201712041833178412115489574373914014595368384647448045131744491972113672287106486823319871259257199992873486080362126431127956276124251497760652217885987e-36
0.499985177614253563145860131040541150940566653386385238303748828142576598396363260090024846046809023268432363172512822714262696207184680464953901438853313344137249658044722765105838 -2.13287324292028799359667049504983436306006936628291875251480198348595180889059494019949387775181074254449517979812699191287549349958167570138924960795869262651205945776802709726513e-36
0.499999888083587175515655861788510908699730338849635959741171040872804982455686936971904756703717542273963410261419924773964931781004430524781150860256963688301357353769758031451818 1.41339391435704481864399424692279186878729957986750216685028533893593057478991406964194779600294664242593258190656363862170120657397609911676987188626580596623974782270672873162329e-07
0.499985623760865133799601240558749503744682679815025526652745960010413995155152153674889294934817768093690731146956618313061599212097043098237398539923857372748555719637841345416051 -4.17739964015127052947859319900102700966865959649759341607928622647049691486991285763203513708098508888854202456342117910423115907571508672383705571709106997201387334493282052961343e-36
0.499986050064667170474384152154719959706412588524743420499058551387780565565915108195739004163871418414563188561044628662459848030241726305535462543697526244923559871139462192660746 -8.10515391695233804181273003794744270458039836946130673982666988096188212088978063174460684731101827973025279840691750080107118530576409611664747644195529016370283440777088475745776e-36
0.499986457685075976728511316208930492407463993388088393760318370793292340285333015063300418608569835850200805982853889211184564317896687075554846174259403908557963379273480396036832 -1.55842364123498824215560434433997506682266263654829051060479610615640227564223707298632868660837202396912191753088194924961424331947090210604799075142289593367706242686978668077453e-35
0.499986847698052953235374144223399693495824918890748878219835397895015662359933718689248141699829994343302313768451356656614560031930559354968327671228184618080453023569436458463564 -2.97047544623659315139799968661195954626075248006794517259249015849157465473971802047032888180302678996541269135526414621916980716380084641437761018691506241084670071419831269851411e-35
0.499999700379210780706160825557557590735616835235451137701294701585042932342140870215505176227902353145473431865348923381398917415383532310721898944320983070037403317505568847586574 2.06067607453243011905489833724107990877556982514188701511963948870391898806807911566816467938229937885160498166505817413604446303668607419635143945109270640134530021771751937968737e-07
0.499987221103210239181695942490240574402910006714109147133024670033312172992780164620862014155502507210456204819925659466436918913129970200687795800329448109804492454697101796944042 -5.61464980577626905237547276678558951885059625795656682829191085103847393474626087994580563750169896058895002871447396269623925300123914103042175522253625278864155366468838946612802e-35
0.499987578830220451558262651211210201669105547818355214450735221048944334220608988251520596943548872767614242401110525156317829133499474907162847041623825281610686112940059049306936 -1.05271099113246589250536732324338229469829270539374262512045855811902631641300528398047888821648747710265680960343996103723321209797988945780437740907406104138536234459868535268828e-34
0.499987921744607332388418624741316241238844951814319768794294825613956593586809100278263499655773421663164080475843754950780614018695496354331769865415112640495696772495514613945403 -1.95845136246545177258121220463049959805044954044698207128205201827591722135567446181764782712931959102514762605756945795308256362369769230934041671394954089965906329313851764473808e-34
0.49998825065298470680235282480023408511928002090013875719695261087246470930497559374569439402622362273866249095982666760706586597860819030075878566981580182234624646896087436630181 -3.61622313513132545259030858989796752357819965898962216596853418920216521707615907815385251385861633661946751337895328030905617130646141755531664444219378992549117200779920958589823e-34
0.499999452386124071353001389633084911334632307812133043231503979314990107896466888771040082586701330112317209124189644599621386630185417329273077507806739954269968103508162623914889 2.51579123739879929069012981642574416028449083652689169395673786329009596496029950751465584572988287079159981684742695757059499073802984729192852813643517855360179967135696645751771e-07
0.499988566307803010582133916983362502233214273540316033072854742408343327644546685637929862400259307263812066901652637605417397745131773030763166730470052619458473416031287773382624 -6.6290721363354469428100509331123072739445078255154638778590168594198941684308046474662022514017760260282009736951375160178164407362892588334777046574294618566624979781380426267812e-34
0.499988869411655580372691026108815244843267988347748390113838272839571112678891042370358138370826194895550397417913010039772299536487868776102117521349707968172274683233489451573245 -1.20674820301747846017849827966016831090405175056438841171388433743465094378589990522422657555981491152427443299486158907568601527804676079224565947303040264700265239165168031704069e-33
0.499989160621190758038892395157847611187567122520689286904896151319167332353814175303931255535058901535374603047753023598381086023395651699531565474672193331470603004935103478135704 -2.18199415611422616419311743552002323971845113227711851303573415567666780683618781045554972256876173074584161297636675024055109787231308987073008090523600361783809740098736710375535e-33
0.499989440550670511531253532720752328333313375816309788014411993337582827479605709652294757845250492874003791076218889095456475059565670183528263919632056186815751498991693391892316 -3.91981655508342688305202165668140867849531202846364436916979640157430685993945810521678640438057201015457173313969733954305624851193963497178933727724240108048122736960570659771403e-33
0.499989709775211607028846294521167752888139975151084133110444496576938847158313490137202690822167212731812319752184101909252120681889460304028035338232861968858408055683947861280153 -6.99763459733629811190489783320457621886408729741834170505768420233702887376305500163860063898771469688114789318176401472526640277918385607900162384989077676993705821631134180290882e-33
0.499989968833741286750076117361631810095883022785391309832889825687852831180077225224820463745127664853499312455443617127299430561020596014919238262764593017861874060303065022182797 -1.2416648949600197616957545585140333975084029819086974992893994085871546455245574419782450337621565151649491336855001388243901870759225496420567483585780953524927868510118739826152e-32
0.499999166716140026559851305173308398462563870381395543807056222429021231993726532728582412872482178495051570943712437487059792356664659414863924647823740253406569505617850842796775 2.73479627288845629962228739328210578870796939216445189479001571892367291625705166935602263436835960978138008747051650301116085789051523206110518078403269247322718324198054742589281e-07
0.499990218231695833411239510284683838533857353331367702658507038708983829290058867257020908494189209171401358444549508756688504337664108839286242019222037317849302730680489962262048 -2.19036159326052077805107836133492043649721766945408623644961625986253511118363895853255946422528559940483008442728037795275636083626403764033851456848182863551260397803162757433501e-32
0.499990458443487267436535449699380165342700947424211263593730494226951172402745971343240576142042901225318023766139045296786783948907682335343779272961645231592204442070491180631272 -3.84213613394852434115593000951049344705838056589925292657849461028665838631644439016163172089014674422720942046723173489261699603316923378145773456857936446166671499444710199589993e-32
0.499990689914760668203199669713565911710171488327019394082347050741357704375690199020164837843456248616764741591179602783602434401039284398908749649697251621432568523209039791793652 -6.70284623618804675305510875582351549742648052429369613576140519141704652005591849915460022977979487214137517591729832067292054496787608185669649939207953896932654715512856119143085e-32
0.499990913064462185767957570479338328150738681512335782609429676334729783444646686977418288626508906997714251024857851429699760327197477471238255616615823201229931450667392738858543 -1.16320535689207269443973898939277143234911028210945179113246073714659648202277750393796284069074192353154960287472998375385191823399514564792210701520959396494688914667910147121857e-31
0.49999112828673567170390898298036236157661425265065626255397671171170064110942164408388847768547044915463923705384945840964917810542658455118008199548236398333362770821724263073694 -2.00836382227047104511849388925017524439008787094862787047462929206334407520822444287158202667081349401899339098176401300537715884126617868195142837309101646561127876600217946524603e-31
0.499991335952663969948380723587664298052230190451812785789291152263222752968429620114781305172729579277528444366944851767433300945038273537677323258227256331703705043659018433027208 -3.45058571318762594696522490260128419456545822908655575394961770050325058318018717440976647674147298352118194212636255677916149882156699101509730382359810388466368982878018561433426e-31
0.499991536411869239114275868700935288350954913976708288587407936501505969006803846253615161964850046358141122176554309805336472800899657657815820186077569799982578759883404575843389 -5.90039057686780116438336495622098313948859738717680032723215979953532757333094074412587597146782703107335100863875976784067913557592839694727254704893625458670389941139857938169178e-31
0.499998869265714944840908356313717360284620997836943636929753993344090882356527677585908664992995323754396510448924586584773884194673746905674467260578254548234592775551965397874376 2.69724860334695313138325799030146357193976290790229329010802162523694032879711066574535551776627455571062118571648421938973989150669159123617097519276620943274944629126433426310366e-07
0.499991729993985199104728356401702176043306942431285580684249264285805551166163296308807399791985725785980670801546751967435125174351935537763972548523117705567095089493215614068866 -1.00433116130386076922882975728926599879124513303332862783155120216703387079898003772234357925122953322267932617870329136445624327945551179435455407748731274042722051386200682875297e-30
0.499991917010012883369935653721079813443689965068464977867077042715858755728032847472085166462215950439977537682926067392532028188181339573333725393111195005522173589070141829841704 -1.70196201687905695330311494373016128761495675845136291548097424508628304398589815087009575587228140320025903680423351497317024430464236423236408619945665877564085906140814311145293e-30
0.499992097753570313213547339252538705351715985320050756760990050018749599903368981613880599349703657821261745701589076213071254714328871272846865840614753040489621199724999499997121 -2.87187788478827115391304840026694150363603269482005448357214099515707184704311256804773031024493304243117481277475755535862430897617074820673106990193166388811760008265290631973839e-30
0.499992272502045474375758720149916467274212171091230747241478755321491579297950684742472916702455642031941594390009430086823078697872372694097941005877148745203778186201982203333699 -4.82602677518436195521739640683615829793448428868965343546304628083609153768780941448217975392601945057639482786959898516614196499969912672486002541932471961158880678138560475299359e-30
0.499992441517661053210222668985868710518488048384042475204172836266875894212661027626195240445169351726895939976526827661216498481944252020315084053765118133704469334705662352382341 -8.07762647708389107764401553824213406434625632802783886750352315604144901509368567589954622541685077016577195717542979781116646245150359935057658522497827097387203128569628022244849e-30
0.499992605048458566659595067270423796421197731853947260710335586639502056212322934741040945230609924512178772624597257695468211178005333621027290605983818684946354109632940364087622 -1.34681823028736141134452510760151197318319809107336343284057694243958075222895263724698178076222110236963011647767946738577038228928466002014181513062140877844339354337117046017139e-29
0.499992763329208785176836938385179649682053447121364015304463783968085155475959586355089034071405256430110926120849663529250664728170966887209895875015896185962690162698045089533853 -2.23730223168380187389823587494354952134685615743526181799602614847862392097594616614188390858157556083432977066657664020709177751612622336728133926451570349819921165942243881253183e-29
0.499992916582254690484581130645248231970745860115398295413697812388994203324519162958962718543435002989775329162291335986490225552097912670758919573557118689565222412024969673865149 -3.7032967800308861205240261362663718241444490374987741090070426886504903688418852244282563038358325565084554016813615812662070039119849392820878588882857191303668816851448588105264e-29
0.49999306501829262164957090922857885470926189445436967062679085995923477316061586742355350482086668770734846030401749932582826136375733301173905786196991328705702193048762553580686 -6.10881368902633564953887881016551126336555531725263904133371355594544330047392251070301311265949074489730825512994729075895569448530870186609208725279602529469144637733310119843479e-29
0.499998586835422236689131455799298271924712772478350054441910384987983002049526046815117462424583158700728494958386212007419884905670917459680859101705977100221590651871266836197855 2.40653112635450760035341291567591809999490369554180972614981926206020670234804273356651152097167237908227738028114475412489709115682472277177201824010397606268901433464154878419636e-07
0.49999320883709673552481544433347733468825993961573037266229697455520631734277305963429639156271883290558420973384099326530448882579221866482142324509194053914498074695851179024873 -1.00434913077973961774663008367049702008613717774934323533823139435985279478198811661437360062353167333498668160626273122291907616869812613694632038582877825822967034379212800148649e-28
0.499993348228191434296237710114057946937672354773210227604678687737234847074762959589572688953878884782223880415643339718339026860220038536539164719469251801380878544860959119882408 -1.64598438161127190433154976895191657258164524946174639096390803387673612310257360847806596103898720712741830767106842831952819028476888155128802801865778581787698753703988795319066e-28
0.499993483371475987619375419082175306117792880281302417542294503940678773565643392454194853973071438583570555949783292165573062161671085529168635468835569859732949611641440702161081 -2.68925769068984254006381117417455531826172385419446958000504269489189515355564368641505101434254254035888638184750615496015390175889432124754035970923829342298606051803372508217248e-28
0.499993614437805194330323935393557347561055928172084885986681879688249958711679717036324231116601747676542637164201396024216445924109327095502149290813811226166676168802895555115286 -4.38082872933439976465084371170577081273849104677930866624576425717593736658454412193268194052459274600939975257550423425883135430367919131444987597601927721621598137265901515231389e-28
0.49999374158952958428348332625349869931659131311074888607059795609116602734659602676822934249158971912383864797822672811344058831118386672563682762614883811463956668144526654937717 -7.11619263229353331368186738387366791890288684441628057627255062053160214477897683103752652489264203954342833162055448911692046989650295649271036839260542118244723178641669680961254e-28
0.499993864980998350380100627929414627030113836646386974383017250828012044276501239299460883778103635806477473550985936948001460403522892358886109225921377723288224223412684079502454 -1.15280581371898783084591173519848591810738576076308600167122895207160293364978300089784996709706280143134846795675356952990121626760592224359777902480918187864959397263827840728784e-27
0.499993984759027920662604943520874662118700508518343866905831629213897387094736165589658205968057985228718729124571712541233276299116556717785473436290374338649076954885124345046873 -1.8626457384374099128383628452931300044673247321629339046865269973299978938700258559422315697269787065564825078968342931454151018563179117592728209405987834729342485445557679481535e-27
0.499994101063338827239348499632166626957073214817148295659911443520089332374135427183441140969555820653942860804688713410261349772841655462401946411460924585205967284356877858791363 -3.0020492225226031845357681869106545346499812772402735192507568218025242939916024898783607867809888611190998957095508118049267534622746114176507755355801233308274342935548514940176e-27
0.499994214026963299921563461683283760278424519616252884138083358485766596861347844705304067049241350597146836404828164438538288094518370478854975303347965203716054954459083344887154 -4.8268728205805416884934069934222235787039076922380332460940248926545456873753752771947526805045199709315757788509744030779503950790291711861468663656372766307616784500167909940297e-27
0.499994323776625805272443280622876564601014303787544986899428321524011311248697316360536914828463055367670436714144948595002412303771307409090881212411111534777462270349378065909507 -7.74320567912944766821356168649318232562152048364590973172121496357667024303196744144724399027863920502839734862829096810603107449463100124934608656104335654581733647840693934812919e-27
0.499994430433098564045330770626426031820671314973518224685963038742184128280870748008382879944592546665410162787091871666532543249773871506667362606177568261493139010522336062631002 -1.23944828476979341028293837335108554021975031767072251173754804905476339361203896460543143204471588709236804885806773154664550991247589293722852567543126696985211119268219181277239e-26
0.499998344717403154362114820731927876238775038865288993235555137172778906503954863391061109080480127991777730469447505126897855472465327975554042885550974041456677823646363967184698 1.88887165363017164883999966378257944160480736670757575979536276407502093433125081312046182638848479223789145315501510433101968331651129644568312172729742302827804690965663838761481e-07
0.499994534111533909732425779000339206688886993242739194780293167010429365334156843632760223912050519649887720538538275888254292577472029831128665338572627934826285949008121139232855 -1.97985754864265608070028227027568663873710269543443339178125333459361060647302084084168979200968748163504925070943925362802487492079314386420208815678969311881148050342420035234798e-26
0.499994634921775196385910685611622925955133793219036161797764780435152936468722340076422578427509050904316370302794172197835058576687493887384970078004981949852382130103498618296583 -3.15632819919900241676239421653761364621278388700864571897034431249494447356976595777293287744204780628047218170610936877099755033452512816558824354690287207979742581145230331473964e-26
0.499994732968647823432783884971643474700621646608002035284027967966186001790687712472173693280508419011060687526682939831088953293342122483209148755790117223333692130263580355171124 -5.02247043056074852108977398817470727155117943326125812693218120299141970884749961114664294915143543536960333072819370796047838102111563867411801876168632889495982104425409255306802e-26
0.499994828352231817477150539462083331269707644832157822220502559633161617263373880718643396186149944872183099404570079955406186167918695900312575960376246216573738387135979600386342 -7.97780890312397919258600392609437728968743263112438495332868800150615300199755274749762224437281230152754715753902301770126538621103423964105295119467938394263470414892235149198344e-26
0.499994921168117294814739164159962906412066567506151666410802254691879066745749053552421744603013005633774412647324859587941459140881426702479276299484088132484712315277000759468258 -1.26509916135198757072389060701679780522199128711071377462027507474161934794174823325829033509636888289252282545521497203839676533546541478262548080328785607959690572850086770858868e-25
0.499995011507644022453326867964362891217817009343344382637389028225491438802137505203152561554912407933191505417946601821796487432216709183908044025845378524461747373424429001765273 -2.00301250563072340777819255936326413036003251178527494965910136008240942837944510134930741278191560782324955527824897837233721427193133568769101146875890043254531553771863092712456e-25
0.49999509945812619883740952395217076599292124653209101771767406779288730102748075485919973139263681659670883592417261033831815657780344947725099412775424781133502940272668573245937 -3.16668009272561755941739827496424794793247936726805112651078770756727416447709856024360853212968636946840830673820800008719455583447800848130203976493489948420209834681801316892872e-25
0.499995185103063487318741696996971462642340245906494379170693381442273454672837214019384925023264892293839503647650034669385232232029493105409846131471470966034145655009051894154685 -4.99953179613678102528618788578068678574029901122197227979369258817885305322613084101927460399852392189657624609899827893084052580262447285902193595458826701984988244342393862793339e-25
0.499995268522339254892416332111465239534700583701308962779915363908968705691879292028783777470601174015018174090729184016123847212376886122905699434399341045556057276582175221486951 -7.88319402490730448952172561447862399723896052953032377528722266955165039679664714582511524758683824125478229884260536513183081840479840578409995755515020117669584783567261073752688e-25
0.499995349792406895109898346030215700844874822962023759608928083756553253754230664278609318415127950881587243642463276558767920006517505516496911173732750788296242539860564232387277 -1.24155504245865468614977449263882488703825531803963669260109975664495899364696332505111387346910550183328817323683640852825127227137180229213820164523894629690424398700290093466386e-24
0.499995428986465046738467685278953481341880642358629763536743576430146639876588238841719281288864242282939300129577817471213509288741060374777917248730998836773627480999841587474625 -1.95327704996656195837908473849939516385702442720955861597515045339008903647914123328373734326194468315466657056072182961074970434038066280703192140320113722088261937253087955302169e-24
0.499998164486632280564816186672967261154282391777646594412748230247819793595419780073133399984443769985473788962564685467373526938508553352055558241133810456474390040233903802871147 1.19077520172020663783984260335228429833180080571917672622076582755930122179151166969624135810368928076013713747811641420732129460111792983942689657210732085466901238744542643747774e-07
0.499995506174622458079038490142373685539004737383776269762368407538868013147836499473718537651683848780491603740259012336246115353695463863821215109398807432636127631151177878130849 -3.07000581772537664387202370978416856780322839419750628698542985768059384002172859064459821655187205988984912480344966440059427560784671089935853987453659883139514525724641377290494e-24
0.499995581424053190357913231555835741281078829720825751480474854001618976772994268327558404000111739025866990552052207064577876735143192506849799794518117925781877097454110074118709 -4.82098327641515771276109545781128266984640078579373694390829755910599877711885759890355461899554653658910083837872471336535841033523449048473492952000564832314767998277851870133643e-24
0.499995654799142801801448840040169841225581559191442241994434292573618302110629592881627348772953837318460557676726179283296331046735422881516427099443530758709274350803786599594759 -7.56479232968006862345792995171429583657749785326294497906467136704556653824548370476366381332261315292333835543312188886837205413920692674660010736359078651385991272864273369878325e-24
0.499995726361626106461154845292026692101103978489808409734051510437452593035122607993583410446477575617703306416424181539023971062127949508549712297966642214197649936740472753904152 -1.18622644446852043507126666094550131175689960875162774837879141456572245412736325616997046695887891339522759686302338375349204647870011365910492726524562002864675290255520481491767e-23
0.499995796170717058197323057738477868974318908755232100252338507250898988193502081270350987675487226284812066048136969787191895456868855577301144904516852796570543000650328245637142 -1.85905435318488317880989440589215707332563260837181221074979846414060173587736706432093711046228381083131325515363480166637486065444018528131258132333651356446388022919777381359091e-23
0.499995864283231270106047604461167134402834455879236797256112903188101045822248930238510136690889576522633006019984822161731516817955859545397090763629763005706626069575303771043487 -2.91216299006494111994662642048216127385440073498531431937947640259273720814402182119208623809299809299090319935400374697494053248212937537984675607705510316660585459364723067393706e-23
0.499995930753701642774919616026457133865665681858545351874456007602368357082801163304698887752867854326623895496677905585471609134996477926489922507719756389938503495577285758183818 -4.56020315403717512811674633036824924672634630326601854652040992594799175689035128829646131868277138360354326807519330797571502387915235367090371952201616749272944377494792852775075e-23
0.49999599563448754079414759340608871271003463073480894726271234157501457150421486420842637670335113927814882380566438428225203774862164399871242917127085615907184974331658263020894 -7.1391110396270695743628316003349269899931321425544732969617808270440441590186640505250179920980725066223773745654487375251547535086159576693166084833746695969497572229323501854031e-23
0.499996058975877925676553943194114921377518010131512413160982485363036552170570595769334495893334589589125510622840959671637059031559239287936619655575419931772571942975673251781875 -1.11748787365771301512863959082901326599972386850028362425602261977201589081527324046210795027383915780772902606931885998686073617941966751300393958727270155853021421623514709733073e-22
0.499996120826188824520103482679572544098429789753991500173850921287375626547852127073310800660860902653601046705008060446141391519671520064864351602302580956833078754047565669354205 -1.74915553638609298991430040366442705673965392453233663215358209597601257699323982310517442639776020181112873938441589824540352232663305253235323906789831886536497999653193981442388e-22
0.499996181231855487170248885048171604549472285285931904561706624820488735993561310942770836881163762702340656240092165492299655247261792139013162589401001768370832934856634513093252 -2.73810535370842500168412384269953620746097857138238261246864911685924458309660819784006847090776963431754514110952769804881557918499149564057378671429173607697197672931048908743833e-22
0.499998062332048495039716083325536734828198531386689721598950664031255112448433855427224724913457059653393528700040955908355011800488442112531582196732115131564978393278038325004075 3.74783725663709798460068121287869197009412750972877499104561173597295373002934368071226571067571028174310988770338865700606264716712367729977036846055843276829568886488805636028659e-08
0.499998070587100434611419733206274700958411529119065131267006537986800489701845864157125979567836529414215821015429297610810621042132892334051971213136911307211970393097021690070613 -7.94120977677489341780175035905853386160061063815372915655179962743802583808923356153443463087596589982052742805867412630323940738591044288672467008646819460711440996696105289738396e-09
0.4999962402375195601158206376778909942385344045963162105874533154907940103511963577017525725655593686884144326128810976764449607296955958369003096795856615705703058076674593532625 -4.2870474709888442225251868995587606364880025996595845764039971260978013313487625288528207404578235622261961754282992779439035163650722275157100367746621748821808361927806168103914e-22
0.49999629788611158270836617483738507998872840328467140747506384349004557348922936204568161920215546163365529801084331577469837180141871025790937899284621474084774256339793175143163 -6.71435611755379435212992700355467014264511656157000393208582731754685609960725296795186050706312382764472891750271064996536572129948615849201480193008123482869760656023163439279352e-22
0.499998048402664088872992039182199808910341793144205870715721212572211854485242611251340953140650688587191982542986738497308150404838063895428240596861809163542489676742125249499762 -2.89039722634274636697927608216968158891207069250224003101716631360582866335261685967123539203760364330477073716043630864785873084967513493463940961644806672519969933314229408529694e-09
0.499996354218929090373473426230384200317712879119056779071912952440246057041328887661653867448201424618354819450765956404354957098791575736848501939380180688369105419515728421507197 -1.05206187317053086636648967403156544865330374395580762531689455836359494908192632179129581750706346377388930635075701282910486680420405206122946809134546809280338016698338535649871e-21
0.49999802595889704832879736119028669851261704740004354506257665520172187592997023653097147690284891524613971350221025426463314058109567297870520172806962019625861267366218661145636 -9.30306016615066046064508663335245986395423567822094931487666116546408583460491701508569978252191457088396497846958265327711634868605672076267325349540324236316906420744479786355341e-10
0.499998003475010444781309267958392317671281622048289740290356818698171640729525613174003745251868202234744744900281722399119898365543676262241106116752553726610818384360886308920538 -3.05653013677975090492727211863496167176808203186154636076201123602152776155343657967300116628896513765681413248679439364090819702162788969338060193928693657793547313488666388517387e-10
0.499996409275710590140664730106729232774186352000690740815693277701978024075082648199326517559787041328012070828964067255254462364419706735164642002520655813398128425113131054858197 -1.64939022250580515635018785298007166276766806101514091604201180028468885647934738754693280463954754972660925253668254212104347840949341426004718272417279149082536667980689699419144e-21
0.499997980706060009618632294811056704206268920152554816356363753265171279512933070881153571662710812019569125970661961128735967836790424409428128885788655911314538484712544022836916 -1.07027369842629830405908746757646154363524869045484785710629600314212065493035216459491713518839406286441505276828216340981789294618918440922462470220990536029255346492874263542869e-10
0.499996463094705655925744437000308344242628739449286877876868443344578874323194535609721768604963957200537732044178281537754781674933961942787708198027868900767427124848536273995422 -2.58765766046944589306132494117235344248650502410210260496296266196635754072319169935296049285579890477297344793187368821711011118328623660069383928352162993663049820523420224364086e-21
0.499997957558989892661357381286215492199869988052112109080017580458026102775373988528975459216409534955718960407504391656527833072840744364520919403925885421535930986056356697693652 -4.02114802146727246885021707298245051586361919178972573159897992062651473508860980959087631926566340438357631213298483459177026087252858386363983708352940188642175711315692787589297e-11
0.49999793401047817424736397964519342619747524098473296140465953956157965149817440890606349825265439038317565370130404873043107126263452403844003514419946881704780690390940590853742 -1.61086039255747170781074071146286188566454227465427492911014940468991371735949048406415792196996466991166094754624366519520075432874223110808990321849090900190217174919700266357357e-11
0.499996515712741374437470768046662385810400502408275238900261104406565748628386789615079818930803116345172782258475816480770613956366245535940191221231495607692716193392497499751147 -4.06302374877547383871632599476637028351972233390589964241933712614912943422633753985694628153356936455765289182371999061529720715210416398354472795093166542355324966134421174861888e-21
0.499997910050359437218666981877407059338262589951222752922096202503869144353424465636560701753406107032927417632113241977353286269723809750030399821570602805942512104009197429380337 -6.8172854106500159763240324913110485086175053712596681864261095982653436625618548856626845739808735098546473487207533918267218510334266893933876598345088215215689691417437370531222e-12
0.499996567165285357241044627483743194585557270089357872256174283972635335991790476792567205296513359368309111212014415042237332293425935357491583349114028150019130089444357083958025 -6.38573517308048980441984740822886281060883338499860751994143814933997856660450781681387991811857107644154425979543699406013710875728125067370015313746392272970966935200142597429993e-21
0.499997885669774707964306020459311540742391242163729659251776424542405612495463092929582927546984763581200862624161376879646577439806489415173054058526643051624259944463510311542423 -3.02210189751597891191717723108925982816580157030718509018811246676257824735535480829228013294692430660372093306278155894528528174788989098107650830528315411317386988411338401587654e-12
0.499997860859424207171502685328957829865728162101110467443649898933899896812906453793318190816262416499133724353441568149587704999983603325111956264881473049358500465998031451541929 -1.39342600244760825417016248088166487390803502369952247550827138916353243281235243452529204405042501893160332964397813483890734882358386714069834058594665500625082123138750705052166e-12
0.499996617486505520295611512914124331285070560545909045370325189973860266776290165532277615641183591588249101758438478733941817827769955283469826655639089379126145200806748796234139 -1.00473957315691730349215288698928804285709270695925033150116654751824874596646071670711047798329968117891538656011898641842525433566642478846195563341817476791985826510754939701606e-20
0.499997835609474826058696135248121816927441926459225327503931898608781575376576881612480104933870441420075338796449878946442319445739617237456221712985219503976389047082029408197999 -6.64451779527757588487537724403380318794691014921261404146641801333127059659482065550264102122982986935525329820991862589653540552600235390674854530432549387432956945744638134277293e-13
0.499997809909646076543924516640981316540990778292900261479378404861411326802958703981681335770715238139811235232637935611280755210827789688403070197609898181802968761354875415223484 -3.26179086371448000242533358165531014623118340267867559950486839141278909324588041974486472700335781250982629691193830107044776359675117099219170714540328337403512433365243277262204e-13
0.499996666709326819101806561724927046052901038109169743939828918132332251706053229185822765785455407916664817282196408302097003217527679477038801481589657634993976577146228985616966 -1.58285685461440713354349443730800653732947356030916730174405428061869965319947323928077101134347359351402388940204775156361518038877074366085167272062465443906884361168955268405088e-20
0.499997783749269901375420128364330019719697047985689899909279104367036236192065716089506919951436761351860979016582131504170880456389807893350768764097098090159901624724753194067484 -1.6422673832850876899867393600588601433591072649177531669159807221157935567838029488962303385842299968838426536731174877037368885384627183990210912506605608048706619935211339646351e-13
0.499997757117317654796695750502341438886074803524216876994497556299498689098447599339598509015431347858604940802370354057849098793488510107067026503269530329031677977113079667858514 -8.45468467661675711628011209645780084573687557262907704520165516883535923931999304434781199125193053415225960601647532825725082262790034078897117602809512995036321628789875924145544e-14
0.49999671486548511536618111655606017418303881994136701570021977323843625916316128047570019261501768564782956321211508184452376190416097881112294884685375700596240552441704971737773 -2.49713725657137342789264098899906641875563266527285760705607061679031049896532468580089886279250109291023759082522966820229685894125185683209466111329780427182945223526168418799063e-20
0.499997730002407544708707477541190102467142676632951493626576168336326769913503450662480716305420284395807939549079228736478016761005675771802067928648642663093517679664891878741826 -4.43927166866171412865902835864470490760502673920567101416622885100575910056724969268522158099361316117583763647719839117478546677024954848108582318798994472241398280306621336445839e-14
0.499997702392801832592704864700365968354886731892465353630998546874448953080310898791351941631192563613083265458800050108647349501114526302501496421851200012088567305834270457418231 -2.37223584654632428722032554194418893315585362109440554565668406213518877594055541877529265195876009834099973925422232662286712473990623913066960882907011760060080431767811724460004e-14
0.49999676198557833973704391119301002967729399244671839148692346248700167303383580189804979446489177328928100522651961204735145869917164204985291625159538926791082663811099028410479 -3.94571613831967916137283202944531401851677949750395586162410404846646509271791165411181477606142223912235873181510118687328286004963187190483722308846453620028595345474359033276821e-20
0.499997674276398728281613302009045065060546708722490120758890862656237712539018008848772428448490964635640697770422663763464149981447572653523441220460322579925060553981936122200747 -1.28779521652806457949518670362866918739287928327642281822947141009804459048267832506601777344167202817804570084761323009305151245812873682711055949968302466305411044508158415800132e-14
0.499996808099115104622156191075143893478623595720059858879097469685909404952629574723242586002782290093903550622846011441166368650750486483148089379047079083778434304863293740504359 -6.24546975944243992281294492698986597504535524172451080941231850174178381734394248708055826568096005754215863492021205211443772849943115369741563447091262538837410726651916186825463e-20
0.499997645640721407303223066932707851917391551425330398365154147643549559010768618343654897327063048721971692971627403529677911921269371731828041684529635128926292137769652657751588 -7.09090990779424217670037141733818764152768993743438793608800416355181839401043028493213892683460339946969509971806285493791552556223841974074815760431017975999175241923605422279798e-15
0.499997616472905312376005479445603611753942394566777126203549952396978611200640132843454396701904146678485194884052279304794292458711328567895049814389148962955012172700676642460862 -3.9549240495950638652534237745745806477994836697421871504994026049140610950767338999070469087454722925267859468752894645312141828110352915300603382616027633657715283985452784981674e-15
0.499996853234560911299985753422569154974712598743591787715931076577437332225592094061724394149738641708004005993886485662412631385883931576607015478434696261406539601220661092445767 -9.90459967449447950413064639819272913130932056303275584601309176371048085367434782709172798542892431141942567619706557029422965609015009307548655113501666831990135044365194616928278e-20
0.499997586759684286180124931483710598782462608845317428573977248675291894397345410878181458707189826842889193612664891724400627039926946982415945828792806782296015365297401940800924 -2.23174824323202073047765767261783802032166722937737953092982225331580347336173103398256145371737790705647895753191601662997001770144457555801352192314095784090622880332445212739602e-15
0.49999689741938208642528778587579705522328660368375203915001778393314349404174714379629599316122271423256783307531642110148478713820602044340345361274280399059321471766488752343982 -1.57406200846319336813144794216261797441908606328748611031949543397323057510726881440519230257935744975825176843414083054836752020268633328831316646540904580262670999798346197704472e-19
0.499997556487375786355558231161188659392377529231605756796634112190480736243762360130122569384672358880123670342331512714576874905642252954675384121222591663275377771730302223687604 -1.27284407397691691579327440205454097867179768244360385007718972128946769873266240493078412964649695599402679198433337763944034200168080932119020586634092168299517652305904169848558e-15
0.499997525641865289769658109476207096486583064135604074415492757506507913055036041381544268102644735668254294184314290553972051945659295814362143308732989644796007951162789067515191 -7.33047764762100438239089579978312179521200627359226477003606868845564474509055206687178169919343931082626741037597584021158494396656299232783792114299190775537845136731940692143438e-16
0.499996940680087574553885849490756408334457376595155421226036802385337464821297866018189997972993631768583567873729012704094862412754574073379149556816977511357598207579356687637112 -2.5072903396061343002069938525015441865537036590715188665821901077795333179998581697402739485975855331398852679188598442155879636033560158614416868111418727896055967853941163693769e-19
0.499997494208589921914113078611019304865956513271225904339397311593376616918798023618964428858454750166869448516497197921307971958071082837712558933911987670984086997918047426081387 -4.2595566513883030601268715935445911818516331743160855641017352630032545539341685016515289569561008842334007553288966806659894190103344301205959525979600760118169907155525600490686e-16
0.499997462172521311076344684964828190101382397784451915806073790143702007415625305172343643582081602958259007355206684407283502488381641170449265275399306624109506166054111177965453 -2.49549573733050664551855299640728160922096905926641890167002878540806767955481953403751383281179804877729439260384936984317570107293904319420036113514180117679545984299392216700524e-16
0.499996983042268705422289808015902444712705380444870438651679556919930886019161451158487977114149792719233586289268252255014065455922150636914723397515585537653188881674445589584815 -4.00382198460533800993686329034032651669593210212379036558705540658586478168165996297921431111160031049446813215161157258992220694405382938817174758152620147331199563505736515159707e-19
0.499997429518147647687117132659850333581518498022976589638533608774083688500367849819163950245183977027924816211565152817119366609841570531292532453773009964981213389121820190601896 -1.47308120514544399256655482486874632303019857657971440805070361671299692548548437256517350802619906826866082986504286310152611478106005739688102409409433374744314210058159574994499e-16
0.499997396229454918312310609537397763616350958404564974588515689564107689855118765494679430204215976209969747482144841588427438694960353572417471629987509621239330646896685985662459 -8.75625682746744638117977996533867376298981788173475798740947978536587948831925064972606157914208674865868616247476991720244450061896125799336408962465769455307177037483092709161887e-17
0.499997024530637047370795526674382341802933761390382335936967893901017538137186130507959810319634793603898844251062628962087837740523516443252566895990742475593245390757299097501637 -6.41101595627443014717317550885491987349563512607554370014809488743709250753994978939570461377274272661912292351236933378403111683927487172972523160761336982411182241671593154529181e-19
0.499997362289907276908041066848648132363887471642154716114617869482277403484178264756199585697894939330990239600178688598761643536986821110303365910173112584589982121925504303007799 -5.23842200705949381131252914666830070366798933709131878219017889153285112096118068018044882461682590608465225984390343526799269806194475556959311569795794888053443158604091015076233e-17
0.499997065169060451453154658796016206983312723927360436630179469877708996400795059081579440630964924414402880972436268090567868083394682460227011573780149107344761564990185231230443 -1.02958274034520007518688382872954702702606568652462549058927455286712199898437540003381414505467802309058426856159045263936749542857040139384131053966742607408259309575276775592055e-18
0.499997327682426511103229662972464811810910760320381947532246561112436352076466580542784553474855357166880868948309961387616326844540530280967383573795573503018953711113837240140557 -3.15254672143265610244880210576859488258846633566609559483580298402641181328176579526890048667883893269783130074820389882710517327704749717213616284491284173504994418591595313018761e-17
0.499997104980597384394234494638608159365013889587843746317811889321199339581339747820903410409967315726234089854134076324917395431618849138485273526403894656311562168353566396556388 -1.65876402139764829409122130466168304452438849227439553215138537687210778720930529121550496792429559126322189091592230469541552597912992040221324221595828101768144695902405093756295e-18
0.499997292389370557359241978630990683326408357984733967533442646260539323589552026469035269460813379089513601795755589406896317702023840902390196091751158631342038570745439894233027 -1.90769323350603508585404746039117254180828555975637543714299482340074266406701841055376520870367118553244181136520177187266092168217542949440183625346221203306272237574139854752954e-17
0.499997143987529642604693334635943903634448143410510689589952830882657558669261620961005016730919432984380492504501129542692956297234926329670483945024821306202158105486122384094229 -2.68170254728438781083496838818536591544457677483229013743120504103133207886781931081985085370852602105698398801575683496230732647855678725957460858314361559161024015623767118576328e-18
0.499997256392511015341319480717823965167488530688356564258631543326791349754056938384344198870615010389862123822788436606800745923486370842571548096586130030358640408972792004360463 -1.16028381289604679833853505884471875753604789932690248404974491693649606858445591288498646069080700071541284333440706206386898297970175727211053946395490928463414512784907901383142e-17
0.499997182211393533906563983486038132989647531262626912009306629096752907255782552647091874174494511655088330945048427213983839695785451757553392166563741101871471949588159623345993 -4.35171810413070142056151563203177698862636403626333058811757199528724970687814615997157877101204251320645183663486519031453242678737827453378532352547057501541007858324040730763828e-18
0.499997219673009608435997980097267134272657866628137999532559449492851589106420801128321086956151825215444791533602507654221468581541695566820641105706732719548664212248571942135661 -7.0903111757158375024690201450681085707567704035601400442831749756747374948178603902320305917714024047524088752246887962713093720911216414089544734783445667307941346410924120602391e-18
-0.49882294360344810605466949182298121149462021419376451922901810422196540917548979052808569857332207236338106238385659556388910013693902166983789776234222318195667451848668757915407 -2.37809677881165284519007968742629245253087066198407291381781803941468114794374274522833731586444183890160503748896199808387288209839874877662698195387885619973462844417166336893582e-06
-0.49963987208153734539519079829774576793962158830542545768212739242663856251950360268532257165154869716378567672213511211370728140146332902227859506492905592364273331151308107634843 -0.000625877327326270565055507944030991877982471514092881542913025992554061385092044052289107919470143543671611500723983524218249176647852278615162591008949097863957352732522196059759437
-0.499639197339251805364070993760572694185268870936891805149442436347694023021609541525002690412197791683966015820235336682911012295015944025996763933556256699818029370007075594820038 0.000625180877660113864976946430240330472284345300916006758588947543821939338040241966370553350798346385318912578997238774337538537043271607956753837717905543843723598985530933824697549
-0.499974922045996497763393007346379833463960775888004008424867627027724617091180331942479733195259357445006970227636338119549700007574615240376470259583445640607212363724466987724662 -0.000627110081543974114454644096922606575885833125464554639769013036275012337121347940158504876707900442638407855756543140988837493921009225758951172312807312335011910980851710464141152
-0.499974154118916334944775776064653365286561595620879761332329299090781658434895585050957210316984029633719044011663891764109239802999999278138099631169418587448651926425832391515273 0.000627151779840947214366100502626678159166364707911111669397238577944284382234225595738390284068318608211141071341696909833966801825614403532320159726887484543451845866397033448207016
-0.50017434911640226269479914797203422242000785332932863551593269960482896681701570402503506268060875283218091537485225286464795867688572336805137282009762896334357977898328886260627 -0.00051196043704760327283609574703320756696771654113493476670274121151534369013184637778267301418550579780950013874799085695604481277877407106314854442043051568519974058378071718530936
-0.49942239094962647064220980170030163222913299568968013640738781883772009137440315479788559296702332274988826509873031469798780359531248876856546974656127423510361950150253788180776 3.81165949239418303915874160855463398764258651735745638751299052826630891192403317848686012469351000726171753227294266619261919651116268488816289786245606563700211022200009540160445e-07
-0.500173831215944170964119789269532303474293974785747836613201342533056374309449938758807030003100706652842575192391474188287523050220673214586286229794038749382703252843196079809528 0.000512360120342109513734889106288440673068119668303450435541668390104028551373414292405614604045575857397508205546052421920450617305508008288200892948288642303249968415223969208285937
-0.500275553833658842653657467772245429787209109478324561892718486692636101371829005187012595816302517251214116999120349277543041876953150011207794951062849802997078262351427046621437 -0.000369594797685198472201234977347962729267833788110848204531904176889383000206144965556549317506193233551789046388476047883358669882667702388555259698816282007677553613520136533635273
-0.499480736080086097034419521576305113023778196537367833832839301864238943935934046016650129769544117377662211205795829421081544188776760768104401716434805935655246179870200284078785 -7.11615164758440862043148319714585391953210909732750242815978067731785270256385495007556987763402909273285996285498188939295761481098901580726128148095506596851742381095741723086225e-55
-0.500275324941104835179284963391496004599376740929038013095518690792138239591610789725103520070486528340158312223557862728232258108385066806794420976159559899328031083674717190969819 0.00037010749323976772583149356083476663584246773254895050398047029733423383188051307930303252514137095324931328329064128856356416943079272454414415700032607000543589125632796892081922
-0.500307986322736762409930548189762631259313467614554681908285659930260542501032100885095791034401638776366830967605399296334361646604142187229838224613712849935808981250575675039386 -0.00023490691101256826556843802408916974133294602838369902603227229949993693382993600194440079615863128475810417808076231079199731463242795926646298576468647288457595120754081701363955
-0.499609551845669974603504046608066900976187680678283583219638535546613130236605724278858829274161765824848124865906479391051007996990358266949485692708520333207479220378121042781373 -2.31924158295882833353633369409143215729752927957710366658105232437696433425166475422094470801660391600915380544469808723520036786830517776622536658394436520581494432339603679303197e-05
-0.499610254483400169017983082088480315739597895250218633241300541205377632208104945565246157869823327763620637517157849247730304451254873686038967066405242076675163815678967681753692 2.93051068719702134607456968323660381273074353223977444625595404805918142642285985555406707930758933658154820349607789189699467989830857692203983560218237504717827429050081009672178e-05
-0.499620484192861051538320063917070207058187657825691748051851015527054482253120543855082695601089922255144088668051203342789722911960117910950646413511420404038155003155926983977605 -7.48544375535137446832727183215297356864080162433551928765212606304301638811936743637795256547958763790133492058360051091337484954185400013443786285166836404574378441814337170850038e-05
-0.4996225156440656661707122569146274094322444530111203632841193359833369813236533604105745465837901277803710129478459855178048167161110567857924534748674068205286488335358163819977 8.07343878738374819870932742949021877070231623260098154343721621966559506080145754909312229879814148746330395762900054410886572969005366547774638353358204465257581038000040711361919e-05
-0.499642093618290197784067236287624202489848133398164072055716330017936379877322810203428885948886803675724244001001213669450161011055178840348037627340673386017100543912926251516873 -0.000123710473809305677909394481092911950667685643210989920701308847876962369488697635487981651843995115477729537919867128278674740080019194787914180715201240548822633966064183420471663
-0.499645318201376632286846819652437963964751816891298544671328379215466524559801577071600618062277843394352652472343054810820080696543368604720518490773695001533721859077082502964226 0.000129098391558191947961462296142136081858325259674414035411356489492038619137090927453615671922140805882148242118616958310771107049581329230182358460786403559426614787934431200693493
-0.499673244684887142688097828401710222565378355230276072219188210473662292190683274051092618383353533075958837006737118932045249574236092429011573386822143620079813374545518005423197 -0.000167518050380341202580195592678423964180515880715716219786755965153415419761673519799874491537628130375170408970740621095275025226444634886307598026452891641121165915570354743716179
-0.499563604973839649892674919405135471402325582235800286316646251319330544520042249591057509901409065425813353349576519114692963214890900180044947333563324542751462401966867264227461 -1.96061418889333672651791558539008079457201957115753571483377874142160067910089391785122868793417303108377910807947171933787534651801393699772846819327863581022541450576435421476969e-54
-0.499677505228307981319663030824940714014594777297844884246033905494164710445365898012165537963661123481944544786236551897645751590945688621275089069905819444658498135538297282152847 0.000172123822928532861710181288119584945569085365504507839491003458509076945585719676712775719174852619489740727056518170524600878511576816987688496619925829287283791536301548486908447
-0.499712478911363921843910763656748065905238471477680208533457931593629841820388912301802593631348504956113610476844648221787109486396846676128706871720278063362229342308939081652397 -0.000203856253540821813928322520587512787658124090004574748901466193181272895153914826672271079419751644469194538375772928204891170832064764750222005228547463189354332918367521598402337
-0.499717540896381540783385491009243873817406050476151261279084933087116872949631778760613607354291289693010193147020019507365110826335300505538603846626630126031925273356155185738154 0.000207402943351710631963265831313535317057330785472785942554031735350548159358657052500647664147039910278457096371003558779203898824533051528503050458291640359293762057374268856670386
-0.499757559681818101672817315929178545625409497700756311001720245915067540732579889216783395283214701257417610613035525465220505810885545231144170257510384817903617377289047580407915 -0.000230564188864154440661283492575664301675930902382333863191421921269170967015759343233665755238387035025588784733331125446371949927065559690796472355384781679065346594729096191222009
-0.500307994532834036647081984955608410137049507635251982452545362641591495644419025159691787969034266242487255230090380305659177812877143494864394843040276487881429974244391948756347 0.000235385002188599796903902785473293276891224543474935735454777631908834318034619512675753162100647672976351122643750156934096154133519179366756182738604632455084710474048068752199744
-0.499763087038032141586510755785647032545224932884778232050848390259870502325642944779703602089970836008228723194676949880363765877136957439356435434602710552461360741308878163815214 0.000232852610473678261585812174635632343278620033269478834717413841288281838784205000921163702340800442370532448588525054512697312930118530734060023417431067923209148434797735633481307
-0.499805431310717346139966505125690835917945391178858895813438686760263128661484685970740503689879398669702274786897462340671200498647175115487369867739809974200919945417604837520649 -0.000246317297169484864251785154718860917427889778304650442034868546598786586932061248993901966539041133995073411930185453369205769576798150906549956145487725300346815534539434541092177
-0.500294231350108353016177754600643704797655102645785366386391769569725356888784994333265866788987571893656487321083053252156832363701425241331227316997356310574289788047026391259693 -0.000122648755705957030644799979462765445918427884794780365565310302645755317977311269969402713659348835578703365323036297216843673806181225849193393679586761902739204240060255648208812
-0.499811021832738295745922789516576477324112738512569751743275076167191582823438997192617262898713604994967090019480463863619065891394309724957014803911153615662530166252081967761933 0.000247289836198979398485606208495950713018977354747277413566498756858837664902217821474810466040583882942755956267466228727239396786218223929688993013325076863673155565113109212907825
-0.499852680281946085063260580257412402410558783899107699937829941338612088057809390072919066558034109018376383378111628170947163163761340605665363291580712193641573802501467848603086 -0.000251092097215185228702501506250749094843352829000101247638793766846800987408257684247329676715264374712743313869301426975099352731044689603481416338237152361161591129864130873575805
-0.499628142242569029001676024761409458238195047790355254055412778711345106516368169104932512086569492587338408024837047465924320353960022775678566658074554413367608524000368805473122 -3.32887502745907083790509972270141604345146200474845563211534344152083789991907584637392640366829464063713724583126731625066712898613289361920583662149270878769063431233184548684404e-54
-0.499857947481115032000878673817651095538499476135745943734443097563303068179699407761571167667804953930059159843182325986524916240867822787929986019098661305739825918757068452590116 0.000250856709141710607410128335961652047706064281391515009229205244265954089363450986145893720215238261584289868763337302930493748550349404243305251028442266397518414924908354208771046
-0.499896256578897021475913291038783409677345184125287242631463795295943010439498085862133009944571167381835503682045143251087266878808782618056720955414670555999733736453569024114256 -0.000246199745971976634503819571490761205934676894569767227665670092367176139424944650003979068578875434471404971685134043357968626833366457780476197486230216475676138288773669472034542
-0.500294398313228367171785933535342048995884103692970378839923531707677781104133777423372013988348761961344586427092340426479958506048956364982593932937460798373150891936933230203773 0.00012301110739897346950251922366470922404411677538098599462308064889288077366026374511924734323348950129233332160216218212918804424682391202742625367953173008599448298594352510616466
-0.49990090867464762974105463117399769718695847555516799422990577599964590919691481642094277765124957104412364981257040182772654420234363583877041960530611418194870027564462618987547 0.000244994378261550758595691406587436856410479738870691804926857558229420884235422986199376275598167196431963441003703509858170091524336809390854660495504858487465611033103004978293838
-0.499934041962631400737291204940812930146414093251018325403197708854040969885477705458368273670428412030310206091728076180631046946201581370145444542764014825751744715876337367290374 -0.000233873712591334633356010699206842017535027367131718186893103229778984014940251753477041691481445289603688389333999716807855367443552013153377092053897264500515975792751112573503559
-0.499679373994291195649712280677073927609398741468870657474928197318841291079935686125395274488192204161594996423162051944497027975452053715627013832620215681322836325310019167263579 -4.52521602092933715160359213479763915021594826815539325924207793754453707991229953215455813629898199000246275389910896112438779724948378645318008783709557211006571700372827609518194e-54
-0.50025048456154151384713823978760082094014582130259015558793986978021746714312757187247597605802149726952245592189977228462552810945853881869792134427668923458242068674723980320714 -3.7901905948336273025754775970386302780539383146925079727601551675233832828697842993666598006136953199849638902019358125634326777140967176624247303590685425969685814528264625869583e-05
-0.499937920157466711457800215455520720323078050415540790985155086298538986308342927197553290389296739219113339509921855514672026402913332386442795491652522137291759157731833924987058 0.000231997005252667917757540434115575359459350087122646814814334460177221046321606473761290187513062931005456505986561206954307305195565802466184776240315824128522040583166803102669795
-0.499965051162138817673211742061868610316792150961983785296993870903370936433948398735016180032316953242181509486035893797350391990813087030515813624793880884856568208736486306391837 -0.000216669014680655138808915575081416534753766903725328946439222032933822364809830302926528394835659001618988866710169706159110159208925798476110722903400298643846300950580245112267206
-0.500250726188574897304312421595691551550676297697603762784316884765710793311339772741762821743024191267158158381940504210818916273492529106501294206617574176907506791850641722563802 3.81042994231850054330450191057938887263730047127158765614668786063957603299668097505009309747200821610623918022032396316306197093894248174823747277421110495109361085347251180098189e-05
-0.499720716945528135814092743025855071216201687489430963735844699589457196131666750769380864169780204604933575931003640846858904720262708966435127544165464761638576176489204138833958 -5.42621405723326272557124304897428355759015358029340575000826599647438457468647015278859510622295958335618514055739479210909836574795584241062650088090612291502701030867642619399001e-54
-0.499968123205389139776042783512802541951708949117771279993742132049998365467579546433793319353912684603401589920249118670181881418083210887295613387704458769800250220427990030979702 0.000214411785209780106953646616586047455591425657862377987711386220562682622936870534592699647198648582551514823834113773813237853991958613421491802062418424249788004750342643693144142
-0.499989288453365690727932300485845487447422747361332842307629283849434984278876947897033390181636768205501799599657121354399254557420991356320106740269455548069326330854537722509171 -0.000196935487006312034359501511273292502201378603466931072195483846939492564704804518235269330224723858783130149725171476503222447878387993519650977407270848084127673897868413288888919
-0.499991613296485598544263526142801776857700906623067763430343540216282407078666300655598855267581794669681491290230451132854428686003402785856355592993059000205356619295799720226519 0.00019453576976351205087245984097682245812052994868530425238799763152352667004153842464458713628423225137411686577657498693754217016212331075970220112543428640014487972782470843070023
-0.500007417200235617245910885327813549305912550544212343559054048920103082575414646180156576378834902230713449064019082487858453151741145602947496608608395921405432365996158664475484 -0.000176514783392074141187023604510031121298619893481874687789743271053728046360243008721658602674370484369843507503227959954523642389601077067611071869266171651580514206449906186324312
-0.499754558755769533111248002973104748556152682948652684033937316306099550986045321371443439448058815730844690829732697521012277267005427111584825463117364900357763346055431972660654 -6.01824775405376349993719252148484787718060667428665475036806016045913629566319851242333371967932529144411777336213512175177218888240205635248930416196617927633893345028689751788664e-54
-0.500009102618310140811382776078431294458964331172301577047491868717505890329417307466752493100462826386612609104576053143609057446429770610549252093185973614740503186308441506121839 0.000174141668537869414170148195783624804769395690411104822809414589424450245633180154997833872917822104125866934261150342476993449005976963377080837009133345951714910194258857580271608
-0.500020415842296744217175585013355163575674939836454481473755539979626805861013947186409331939216447410162325019423671753379058061032348213710722246785295297700188371446277724981145 -0.000156665539062119730395534411530419404921967794290534240984402145074588479511173147705643206460863646373868407400426682010172558166727470753159022733952034635269146700898140251677252
-0.499782608361886907801741824628188219862443700078997402649296942755557152442472599128176523606823946272156942419281590282937911400927446498129146305105205945451132273934261838248265 -6.34043376189281836053069397487351007887465709314975547957161688718703479452172743738179401807185884352563144628176073079979528606611215128973590259303010257676597614604196107421195e-54
-0.500021584144478446739899251418414587212180606595730496221975885051863199735355484539048227490925903714682947522746070745882484297343057798610212521309780510330975414886697228404451 0.000154423857210370792361769315743265616511279175759272623830053330899644303525168022187825533316941955874638407007731373924766820024624523887059296505599354903773880467545511303315804
-0.500029321019310353357373534715537785369257409192170705401599960964746705371816513289582771420841240114026175329279971403159593034120395703893910115831014163684061648199501460621961 -0.000138135197585243720245236394001314551652428818537083623049029936272953311925838499660586103576450301326687334791514637587912999571832174488418957532283206456641311505086146676621081
-0.499806114791012382418619081903152799749249007293299990957720815769117327528991697777439801081549133103966774576867306683642776701996750718702492693992378361086196281754557970622384 -6.44900358643225552373786678760694834561341581547226086791956428692673248744782990282168103474744914416108582473169637498708744860934490574773829526998743334000021696166354406540989e-54
-0.500030087769020360492065175398957263626870720681354419908813556109098386413287196028777241751759356014408786729379808806234814294654361682389118976577917666828293277882143740829477 0.000136079851052582635015879830018283751080578372490122832421720635525687045470862719215522008872220610615476230254460811201853574608028127975855933206015879944376543786472642228895654
-0.500035079123011246296924172394881206018359628887480751039851488111342415411500176392452653550063250521061064072970752144588795139244862702550045482724834584979124285849821314082981 -0.000121289247019301358574540728823953068470800622216389978073489061613450747325747481890779504049083898189219677667369678129641071967742297844353466440133467265768831952510989187101359
-0.500035543162432113414891063440966842184955019140701339644371061197115350480655901886105160087314133063319930179958938819327957891486851068624097577767239683815360068195209483843314 0.000119440961803684195169197541312411454878913778525972133615207278212397655026844377669892984354792749974955829488834448292399527915938605134203072622936453830968058721224601654278743
-0.499826007952098735613528504898551729934320686319663287780355520384711980562930666121779384581131234947003311214587258852999307675974006330646979510999202611723951052241260600219353 -6.39939473232809951660791793795720360137169814717272560701507174137630084083842929959676933957580085661544503169479641007911515816567975420679669314239449593929873743295962275100163e-54
-0.500038483775411992572958440505004341054205059234876417972064265178110119775132733815006854070227002241985065818867294456048778155183536748654108018695252338788744008653931364827491 -0.000106239470849387373878302686725185527061235587935675219540786787930247765830831072093729738368652187314376501093459391798666781028455154579815229658271637692454641637053559453995992
-0.500038724666098046730689396487317684713649354242829566334780840381814854327803783229589221355709849085480863682293171210442604107337569794153781966055565017500546423612704976869711 0.000104597934842383051375504352370072844290568705505017935915505227213752268208526305653273357119130767491240486351191202737908746276690173240944389608681232053718339993124858714525802
-0.499842991630279795603729467187982660936539693721276599195754132439776066585801053117615533934551348539955068544572833906696115845079143324121443727193475611835437892590673860245118 -6.23900465971881036539687693054501845656271151836952946025816160377322694219243910777399558581918810190701744201112778337066742131240492312995100541641866188455456766933381482551649e-54
-0.500040166293241718599416873203622441854978146397968927449332042441030273009481622906228272505080399700742566692902014969938966344507421842305488010919569683085144042149720184721562 -9.29458342429060395786135773416000269189269049407782604478070957994477872001737738749657196262574499389068467023550210839356953881280110733639139339537177343134974596814182858739366e-05
-0.500040245661290419408282074802080993385723559511619337188427630734270318877290188564423513387476378884990731440785206707476373282809071166029486711196644587368129304592749454845986 9.14991497294683766794284518662192158480171324890094710981735517514434385390151953970535531425220011962028359642588400999904095726779261209657546467538235623146384869070310764575229e-05
-0.500040612285390724374038635007368285920895837204933249317992834333802774483194930774486137058132418506438565113322700343311015526607415552582382411487331274954143562761254516069922 -8.12875790944335339983196809070298621246333999168669421979227806520537533358198908839501224967055609048005857584661429332447893437961261173137093566950291214705242367482454853796856e-05
-0.499857606355614900625140709266013604462981805111337511530257385495335061010678201417415718053610877375422843732816313476526593721940539044230927324062578148122384939897505850228206 -6.00541313529373156181595687883305565675272841174879564148833596586048901170001658678605954942786275344678738808666900777074245293287973241273292105763403766843271233318942088381974e-54
-0.500040576715540796246556588814522419342195219364962413061648991246911621637812059268007200417844189081751066413637352721460167038088228529814220427505365133522458412825819113065517 8.00184108960793392343425940608295729931424367026347161560925465168815387816416597474572767401953006426832616570349619293200240877538397434230358563759386266101322454589987269380302e-05
-0.500040187383434480136646513503298831786692175379407454864040633339466559067676007023522414181950699515496865133003076160387375332031024609735344367671878173106781998709507527275727 -7.11084317779414360700957155711939541410652767293879792621060049006997179861330773626856532921170308396422374303972561199839627856001931088557070985271625020337737125434508487693965e-05
-0.499870272797840186015299899866243300181705392463955281697105435248567707387327227908301935815238172739578850807021803491102193845952732364326696709884972862252442737672918111822422 -5.72703676946209626026423840913226484411551771991624774544596430304511994146367614216504095832837517498223449593888623007283184924244751659452384641278310277981948689134897929200711e-54
-0.500040071560397406963516247151082808901815597399226728920786208749216908034025276158358708546178371800932331502723819441597730317071633122601070630108732725930458295786818591910361 6.99976898541767027208794731757972733724265240663706594168718231796220517043896388901983905586338498086486643506247981870825198928518846174436562804405962045413676836067799678963019e-05
-0.500039163186465383600933420443017939826131273370843319293904100993719105893834569318999826160046069380320879554074150783907851962258801578120773413639820194087371856122350713883628 -6.2243164453044278217093124775224861444248184691076351422703595203947325871663405875936153089683787582291540386145572834193872581020806171722745892874427713403439145549263950058536e-05
-0.499881322284135779679482963558656093864162518049554458705002666622563644132736135859648811715759968536692799202799214890020610920975828561767325710322273389335687341585948480905441 -5.42476610659090649963069976379759972209985842044432341095302522293801185246712919938926940956535097152869408074094103494998631384975624598126594278655855143478261314381732494906116e-54
-0.500038992694411392936980124306851867285079814209544579214628133978685295478274487905490632465125458438431618021816354000901299658385971368164289953939836703471914193398336030117105 6.12720371827988216940231465945225229987829743796783707387015601546522228064421864489370838677650693706211764924969110354013180867572379940242041613668836127971564335790919257634061e-05
-0.50003773967294883307387586639837928828746249004143790821588699855884339798931370449391780404528117410898301533999691806157833740828654122640035277083869985121404947665270366566155 -5.45319702466893304666668996899989375806792563079899218357113106983439905986328246779972653529294406829032964465221778847259568875479873715885448092258808676759995313192935220400236e-05
-0.499891018626516696588560958087257628559947058522654769040752001830958625085110925671877350932686001749369209370656006731326960828002993302932368898791326932781538768626317294111375 -5.11588031006390894496923625563082565843154981953741135700064835870180795839966314248486358459507208980470250042219971864805416609250617003928764343165275954629042016344967624004825e-54
-0.500037533268043594123456285152057730475961827845370894382756576557107516889976042192274563621074274307556100487704474834657391969564571853369980901018648742214091139682499852257821 5.3682937615100375602742324057275312570099659854318058153977446981788753761873100358231534931081461004193110731947590988122354450741760042208933501766177522282478975101525998699699e-05
-0.500036063128733415489119786680173575642763358395595069942310659408682598303116657042451998618302752830626369706431682596261119399567568966090844811933444039643177433147762981848417 -4.78274237865656234069443056521983309375813126653462247984106674398436629389795472840677062079417225485358238322913320006890484551438184355457952071791032678561921574602677404280119e-05
-0.499899573974857366454010905174304522793413442907825139239042156710642554948956284294355785427326802752724411763605988930459381491848807854081179150530932317265771994182243162418714 -4.84242782070295678117041462575358416954067463997717422474534695286867608344081957252127132680760126288161329821004898703037343278922251624133365225357203457523856527607340983413706e-54
-0.500035834493741195644071799803494169533969846635393891752259175512029921917045744415275175568182442147599174270974473219256461990497520098799404725181203579486950621628640745155755 4.70846787880100315437315975771015316972456076862495940741164323103760144609778002458282765319728675958391347201671824495128040859335862446842004284139936462533786058865620847221299e-05
-0.500034239907099414133857314562780353901380396735283306437348949869199165547630967214999443308254600160631305015798640118206965277187028340057867771489457571490058818371682429471603 -4.19971896442640715759505838961543916433575323969835757502127080227518979644571195905954905801338542663643186519007218998820511458241557768925819341428520296681613558473649071518111e-05
-0.499907160493047211647532110902631822261460394621043835625678885247262932689667521069488760983512457818558468373483180753874858244520879835784718009457925172781677446597121959214234 -4.9178049733674663822107066936477690330691916341476358392286578208370953193419880471052383466683318610401757432784334635811215433710186765182266472511014037651371004253135569612451e-54
-0.500033998970216780308811625996456429896315018595650974577313507191508558187309258195072297227363609640209637490755825888524808321926558252203254598961966780594988180110426685869502 4.13467363419670601574363159071906407021346288847882376071154024525428821312097069245329854278733349888935848803850145543895424772260344964068219613041497993344813480533978513129678e-05
-0.500032346763186943440941375005324437280409058004684401091624344136206815692926149292249075571432232909289302361832168663198255176042032486477417368793038185221141270640238296416377 -3.69244275971664268301161629776929677243651711631233857500056313111451298218728926567788155676832794368830140724156972323141637181946474693093761494571952121027789471822913941337594e-05
-0.499913919069726617924161348785931959561001050400383350109489191294071135149813208492901425744686815759726536217038952812995267871688616183051230263397748888172077441882975987238113 -7.77945444751204874572408148183538557280544433770085068790559301041109505828222672853107790783978361146928764838764693493214169193559607983796617771411810612207017905261074700930434e-54
-0.500032100676558832945612711506519818756610200624372075901432430098447074027384612162494983101565692929676014638387647390644398711958047873064721590965538975635410081543801233865216 3.63540142558030860573452955401980625639670844265380536050575089696793373123915567176882218867584699235008741808970260191711384836629224161971537048481769729313982608868098633708681e-05
-0.50003043853806477842632065632077222677106791506736301016509333352098940481768334907549265902814213817114177103661893256969238748656636871376200439948823421742075294619238427068293 -3.25070341757263338085037982570147619977615988299891561891051033376667232976529968622144247965193348296196370645518366326753402769336425302091172490499579510388537361601746466892286e-05
-0.49991996589378388103404433358611045617822944553696627567999153651890276782103549521213216506059011544691736794897593465286595729773366538926339826731507319046390964671495740321076 -3.00292802513838594918270412247726055024626752817319243061926792171110018477535180026667268971554243983727348085923920576591632216986631098524026344062733143304425329861689415581085e-53
-0.500030192400441505193574409157961920128972289709012410337615864445568460057951673461345879202252390310851885222403528286193733621353888566178668457167487507227120244996675945571921 3.20060106926649837530080022595681289915215848760421036821175780176041807870258593528051447605376774732962865053775073092779654038164021519169382649770523625691674972604524641066073e-05
-0.500028553853652487464970916201215280466538369831251271088849549319955303262767276466634392107973393190561806650928343339218960025994380911075025613159591903619988325354018442271239 -2.86563602732227645778227943020884232877134758875907507120337720450052841034724210987100967648888351463984193151933293297289675228160323953307751415072760473715919488905696263827861e-05
-0.499925397472286660723381305621685051335811054658258610125662126287652082291770565083254162533660145703388750287263298598959825946421779023086303687953267435814123845607878533120956 -1.71670182062781770334190354020929903401014902242271037555243905704418255673624417602662417992757151956522381507374693267287508248372655269912342108261044587046962011998688228308549e-52
-0.500028311244141644652642069421761893142281987263316793023102060875952870322655808618305738505515032366305226856340819023271257862012822347010560112461967775891558271362970029028363 2.82155081760988527539461936085276221516941769363651496480522761272989674684938276032255508577081345106334828280087624047045904226323244458114479192899945444989410449133342708941757e-05
-0.500026719335257048366326560408325305868524939079175599025048003582247498505602625809246564599308725552086840391761885751756963740255807916764807547747765918572081458603891591026953 -2.52957514126249390702721725556870210400640940531405624350402265402600934216939467520504221366566079255150680436269089300409990524387856072747730660904221268124924944587210338633601e-05
-0.499930294498525026666264038950780942058085130136060735538134666251579936217140763821677362785291535966023632262980069309731655180129741939000013540276141756799794481192765684080629 -9.74940014834450219361118921642273953471918974750946609393192519124329514724703977952403568236797216398651887504470706524957413316681644176578668818519538425953919080674756153993165e-52
-0.500026482708523958131364021269427349301507778047964907459429644359061944531446436307891693592160005962146484684992646219227185513666330670761420985267968293177624359400082630671216 2.4907111427629895360372806801900660805204643524551653181920562716494862993791673754392657522655991548795372885232854867784761345397106204491867041858427104891811595380805493590539e-05
-0.500024952749024399546317875613087331750441744775914413348451956336210457354881980449977735066268036711756454468211381407313714763617811433608169899192968901700612238242577363713848 -2.23590909202395404715740857023887290044200064000856685855330551076572056168858757149632945106685707640925904464801369300729371762597997394980602652302881868259349602897680297237734e-05
-0.49993472486164965300746238256407435041540909427545385530188597229091438643224453081514985990236364129381418986169687947620974870447701402532155665529577337141498531644900803830631 -5.12436246719843489651292179677011087977756031752565255245019497209071153951929788055363273256523477409459251920303342303594793858264296206147984405673096712793613252191859277938604e-51
-0.500024723728880397407499648483199929849014554002633698490539373191342911193759692082977885318714870217150813947990147962326859972801062897897803056817555363293325971592756025767253 2.20158002805263369379126338270015253105354505404429033471062703448513696927091016612411428557414573080461386943383390626571536734342785005587470541637590806715395316893178949316444e-05
-0.500023265339119140667510173063488701506998502750252208305291501945337511049222566222420013549475261002373361103988107520535291088776767401705372499006674542350767421956135850342632 -1.97894339983125206327976984671186592513622410619886195252156060168667717557954066380269427897156980951605523929138746244251630069712547478717170840849471535068753019184076061577488e-05
-0.499938746008848514105880661938624234358708124522960886054433583905962743150525774703079603687545587136263064072521006700115911613847298283545969452223986167766815439334160042325677 -2.4891849337229078053769865298632197747174740735011255291196092225164313477170794349187404929989055059862491011978693609337677085915810955094263875793408963762471316155548996662508e-50
-0.500023044937338037543636832037852954393894375566088730717713889239531466607944819794074983591247509595265815955600740258801556544435021631097285643548679492820053764939517059366557 1.94855787405030359532556027162684230555189061041069443615865552651670246759733307762869430582559764583509354036588003964384128341280041066298503003207611015931455104123955920039238e-05
-0.500021663572734598915654737193151079946373367302960997375023680664255085561012710696487319934350126758396495673191840488696060963234432642558982859554651966333760895137428987275194 -1.75377704350679413474569085088591815301064389962884492591216045286407662360965630535507215047317215337743345449770043144794771930031956368738426204197577295193571507472050341346763e-05
-0.499942406814446978486636277950790709159791632497893665451049023866924631120138565952346848789495179882221705149118834891533437745718413809330816813261570972681108397576748467577823 -1.12546547855512045244888431033173906425285455246965381674067992211247395228564726231723410002979798858491430417176248165306761822949284421550645116590009506432170386850729103054358e-49
-0.500021452352580809998712973552266522514617447059603040998969711127324592857427181537685493176786505107711056779238317561280742944031487941476234318919061196569159462275834655615254 1.72682542865277864062710634875806319320735863871371993692543453695331444113232890348064762409625726603298804159946969472590665192282454892244120911124100295582646776681318914349611e-05
-0.49994574907011427404161374527113396821458824256475058575225600088167218206060999397676153308077844565880813321978044427580054745641226485230201211474665392503490342157326790553591 -4.77062299885590692344659580582860277917802767091863268960358488130956891846737813080598905888177817536258109301002927270029175982344030056083915531552020214732689816840965726763677e-49
-0.500020150445051808914072910814329956561622065742139047783358492819485162232445756852388757577532732303605289244853726231683803911958324102361890265872449489835313996699839750143804 -1.55619268652544172113585741535028096969951225104367697931684349980151286940126965028509912804792164822849240408785588718797950531743019853459772127639986842923358327136714943212078e-05
-0.50001994864371512614047013497741610136893105480371524001538623580932044025262444072947723026124390457454053057651699613634551302794945876356041617067293895832895923588994034105746 1.53223564697881878088623820715011582551853506686426564980832652306166603907381178434915464630655117109389110671677543126634938372209038820185396621625197445243149288963096152801281e-05
-0.499948808681458480002872703481355802957674336327590283550057981346473722482199330853040940609562996272613007765110883757025970596318199385861445090187856843742245075067448359845162 -1.90757278310906570567337758256247290444493610599665371648472157432691141367465763815000621281492387251943804902539260890163706207221511978403770674988902857600558535528054953598458e-48
-0.500018726455781888445086038821612912619942159406199244634155389766279874921409455517617007199160415825522447284273686338651358231955208317211898594778445209632648125933700626518235 -1.38256056314285948600086129422916356131573372049067450505140725274382725446227788017041906747073059324371878843339851684275804135798984161440936354557377207519826073458731577477964e-05
-0.500018534076121443964545823942023101702425410049207900780191939726735953760783833288704784197228377530080967620780514845638532147593972403493463426866728487759287029256757313921745 1.36121909757879839839930170710611871709408416529188477253156522034343038713699595903908422568429386927124713432901220998114458519083888200890381275327772541069232488983398692691067e-05
-0.499951616635294540316369922573950261566729071171900701191199720369240412414675934580237539168079103825707806626682730804549174112176023187219524686386627004763927630990337563492065 -7.23358988429096982588558603405820088004562945276886027807658149677121815207352067521440345211937733817027469447892989266881336071723607440515014957938864096514352135760066597517032e-48
-0.500017390339661933736366279266027456982967648141901572943086925851251136787451742812585096994805012027185014425768541858027716592786518630041956924943529283866751704682836963456201 -1.22975505733979022418639470097418345985681544757361801734364875137668901891337549347418488437642701042334003860015738465411959235814360549220761704986518426515802995293934301978338e-05
-0.500017207218932745154678941888645571989711913038722087327070950688204439245521415246807774651145483029270325306843248065238872812336699455777653580281360491956893583752813028755588 1.21070191123111379342455976711403193043130972845129639405207113211971066984756194251934212162542201064333169583987258329721702514314147478823278086347806513181431053024752071818029e-05
-0.49995419978646192908605827219115699779694725937246827704874541936332201823761372816487239145746330174771562456637575561828350737638123769143779034225209601112939768680061776465478 -2.61321150496717264921988272140187438466476638692805710707152710275562016846248058506210956682963811376020414042046208902297815241874843446648625559309920667180969646208621094307011e-47
-0.500016139612031199847733612204391474651665411409023085019809131121482070184018129694244566928375563479014737339403553041686639537365076461814986500822952643444673591055856164322721 -1.09508272606755798003098442188215824742244876351314794806597047442582322218949835765752946506110940179294210000601324098723095359159985598922986254426149226258342629182967398184094e-05
-0.500015965473289897593374272779935737885122593989392473847793683395686697086983499543085349713729683936262426495821425316038571611026694548313133019834653197433360656448213568164785 1.07803501485787668727873283463594482406144715882642147196823076038728478984226252797107036850841800383301820167359887221228374175747817466526337793099275077950022604690067018874747e-05
-0.499956581501656539719847965879492517857224329883956821619948079013919877563623515584029926355330674187403530260417014884564352446422579362473848994602496286033834427521695599679207 -9.02946538878844298383678494570495646999419350773113265193009381661321376659145696849543925089103204490624021533261905413019809769795954439971205024230083810722291428458626181985711e-47
-0.500014970975095787427486759001735066509377982524517481412385205291547222252422877142651277303040993970233936307460193602140364509244559088318430614508858412285454076168866692882328 -9.76220448372646570395605480542966720749486814985494286547293049989108818125681169905298976857511443812164265231331693090320016780159938467692095797988123542692992441244232762952029e-06
-0.500014805465539284582608720626038657339022201598589441738678595531064944354073630527270047326794691481816520308915002116316998087146810194835560274095616729899289924528211386130992 9.60933337269780903503200843437301096146521852084536711988385507948854004450191295414145838009983034486833760711726624714110693573259629788689002197340767620814976697405845172036617e-06
-0.499958782189214335498715953258756888572193387899965077829622974322543801395786853241459824560673463294462153136122901166607944066095419052503743850449641513941156640017707235593005 -2.99447088502005395715813427147815380877020208510768029958848391529113924464107576697404793568547884408083307734411915001530223371267076829148031320297781985358391036454368123606896e-46
-0.500013880619074499658403743655799179691455646764880959667073558760471518193667404330785132584779274424852635830576453984117173754948456586514535584541820686866708208266921865675182 -8.71162422943082586185071087232823962929345599678432880396861921322501527106922564162384702910488720731788772994586931718865722676633429675294861088774093800226946595699544316464266e-06
-0.500013723338504065593621587565133482269466276000415758503171331768188721546947962109515494607508482956949257519256905147455399167109665511185368256819267280345306518241282601760141 8.57423721138430994791188657177840135483330747044554370760392524513237201865808666708618081036127038306878157619297530721080447336335720435371486951466499311714121092627016575838261e-06
-0.499960819737359980193787711098944779784673828816166856708157986103093827101980418194344159325179409034585520546891869646723418620703080623971235809600593219870331395359953435760887 -9.56035719770853363496523120513909238100321845193699949522135006093048769048839736907920774540990629591060169054584764076726873275466605678531293239664104019261664755845090453134354e-46
-0.500012864443964220948754017822198604573748444664533359185846496793607496367326924250468651832296520409371243391865830797227726900963297789411395398719723806630508296774947918737529 -7.78174832038375199309214037406624881421236250309892343197916794420759070544157709258075051484533008413110819963810161903199542123846504006587835533751634630893500582342835062820048e-06
-0.500012714965781098128197958456121045968830292741185716322923966865359394515242959860464965942432236685865832652319626801809698582803303793468437698393224759868935702723309959854507 7.6580037371326468794754820058168604585999409493423944904364145732116670216290187323773739975218561366557024626174566345770153472584627819985382578484726849091853911621819444893839e-06
-0.499962709878555550626843736915663566614503166581828676965516641563033366479779455265877892701088691965270617031184850119025938358839548868588884451761128176901020757846183324076129 -2.94645584228071192062019142675360838860966469120905219244865209182243782759769335894245443719584917882669954430278220975448222957114299853093509784714401889657492931147833163038075e-45
-0.500011918221363304050679166863289065604831621928468643641144204243411919922268159017026854106640913465078733211221947479376349400997675139625872019714390429759189519546017674847201 -6.95757107991109241382289660379447003533017146086478595949019130871643432567478806147084016176796604995448496049397104392806668658730387517917587087684903950010507011844525780665788e-06
-0.500011776107915643447373742239032846227049282689507268497160963545105809466969561747517802925260391562080793317911632520235700557782283190924155168135600700837222723070569151225604 6.84586807554847689868798091909106696483679165125207063734773591097207070174436902715404844458408277459172010099711734694785514119838448514819736468822071606168122109139487468216259e-06
-0.499964466493852874829261746079285574652286600845089773211272895837559684638939141453483667207147553546836012549953905172743300842767291482095108049590547262302045771762111524489941 -8.78712456023215521839161406268064926294036643282675858311176880458376150882244559972994091314899278361681917990276903716351500652680737270808882722175257312811514567939744125021893e-45
-0.500011037711071681535182691967355314865565702988189818473687422278811051201898786390919607251659894464031373714466582054503790050786203755137486591539370444240361044084297978475552 -6.22608861948979662029525181727409568117647864427491550071511716059896793551076545107516017463120056961825899264532405062953044291148676468646395053149816130341778632177923104827552e-06
-0.500010902524732867056841411374521770844275151875063138480418120546956224343798812011312655359215000215320292978308383927679828043366146594010454066938303305617091466559957421869603 6.12503345430900140757798031482592290923908652413422207091354186180488960223832370329289986633728162815281146233330138069290607611736023485889135527228477757089867568885629395687685e-06
-0.499966101868278471128741064113775945316701784988336934113038848407356551850732551205280116138987438004900587304511646888213131501537760148192353954050220773389174646495782769335526 -2.54129930483616993601876472510071180707512828153391177167832354809667791964734249324581567066402040329010784471763238485931570838474355712446047470584009473783327046096823218599982e-44
-0.500010218743634184587803197302870187453588678751988275482228438883624094126638148428489751547193348344843162421556970250576543240403454432005060414956809448898971827132887233805092 -5.57601653812119985924973207282122407521747675301991453400207926873463050489509441979724325293113614083907353189543902858305126093357364411578482343033694976731701831109375780922161e-06
-0.500010090054661322836979311445297752015342717614805088354562992473013197142680111695613608682410446044728421226867386906694481806951332614878335168897017591006124247273328608870943 5.48439381651065708031818117118494587576625371211891739732140891050123635486992933334412964310673138578220544963729983209972349147135814082149362110295806562737071270413627457420643e-06
-0.499967626906050890331959551002398703796083744100122071309016866611546916867066792578385674736461819835068450645989672025233137862498702600525128121993185084460671823673552338823181 -7.14126645515540337069062826506958457461855275585576775801381629787573545270736006598888507274288220024939756166887654502459389915254012405445607443588539771017151297966923307467215e-44
-0.500009457277309771931017826259846189164947822896070785238686358190122263304866163630804003742135152969985966927300611388002921079701543493725179387847963525659506559439740932467231 -4.99754892653255939289799434218392081670181139000804579131378396333976640063613692656495283680501029162313096907878838499377305704225850978483797697935323191626491986064906953645754e-06
-0.500009334669280522165901482513308182437787366483826720880410637160095450843224652116725721467227235879968867876026934581465599713553579707420218116795897951131931855600078134852124 4.91429701071083985578116816781402714707954798057097778635218256410359883412892083687352948596842137962631336869690859568521815668421224357966295803687136361710707296624322570245459e-06
-0.499969051312690621602470514289751023357086102297081743032516537955673918948337429425067258297211341967549204215818070626918209762264144350309480430666438947084592525689768382599621 -1.95331697626323525640087190639340920998545521386083251856149870099275591396282122078257634437395138724884802837080291486199346525846455372305378658354853865299003151633103077475954e-43
-0.500008749435915311941140721435416338444984404832021906417973293258325721886965567631051237427272309007606826288528158045534619903986749353791393740278495126651083048396940829228086 -4.4821525624139263454221490290481460944469139860684020865492777701821881193771905662518678188861505164890320357112797260226476617654310365493869923168065098231373351674992492070753e-06
-0.500008632509351050239792634810088939215099079707369761804629798171088882845065203291545438872478711184298472622046925735199300673150736572704594831119407790922518781187210354859695 4.40634254913177366787988729961179035392366462172164922660452105174758333476900698787855874778374762953392842066987706383673929787854202204249480633517051126241752409087593023232121e-06
-0.49997038374971692261624192497842330197213991980272428515343329165185549917961899116546480142563759767190957941562322754706852740556844635574065639706829325325270694324882761962673 -5.20889735669507012863099318929870816624520660017913163022850728008577124891383790975311363361803754074443331373198512001902258140582455509024077035527647139255052574084634166306753e-43
-0.500008091532446979282340050637461099226878868085028142892732318364978886175535112900648814770799259971920623737000310489174271435937027719885491441731490178324889271682940417295257 -4.02239106127439866569221445757153973719929957360941124302593864639327158140439244671573814782556798036360356861938833437012975899163965088028551315242453017734391858918323022802976e-06
-0.500007979907085582620706211900050474219751196764410619246047677357640615887368573837837718734886166618740542393418532711640081330734770231999243056316555460207655703959766075617979 3.95320879029262197561243752911029408990515360124343968800085542557200508456349227273958175406704221042548882126258218509891553844613614040322287517282067675256454414744257648996922e-06
-0.499971631966547479894124450122212738461487058007549839922128973214201497044407515853109591674321678535128477648302480989772640066488500965098852579260296483443378392793126610702066 -1.35622113457805999610251390174806241092503034693589215865155457524452819999171160248686921679442267770461144344125956863780596073907843637380371204398212401491033554841708060818551e-42
-0.500007480082205528710016111345600949949221279077417243573681736638386326618877243591571064821559236091732949474374424497804672331193420966416574591257198116214909925963800640840117 -3.61177451455620285346916725709488702288401320646369917184155967529385107129890242495369126708547501277344538394987417681905493458043238062936344032440296242790770942609818957610975e-06
-0.500007373398276727453605826587827344401964526841550693906913561086582699765662040965918413076350264816214947830864138751587775598819247819463378899669557856227927950862644779447031 3.5485051568921007274825079363637628653291750071893063558732575387061312545457431313329273693365190854108842511275313663717393320767386273641846936798746345944235379358478771291836e-06
-0.499972802913360578338362446651939004496678051277643785765382653093466745574421864136989186901292074473821159835516733349990391200925262217319309400974127155979692022498913267901883 -3.45230178807933363659638636047660828603608342565575251246218437734359859839258500731278373824823453677346832719666065366543440079534281247626780299678928424278084822281286219276849e-42
-0.500006911808254303586474124780206494310597378632280986622773910875878188127800573340598819600576361069409089904472826330525531053817330526306496879327196132228527135356650712933039 -3.24463081047278626962267472760750184341265644881303756581264734238000957395669547979784126066103987040385721982910758739258413561903858576930275685346534449522657158420111074239038e-06
-0.500006809727026288971812818081210491724506681086050801522335752303155498131469871360608012920973544305799440530699709345562218170744766793953460223964836175249554444090526622647894 3.18664565237772652401963748860240202872224899911224682966883997978991066364826366109475379999796510997742113316639435040672273708816362939360835469888051525300806287039201867854596e-06
-0.499973902837996113188202344331739449782101402646825958891712637762322196298525432725797369113065211407959361318553288878010801939187619125502715050047565031615138374086875468072928 -8.60229906373436696253599037324936990565799050760912012519092221517849408964209567339631619792918154229694090873978333977023573127399374575283361243498705085178641270206001014051702e-42
-0.500006383641353723964811305103559869280241463023976901128491360385707361709037222917980352663206287045090220870204169507380795088199022665692113386547065748978590250078951046186228 -2.91599540373738817915656980195385845102727408885215339167597911232490927670699404470298984405632165096588370512911742921273781714662594265300267642758063555150626244415766093119799e-06
-0.500006285845155278602712246665480360434142009084967689689626724136670875367917524105921653038807775731765910648411708773773425970062539749808275682736010358615501496737731255478577 2.86274050044853968242298354504155272326994396180813110124020146315306579590873208389166405425364342376865137294321343668268109458376870816687573927989638394256946310650569057738132e-06
-0.499974937369423681568980391939305821843957832791105874625737986826662068089733064508163870304019990407940271483855348365580835173585064181144211897160249462504729666056437561335632 -2.10058034560987528552434439268498644569564053282228522113543817894332029096254119600914142795652402582198339179831290770199185499549102852355155882255014026568000256072649683384183e-41
-0.500005892715992588130493412904275765271982221879025622955496137324405629956491871987323306560352233742883767692898835432781177213262407490180910054908691425702469853539154700150075 -2.62151678857781092219191969789438350361603312626766347802747993881799514115227436918610826497984587924541005163802105302016483264806950542276604831228601571222116699797024188599535e-06
-0.500005798907865729952830375950770210174825563912078182384058669245317354444938172608438258937538897846379194152004175412596385961640084922726799805070822329453627707264604890455915 2.57250321135129583608496707285900795377533986340628402525491419630236485805906285615760440558620912267133841544898456658680773393726663348945755056541262052034882948967566990829527e-06
-0.499975911589864274454704809939596984740471425282878616637608881746904723982065712328851555646701172625874244920602890912866053282636436779186214804372849840744309487106897704739925 -5.03195218460340799383080131499210912055287433035096998989934999650797647270158897924191745571825096902169120200537487829745251381742942835353948085725812627332533218556694884351055e-41
-0.500005436363736527695819828029935385721083865328108609392797155665694737503256690362344580061680114341888062974367186962112116271298963774267844417659958257820161147854667346731731 -2.3573753455807301379459017204611665056155919383379587639927759256164196243629741486558104777760602617177289771855913915800223970827656676134045891860147575970624724564496936996544e-06
-0.500005346266836959317078358918172141982627043720803013023247074626416249293821176757941644225202804815607791411317017856736272330785846912365620642280073583284482736671818599177564 2.31217078753755691755010413670901313600080378796252878364306078712588975867567130209872872235258460246339490923791305565072431250630640435847372147481901813087511239645367973088283e-06
-0.499976830097294476948813077505710692376990681660681410412342875233907838097609482404590960129329764278558806241367802718876115406815102590928171230834376640586214910880919688710675 -1.18365636788832243032159747499406011384834925856003911897864214820198172252177781984648401810889277634794366477159761523633341037911528380852152742013978965359640238711108851536876e-40
-0.500005012104808316159047731276822396825525392000260917537474718536201380123927645379124363701448554416390580720104912991016855875357252960671486608802484309260289673819586867684364 -2.12021358665532964019802145718902550616649527467479016905309326850240381705328178342255760684118960681066293931546761509284651047810223495467630968902893519082909649279962589283747e-06
-0.500004925461642145962062557797045319209504825236092060464719636839049711897770251558389331232876990236450808719796212262142736605730267112656532031846555759335023008174945382715632 2.07843512861328057561560220809913531317823801236838722095414647805564074932208198627264041588031655174206303468980440246945203585747591373891759686143559942216640049333888508132424e-06
-0.500004617638581321127042173007399146461862884926998261989395672715943162131720061167843690892683314721655303183398853885884790630784353112318100347538513008992113692405390753851082 -1.90707612251469106356275053152954620767769176908079724473666442447579588182808427374503001010499967556243788324597469109838513202095336532470096706284980804527142445039222069326085e-06
-0.499977697059771292085609901762357855380443005692586949865840618890169058639697689059692590959281422305622829316437974929922023168294072137012920797339450026618971919000437025605651 -2.73650117206400163474105407011431838090313653848705643497517825849765962016770874632963386482239577187112541449459828665013868498248697504950359440302547054955650221528060875737389e-40
-0.500004534210144507671301590537878779956689395592389420559400973448418831626929088574503101751223639455365301849174309366768598433013298896821173982240980516326735359964086593831022 1.86838399017381583174163414756974022939484596998997249442721316709007547097206237360623252601300308200480488096729021597370933135956700120353728403034639230338528459741969045171457e-06
-0.500004250833489332023403401437014656908320884972722514621316865290843720831322214113610564931845203944573757984897548620791466014299615550197656658507584900432302184850382634069326 -1.71535793132304266655244940817980579325861165100324108498219790302307771780114923958028790454394355267350746164816822581194634203626355226700153436940367093367123769510999041981907e-06
-0.499978516262778250649532652662775708244589082239953444279788723403050781958082991365745370071152699180667413230770927538233074753087959908814593018655314530589146677513644108838862 -6.22311643168254735509078505807954667559633148386724184900961050193592078112588498395323940003682171209702963481051667504092666299897995094502785261463555576693386228389093873882456e-40
-0.50000417039835952545154156491758637242057291704614501574068031732892232810284217778560884041785803353241849135739619531944268285659847573802866684214480950258492301840389480853816 1.67945010073544037055853409078101949582741363107942135070654748175674380037406892350906153863954377394140482171019736447628339674960764739158484704960323617916183055375703181294682e-06
-0.500003909716720384262190836771584203063792958776163404822070213606522646531915738884420870170882018347845285496265083738552109678756344756690097849126062949461666208771946388831281 -1.5427597223566987966381309867794036078431422215889975195210413197773344418981826133911438629716544875572429703982512503250663988871943249507140141987116654823118897416734068628428e-06
-0.499979291150598789482763706965770406936734948009757367390827707689842057594557586152557843084073373317921019227844432331554458504922421946282936331793229405772530525154200632901388 -1.39315376192715658749903218171678562779524623062773896378309386453836865115995558651457679277746829752506635927814317204978274929876553613042768705645633152281961717626347975677746e-39
-0.500003832070138093455135223106260205641128277052820569687628200181024814465365367201658806453414077936957459867491852132594767746201790400438934820546196573371316534128713722103292 1.50936725224832428646413903198856918712985771821786363005648505559325493173329727533619094310622376118859707870350956131297545530375180743995088106537789633066359407149006224457094e-06
-0.500003592463959155954953607290713865574326471224990740722523049207769538354447289293788603378197895641166010559542107435055663692634852040130676833879746745675325315783073615321445 -1.38724937057558811472574227344735674132583464795405747407713270142379797915632648536901251675310263397651103864513508243688874463677214661141183497664805841949949121165761768507205e-06
-0.500003517416925536733217010146605600105496905553658926936372606322199888330428535170101129388182913412923448733268653093558363986921426846907992768441031168924554746794964006004122 1.35613235840477695421271923934093889980913091142047086924652899294752082850261639176924411283750878752315509823282836394195483018169107107656168675765060257581158713955392874171275e-06
-0.499980024862562649237301310701712650885921014231884268214947995674841769054444145927807523235213174987134896764593310750415577056645190696589782838971356820848055086107924564336875 -3.07243723973764691585618868493495403924098333290748622753971048252724540082321352481198610266426945937312779653031547094155923473134160396687478627714014795840525654887727173716153e-39
-0.500003297389364455922406366268788240972732239985313187495478449297503681896552746180004937419064021995189565681749339526204812053742003012008364476679302292984465648568104334233462 -1.24702855197266294537492417017681475350033788847179122491826140276582766165490051024236909758874537912978980929790981061119753140823421123026286450084179230555714575413719508071241e-06
-0.500003224767775787945035817203530038706347580255117582621935783384177022509877739892474588371751722559940412159184389086922059608264263846894901936421106253092437021958104748524 1.21797262612474287285400014025095785063079463468193085698579898179980674936883542620580473240675634275723073973693939892577859530976246667955202193311242091198458103893653432276263e-06
-0.499980720264878671698603372440184096889783600585971380582857290515335861115498920366751186391126719588373311033747063413534971575803765107308114566445372006540585135069121854197278 -6.6796445305737126453489944086172362389881275540491057989929632367660452035821368853913172523698975371905338657469224824179249192428765967649912563066156445852383679965156933578277e-39
-0.500003022935909433001618598091506014718535663637602993019865056993119575300880483777411723197221095153682898642199984224236350465750192314618730143075766794138218558395001892174308 -1.12050383979559741499801491571267434635827182945375138813061186885665084760365667556056071146628931202648795772222996561771969364038983875731631145188551388049535223009449026808981e-06
-0.50000295257974299120147006690087608588873155422640392843715933948119764388925561563583794407956574694586074671143220395598161803192396830475083562724909253560759899946937588771177 1.09331711346638723006525734152518106453880354138917952957828378992811678346209108690081036887552658709105189585546874886391403277304057311850944343988937779075961712653537091013229e-06
-0.499981379978657629560633154770231501388079083942857810227876997105129134864363709644529659521628481797682665906762065478350160243419097869488668404894919976424852931646990315402461 -1.43246791552651846619663065071411324664281693601664922738771720134535369429148305105446137926897670537492034278687925995181871744808242614921677929921832233617833803193392317224665e-38
-0.500002767666167943492839038830122763787968658503208719032500516902447503562261794898248811482565414746791875121208267397837745289864243113902560557253849243232536223739729670576099 -1.00626163190838764337553415569126074476891706992682775987960913229834057335689051128610599550448519935686956563373867691814763652517327846372000376751160575847217569976412348375267e-06
-0.500002699428730061681622154100889923472995057887987782974228451399583722803026772147927375528506624951020042906887150425115760171083864796455243795502702554719370885487700961434694 9.80772055396484169508316430363890984816807660806034818862351701819250807512952251580561878619703905922041216714302055231021471590875219287765057341262893610168638429015173929675264e-07
-0.499982006404637416537724370362199539506113232656100527990964884050911025054654576970923334881365394943692001077487969953692697248984615481639283264745782214090672115419982063322752 -3.03204398229193335380572658667815197497324275758576024887781024216146065199166541793227392493376075913396702857882133235642049389541804020009097178849642107313020749117719590381737e-38
-0.500002530253597575093083620050350916120857056368568306122622396141029671961493324168708745673833352801678544350181415344164181864698120667001024645069048115299274394209307814920963 -9.03046372808797260873744745276137424441477029739243569792236489597211971338810827234045112241376882398835998263971560038187311721221394821010871743384376488500057554118280588079176e-07
-0.500002464000841931625350904579526968806130544508898476771344984524876295781667198411363838273027468342548812498973582984412575593696708544460374410783707954665464896675899323123653 8.79099430435815464277982825003285714483896079567422758625424463495279902910790623390435078147638821572284326699863707744637902990013964110994376103237895763011591794103606172199935e-07
-0.500002309474345492942677311117052970491316091030334234231279416160310378788471055982462130333930274832874766238013755127524376758450907698511690881259344876924633912554699906811244 -8.09741612788116217543109742566504181822567066511189388707326649936817171336910269456904255286302183779038895479678561542898124905206352704936650413141281057662817604053281718363031e-07
-0.500002245084267785407292664184528260598506258291454789785461900478940836126182732417231022432317447414691792895200144450421943861059645042280606565005617689544533954030110386817998 7.87198318768344444147747694345787774406834908643705763983858553113474443136659873777172111982461657798096395513736432329494172887420753749997453927477166204293986824833003439123279e-07
-0.500002104199585506374329552636503875954602669403978020680447124383045125752010174326790657184714995887481088680244671756718995106258084834217022370172774760221754225278519103578739 -7.25353513647587221484156959601312572090605372247882427423098374154538416457569948658448668212534816141370798741498081681389394224831625885175630934907223470179851446844105117225818e-07
-0.500002041561699549998521155128364117575515118660483329206737102282663927164710987993766216071908022153213520254896739544707166773803936389840700831581306005743219082603830902790973 7.04088668164973270381239866961863980776085412515041217457785801253464917067385469046004498785054360050303361960691459318497125036270358208767015698579077515013698290270104229103678e-07
-0.500001913388381981839395187023136754714419095085028246782590617240480272471233641270745890368996260337917283624574494883515718422871939108132714347192819073868750506645574030027576 -6.48996467155997465079083816145771921700940436240136892028562974308943764046222155543145021967411624758264749344487978253153062615618575604731962992850198977072255686854407115070068e-07
-0.500001852403281740223510934285691613030856593532928820853564777313126444222089267286607845765471057494668220350576727621024538515429017093936430237803781359307789181511909542821555 6.28897139875507539089690080186992378710023702593688181337437727761181597889911948099039027314370040022736746821733498673752611667682934874874625191941963515486926930212697554574963e-07
-0.500001736081067237031857981709168013659619512848904962001106201802908276016646187804510146394758164338193953150489872231635631601966984457149490745800118495849953880292404964184943 -5.79880540633550727971489204336395086268294275958740908006220120939437159641409408331243928327030216298447303584687011563973737664668296941521762040537820812466568895681251110500968e-07
-0.500001676660079291242231796011564945781477869959975769284714146928203570304335890696866061274032894648012832197872623395237413367313996159683899397142725843926556594944080315300889 5.60844754048243808260155436072261233914856912994376436555364331464562998607404897055241384408440259014071372111321913703570646859866701238993070226629719787076559249092904638695267e-07
-0.500001571393112909714103943321904236157483028174984261326569004526095255399110763036691687430791744413533329073823312418169244794345003818651606927284690804971190542902320520495278 -5.17300505015988937208140623978440906912964664868869193078058510323632675201291764220799933752452283953060340429477942684256699546033688357281379785744269897098991429008151282893309e-07
-0.500001513458044346650096509146734696877393209766500173726716213171179272137055200912377010432362239828383658127027857085387888118223543788148687674598170165042384580105114001488196 4.99236094563468183782534169352151319568429474755848335318859950204371397400034436045296266752242185302921733065382085184940859393955022155509249440918968218053516942975700147272311e-07
-0.500001418509471781982784103180387705262366021505795611158310471023573404197181402953394295611402053028682143755059218116913528697437202548836932239694748999806744212606314341126582 -4.60626235616986591771524197961952506710993937164506899758148941943809015453821774846922692050178629759644295226722749290936458498646433641129743454406718162438567897045652022546763e-07
-0.500001361992459424127025902519780790212036219322438966521505696133144368025213722865079270282591594239208792813018413964995414455983817908005244218700754392749489521839352550464364 4.43449867528972885758383631756133138656230212248343024888589519471326890389813087896445274478005931067790580076184973535369232463135483175175677574655687812247411372059803055791169e-07
-0.50000127667936410050512038625692962097101436663288178480451557280054352990721184094926226185261085388916874950178838163480774614328825895823622643162918871041101541558575236408128 -4.09294305516209623832883479826479132763229789167600981776010701025437851636242959706515993762142860164729245585347107723929614780419266163962810629736449146768988026743856751862571e-07
-0.500001221522832431656134573412004135857309069475254409357241477769235015957201845067455099270123337463707169030026567956067929277103271181730186944144576585551871885247117529700029 3.92930637026918833497170058474336337558896624483891746417580318586596239010972719159122957334163349910635418807510776168991403997181197526723316203424065440057256707301317483035491e-07
-0.5000011452114811348750256780271216809094390459856979883900313788659897355342243462810758334649902748106708286913525063910057578201027544547034413086100360538640715631149361548916 -3.62800616857504332780101745759975351126817430263015528281920509621167786290989403958146914949833295931321749507081342367821903698870946056053283168024106102989800071712814723063748e-07
-0.500001091368218266830863960943058975389456302370370812065322237413653945248590995505593088477545576435165235939785664910607585394489693817847662086462404959924644408764545275507847 3.47181586828185179751853075238289711382218915580354304771945784919195430233006213231479336400103273631526615985016683821317541578684527730614588578896431604435463297928268696402318e-07
-0.50000102346957822425349148946089408231675710518186019384071974634601510810774521972265865232328374308053948429095451509512273214013928980428334491130764470549696258054341823238817 -3.20693937026377083999244519928026113974655330042275549880325817633926838300617798042742087405372846975460339431808438871065286435146022023545211369723542379764954018373365684924531e-07
-0.500000970902941917102611843614838649773665948117110457880653890356702968377098894960395170315757188581178910743297717193295722019754771515496909423935525437205454339846615860025201 3.05758178399969898816177785502048765060650129151089186717237885416792478609127197845779458295612074155278096934036675512541822271671256589760317347030173107929214645950701770773542e-07
-0.500000910868429612968368565010545045233539947474992057620566303505060167107830579531830168738471516360339672771276373789870102395952733131773243531909749613237543216504756333524751 -2.82570225268102118000519539860698301370262023146674508740308392215546923852790950994306543574788982866799038705075557728139709864860852700111770243330119363521225644874334090628354e-07
-0.500000859552698899748647121054701533440498430604679942100515960833995631647967368699314988253768963606942907837715132238571915537155192963462594465116943395637027478896588835520664 2.68262594243584197935359936707330455623719761995153335233617446725596543115746575602714880520481328617937310096879217911513655518434863224130932326055214436046324409871467950038727e-07
-0.500000806870117757693120472642082516718605333850834017259024287809579263221889326754725917741140201567316114809702008884505649256427248543892243832823629550073699051724510255067819 -2.4806765130822650096437931650575353487920615012666064266471366485486321213372859827478236393563737963788793030408493665596323958800809378452338018195543914701260374241430056007738e-07
-0.500000756791010437696289836121897458130871954628552477883324165322664600759044539648103459505222731957506932968444006855854687589377310393923227342341526737469837782275193490253351 2.34338871990336412430429445930069036307343701601706504092474415419353802789191250877577040723557261406223870501573085166801704984157483257309384180644271401714586276703471625362294e-07
-0.500000662136012973987531127597912102961611119015480985368288368256365216071290031849736165104097951739778131741938744834685431463942897702605093396183159963738958257814232249147851 2.03668649352751060351360158912479541531245020613730362017160397073976157697656332568940126250708108162803713290501086926292723794949032840733248063317967004811738983503211108486244e-07
-0.500000710980630330023774237409539203708997909045749123831711239391526700441653078677748087726404429845689585946815428534521552473600954701894068390956557123605111855699040634717317 -2.16862221389139963004503796447799030454287297988465513269581931977056200063734791773987010493842553891988900189315022855553575936824455040485100759876601031120630287813200962875934e-07
-0.500000575147564674198249245110667458728825058537065180549453225000411014181554005376667589382164996198352629341305139073635885518118486656305463038105566331081591104638367703845896 1.75967453723504934961664778682715375158837890321809296264510154090216422287689071502777692168002645467740899794526830458828411452095217020565051090733260383418223382633282053542359e-07
-0.50000062274673869793915670055087621155897549526389025027605758470722193619830848064542328209376528296017755965065382809244948001344109915178447759808366079647004872482565003006011 -1.88663939250726171493753048767963830109463382238023184033346557352334958994904249635218134458459499032139403136746605541397619973133403550387509593820229741886996572710943480105416e-07
-0.500000495424655973570559319503371541043243080026582481313303221755987141488462636580724087106334777474051344888610441330240258285487438709367348700426623562761195755784028999979902 1.50981484164499870911821077702588756444067493763143962713311768783183706024272591088739639650950566277370214235412211152104230161138824481889060562085430584850382108060990275076343e-07
-0.500000541753132144290072777150869030720405807999627645603587584929805597275348730077287782590591579328443947076220820669597159725007974998749244922523447504846410653484988498271847 -1.63213440373040517612652350879852025682017895658316801405048865693407582909095314924339125845969645022677409772143870280379478774110726379676729750437942192651634822203242529181855e-07
-0.500000422603118106979363132500538696956068756238836324484099911601459425086438789005303886653281403163944106512804725875176026783737140702357476030012728962087917244263487156713989 1.28484850411583736109634330353159794687202753089877010490079303411963550119575153060121574935623985105070442339080479427636172807444798021444444867158629610445747322464229985616088e-07
-0.500000467619782444135465924107945897589641992067269769448651178543186733870746198810476558792657138933299379509418310769512153746113699162584355593140594512964726567434673272513352 -1.40279047730192717633109510100328995074207466261800488552917584904869331781107487725817179563684403845280768941697611511000228139480584617629965979077879758689010362899580960225293e-07
-0.500000356353634639301167650324425025868497405984101981364832931472710191577642268768172243026750118724338632567020892719827473368966697714302921518595097269348851934086097656727159 1.0827726035632371036026864691895814496192097607761698793193482410023803730809726186074369088867010195674713075214409740532569686590952020552738500717136622896027953358598433250748e-07
-0.500000399999513858497270448504674122609719608144190210382648248488465618824649232028009344900275509634501845026367115003623903109293252073623632119324755120910399963907846745066795 -1.196542069639405100525768497547785859317334839708179264821881542897213976616363116314049928609854401552506137224133296096856255130436540850681199573301134331645013537427920533044e-07
-0.500000296380075810447182109604447292721143283304988835627116845449047865460267471491063857879517447614226127426369202303232601100676247979453991820315963827885635745969378766632067 9.01822038772194247126662799580474019039958787166624224773736698229985610766592369774366277220821843685439458455447866258229737692628079141054979286498569350939917515170787072553823e-08
-0.500000338575754872985294314236577248809264590883205512810983750513757035001171185400725203095716198865376131926102049655799134954160565206660592111834561197229523322861348263099386 -1.01155269026844445418213350679951082761949758873989917788733104742940256574634396441192512072209793516655017062605726423048151392311345827442041334218610685753333106676107628531839e-07
-0.500000242418172896981948550832834074420563390504908312857191107123758626586204706786947414837293432846735712179316973310157420878134270850057320266752608691747566837119462787784105 7.40458194229286074034272030618698636860771684156524613721811300566216328214569960157265251390296423378929005107219646344060526134259773912122501300923595041125856562671990410209976e-08
-0.500000283060452421249473052851291268251916556077450991944360593807521270586218299088804682468855513537232266348722888705681313791643899714919310270409507808759680082674089810343041 -8.46195996750315374391940067513105530563429812484437578446158019823371302217602503893562764637337477189678789607387500144143925880986819326052963586082132670143106949983092998128857e-08
-0.500000194234403406695981595550968557527304607947118137726963834793053370931272692199361713899443868385430007442512484413957966674173873864086356397581045745418410094314151750399594 5.97369667439956546598442167518598544687566535217732370721875149906746271927270265578885467065934547271835783787162125836811546344732516442727048426422461560318036311276312172627112e-08
-0.500000233192142986272618368561041329658418336297657030876307876208180733365694215239173523829732489930524307644798288393727390377570314877178640666273497032839744678878639040008216 -6.99040068971016036911043407526044176357106505974163517552257765073276926672206492692611117389793404237297901815166476742835124133818916860887822207802822892423527477628872283097002e-08
-0.500000151624133538708010440842496372493437013054019240730787015680894665055590410747917703765136989233172577897354236530855616287190541938175728196804625218102655503992986885982305 4.71496771433401868809005330985475455469399483305410212034085031908341658921475558547788191967540485093629391405528033080317973356490249737397767666230388938390544171152025188189904e-08
-0.500000188734212008526610642352259660487944596316781016016667256067921567382956373664636247459589368833999318438120874423245498836767358963338055185774082755644997181454830988042762 -5.68834808357955470397499058539916567796357103045607575100937640881201228656371868209905426423511340004939908803627075347181694970242704093632993922056489568729308886179624173961241e-08
-0.500000114404920522752740621289082281550509604119315573466912361315977591285782792732991064713132153625747815845937776711314059300758216354095126433397126276137966997584980268562556 3.62093388747951708403802035224996927237033173567206229596696464272454487351452579068785605019602607308162512033334049777899595123821647078195627068461426903366687692493230117225115e-08
-0.500000149473458723336758351210198454381902059573045620757280265362159276794011785193915216276957355930461311938424234466364643985086733019002254249669555276467019271401644091379463 -4.54501977805329836700971422647718276054783126556918061340885552671856036617689074533727828896447172601050424356401510240515024278626529881935273421185767878595408867233425337671191e-08
-0.500000082393361261847942056171172367007574759404435596097497944695041226382846378710427759446228278305564458520196249834244883569569246627439590337969598883710469967617288344081018 2.68778322032732262312934016598296937130431467004446036383686515522983706168164432198339762851618283784699247597423061790248596694388079161038289333594890728489915763596960872503295e-08
-0.500000055354750995127845843182032869354464417778993315923492219219368809513631543740912065874261703445159477271715347059190809821834598776341213945495192053862978943585140205157913 1.91237111125590981122869927975759161253975109993303985831951686519526021393347916566291727866657755790565854735751049707488508502537070282106733888905406417889157405882643935685783e-08
-0.500000115219229332113940722613132779651503267592222138182861153229723639564345429498910334353154004084572216665341674448468763277622825056229889461058069341927984080296882844453452 -3.55125216542465277785157614498791271417068147067718212409649993386852648432250229029288972828666351556500929964735396202042024466547545230764848727088792059005614012229523498289417e-08
-0.500000032984345812101931155687702468202925034714011040077289738621477051366132698446341703049081371018675986046455757070773511868856186212623785611446747918024464794525382521254257 1.27919065491501046945547281134884935820829112148671047861859049806110657792146574067125800956953387543572437757969921584053688477658818349454492326259673764045448051188069140453514e-08
-0.500000085803412782260530714334054969182872311169701317039803926100461261760228773579752844021611012951871829347556608096871374611409734986492143454678238445803810840843622938493508 -2.69930187883454079538438777968996081323207314617157395314802722968399261824481237374210790734023114046803494496906436599266562885360197078030902546454901838474086782848923686313887e-08
-0.500000015052709113681950151984452124674098201657846500455971710507286131703708588524025122855825334088761500540981736613475050260700739623606562014092838672835236463174849088622258 7.42587109834980696375885599982275025430107600277017888986060987360645452500374179361797819664016356883870036283019408935741834414379074995770549998404947099233253162644613360259302e-09
-0.500000061080541344135653059149754331594617934611751088794097367975899083790295795631052472379736627329892099473140043339788496265122063454970428811701356530416630011486069467894739 -1.9822903630485049557013120404463561810714600213012395645651702889054194458041004500876259005321546263908888625843470589337944885345397717689389051089563739082605942194674982093469e-08
-0.500000040922604833334845234112619668492311692611410829886121672018131908771735226851283396187360067664064046049858908966162404712783748827997393409879850914376736399767149988373507 -1.39291776581390724355121202629018928916695178374282312601651235090988497428153608115714707843168517459317708136053319593854024012711584641383709401080281306099232153809008789696787e-08
-0.500000025194829823836412815218293816434289684726515777159764869397934531171214321955389597030272713563227368554632853572110548232815857744367520458564104398183791509334554894215947 -9.21705403206336775991062888653965018474655184836752660169388628326495506117454748046654190596974749306417293956357152025222304032090031509988072039007695544952650880579562439374601e-09
-0.500000013701670114616327780643104005281016526722094872175770049093832261276113776644382036991400048552246566714318848035562212408529777836446644422168845534165874958588139351742124 -5.5685892415545979745993657936883204059891120905432141710043087613944073652050743489559818754923283507703839932599990541888325518047102735823498960303317322851909367436461344821266e-09
-0.500000006118633555939318892404116985792959462562865832443636715074290176947830359170440529333348920573211678686701661991674799599139875301344819277189257934099554217872506028657723 -2.87807022125651227477930066892770402649592215615024871935352071879766540401065532056367888618452333403582668123698503474195523873674495130059677261449864184591912077674937724827697e-09
-0.500000001923200196397152473141641256249860432986818623632482153153713966217963009988070223750218668115086427295319772187767081995019784508177638568664431330478363282786223403570607 -1.09646839556621556484889288044775695180038507439200206459341759948199927979793738265537048427308389160540737122605059889237036732286583170280466760776086183577268377579517902410102e-09
-0.500000000286778577933999008195337027012442959270664479525615374326125187317894353539449716203555652966902202859917493213388401298737610747904724192395950750296267321303928733884808 -2.05373668771206691529632983084173346789141962434401462299230471229448274083179279155411625512541371024032745035919720920377626337518712820266549637755554501603364270425232517541108e-10
-0.500000000003735049382351022037958346606931782399742024686405217710117401558629986173958596857640208009133696238270831513047116711988785704328266082965096378839674817736736743713769 -3.22606475873266217723236473372401155716948607510499262822955676451991513397346017565939365440544875513669812514899684291314055840321910666377953935723201288624551120434943703164051e-12
-0.499982601745046710661799854734421000942202537604874208441975300622306417959960773997314426251670003398483611094116312513117986455043665627448046420609479684363355748599579928406993 -6.33792887404013454643740465342892989897098923268005459966761777640324998718371790475181410753546675601276643811459288985473964781029623000361655526348853235441204664062592864044162e-38
-0.499983168022979400114651374860019954047314117350791690430649879429061491295806719712682428750121629980130139002630641170644209390246729828606155585755476801499078259394717290641187 -1.30902647647450066329840908549679273527382524660332571102161426357644714376725331028610491635133918471559608931636099389484311195540082365775074145314378518912750507443959944793952e-37
-0.499999997953530964534389352183346008541747861002343511014127130612194552529998682671156388994013624952875711708723785461362862472710489904538512006630323038694463208509094307900412 6.43662596609857990921782790418661811973788832614558289521906465902675884629698403882298675107848725891971105322177404189447380979726477497832346167816158965313035113006726852378649e-08
-0.499983707099598448495516083722854789770814965793642138387841452723228772300176837193642805771828518535432624818030181400908055783196458733664010584449844909880244747111922827339739 -2.67272026807360208849825000249272984889382188031588610835835448703571396344377085008901408291078038810209928078756652199944464223754140322711266889044878486806760067305639698434001e-37
-0.499984220689442706476959399786875401689617279588940402545901245970119974829003250348424082354474918829946421571157659479631209343509105488594904434259253143140814713587513122567838 -5.39716013842357717282806790633747729838460003332647321644336526045835908576949549651353673854774289195606867688035722202578051829338747861001174745117502525136810939623773705314116e-37
-0.499984710374072009756220948221618208635675330328685492608710323553322513310304873569876895961464571542770395372885560302885713062632055842312008412261993862474741923548381646371469 -1.07838885643374527302457337201712041833178412115490187923884205122787891642338546163079810896535780880201837381027879514515242272005565093849832247705287999554221193240076850443378e-36
-0.499999888083587175515655861788510908699730338849635959741171040872804982455686936971904756703717542273963410261419924773964931781004430524781150860256963688300979847292380951963616 1.41339391435704481864399424692279186878729957986750216685028533893593057478991406964194779600294664242593258190656363862170120657397609911676987188626579912318634108098865771289377e-07
-0.499985177614253563145860131040541150940566653386385238303748828142576598396363260090042572754322770896638286656554393029520274203605040117156006569428307310980796879278926215569985 -2.13287324292028799359667049504983436306006936628285733659708080456602896886140551726720977945288072136967172482325093184229883259805145249159066016290611540098514572235663159944598e-36
-0.499985623760865133799601240558749503744682679815025526652745960010413995155152153674736599605222707036687928703741872538750180804312562865411657472931556562431548400436118541374616 -4.17739964015127052947859319900102700966865959649818272910393842936073895021228607504580978640384303375828907173338158467941112188113405598329556163061677584655453804584867982885873e-36
-0.499986050064667170474384152154719959706412588524743420499058551387780565565915108196991819569612150183631671040759984997783318950516073981138885705773129274685973910200461511268568 -8.10515391695233804181273003794744270458039836945588227203097817989372638029737940200594039052093989946213894648099360540610484424708995975127124356290579167582440288893087096541715e-36
-0.499986457685075976728511316208930492407463993388088393760318370793292340285333015053519867160661013949341995064981725507825803705523209847672142335559321007464527897151522385901587 -1.55842364123498824215560434433997506682266263655308352402687126859086350670681017745539219447430439580895884290450979483703797773756071001515348778791666676951210348218086424688476e-35
-0.499999700379210780706160825557557590735616835235451137701294701585042932342140870215505176227902353145473431865348923381398917415383532310721898944568346689501448877667564115609458 2.06067607453243011905489833724107990877556982514188701511963948870391898806807911566816467938229937885160498166505817413604446303668607419635310839385357591397501164305895431665773e-07
-0.49998684769805295323537414422339969349582491889074887821983539789501566235993371876178358585296256599071976616449140402297817411379129193646802563473723205065639355540538348170424 -2.97047544623659315139799968661195954626075248002726536497037765976277278448924554845466371945139525027409248732725251176916894162278859603490710280883918772091403313869188736291705e-35
-0.499987221103210239181695942490240574402910006714109147133024670033312172992780164111105336048183335046481814504325328197914661312335422028461431281249302087142274965141009278650586 -5.61464980577626905237547276678558951885059625828840881742289034488358079357282134567254899861591952859696014417614598863109397570378134300226305861849622040078293458553608629587111e-35
-0.499987578830220451558262651211210201669105547818355214450735221048944334220608991633075077483428680981667681071297132964266814510853230837135176460610750470117473319020266929765619 -1.05271099113246589250536732324338229469829270513341773442546725515835400649336895645755966160295442438225967255925665101117376193938433264264895282313212660212378245208599575604347e-34
-0.499987921744607332388418624741316241238844951814319768794294825613956593586809079234982376432591381361724584306866277547013569290217996577753057819751861819706922276101050016005372 -1.9584513624654517725812122046304995980504495424120106836699822196618826947183694034444686058153537202552978112774668611311024335554296442561027305977347514607007971570457394692072e-34
-0.499988250652984706802352824800234085119280020900138757196952610872464709304975715305919580587393078620022007260271508367454635226864729350648451693470991291128253374540941928905393 -3.61622313513132545259030858989796752357819964471002740822114414797989983541072294018612001610621268013298356819099544296202005410923551509454175562419949140088225986058839923136839e-34
-0.499999452386124071353001389633084911334632307812133043231503979314990107896466888771040082586701330112317209124189644599621386630185417236490658728770353443554153957589443622327038 2.51579123739879929069012981642574416028449083652689169395673786329009596496029950751465584572988287079159981684742695757059499073785467025870170076772112211665386616481838909838089e-07
-0.499988566307803010582133916983362502233214273540316033072854742408343327644546046334448250944717113821589364111629797033506964798474892898320159091351273029872296728202584566679668 -6.62907213633544694281005093311230727394450792546264517621203386854280563120736533421468162424889999037177632170612558067216159019555630878417786833967260713349780276814971081382082e-34
-0.499988869411655580372691026108815244843267988347748390113838272839571112678893978131102404651735587490590257763687800905770607626120590854310349711568473417721856734923934922905903 -1.20674820301747846017849827966016831090405168315253476027866598941808167810782863899019064431369812677504705433823097121323735194280051833310995330018121330524909615229489392964807e-33
-0.499989160621190758038892395157847611187567122520689286904896151319167332353803723208135811061033225972034730701127285382946580004316894666407328650670355336758771477623300673670401 -2.18199415611422616419311743552002323971845157061256742235816812444604607318997520309620924669498241688162337073989120326221744683172534455858706264166258064602956278526203565576886e-33
-0.499989440550670511531253532720752328333313375816309788014411993337582827479618945921450370244440090415692484494174818998625439761404906299304069028809157285648368236446974696691188 -3.91981655508342688305202165668140867849530927952014306566584735832809970714009457972989956347770486955171859627594647692224666039779357822904301597411085066119486898614520905199354e-33
-0.499989709775211607028846294521167752888139975151084133110444496576938847158539225699919089420306601929060760427238409437593589279841020166341201325349486098638048211715907448752732 -6.99763459733629811190489783320457621886410393114115919651879442153724640829220046423363575032247484036823435245076795458831614741044536779138866021833670488423850196152645963323563e-33
-0.49998996883374128675007611736163181009588302278539130983288982568785283117703253173484864282048854641347506564010024679827803016587851000621274919700209722828023384923220451644572 -1.24166489496001976169575455851403339750839326686473157957009207951185977942247189238139543437384333468536088558220572718619585382749888325789236126146503113013336603401946753767062e-32
-0.49999916671614002655985130517330839846256387038139554380705622242902123199372653272858241287248217849505157094371243748705981847515768677233686042138610658294117168178748380486786 2.73479627288845629962228739328210578870796939216445189479001571892367291625705166935602263436835960978138008747051650300762622903944417642991788208724376126792768283009922031872599e-07
-0.499990218231695833411239510284683838533857353331367702658507038708983829316639968383214006585682640296583620150394363881146627631100123723901520078049343133542022079753878380816609 -2.19036159326052077805107836133492043649727245816825094375438730662780602340633057858696674361694293361315064053612670585236575065849859307242823008974320686939674775318323716225987e-32
-0.499990458443487267436535449699380165342700947424211263593730494226951172208395621741384637720937210233363786276079944612758271672157154119146774088232095880662586748158560186794944 -3.84213613394852434115593000951049344705808210987762189902703099829547812179217998523180211008262164537648037841683441577658216413105589114365840209388773979486189594218768839148025e-32
-0.499990689914760668203199669713565911710171488327019394082347050741357705650765170253468826416354688573618675011695827772297243632005671790205427735033634695741018813091114422361254 -6.70284623618804675305510875582351549742805145566369322373264711307292488893026356635969756152793794878349883631586030982678258627452781940091722975434290439849110046630935864961898e-32
-0.499990913064462185767957570479338328150738681512335782609429676334729775718225764906551784445022805305424904854890458285147130756603078895165780787908067918608707262957080035258922 -1.16320535689207269443973898939277143234831107449611692125065683555328004744020619609773639711093181942734012355126797433732959832926552213404368795862017652099957215498984489045151e-31
-0.499991128286735671703908982980362361576614252650656262553976711711700685004497076985607337221506248140273846510163302184500778317322690403908142316767878091604980253466531112872084 -2.00836382227047104511849388925017524439401901461671612676164104772140550464989396884589880035287878717717175738236981954329076088005034563025203298692367013645971259160604852864127e-31
-0.499991335952663969948380723587664298052230190451812785789291152263222517095286734255941417658706117503409977463253757423228671381545544426493310846823169962541198401415513687869182 -3.45058571318762594696522490260128419454675742745778488131861111048516532997894415647673735174775707388895380907725382599540127457417029111223789838683265144016428133222689003760531e-31
-0.499991536411869239114275868700935288350954913976708288587407936501507174681683311009668749228737873580791687096908396682298868678064008344514064826775674345240980605205325391245199 -5.90039057686780116438336495622098313957465763826795068188200146222695754374959658046684333774050586936140481823736668001899369426434346792807893174834367650511881013016560027996256e-31
-0.499998869265714944840908356313717360284620997836943636929753993344090882356527677585908664992995323754396510448919105288039724544198671897182756629444063604181520646648347811007658 2.69724860334695313138325799030146357193976290790229329010802162523694032879711066574535551776627455571062118058896827117553377010973916421964826702489097808600056160700298492117976e-07
-0.499991729993985199104728356401702176043306942431285580684249264285799665967383354562645204427522192441158858018800553385465613672551433647736426373726738055051055070170582195116505 -1.00433116130386076922882975728926599875292214696476353282544084207775609507480094983172027548976551365887657897467350706802887464468346157872741781871510313272931881937510624753007e-30
-0.499991917010012883369935653721079813443689965068464977867077042715886265662298618906980843588533023324992343983437916785884193091570574938389787326147892594371571438157266539452806 -1.70196201687905695330311494373016128778012938983852868830123137089443259980839366148722686535646561333214895057295967829375206765272187336241904981865063560499607618215124160249692e-30
-0.499992097753570313213547339252538705351715985320050756760990050018626196055405015334724847159786820188390973822581686375253263470603861113184342445396936730572080507885918637751602 -2.87187788478827115391304840026694150294683931350802005433600740479816887812139079448282412508405221995943491505454099736963133281252336882998997234031812606489861811746261729442688e-30
-0.499992272502045474375758720149916467274212171091230747241478755322023669455568156033536065074308749644931164215891499778652628270609309530559958845819277495387474612092405577478795 -4.82602677518436195521739640683615830071910067810785675751679203810740976971181029925425888037894287771476358396356491762868906593328035297999088641744879082771883859924417505597804e-30
-0.49999244151766105321022266898586871051848804838404247520417283626466778606579287854894383155726939772476084326401959406710689277463021722414489479527528603271153518464106971172138 -8.07762647708389107764401553824213405344935978992399314813617534345728671637936828317273341576235109941805929261795807587503252046232851309699268967591504370922391426560772500707854e-30
-0.49999260504845856665959506727042379642119773185394726071033558664833060858305308591479518359870392377577429837007238529986881800417095404332756635298519897235816589774921273544742 -1.34681823028736141134452510760151197731405747607299075219085946625857175271085751029781707234408561549217644439789319442709668058036460034227849181648340593496918919838689174781209e-29
-0.499992763329208785176836938385179649682053447121364015304463783934046764425241079738054985221323994578070242903629327171071610286280991862732530498225863619114920705542938445530638 -2.23730223168380187389823587494354950617424741476106575855803004493653272091274692746623132903526630833790886062030278061845033938942577953239269948992586104914150586751055595535857e-29
-0.499992916582254690484581130645248231970745860115398295413697812515635267754231931821001840274318588638382323048078963907431850242424376839167831369308009752562928934588472232056242 -3.70329678003088612052402613626637187815017264675862589186646447578231068573793042493346061452570936941111322175465240865582599468291259008838567191908421108763647494718387308676772e-29
-0.499993065018292621649570909228578854709261894454369670626790859504273825123817520535874877706502667099090729206294346946665041439652760126701099385503035984687788111813657850254433 -6.1088136890263356495388788101655110770488399707397907663340462917636823296066002997520152462841400657850322646381729305703377617008268416370453350883740740196461899617076499993327e-29
-0.499998586835422236689131455799298271924712772478350054441910384987983002049526046815117462424583158701220963654232723627626566474340136445123819009325005393313488536835429671118049 2.40653112635450760035341291567591809999490369554180972614981926206020670234804273356651152097167658565809184736476979809904912639209794346124555679324238854490214127580766357377275e-07
-0.49999320883709673552481544433347733468825993961573037266229697613426282642763353235659903390503010942216472093979002279861916436167796114784227374974143529164148950710461615211524 -1.00434913077973961774663008367049708239712719588505543276861718825000172024731189658490185677004160432596487134488778535880218297309033063384729213845785958195232062173941789051007e-28
-0.499993348228191434296237710114057946937672354773210227604678682440062544416554780344137228712349614190532177367577281368981240674798999455084925376953035130196702390243419220005511 -1.64598438161127190433154976895191637053941156975628806629170074287431690691524675789354598495040908095164562628462619514308681892911768895686418480515138352966340832455632801511458e-28
-0.499993483371475987619375419082175306117792880281302417542294521123186222942119148091853623246576967819698960363264830224591668728678983814830222040491583110008212307777978476550566 -2.68925769068984254006381117417455595351054624842830627808886521396964404160645785501418278279600061794259501321012971727060603824108232117998533111952252313659265807793722304151459e-28
-0.499993614437805194330323935393557347561055928172084885986681825777368483048556042485170138413570047980491130020737220717230103675436564714936531208093039233876025669566557790956645 -4.38082872933439976465084371170576887575907999139244151015953652689524507617363446535570597411400575965572269376827383136378311991603603349881249052313520838249215991876962832972031e-28
-0.499993741589529584283483326253498699316591313110748886070598119752711361992579434723115738000810944488926448203058324717805822808582736855694466554112529445219858538407090937871885 -7.11619263229353331368186738387367364734548620761685485158198898739801420812486938456063905502251858573023476990412309519367578088588773305888695314287750723471131952147321850674199e-28
-0.49999386498099835038010062792941462703011383664638697438301676997321987066321632967133715909851995353716743291386406152211611041722657484269418086797924468100626521280762822003256 -1.1528058137189878308459117351984842747751913848796114799596348771901059835101884175999491593089889861400959631188420877130268987325578457476455618521397866855783154857946477799934e-27
-0.499993984759027920662604943520874662118700508518343866905832996882675678908598454894872954784943478021394022052291706851073262690666683378278174398298532757138851487584106460267253 -1.86264573843740991283836284529313457781336089239737014681442657608962034066291977204580730808611273703351974289658991271337520966837800973110695887525876456664606473141197225605477e-27
-0.499994101063338827239348499632166626957073214817148295659907677023505604047243147682262105820867467047920194988695927130939686858834720257167063719256761442292248226302296608185774 -3.00204922252260318453576818691064218651938075084607303011177743981715092953332986902831779717376758379793458494604156048003382680593523062853017293915940135361036428876845107866908e-27
-0.499994214026963299921563461683283760278424519616252884138093403775840703575235150704144386966784739411905182740101007929365926560731583326791312905285317164311968869127526184010729 -4.82687282058054168849340699342225592773497295489059772551237505302116032668866297229540883933441639454372426057842902084978047321412797192121178008975547817004573097821009914201264e-27
-0.499994323776625805272443280622876564601014303787544986899402372330588922386209800527410014587973508534779374259825014388283837191946439587398789787106022856980318270847168822720666 -7.74320567912944766821356168649310009290504235075033590715543385836058959215287499404497025084411983362017199158255128422553721686188654160258086297888320279890593644183418456998902e-27
-0.499998344717403154362114820731927876238775038865288993235555137172778906503954863391061109095122569955618354267571719165219284679909366670561301081592684480214853653543346642564842 1.8888716536301716488399996637825794416048073667075757597953627640750209343312508131202678765778904548291041241596963591243030648586935717490766514005428864266885014453166516283258e-07
-0.499994430433098564045330770626426031820671314973518224686027973968983895828582562940096542642529201402154157176665813841614277927681311710242313460607546051569765364902368199061364 -1.23944828476979341028293837335110582534131006513674809710730547788803370662073259271508487353264135897776307911046200346563577464837060395453386763196557828415054593039598950428191e-26
-0.499994534111533909732425779000339206688886993242739194780135739114943472191344348107522152112698425587239471200485599335317853342260909393512042001594967231479418934042103510949665 -1.97985754864265608070028227027563807831350126955461813466291218054457960857530465868766194928446339609723475912783199404365169412429476974081577096718813516984002172723883714069012e-26
-0.499994634921775196385910685611622925955133793219036161798134582344798347894318539319680542365758370016994524274867198634830820908574807853338788790490230951546488551145754687756204 -3.15632819919900241676239421653772646394875847014325175791471419473175717997267049999058951579944612955137114468131239116487306005842408688492022021837397164622356198444160497909702e-26
-0.499994732968647823432783884971643474700621646608002035283186231690264748759285307983985659105816955428150914055406695723795918910960489536377691613893719829977705657066825503267682 -5.02247043056074852108977398817445289536030748260369862701972765997041132839263243912626132187726503246772409644256022565823229031227920450183154956748568050462893954353436172233287e-26
-0.49999482835223181747715053946208333126970764483215782222235920089475690830182998171159459540425933225027020789086126750138358037965864031275739621349078942839730950892101258406502 -7.97780890312397919258600392609493394929177979044852492138230503995081696222761852575331978258896432053874592722930463649881188059979206804600277377616034942234088206924421180720125e-26
-0.499994921168117294814739164159962906412066567506151666406833601067293753968689265708560096802530980003915239999804516420972928003097648996940504211529340854938894449595512946042466 -1.26509916135198757072389060701667957650143366025979308585840843122220114349996412506821067899329636428836394123109957674270665334417547601314073641993497619572799180598446352134417e-25
-0.499995011507644022453326867964362891217817009343344382645610177941220153880749745926574263672077596208970427813542681714843935907661529492705286479957332670370586137845742872020863 -2.0030125056307234077781925593635078429755790857651127404359635018995159658880640122012361098705910992126643991174703134902072125044547366724069670449476064687624793097901675322322e-25
-0.499995099458126198837409523952170765992921246532091017701169664070002546631138287274235212212644571006409168457859591169532233286739888408618251948156152914922322547979636600153556 -3.16668009272561755941739827496376036077487905983105045928323250403883064419724875621417983613228895027382972155108950684202847004697623560756321083125905955936334332060502234548401e-25
-0.499995185103063487318741696996971462642340245906494379202803483625211715404957400594992338072409264101565787530399099527794532175989991023041375837223890502739539496518675519958044 -4.99953179613678102528618788578163354368508415511124009986288521021190417271116560286525105123027772544925688460506450471676959238199178583767722916716196722956754865086464804102861e-25
-0.499995268522339254892416332111465239534700583701308962719374636511855596615941132623723950464462075263296114352551979085293113769787726622579634443943078223915468999314260101479161 -7.88319402490730448952172561447683986512488691335594238499183023964780735839530452956330234844907240914999277711574844178365919989001086230004929778803556079486319056780448511503725e-25
-0.499995349792406895109898346030215700844874822962023759719539520432016761779341154113203178269694872398803881216904379078809144710434081806017811346641629716027981485694445293477428 -1.24155504245865468614977449263915117490250831509797648793019702248437185021367955888042223615110704590727826830822525434666201875857244890198339035408468078103731404384509048359018e-24
-0.499995428986465046738467685278953481341880642358629763340915957002988313508180172300614084396163915536811007136130658197430807348692531546478693176538471206350395917101998668397174 -1.95327704996656195837908473849881608098031568915741970000629495337203271138577025395798706055492379341347114214946140597645029820529998828561789296567359439070525451158985946563813e-24
-0.499998164486632280564816186672967261154282391777646594412748230247819793595419780144434595317192292134053980949062712761707827154963489439797047750980904495112161227527011771290482 1.1907752017202066378398426033522842983318008057191767262207658275593012217906859469519867182219833927703737815400550069336004799920876240652994708091198645717375622788347776514349e-07
-0.499995506174622458079038490142373685539004737383776270098289262436596093234687341216177298167113285097707770953674424530049883280439868555599908611032003311098276713693925667662921 -3.07000581772537664387202370978516585877559554176012093090863508628644129271754081593249954561017460113975650046408156519958809897716071405780316425457089559111612044910156011329229e-24
-0.499995581424053190357913231555835741281078829720825750922198793594404662912692024614167588299542319313283130134215976922132020063305958900276874588709360872462277190180185950974696 -4.82098327641515771276109545780961613182604385463241250104365080216478165741488248096037773264730472429190910668600471742896002086642671589396996342991168943511743553817716428096342e-24
-0.499995654799142801801448840040169841225581559191442242893232038733721672988704578595798615715521064538946009443516058420281650215801479774680038078574316065035814386381364405962278 -7.56479232968006862345792995171699784550517235891320637737602698082173139335983626900818916395506451822872712818012869211386057054553640513583889854473219950546572751072789040272985e-24
-0.499995726361626106461154845292026692101103978489808408332466532028851539572391002873188299629121128343617403897078547168482591684760659961101155948250042147240711257500790557134052 -1.18622644446852043507126666094507630317541180137923428918368024632516129084918879759612644952145643057264252660428036360267708533416130100953155653507342850634856028472971066956685e-23
-0.499995796170717058197323057738477868974318908755232102369023041315372336752088602185118784161296213437048693345129630270127552191667987911213931691277805952956814247386852694807471 -1.85905435318488317880989440589280556456171150139650585566922975722671900202318813028286328030237722773400013879282357015142234515363259532610562915420614055311816422130434164903582e-23
-0.499995864283231270106047604461167134402834455879236794160850412816130448614953270572475854392986481390418135094317526244396468863597475043597795299047207080488353861691676116531105 -2.91216299006494111994662642048120152639251959401878657290081112921038042097229725185908375209432985241496566368454412489366470224673444279666000110226733516111521377877372032085404e-23
-0.499995930753701642774919616026457133865665681858545356256319846080147767090698836736932336084595063496561760702838567233169678920587114512371461072299352720743929391837769802713301 -4.56020315403717512811674633036962677939540697945516801623371541803185740271239153802406989951367505027384202849071359085006616136081865412186414427218283739641223843830991758335722e-23
-0.499995995634487540794147593406088712710034630734808941258653695364115435596933913051461219265878420425390116106796266796207717384382710356290464532919491993841226431245479318159471 -7.13911103962706957436283160033300973872293570371307875098551023955637267375002852972244665259354403021211688270550854625419858023788141533799155958784921858711476606923609958459702e-23
-0.499996058975877925676553943194114921377518010131512421121631919724464195313251872599228114330771728651421231841411955882206644488782179256021922949371199380240540347350529009733484 -1.11748787365771301512863959082927198169221913499847231743022401374166107342567445084110846398315958581629145308154050100782598543419681849770971094905558917740711945323401076622971e-22
-0.4999961208261888245201034826795725440984297897539914899632902192115821235399892270962765949517299364443022340854676438090794006674509512223568372182193414735533231071135857447944 -1.74915553638609298991430040366408863236959526900545558473974260669218394835864155814604765837806042912919504569242470990140390822817929902519447092038349053941047943038551128175303e-22
-0.499996181231855487170248885048171604549472285285931917226961403507475457843820692699053198604760229250084689909287552379443287706808687644867282281761187518346773602573230312551701 -2.7381053537084250016841238426999652674092371886842004402415792303029159288477297962720972864761399583770493534069996218363968425502837214781984311862905634272873573694417957348982e-22
-0.499998062332048495039716083325536734828198531386689721598950664031255112437611202452394744977443254779999422360858491717444878339287055436270611099652351877718725427278651342781672 3.74783725663709798460068121287869197009412750972877499104561173597332599416601419869689824610875901344010741042841196826565865332747186797898525408710697942260900930593939115567964e-08
-0.499998070587100434611419733206274700958411529119065131267006537986800489694343243881349132753029254348801334944400312046288395136110542998815714549836055973004217231806801730876525 -7.9412097767748934178017503590585338616006106381537291565517996274351878284533148949992817105440399287524253762486216443507190295346538758561133797343796142362147049685523442044409e-09
-0.499996240237519560115820637677890994238534404596316195399778609854330280423387063992986628125801844035161634548840314536918220074195658035062746484774005571438155847965513605584034 -4.28704747098884422252518689955823351855457431158906028459855101536773756970263540484527515619016391856434933952738064093716325463658062255763639338822420955910995409709111495795381e-22
-0.499998048402664088872992039182199808910341793144205870715721212572211855095817256136361233776973271623079640354910390437035442092376618416589621471812069959047606573677484093124334 -2.89039722634274636697927608216968158891207069250224003101716631391279809160218015972539505579100185369252634843767927816495921431202112517665179851299692424629185363926847955180892e-09
-0.499998025958897048328797361190286698512617047400043545062576655201721855962788726609267824616246472379931107999056851201954064057789934615608698572956455870826064057984743309270022 -9.30306016615066046064508663335245986395423567822094931487666111136576072854026629925127569950795698657495191822242277264087384681945129199746270786531361564524954038174155287370797e-10
-0.499996297886111582708366174837385079988728403284671425075093068967770960060374972649813910628044951956073440067261740212914393168558456538018763799597554158125624170303159461590014 -6.71435611755379435212992700355529753668963765206048015416163090011238114791411710362122936491155221109092979645396590360457346169754643714524303917830650083243566363804124164111615e-22
-0.49999800347501044478130926795839231767128162204828974029035681869817200501109951683513412408099794001779127928597520033396423180109190267684544529278445624080859803976608176139469 -3.05653013677975090492727211863496167176808203186154636076201145260909189944226929952668708709492416488772002084506492754143253392916449017645962732255602321833838679367850450000658e-10
-0.499996354218929090373473426230384200317712879119056759370773930936393317280741484285131885390027482555553285196820317193589331945932734040035714394712373964837796440336124053335248 -1.05206187317053086636648967403149311870954612300991605888187239068533468294103897238390734610307150629714658104821355133572210784790715774187609108899724982625925359351642105970402e-21
-0.499997980706060009618632294811056704206268920152554816356363753265166500873051241214210249036121865377703544212977314782236914727183955134174974008554891167839570800041039512047322 -1.07027369842629830405908746757646154363524869045484785710630150807534650532545894767537149029631927295015739510876327770158088999437383711666858306053048248688559104931944449216062e-10
-0.499997957558989892661357381286215492199869988052112109080017580458076227416330174743885690736508339223592156748596957107915324229011584854264139874626608837666818207264530399046731 -4.02114802146727246885021707298245051586361919178972573159763330712254251297668572170139704671522468881564255803071224815371082915855877822021876028939732020008712008557563085606717e-11
-0.499996409275710590140664730106729232774186352000690762107491381729189105329021318072918327307205085423857802641148830480091504589002821027244315515419123129694664330630521511973602 -1.64939022250580515635018785298015241156422316201053191409069736057765363815215945420798001946617543150483039354692025781235019488398233893279312035203212698486672572991099641366563e-21
-0.499997934010478174247363979645193426197475240984732961404659539561137943976482185671388349261144372659829337279760281537582041145053457642337769239245903955270450079344740774132964 -1.61086039255747170781074071146286188566454227465427492912827972774510086487250808336089148766585454545344958069590195102162159115876483958075184915246273464157726573101028753517445e-11
-0.499996463094705655925744437000308344242628739449286855672645125944736107417928666444998671037432507050622467345325727953588517988943447990818094087340903813545115697523263073755882 -2.58765766046944589306132494117226616914674677678118511959646926325250367277560185620991103126196255388006436613987611692183975048769908288890991602977666840051959289621633734284176e-21
-0.499997910050359437218666981877407059338262589951222752922096202507233238345148902238011921680787052038863101321572939722654565492006302257262671570475479917355584142017275369706144 -6.8172854106500159763240324913110485086175053712596681845872521217610732665605256992043983469799465505649913667091452046830525311660566900634754862987049362384314997210389642283172e-12
-0.499997885669774707964306020459311540742391242163729659251776424519841574655581733237073254889207349870342992116512871817938047642155834395766807042140987699650413926090752256917531 -3.02210189751597891191717723108925982816580157030718510556070954943329397823907075252349121187701146514096861944745681102093157548536067549685240895212400503974958421705600526309095e-12
-0.499996515712741374437470768046662385810400502408275261230167033721920061102168791461225660637789204685548734542807252255860946266667372362103420484031973078114334286806725504425632 -4.06302374877547383871632599476646157581113449944602262782618377543440820561759207016740206889369379380587601293731619656452556267558360630179375629843361631843913188177576092371399e-21
-0.499997860859424207171502685328957829865728162101110467443649899069010715844142576334002650201227729232887783766775522467708061678514043927678023865825710685637970560039527118278511 -1.39342600244760825417016248088166487390803502369952236502753146364607511269116572124729297529816001113728039113500348400907922940173498896811461268452332481326495744839962525266495e-12
-0.499997835609474826058696135248121816927441926459225327503931897878987597168232493166349501555860555000938273425008733511899657709124308382826234877455197976302316356386745469212502 -6.64451779527757588487537724403380318794691014921262103738189936231409528512028993269469042682687623608304711853548190111581966810271691158290475811027888536271586972516936206353834e-13
-0.499997809909646076543924516640981316540990778292900261479378408446621079199557956610123669218380658341678594866506300367317354242085376505689005730614075637876127395118862230326033 -3.26179086371448000242533358165531014623118340267863592538114364557613883093827878026076957627413821540386186752185954373698532119779016095537567526690334027168194053929205195073584e-13
-0.499996567165285357241044627483743194585557270089357850616451074468879253263282620411869115054774036511332777513543834326276611123202310793546368269807596052129412315052146797202957 -6.38573517308048980441984740822877041220015173776129803528068930074034199976481004665026972208867887604889254460546954643651279906458198025117708779042132681247844868647131561455395e-21
-0.499997783749269901375420128364330019719697047985689899909279088241287239649177398217820260171030984510980598638847469489653772613685632964324697987648291416157751672358537168035915 -1.64226738328508768998673936005886014335910726491795704790538515528891814219803611360967752761564255633333112212317655466153790182848867689928526840325286957044336067703429572819529e-13
-0.499997757117317654796695750502341438886074803524216876994497623070716328760634579367500370063913436008031493055211557252820359769926322716284790217014980474439057022473688101779309 -8.45468467661675711628011209645780084573687557261949770749481881076397939617872609428390304920258821741121862524187141264925957457968815480726083404270609502802967713200688433982402e-14
-0.499996617486505520295611512914124331285070560545909065561692461550529229117158168117872475922179801020769545797155471388713632795910060335726784743482732868852848045943097112227593 -1.00473957315691730349215288698929708840129680827792191529602285217545947249807086515268562068510767138862521083209674155322517494047787503285453299542357672438997373644914402191612e-20
-0.499997730002407544708707477541190102467142676632951493626575912659133128755150461274383020087251738838696424873241717335456554245909178879992012677411268092435201516368511087631953 -4.43927166866171412865902835864470490760502673924711466837055422361410597013737919963859863118645706488570424264593017245534878645808915597105767583163378382218965705732376965768983e-14
-0.49999770239280183259270486470036596835488673189246535363099945567356660004323541301433429907080478437892464913357460124796942192521334646590129569806119619602714333253276399022964 -2.37223584654632428722032554194418893315585362092835075680009849010069278382128751453785098168410893613926770867313161676368420168476022757787767664211729566627345034910101009607157e-14
-0.499996666709326819101806561724927046052901038109169725817991041820204572193668024050306509328880244489630382279176556071103487443425892752256832084966115752135200982077367320350169 -1.58285685461440713354349443730799797489572312643544745918710997912863753959826972438657382903232276563178522621019066237243817942661322962782859674783623659509112556966894973248074e-20
-0.499997674276398728281613302009045065060546708722490120758887854655133798339927769159160810478241671361051189103148362056877320090213045075924664321399773489429919754399179269743988 -1.28779521652806457949518670362866918739287928389558779913944824366741785450631549615403420125932424700513217077402402289650274898108877003686714657122541935606302183075311116351309e-14
-0.499997645640721407303223066932707851917391551425330398365163442371763610881501401764007725685783361779672308846840769446084368168922796846202090202171145248502700195663052135601251 -7.09090990779424217670037141733818764152768991586201892291415836328175205485173135756968329841101949014405571921816489286819927944049173664670685695088916301950412472552284158056707e-15
-0.499996714865485115366181116556060174183038819941367031326453743620600773382268329551479397416719562961043916208748362612921944579668183261810392692047243551174436980190850822609617 -2.49713725657137342789264098899907425295322392753246252080966110544399483273482412885599872703338006591641134368388463392308947341831615868218452464056375089900275238309109936693676e-20
-0.499997616472905312376005479445603611753942394566777126203523084773945237272899262330466786078293228795429699463877779834390838953653375854449865614456505716040860004906504388493902 -3.95492404959506386525342377457458064779948374022026348549261549525962783838566253196080956997859064823772244642859231176034476822719347150565106152065462660567953017083839093888607e-15
-0.499997586759684286180124931483710598782462608845317428574050012341286013301553885824481051473227702755211289694404715290417085605141809565068415674655017836838957839344753819378163 -2.23174824323202073047765767261783802032166701280333398843737081113781463197550766285283760196763903898176611079038700034542693448386968081571480695862726822639382562140757518661752e-15
-0.49999676198557833973704391119301002967729399244671837855957287122929681582879126030425682230266852340522418234186777400435569950692405226887243906034471875248758518152654126804377 -3.94571613831967916137283202944530709290114334585698130544371094122014109401750510004660426786276623008909923391397318438711769750126487092180913625259179982105679176535378002696593e-20
-0.499997556487375786355558231161188659392377529231605756796449308088351067922728563933424985393560524779988512269303311178816472096670329757536902433810777851033191443592814465982215 -1.27284407397691691579327440205454097867179831010618379808703045409793436568879423764500970662950878900995749546597588015136056811992894364209635810141881456497534305269557092474541e-15
-0.499997525641865289769658109476207096486583064135604074415933072486208055187048026604398062823379865448387228350794269606921736748453071713426122738860342426634754625374610335727454 -7.33047764762100438239089579978312179521198907660024042359094793121267598422098514642354280240586396231947768222044151902352161572945925819244814630864707478900075806082215609507777e-16
-0.499996808099115104622156191075143893478623595720059869121751987006493280914700973160741085317125742843828362324075527298350267389645174470661838614840083745149114868204445328986012 -6.24546975944243992281294492698987188806406623191454756517497177416620640376473860629621310695541053494341000189464647302364778718974410957390653721621973273093896510005197132567291e-20
-0.499997494208589921914113078611019304865956513271225904338413600230699831495200123159372485633485654220925749524479499473313410553836253587436027439507903240783596582519853661497009 -4.25955665138830306012687159354459118185167781319472494669693068777557337727701328857180720758916517692015372945029897811810139491977640461547268665822445730303137702457372115865744e-16
-0.499997462172521311076344684964828190101382397784451915808131332825177988968211038666215678813420305901431826925636785389001641896821289167947688772426483137183213705686049266209682 -2.49549573733050664551855299640728160922085907191182492697893545557685444561593845565739592499111215876456429967105871329092948890016760565683244266840679757499608649355361967688864e-16
-0.499997429518147647687117132659850333581518498022976589634517338041318491286723804899004695563915484863507393485168933787578501586920506566941773182047086675340179807701061241763376 -1.47308120514544399256655482486874632303045626484785173274439970880814486364843922947784832146321137141568469943268630315681396954420483933463546638956297631587867333688527852264356e-16
-0.499996853234560911299985753422569154974712598743591779960461523623902625672428808844899172468536824078116186505679410469750769773746904492063211469089874710854687379835614986587518 -9.90459967449447950413064639819272425764699856959180031459140129697547955237086392069053580665871861748115259046580872583819855136322517632956051129777884128512184207752857531812913e-20
-0.499997396229454918312310609537397763616350958404564974595789108384365317650632775086989267986780976168758634576519974422602820260612049066232399072217458045133747539014131035592849 -8.75625682746744638117977996533867376298406807613546360818111099824709353675109382476366903061450082879030551014545300460420726714649768218899564158728675588063397552721254042247128e-17
-0.499997362289907276908041066848648132363887471642154716102528640647028620757880709138756780645635256826456116029255750178122933077313331974877312319578099177820256924819217399782848 -5.23842200705949381131252914666830070368022540800041415688549834606115246281507638660294000271516941346273709998143703417972924019542688906391391396331206536666101984865118672216834e-17
-0.499997327682426511103229662972464811810910760320381947550300450217738675399950287753630758900151277819491577646202500579444732568948199975339537392127514449594027205412951982156483 -3.1525467214326561024488021057685948825635988598177572765817734898024441591815966700324150012987267389793819882942735182593329103039016831173119512184672937640187665845811582956554e-17
-0.499996897419382086425287785875797055223286603683752044745666316609126171611210568557015972456963151431626999844474041577644151786753363252486860178789054009592811385972312656620611 -1.5740620084631933681314479421626183620266645345862299378000188775502559569988944670974560827710065777684195557091513405910036825959584519039274687575319202897093355257121966361245e-19
-0.499997292389370557359241978630990683326408357984733967510362057763840656158986135139716055955627631440549425590418992768907649413797670941738991558770105955640514548136646428970644 -1.90769323350603508585404746039117254185660768516590477833161158334234268116015538067205601635305050439355244780361272565913418051641821546770750167936983143857125107805618807909977e-17
-0.499997256392511015341319480717823965167488530688356564280360793263990173336893020938865364763853922183506902190957920609090363038097045556622050020572707766072644731681642850942204 -1.16028381289604679833853505884471875744616707897973802980751987771047459752269245907680805811203781886375316820022669265552804118300199629577952088062377049253074323777625422105898e-17
-0.499996940680087574553885849490756408334457376595155417393809514745272723589979183172076411419308191234759700782918004636587335940098039016289570633719002566432715143968090392777906 -2.50729033960613430020699385250154388924944786137238898332064176746378162782103894850272051463265454201124113148311181726595659562095788318775483930510099316674817812778070926619512e-19
-0.499997219673009608435997980097267134272657866628137999529776590730573179493198762610112396975790846241218376491751947759211245177402023748725541993189420735130512615721601560338878 -7.09031117571583750246902014506810857235868588719905750475884171593040947023320154750148013423194283527511638472847703797624130174456565860967113282134443599424095825965205546055098e-18
-0.499997182211393533906563983486038132989647531262626911955540553567413770261184717114737208349994045552675115952420428257968610176392362874277369226646395199499105411087077832534986 -4.35171810413070142056151563203177698588810028042747200167706916558829214962183537818048377236239453656520154726860439392712940856594548816148702281963613563258848460589624970589854e-18
-0.499996983042268705422289808015902444712705380444870441129154568078708077789680206093242902313849845190708026999541728974023013562317520707386648154073855710801885115952153794283639 -4.00382198460533800993686329034032673650643799151037676546799812767183968173000933257931553874279505940357083131799021295709984844448898308599055472732011973463464232065555353873794e-19
-0.49999714398752964260469333463594390363444814341051068976974065407275655865698476140629044782440871527518758220526308994483275816178379479143869042347287708630275029567553949101975 -2.68170254728438781083496838818536591993777445037331922411092943719595920071677041246127625164627891400647890549123879096759508151464402564377032190960360150393346909210505751808266e-18
-0.499997024530637047370795526674382341802933761390382334437671131359309409406710858156988493088846678368419982326373423402433873745349428298675192422930978409334557369166869181899355 -6.41101595627443014717317550885491971693431992427096237325633597013494766302549737270520801555767520623473408926398211866321212208953239694816794584726246249990191946764531032747387e-19
-0.499997104980597384394234494638608159365013889587843745896642534534061592056432593534069883106153171017448909517955010674038464986685564540342398541900389076162655789511725010495035 -1.65876402139764829409122130466168303744110577470821939376627704119540247829897817598182886787336680377555500641293357491625968929394908982488349664044925307277959500201330751077153e-18
-0.499997065169060451453154658796016206983312723927360437467883850001297373007156882207528347145364400206103297028873740009113134115814891356163967460785293750872068042317883235587641 -1.0295827403452000751868838287295470377620512283533484209410760257466108654236746817846505076943520582709192843167043478851826356765360142156997669333459869867392473593679587316684e-18
