-5.9198612862267495195779750117388705497755239323442780665466276070259927749391052033520673487677529566093385864021317401971964362518157129498534455169714440004439501157446127211915805843582747271558882 -48.932722385939801502268167384641191759336862859971854041500383894107510995042838329967953528656248838688706327694403082764291957593418425869471283772809917272880423031811347601712405438053858782548939
5.9198612862267495195779750117388705497755239323442780665466276070259927749391052033520673487685635552171519929819312378901366424266070724916892897636915408767245867046997885297909805283330557019588617 -48.932722385939801502268167384641191759336862859971854041500383894107510995042838329967953528657559180976531430098320536661423704760824651775418333559919700694149707915023437321240424096956739154142377
-4.4861454264422358076284340589544281976979788284198980803993385555771141399098464258868998102738174079016518777113833119425742839486003416104751078047574630106952291656936100530908087127825535060466292e-84 -49.736425962045553246464684663741492435500291583326539301855309697889868324711256190861083191525776776758773494938512858182377226149830216335103850405259128008270393296790061021087497234567732341669218
7.447614057392105167083653226406589075920481413135881277967326399344362607531788003790115054024542924066284462064665407026318041725258695228615299894249605184328187560792382824879231969335323926324884e-82 -49.408139794603252711712130525028575295461878984925499157963102895706972265806022264557733246780558904743154932979395077258601062110452540924958466660602029827184296065339181384292873457908419220183639
-4.9898510116839629457153085024599047141073136822074482817820591440544300607826133408438549104127464373910466304875649892244406266036358244064740803279762266348529341700784013034272928997070674113547254e-80 -49.098737284768465838983944271112721760488564444669661086255956888404860089123908746289972227912460500938644866319904446221897556386528476012205758138307906210181915115115476884359198984256661294902766
1.9832230943916307734704976247782966721596839508789385292946473818697762657581398175601907902547867214861231768320332277226977585105825235451911441475684903145375282189910716379205823250550192166151032e-78 -48.798326469360175436467912298839706809707523891164392535552043717667623259007136344980055436432371368976620228357335263957642992683590013260999902465870250626006623433606996634614420332479579727428504
-5.4514771551538616059287370006963902515113044885899310325749407646802951461470377196682942238178401314515675174889122865384861901031714471605157672945805573585587971078696685115251384474434715167015286e-77 -48.503390780456799050154388375622375167928015759566951198697587997853767924674501692299046116553811528475184627844369235890349317666513150346538513623025044690276481186176731003956081803183744362981724
1.1240687227507966344731038251322646772659023803342871120185031194268248622447387984294215785331852322735142500428052706341133959066195084762786618590546949635805892825529713023773484269248867248949052e-75 -48.212233329881811030194524159789597523700226884417519540058513365917595100245775058710488972151113464504862490023606767435209854928061940458279599283171684554378137500010009907337149577052881218629145
-1.8268240313276353443928858553432477389844497489153399846668503490392740995027882382044057485386553655869955105524662690498861938664530215496937038995054387317582561907297354136635507990891771565390747e-74 -47.92390833752035366592754821452904690896509707650003525197583298468339004580001864066852331330429260118248973414973318910204899287712464706254991726677280100452923902305701562643150050711352712310088
-5.9518375270248205894925546364022059859233446354675882548177336272527217970938594248739981856273589954350569294894733499905808091183869283574667908528655449878714014105391331445322378157178897390230603 -46.328839452201345133128499697343959425290128615996899165116117094093411829570533467894676301939466303417018235856352469511647132926536033211709860160708908511015985412992402418156967053745276275752312
2.4178076076723042622715833867832165228445816161918882579652050469162455858308878093668529090600078854430493828412865021207516782354012294297280480290535874492610601710938503473952712681051655096936549e-73 -47.637850625501240074584316417051109380338034895936808221500276468521135236162035712577915199356171892266204597953086258143127328854112805158916197156157091624173763195357701128430530850614585893069292
5.9518375270248205894925546364022059859233446354675882548177336272527217970938594248739987025784898271739231818301928083556454025790523687040487754140959674094843548487181186556925809270813184424997098 -46.328839452201345133128499697343959425290128615996899165116117094093411829570533467894677991320297047372964731193547736058663482752150705707718272018989167605263920436434359277804515078007465980889253
-2.6656158330574214691669310928572920718648097619478301199123290099536280763564447410058715979086479643815089153167620858279868566135554469324982941953727508830562198459968404665097815113727402346289238e-72 -47.353718440337311065816798221047825341852367946216492159575578879469904048776063442694603283334372965681230867330304165955532107280629798399315405834730080214823458623636249933853598932534160853218235
2.4875419157337620086309076000366247734309125423278850485541067657810362234469933180530027484168143525018778044176812514856207593204932497872236303007623539335752782036806754870839680153464304628116941e-71 -47.071319252357270743130116198774679747584203960612155944936482394414405820549215182641188986710137880668242807978249087037150554965576797892545216494678444208877317742461024676583798049751116888657766
-1.9869992930641517161843871994228923744255497598718672132315440584882190207721683677473960900925333447872639314477806434284628442747508986909198684338506686295418698254097368441193520914215988074857135e-70 -46.790574141890208838937400825410214770449438890662025500928955697093906263899865865083022543102926824339279446101380573005909651583203649314868178547231982723273571197098792870186874199600645932186937
1.3685455118995025301857001973253784553393834049283565062833419055850478196806628798947062370047781094754367169427858508640412758329435345196912236728120489458208517204089778640065759969329858987028329e-69 -46.511503439535842301112180819592391282498376608914876131760779787446863606153859924314582665354066249566513494699742031566882199778133215534954519512667840817375350579112347364399074316065632165099435
-8.1584357901463481535397290176196781277672573409155160422417770296511598869037451357233533658652953035254313949746484388849635033524626893505781335011063724377909961530426931964127606528786599728395959e-69 -46.234226421684171031176758800754017889729831581150276811531444991098440512431932017892436813588151159761320964255627476697176247446074885125353253060913768294371710413292920062604717321153752895357354
4.2099561882202169920821429247868280863849238203958909631729932163520021445032937978719950348702653580189407561505841958754603664057874246671807527819203339776578569721961633086646200624592022531811058e-68 -45.958971796246536320521318407430577650504741940624737792911129075217964631812087326844929470282786468408856019260523572139742480229464630449952729624354436937138108566965225880099280180362773065669796
-5.921484551186086410508965182350203368513816474758562482742596110199516012025350956302045169561436681754099771436362377481139655480146700571086470442823627630775830279718471882232997896773843746097811 -44.242869795908809029383473094760758716187180662171950171844930651786396282680427768041051127094001707956255467819872647789883086174405121016270238201079122121516131072826156718625941133320025641906554
-1.8720248810526674596261308341620720693183481941561495673584033318887309788152215647327369184406941343728238169064969895140156064053381241931693655939645172121180783794071831695284314303179126285369461e-67 -45.686095787573215677596381868693746156128466496328021091052934884851585515457835690573163036737528001499081174949175430773825529916945503471700879972114078548502017874672971750814210172459700331754746
5.9214845511860864105089651823502033685138164747585624827425961101995160120253509563205027349534626215617779272031202794639680041167903809597600761208456436310631615738552233377485680346337629267728064 -44.242869795908809029383473094760758716187180662171950171844930651786396282680427768038167054921816636144356316183561029862657977058336582456930071639761841104695457188014757704414618537229160149624957
7.0941839389666246734712515254290305293436574130875695834016743256877536746815366646212985358698913614494334169075075966601677068319975650531863705458302672611163650770795665530657980744182135409959734e-67 -45.416098910157640174869873992851693476194310588745483560905898660303379995595222859974484278256507504937136441518080944078785366603186777778204504765766461766240131198963670947120038698544311470205183
-2.2420558246209537175575423522595846811412719806402513399424702300772350237438297815169295771945414118898722418553381597632810740689011842463822855548206525487538173599274827038389670125059947591961635e-66 -45.149614510917893745719305686691250013114867942427368471842060994850507144589715679014139953353646325925818198515017774826923799121413401499092605058669595889753818090687884039640765982655306604032586
5.6701682757819612008109245731914742620394616158502823374506310295629317312740095890054951068465432295496032504607871980713318126646988802232409498643913622161873378423155015457377559840966580318738933e-66 -44.887304263899575436036939327659243236235892031875708547337321676238286002898569761898148227945560088292477736444089628793291262423153552177966509089930544108626710566066992531964761975690314803152493
-1.0500695838221767700125004883902654895708371946775151643373696192757698124335019811535230997011959075063392721538086108276878597050335018367438803442218518507030659323239643332375856040619699920201781e-65 -44.629560752052696732292634037836557809859483806344200304480490929784192199308463723670882583730609649594573274485358304309237880476825065544718489479567276846566999840911465866145248554006203679364275
1.0583058460569092124150000959012839643034188149123744213935984110676472341455556400588573509082883907433677686253476535419560412359058658334116261262874593392610847091925866620192989840972959585067019e-65 -44.376018393630996008066040391484189279486269251247200705746588270957016558077398230429545393969159251671662162092524402195825099986714174337560715044357097620727187542444616459096075370691558678962401
8.8410565315971694031340943477516963163227931528568371111698135454711323066199660715066320291111723650801097443590336567993250550375616443911945816561021383275677760989662066354356778463179058385987543e-66 -44.125269576662858283349586424048474858521102346254459991856990512333096969248775305750274600264851733475438834427515278221717987898351323575937271197743296349111408338879670708485331227258468495861298
-5.8649633539511882540468000431087406978824516027908954737106382391457708453142946758265565434578076760805822131094396373701959453078276502748736244822706640140748647015311113487919985521217101366512927 -42.452940631383579101606701858811180475017004484829641413049649837932740878416510812485251508551466820081244333486201490270686653038626989928125495782915244012268864378973553074198945052510547484231633
-5.9498747516690859477727696257041843148162273276046167352013441467168321699844459390966026529060338595099005914575215258563695856480711691810738013891173956223064085687754677715253286779031640555820228e-65 -43.875392441771505909071948030167199870084189600531118316430801916746420666802829327710468533178560540521489264335378659216824795557539325906859398448731383378441212213617706264814074865124748660551591
5.8649633539511882540468000431087406978824516027908954737106382391457708453142946636907690226453765850198586106038163320592750571685575808115855491823707518346726127163599730238001047986611738626751559 -42.452940631383579101606701858811180475017004484829641413049649837932740878416510810879353678882195040406269690368784906776109362459069762866320593060292709337707281086698357132278993242319640266382476
1.142404087559014657805712084826110798907555571461645757533615874402227411527813304473162888377436033320213087174641250760089434224477749684844419086737082800888237012608378313935796633023106778846094e-64 -43.625015765825320675885961877834669134297741966571035440739914533913566257623624852164192940247928264499752856567680462069226186765202641769872926428293455905577534920115712456654872535198602847317636
-7.4479639870310798678740251763377092087990022187532501401978766008454570088751057255064507957772561775580942054204203003222003892654848213454214867031034779629743205869278936483782055214442179550239772e-65 -43.37380802254563028122662873942728756494922522485401765390263901792124738288295161657055720924468486852915052875327439175922180055556623329199704157396876076400259273178562711156639692577916381018013
-1.7230742397877763174964245212889905782635565209188521556178410933141461121874900949504851986051586466278735380292398440499554487568159029641328774955412582816493876705643795055379170226968850464757988e-64 -43.122108633847283209111789734793066841546539191629987002630501245924863762476064866594660977299560524059842826247754824279774179947722884175958905434683304845856722208600872947758533912894694503299182
5.3341384055939717211998310659274557963682550171030957860377579143613753863089502768449164684395403183618869217819237506740774872828599100105786567401694305777793711883005081563607033494023231355906475e-64 -42.870352476222558825919240002463489690259039879201612454328354659090628023471521812234181011076476725772273004626450136742567802165235537482215062209677142930916716498488313727205624409413020422165592
-5.0957271829074612796813686253674449029654668053928474162654835435120811708489999659125138575834264512512513961509061307018007846096115839618637860101662461214976796222326359225236975126596305304561237e-64 -42.618755035826062970531815914792404524153978625476965040242072097138624277869587512479210423299656860655976049261921111788003786625691758899700524232866560885730636533516414301892698378090151404168497
-5.7838322395904163672754891125468477356940391793945438804911663797073687806311976222551516768227978791575132267106706969259360692289498380895488562633820922749771650772522502415136385448366335992962965 -40.865900349933390257635693120550267606916879428471977078859387185984708911982005575228476502642481649168727097679890580119294777734176091220970116290160971063681608601242932769776048264383468382997343
-4.5549481859125735385173189019592090636443029121481742653798559790039004145121124307711808737319519928835753010609918346251959181647688535479235540433476807688956599660573863945015161521200400471125876e-64 -42.367295357828149356913137542733235596540920874683747317797611867558021816621204143217102417720916014538470070714461627537163681715290320313527669420461827645113534442931476973729989498422764776788535
5.7838322395904163672754891125468477356940391793945438804911663797073687806311986037751818450110483718073690087308435757423218981489654844737802950715177368117578569486168843989732942132750422440282767 -40.865900349933390257635693120550267606916879428471977078859387185984708911982004537917700678763109892308277589415214228315467535634269881472603811639198655509417001774793337739602329036826841875045932
1.871572156629833475971597685816634436437622665603683874965584527336415648736955052489332765963218054438172036796090499981868916461003678488036246947223064858966086461287533282254248221743211937747546e-63 -42.1158561617227797398545911899439237135306306992505379138710963978130272175557315832476772617533319774174953103165976412574035013685315537491080776520891475432525021934843398036533674226286842358947
-1.6453471486382261036712126842671963986911954738438799546018081614623923373380561465032514308729270533741181936207278717772886047634815993321448840877628550534237428897467593427364392490072283073625896e-63 -41.864358993775542497716850395301254355054837338596736921885410147319898950573291270886160446736028344856602698382828979097299281955867866033848797474666064395281071264119312941397894390910003506888188
-1.7697966926015255403873934963250999259461958628795658255662982475700690507393877449146155067383841608582009115382675421147733988381124500634276985948747475376469498606305335107164044572352651009817848e-63 -41.612803743128404841354627018627625737264104082976134436133876304190336831372677738707118780862948469630547772465919561088010202919004959671838661693957970490213156100230075496548912590075900218631493
5.4506600003400307343714599010944081059682728681515539992639135219208908054793386369061453711307132295622942021605303495019446411648606063941019144715789538534576639487254469772009358432867528992660194e-63 -41.361228442886841179345349709759089213741924277745355957194566710798718710308789897928592256849085225176110037510302650773173984799464399457577999889191506017536625400402083385685365018520709963803475
-2.7439010933511827729040836122255416648882900545303449419652019686106090923391564727323422333592939656790387396841044176291494505826740141573495403877664045755964302216759273633277000398359515730705555e-63 -41.10965811982610411748266968582238903009109675144467550550356197146167596988402424237098919855709543704039558155039600868485368139663435800760999981220690318457299738233637367023868939326711835662005
-5.6796893359442536869460288374415328193232714458010548113896559682815625847446305981470993568271159725760697442947517250293765408833849666898955787009677460435991788174239303766698042669465660465384725 -39.426900740630300537195338870891077080105176594248258235417501466618154137089929597583590940115618660690028140015306553876258282847447692102221312711131637484625759103864406413005972648282644350298027
-7.1455247208717914022615889714004780139908924476421172632759602172260916918847783043481554514766030632009026021250879059400058037670332082636479380224434104569910982526376254260385021001605249447954526e-63 -40.858089117634247742700924623555841287035177833072007232190933919968781239817639650426265487194204556035903271090425215595945709953304055865427315843457678149651865026557477802421834348327809426252719
5.6796893359442536869460288374415328193232714458010548113896559682815625847446801585600406699909846021372090969344196462415550427976254689542584814251780167586456828568004202995843954974340029161455818 -39.426900740630300537195338870891077080105176594248258235417501466618154137089950293661712126986566222156722651694290178724112235891914624897834745085113077748033195551762225605329226151065186732510743
1.1702424570827550105812849576542793322350784847841806534125854582753311549699573874628123160868372868641589220856877252414309931218805642322685544661119936109265259390628175888469622380878401893717486e-62 -40.606505989541532611360357297519573625167710707007061494008635434272979511919620829335055089913427541875017996072051476773230508177159890028278370014584190567961335153378852403010544940297293895980756
1.6592813187067335968686928259561456015732088179755834307638264036103424058917248831385460420563442234025904422573769405855437308530054995870269746543105714071430408811600673421042563112489738463339851e-63 -40.354901537087091320612776285735095104060149442312436130612462732879520008660478451134547569048110540535387217874618624402218425523805601370475338377271460328913329277373515550308986112298009787825184
-2.0311120182241106936209675244545536726676016847897241401947298467201889881088761682395449846225321650123288469755350396341395624781087009764047774120961249852958168665294843097090865066070774361765767e-62 -40.103280026067939441402475607566279462333334341862518678824313288350883972615788834954157162584947332762497759174311479057257497346720362873049412294941265877720664955872483667225579241487816650541604
1.2711396479313214552467890854840348480390024386052108047962266915097898982322749884630943082294557804686640071547276702981325308808863210709292385873936636328191253623850894792231965650112474475307553e-62 -39.851647544823047313101842769451249140579551510174683628891169103848865249190486901152110415945372150078818660714351459913627711150777840783264503065653385425937360050505313788359021417634749461714012
-5.5558236807598172301938007092620001313579441847250471775701657306259299883966396110961694628016019172609078381326142503872947516238431357153697978855248413025061553815282902064396472821134350643433447 -38.101085264700980226143513082003592762535194435323805697993238753299460176642075577040262834749502483867595110916820035466126777997920103190591477024496809192470307872937423570124004414499172016330457
2.1601609205942614466676058973972582785242022341677846476781134485446925629487197026294290195777933241953928441031613980389468922509579847488496658120467425349977008729907943480282389393853437895286046e-62 -39.60000449238214320473753647630311505885253881773850552664409608592493185682262206244982313757993721935123481863900560952359310862727738215355244331628493607420508822101996904716895678561407058590237
5.5558236807598172301938007092620001313579441847250471775701657306259299883972579652154730614313053665185569653327497950374240073256197618542554190379315895023308984399005815588579117319100742466404046 -38.101085264700980226143513082003592762535194435323805697993238753299460176642741809498586036424223462711234294936309265750072610883530981192735759479796479965433642154982156373692815967420135427625968
-3.1950637198564500425241083211054739145517803382648763721779004515000362810688822323735400349519914753495733239956458742988573230438095145492090138992738949947276257646110403944087028350772054734479179e-62 -39.34834724061178634834871000698375992909200400766655376071438789698947317627437196410355352790618682462416229572987673991981572886905702448751573790323185669296729092136303262333093517207227364635536
-1.150153795013125741070152454201969850075511878908655861523419522791963672102254678277981535133181064875488022288145529325554377670760460898247811979150755522189618713900825841438107652814980631450278e-62 -39.096673660880004735242293131719277325277313746055659648281834770573340280152001957889653798112860010721523429674862958948198140657695457275578055976192447467227770764884070339778522420499550707498528
4.8667477396069607449301394698061914300526285216988037463189256726418918974765588016791472062426142361825251245155604979935952930313846364578787033048479591127523041550072048394291973469792186365847633e-62 -38.844984836254204564482835323712889167066241743529874624292949854887528213663743237766394664661796461879750869359915926309562396391287464470404821797544862514689372683450873860129512032910365445673371
-8.290223890397473340174792069884613114594373788627009912713580671307189577790882333334836904200599774799555395618606741871013730729370286664284474960115173822447963710064371390876169797344142944135611e-63 -38.59328228704698396813440691745045043334975089548203001420614211216050658895989241453465250525332692253831295732815457643450345515057815215146777808623207499118105639777858698611784828337639443682528
-5.4157872693710213153398208330125559948272139524174210526121087423555099812165482454630820258364573304247663553850047475917699918155734908400706338424059862558418574199130523750471015168901921228170105 -36.865253755470381215530522353522665307622777658811235299247276522765050914701132721257588784678019372726034132029914966010017196658159683924538359158787464840696359245269174539881624980190612508106057
-5.6813743021309042725301447662167591466137849915175583228973061287303912488290116651035261197736348914168305324901353681181823657835546325313609529058889335373619143448940542120219642113355996618877157e-62 -38.341565594537755332954056207109369027112141318417254469072517877419916280596846184745182486118653346841777049790930632404320121799096344648056892136133147999740229571967585020038039497651571664215131
5.4157872693710213153398208330125559948272139524174210526121087423555099812233889525295924527694697434219133734490073459666452354815580418804941069218307915246716547349666267441291857372716156339704 -36.865253755470381215530522353522665307622777658811235299247276522765050914706063592185682625270295722825448539557034005237995835837604266626958764473782236697247721941784367352415190954427273239459672
3.1614896938041734631705081965278972245512654414481180480356806183698945803232132173838945889814612910712973492548110978979663892263916085424679269066865038646788493632846970341098412689660992078090552e-62 -38.089833290875478986519484996710836746036184582559194195887631863560809128934495496322660394503725536200796769242664704171035975850673905401705725254666759344774546863276948618443429186724603533832373
5.4875074912063448048295913739619536016476049926193809279164796737928905826209483376818999776228452140189415195593699135435714208204140863267487201320892092105541311880505077577389646153934117591051386e-62 -37.838084865107222951369333442861810245935917373697681249228976464146116002008990518765404505150245702958187338490350381099490147359135955513166517586595933860190443613631991612147031786058870028873894
-5.1611241617311483081150900213301494341843874897327970658287702127798343284081592476439805394235650748670010313954888769933187889108671784474760238906569690391740368251378611631516735340360122313225011e-62 -37.586320861786969905006041215399762873733282700807219052655441951137378039714201407454433960935936923217798805268904635493212044021233043960961457039981535187762780605616150363830166916685192316057221
-4.569175455965968829663486081465638917658154494038385089280485146050318995390048648551586686133901659569489179673594721075272752635229536361017909839875382216536666096342315150283620605882697680093526e-62 -37.334541446319985687623227165256689730901531830015219742609657372640196530997557515519220258940770296425835509695738114909941869855758074688042739122793833612885410456989600444826262655164055373836864
-5.2627584216383965421831840202958354738916933653156043382109750355757416045282139697582216757390876089329706722004769978415067341327505714043734123228550160533524782895908443644324123225042959187510134 -35.703261278348119183111058520100094036017226145901867693256804748261656001517496103356909297050980107619714630942567134397782519337904602244155450202503270119368500133060683284690993028377293263492718
6.3851192863759055342688025897315444834784879169233037067578215365123228007462733634268602267624651019793457465276231425053501434674816377510394488647940148681199607516551639784516293429095956612941566e-62 -37.082745883056382922776108689433701085182918463625245831378412046006953563891850272575972721346414998056631518985081649990467157391600631649981443179962822744836339336786383214492605009297148821551634
5.2627584216383965421831840202958354738916933653156043382109750355757416045766127632806731027649643081517630944841674488131512818333771167014929684374754025426424425150666392285320503050704313144847935 -35.70326127834811918311105852010009403601722614590186769325680474826165600151345830626144924332274415923129490356533968664734072949902805964639206877515989110384960572436086175069282705773268921929192
3.3999714082099827734491294262457120959480844978526724770488555955439870022704047966241290325500083490186352247615950875675061397818301259906825397083911037294551383783323740097510267946337552883439345e-62 -36.830933488562224388807755003721824815662820467997178352266741250203088296275730452256527898821064767541014743957141556432445267631256609011914512640370286760574251491618709000241437458237087116394382
-6.7281174323561945121427841133177905234693697223573454058855932444525534770941950448478761806888261899800952733195627704797665599334910462997241271186723615961410535274190608110657349126551969106824784e-62 -36.579104287649951985436257461554660981769405637280433395337330476144724622430097554001839752410252912177078439082821866802898671082749759324671381857241209248113581925555577276999540247083044413992078
-2.3823400996646998397029908984188882061422684606156169224626238037893981050077880907711092151877098348389671661628127048165483469646852095469297992465013822297629201440931516022902247959655568076077777e-62 -36.327258395011983104011649305482201555952204738457591485054074243450957965168423050503960509242677471435855588764255447426776806195500828748602171270471062960185170687719797426332051243145786848193419
-5.0994023160177471224670019050057457435565743411380705488111660427593913007013670563027314415545959701843345202159763020647550828994110263379237958693454478032616994462360483230568424170492379427347799 -34.603410052681575722638385602744410319725676708699377891699398802317649029043273241165573470773648599042731203276221803088080044140185315100663301156027900289993518837832375220583822648756570398157967
6.3337526381973913469997211174276487961823779107060012788300219829961106653921238613405185382264249410730839902311934412207110466368548995264246215127165768948941073497961082163670324385852540724031272e-62 -36.075395347823143881323133288589080463979548545760149486330721282658575302389070908729938830791008004441417920269980481314319936625726540139570019368520181541353575739360404839589718234485331218624945
5.0994023160177471224670019050057457435565743411380705488111660427593913007671567173674195733719865820397778596059658813938010967960073901238613369891717127443124175728927163940217107931371188756557992 -34.60341005268157572263838560274441031972567670869937789169939880231764902886635753150926753646159522096074911562820341985088249995874743571997787662360020108777675196369393950279168145691186096598439
1.7122593711492279720358473793363835838413726938629180046322936116829343590482953639273098457315214957912064946602926045557007637942866946533327269870144178091256083171499524151924621249648530902401638e-62 -35.823514512845124573888812253056116171578607823669156380171740950229709274582433493493389054645207640789172241574441633219929424507187903687188048105873986372746734693290649912669185421562033381560431
-5.4501008244823303832030679467092549675779223542888089087544190461214720455096755769941535708467854934092827199257830355142074759504215856551435522097317552239919638606017555104161589222871737924338387e-62 -35.57161572430394215400325098119854610942205345712469470176117943401144677338870429196583834163192127796442869173749465911322893779544801101853146349182002777415438099898973384606978310484520346809723
-1.3821734809774670876976891063022045095612616420058322911194684644004360193435470359412862272237304687637926492582547960005408167119428087448484478731794554563982620078763313325799908780631405919754842e-62 -35.319698996433121156685284787961850729970920670267772677343820911235118929146745487934324019768388498081786403159360917951751007924463825650343665015747677826406431703318993563616271659170759931568084
4.3227180253788302711406814932476586507264807918019314669265169820681880924731805473113352444418709355704929241123294334118993838265782317813830915814721969643998805399053699443693500475279293056373293e-62 -35.067763917119895971948222064936705175993282364085061875537530220493630713624519653732384326541151831090036314163659101731039644016340851109779728610028021380154565381589037278784144430810138777592066
-4.9279064429188785652679430696942801753209580252237140616854665760067319000205873304078450771494165704087722476234016281490172659683994111290235537128178494654907018089595842592589460621426183825302171 -33.556925016415132406389022860827359191856191248476462683809469643320262979433530462400388055306880944659051073421101369344610183413901511677178505705136622183806662350577624980624122015464729611346863
4.9279064429188785652679430696942801753209580252237140616854665760067318995449025216254016842863698509425899589244363341240153539547932189491496192193050426868541960425961241485290229899546962070027699 -33.556925016415132406389022860827359191856191248476462683809469643320262979211528632430384111668685091306145479691442853537270835135604954058617969152710599645227226004396640310307361157624536028021928
1.2640646608199980333012611042893814617298511290999025674894487910813147791278579830390731275482638637005915416603123190311558918267038646201574558794945115807036260845055448108679159381064913199101115e-62 -34.815809879787233900315832864529719265179293136309324898129181490916436158381932831945627122766564053222556822221047120259950862507119729467408234746305649465913927077831133937353305415469699018546961
-3.1499016268523376743029298082792976076266126346193849622583814054833182868270817873563537202078500697912969530334680439631063329854501758573890949836321081595645240392833456643306227455898591637829894e-62 -34.563836668778587176393143097038807419490235396578419056935019522205623072709348225629401376349774074685871813964175501621888955716210306568589333949436784537728939109035001484127181710974572070792495
-1.2059092415728299816837431465257804963661273805922161413834347162869397592960173127044233960828474275630491105865352791491603935341634697035496181007854851680403588587880324333339841155050783000726012e-62 -34.31184423172300821477181219020663040510249232166375266481658513692079738215855257558085913669323224258099106785537110460832064784451093955073506163290977603114026278690600850606115702909257772458309
2.0771101790150391933440713242780386602167070898761386846219425677035177882731963833864394172729673648067091387062571433366974649547924580712022613037017603341360620785759235956825154158959188835990895e-62 -34.059832099777184519217733045351584260091591240486343446977995984041617042161871122976442029135485092423124254727435319886015906832109404565718122137526996113154537413100648944216365402718549745890993
-4.7500593096275999384125767275429244491968986739493165582173294958524177542457561147010874073654959578150535904026971272138873327414585051635882297138404607622522478982248245865386561117763749294565212 -32.557027781644343257352335862571701533428570300931863777800550917326195792009253431561552490606318569779060276738151521147894130194473680021649173052921950833621508239633169406891406997126888252585768
4.750059309627599938412576727542924449196898673949316558217329495852417754019518322504244940476472739150204498847572229432353665310269027424178176911054262776997489142097247221896186686198265322891984 -32.557027781644343257352335862571701533428570300931863777800550917326195793076204168149053022566226945158189324802843308590095775916121165976194626750605407177156976555365690145942675862525288899134886
1.100611502955158578012406337051649558554426253115600962206773799937311485128745836132964538711926179860830612836477754948752082132154610196030513996750849131011184582101405919502565959553325121148912e-62 -33.807799656287584328080557942791665242105821366908725255632932642566534588438405124670692918704295943150546980891559548840608323516864462529562519406321757004535330515296754763598283091892417437557103
-1.2010376915884224438042247977127802450102613691283261808760410395117198265575365957859699123103154167615910953991966646482586564130015872153854734148195477541741362941023394349007301584536464382908305e-62 -33.555746720111957579225461190688372299744082049201251961124853037568864826042585425534299520462563646116896981720486812348581269831243879119871851659290973598519559326698973199620914131802801855328873
-9.1281103943217381667758050959022141977349661153933364978090927334385139416680941254569999104455947228008661621413440822619051245608277015848024085658535140270319463393652024515192413103562927803559663e-63 -33.303673183623194335544686946358983209231922148101195146277860029562734988170908137607660608877786248122932344468950090609771124658109575751293190576051825279137268710960200368208339753954114504392288
5.6942357610410976568005155116015597578672337601467386884732694240634754133521142959304411734971219961425108434735178185005680295977821003510673998753176472467137621842165791462346646689374515937006712e-63 -33.051578426511313178365902588721463845321986481313809983227016423902793397539528744057788299136241370828599686182368708667699491232913667531225835418695158685637749584281729442447295317421339824877056
-4.567328618043195670790894537343086475199390026809964867099128579109213381861677280079824695649960407580836327839277030785527792472419273654541252760541534145056226092576721068037072153981270868632392 -31.598351551071951630923433702698191136951870401091539291800915400578235402352799667918712326192543085624322929746860452262054299628104288946126107623766029645079730349488917620097527162039177513033887
4.5673286180431956707908945373430864751993900268099648670991285791092133835390846652322390350607456672278667590399745690851643433604073390610067462480978667968000417536583536062588864886344840492485685 -31.598351551071951630923433702698191136951870401091539291800915400578235401856738593334344188701053797918852309996922216602170919223280202237048720336860792435652035794704568492294529607333010751208223
6.6828492536642364145435808108630605805039368646137036759404822842022940738449342069294701828246553997443955968658133707924561770662872489932863300111812918849678253246731568074855882805139402432743694e-63 -32.799461833612466986021840919322203661118171556934461923083236094302032910515003962385559018156021767396811310315787175171660313872719153285558419154939611187634242438029246695094359254839953979552375
-1.8030525474324544260527337708960129696899911481057531208009324023087783234428450182117459682620638964386260653796021128242753283070967336748660453686018327651505198542503011001298196155170804480203806e-63 -32.547323355610936480970762093583364517108480075266524020330877477125691735110708998981706480618902466577289006693663975880444429213396709915223036361764404484866495228321719744267936030775278914602704
-4.2148465181992797579588609966007469599611805079131163543705689454001911632694560908826364164405838042767560806933155168503522205187992275406611767040841712647217161167973886841393348614412248283951748e-63 -32.295162753858390558983406789091093513460541136638067144274195467319770924133624674010631089302447370234236583620623846465187145522838494140314966337922236457835853337876750739052672062718950836366263
-1.0244214987753527324972874075899387944207574194465821907420808037778310657392368391960558859611304132477585841631833292887084872084018586502675693015302266078104823460618406471316354539849568961573532e-64 -32.042979139994012379082114606483142122099723471148662758489793510983619993250525456147341165151504122416352053774966813926204598063123985771336006756228144564568145821448203543856593195735940526298312
-4.3809271812708282608276928971589363017367373737850106077528595915964457786567493952700529311698858965066096950452856762192956541900047428738719388494690700279280906010557673008349060956241987441752062 -30.676557659188644553812080883877576781830521242083206313754750197383912880510010194474482281592019800780351885339665865535517455318793544313155377184067002875842210965228836442251954620698262183241074
4.3809271812708282608276928971589363017367373737850106077528595915964457767625187070076624737194705159374418747111203942290389604346245125075323278370127765841653340652932290971572651432121431059566515 -30.676557659188644553812080883877576781830521242083206313754750197383912879349556724481452390557468985911490174697242746148013677181059788006798759167263437427750153592976549769389842250911164439954374
2.211289110808042764970364313100689273758030702062301952491214399353869853200168732976173866871482580767699158631956083397996870074885403936883208087467744137431364674632426280710916054491384516123309e-63 -31.790772057872147867472750356696844091807857994251462972002227205895299708380810478965394385291123584145706711668966887894977373937289705761521240848879633712970052183256263564294629113204475825239876
6.8960894145462457839716314422119533745358295945139264440030112033654797560165704189222298678728887044005852389957926892154411684268080024093021986381942544571146639724699803747851818752290945468039861e-64 -31.538541677903347278312245842189968883003346246398406953555686914222559655622623020289702365221632844640677404768123407030818695023948925653784261998784243216001694641304667636636857053070425375206626
-8.9660844970109360918353452776870478718498513697806955015834783556009680818148832505037519049856972400517722815806680071261308884844746593862358433860300846566960969993493869309596133050646942046490588e-64 -31.286287318024762212802701482677136284826428412697665935261803134411074236038529317595140798809706220630826342928125868830832603385965521822608381468380685549536056725907218279328318161940864220957055
-4.1918654322504783505577754634895435138015854607520220393199043769041857273329336829394704361367878404246737562704917710010659593507367284299281384657071969151829018120324355607547155682402669766648839 -29.788075841722359873077052503078155189291224833627704547429756157208228121909775460617837541261652853836040157768044007634222982917915258800779450242903250428367546283728135712940401478538109547335072
-6.1640472757130276669290951881808887438559153511937234757562735915971277368701660180216290832025102587214308763928888730970322396805185265731959442660211746961676477991882054161199089734993577264185798e-64 -31.034007820251328163681213476276911548261955772880549571046324866667139513432365585272690084198154144808054026427277286842335619086948871795405399409551908045486808804456708632949601780122291395170722
4.1918654322504783505577754634895435138015854607520220393199043769041857282110539534135279213818126639437233075611016580048891513106331977707649880871017537995012860612615567628032177524165797067930054 -29.788075841722359873077052503078155189291224833627704547429756157208228124013688856974690429534092289184775578013838379440874727075953367278947520209285816961914132769191445898303482381115857293046055
2.193206973334545584556402134084886960064539725420347681258687527550900154738416061589596851124165393052945685254169957501984608763358975181805316332764465801203018588383809954092414977929780586981892e-64 -30.781703380044656923851040607442159666747174471701495892202536605208622288173871322103466888023067755934838881705331705647391303196628401034551912045041391033707324399316862566589968976924147887136283
3.5525895458977470403273639850048586824057919069167556244736454577350720013647675424866115495396125993526981901441312393581890757050037467541718469910233048844597606117981168306965353384411961910439905e-64 -30.529374101784001465165939000600478317396555822276508346252337430166656028067188915469259507436913998224427192562582680001179070649453724557653650955639927487557989194134774901037111930167778246034377
2.7854830742716645738961994850826131638761064233454470962587022359082312531578140520962946204965980823746105170643893732929675640063781548959945797195336786429074493537308821199768471917565610561683211e-65 -30.277018181312231593895061086485636183242219654311056081005081667934368372580475806084200242978232048848707735637496779166448546402061901021334303722345634855757050121338525474169899450512943254944826
-4.000992397100473699386863724505536817721656138080807953243721244652223316466850753917173452685417802313141033742396007732302261932757031090464359231766977509449317206332857942855892062968995205915115 -28.929923104190363711815180196025245408429381210353988105291944659681283081747207340419649280047316997267030936065560970278285063581635641239483579293411691065635868840034764502914818414539500702270289
-1.4207611411968092360713521787723879619470060223921921763637470811466971827495310056203976942453545320486450785204316914236369279392809318404581065558707371691533441487855591491118903548405444375683083e-64 -30.024635056061356434466403155321189918595999809611584675346904591448241015437004803267349030400579185130662928978941775980558254760722216488434817230801835090145125328704085906522022815136674864821838
4.0009923971004736993868637245055368177216561380808079532437212446522233165438209762147959613609963253096029336421194968013417053192129615019987505796862364748069490617083023404266209627550530185645038 -28.92992310419036371181518019602524540842938121035398810529194465968128307982639945795615240697391178351006179231166330131948325548881801410321460932082294609717179251408668320207906411545009182767197
-6.4517549668637220897571848682270602063779872273634672293112535743020775982321082136614805138598628827593815862262010146283023129109482552147870359146983105163207510658400122483532357578466924441271416e-65 -29.772226156555849255053222377782855546591505270451407835187780091215927813354571343655818664423073261910327841347977625839226322473993264345583123636224938220065842376417883211990792594000245126992072
3.2515793417611148834695196236350314255414007289501740803504804590232969252670953593980022793144348468186056099601185195359040947366438466529099334244567314112323526417290513762146920308202698179871333e-65 -29.519789620402987679794955640934281643699265742116035316254735343204638997823986065487026617191995267579342313625608470554525792873562226406672980510509750759847185984961090743826161580795593490834151
3.7946675693117497944907359909241223869742464648766714664351517930275339890464171379386032605714940218684538999764134560560450997381670461754380382374212931606360611669339824054986121380933730373402656e-65 -29.267322813461221550304158047423852956528752451783538189978390484108096177546083468981296778090565788175826448285086429678486306117620154320660071024726788851220686669992911935842918912957614692760579
-3.809027498309884045662258230057888377898948920031173653083313739469042099118383781453712626150132747321251501629929669174050973872185474287537963971874937104275970641729622591539068885270989040994194 -28.099574114358187707486126303069413084662757206408588058028260219403743348415248475701075518520494010868426051576574781971681886860335095123778947602042376960828114533187976415386923622642301480968582
3.8090274983098840456622582300578883778989489200311736530833137394690420987158331239096025468914419579569351347576836664378193960173626418832989789142238572380271853400179807317576773455890080381991109 -28.099574114358187707486126303069413084662757206408588058028260219403743349703963206839924783494459062007360941095921160829399514318574538395959255724428209995576865058956989963849954396149705392280353
2.9296417822179048692070369024412823341887811198389209850403415152515810453045496720567827445762692491585883175429369596027202107013744371687772205366952285569741716696712009059970411545361948761447721e-66 -29.014828874668636743257161412311931910290266706997186799212365207966634158230805140849722769327239036829741373286995020255752992310634873857693209364881134851868576840145508728508402971350373371253948
-1.2721086875940477090904194838840999778409534392596924735678327857146374094312393400062994597808652907383662314840563245583852700599178763363959148315042195895354879434456441614766569517426218968697507e-65 -28.762307497628337949602002628141113257029451332287402210879847724519664843926681489544861838553514002021183614799166323187730366212799805973040924341312913573030926211367237134322040676771593357414035
-6.366608094793797997120294293412205897805634949342766523201901934683863486883368099732240167494932002121949081876665639719006140659008342755381796048893276684041026759079974932938813312868257866976787e-66 -28.509751623595018013028164380868138117452997810607763813373941556930574314801444280550657024465700371326698946557648974685049502950847635102524804372321239221585014920192485413907028157110477385528802
-3.6165852874556505077563420889575143962394162649559686756737686521795884633138945938287552608182447520187820831256821386550011202071762717238809384096649815544529466254693720448732298550065029146035575 -27.294866335901675732083105902208409838426607035620103221438690052555691654754888315904103035117693385683655099071659457439261548070314030865749001097120912979061848419529124915454779465856981516316559
1.6702691502340465797671359822490493687956598909420012325962044666543163705942473066688778123736103511670719906511899020130263415715408328789496052023995784963708889595493026011500201683441663312514546e-66 -28.257166005722887651278459796586176876698549439978352472562779409458391773193721610211721341566722703130925912604669418229595062494429418659273825106065970297642948667815648508882703694834513454248677
3.6165852874556505077563420889575143962394162649559686756737686521795884636305169843378017263363047421786215918947203753986961207063375568008648844462465163325944045380714900247418973945528163787900211 -27.294866335901675732083105902208409838426607035620103221438690052555691654021400341675196643324666872380094492071229235895830174665397729856499600457647323070585645051994726521104755918785395697613106
2.8517138229279007085707040811300077106499370475008599793817672980885690794463593979807385925295271329029596771526334311197628972646290746878506767764886691648020092227545517913839492054450979899838649e-66 -28.004556060808687698145277136392507116443254691166011526074631456872257073582956987718558557453134585003842632785259364799915063482153764417748568361668145827981765479506506483237631425030419789040934
7.1697594264159099367870996669890848906415904844727079749485162749510469089433423639768770002918607567200064035959528442590644908779405553191699078213724109597201647124547086649618106267735025331385259e-67 -27.751905437614921262747683109575263870337345597665450798552546673921082671720394245950325611436741424171524530567935136137574986287036387484409698701412287692963181259439358874630652895193511968550559
-3.4241947843337129834057576066802343964517364233306591469047104339950047739810084755245152437043959231924906952548917821540636216172341547726906642177686935171810947488333185639235655979034083872857461 -26.513929185168069733037668683445444233541787071226031884179814000722246540685406814502733938194015102746198478309667506260427620703150240749945563813199586310264788641906588294180460248740726482053082
-5.7356082932635871252625386961946437893152390627897691641706222400395908013720880131817585168363368865084230871940493228160719831097543948812465803520615690898097683850697848043698144437501203987554545e-67 -27.499218785586154923100418948340973726206418674701869022278425187467684931355108421597576316058423433673711293367358191787112545499914984814682386658606428446059636381400147456441732522065681131393418
3.4241947843337129834057576066802343964517364233306591469047104339950047738367851897030829047549661864027410375901940485208807810604660780320448912255063062345045512832656296298595708074275855069436278 -26.513929185168069733037668683445444233541787071226031884179814000722246541060831878722269307264631294006551323104816965455416140521296718619456214641361410558218596023127078266220939320249823839321854
-4.7829205459580674628653469482800570689268176218219445224279034207170677215096530097398419197314890891829740329489400812236828234864706606602095974838180078565138262136048626776358077549869177577514908e-67 -27.246518782487336581080950767711647775523226859510252210207069226760830585195088637322573960901569417941030107098041112308580758705394356690484296415019761534824129298169116972319639554408353679062002
-5.1193919873177708358057237205333319687869350812063517786313931231042883721413497795344988705933446742246443471673980087949605393541207766803482116163985399920702116325133411635278740035304075120336188e-68 -26.993767829811213964981553144386354736393354906438791158120044029702411386886416025993984065566342023222396671537838322877734042026344762641472872744798267956196860275364859495193377284916536561085942
1.125457308654257059235430537493892665123439298929907589706006921837201192914182997566702912084810433623511442645645149569194879351120987593586640236337157688520067189291966870089220881466904482921317e-67 -26.740963295596806357932162129772645366486146218738878201781071446667147448091912802065320361915518795148174109881312065146271980649021665874610535920829855475116320331579691156362785383387787395918753
-3.2323147071047024698224287613159540196940535070169450520062010988815194822751310834235746704205959469826571768735193505410932668365265513373021934662620673893083680173388231120453419497586178799428614 -25.755130178302664100488914447524719444704992988142071537143213803869496871640516373142560502380672545280130278380669823558785471799864647235440260387756954589578508548026297381905272592724275654556292
3.2323147071047024698224287613159540196940535070169450520062010988815194823081434970616746453831903584915629647574106066574144762913680956566999727211670586354104351599416899208142079393705737975737874 -25.755130178302664100488914447524719444704992988142071537143213803869496871470012502814367031919726637101613938875764307415108385072465884113103656230193412924293241975003299334178224893717476906288782
6.7117677102792175350346162301445170805022520260829611787335619864828370795106383323455953643237745203378752934796765495156380316221923818583067063546895179812832257478145064911698122087509267466884318e-68 -26.488180272990507415486233954005490253747246709116020532125142969626029954123759741322864217439659427218058336424248229292613697009708452839021798807472396552308097735932454385226880493656848019766919
1.8516083271359092186115154830796052524784547268959611794132108637652394577123994237816223004655252340707014680452368398227087691824401943225079778441075092528486338166792600445806639812157015119651893e-69 -26.235324175148508025703245129054349405507854622286432962553514610262469153669039066322509943233845111445653561813567694535552944427964806839694309925184210254829975293810573891446272666172458883922897
-1.6484570184737805692447732105839797977213886510121476114177122302823123260360053423463599157025902036087357090361041638316774453880909489421832312406862411432338268023142079222703786155035403778608741e-68 -25.98236101780106979796325627392952226871986498778288512774822224245031901073834770088664666484677609940187553979928388344170310405567144397858125820799323933715328190122511892870000294031531020102326
-3.041345561412658248892733488164112974139138525698680580244170105441114960791848072966544118168024494081919745438380871153792514933957016354609959697586794471175747964609263113328666712668895422716084 -25.017033340019356171295705016061630957244883370498875378815945879112534929401433759512639432170494267261174196193284199976242050298533256019626200014497393326135361682579859145410029377928548667348542
3.0413455614126582488927334881641129741391385256986805802441701054411149607989556704697295529578674684852806561166237506404999737264621590820286366916058604639935553675697595481553097466356465050421445 -25.017033340019356171295705016061630957244883370498875378815945879112534929465836061035316612008852110141986384268861545357323153205655069953025672305749476976284692320895094838196804820167051121328706
-8.4471105902112795937813798016312687639838658747602768312765287464627360152040546282047936774117158791078674501133546159245212097243400323264491706573098328955208344083649370286884794528798748081105983e-69 -25.729536289138394726368474671844929695843543539811447037637575030005634097729795178145852550217505815177095461023315411252637201232708494092606903335815360503775897670544934223773734799915006252377248
-1.3294554073629782127195854611534212944767895647700806691513047674639569417273159274453051791261730656441823474579274072329130837846129654999282790904068344156919709892442993253052634762209947894092537e-70 -25.476566633458199951318815468511763909713587517062411984628167112493161286338634733797172345765272461363392271265725023771003473001952034794675755830659377179636292990990935479672013442650169927129462
1.9168872582211133875034823156968498228079658693844173520460357228512980454357114656235406908580007228607678294129244793752974676308746899256691426134875362369105952381107681278918564368679513897633986e-69 -25.22332226449454425633616234348356728754876421237641101843335506433438004878479822263577323560203923126318593051755323544903510118999014149794684337659274475133957135099829609275642955896484927401724
-2.8516393143586916239059258497342288171331370780936796936335802622754589866369693112696119511737585327031258175293610950981875630725415925582594206641865508153631869500236714494337061625998464842531594 -24.2983666235348973609343411468815441350109630643884276517121355108461679203855087434441609476102239664351206568583236798641508273829668980153246104307614445699314805785267018740110982463343442290438
2.8516393143586916239059258497342288171331370780936796936335802622754589866263671968611697569140055615665903408174519874175820519311250692824880098120063967933634856957826023111370309079155512535938192 -24.298366623534897360934341146881544135010963064388427651712135510846167920367364962231941692130028563290090172897555932748926817969378955357840018103834440751967621341873652798007459179553195520902143
9.7804405733474359147181650343974644295068556176743676079237051268365854889919939088851498662921343505414948222137342114386713825347029684540643983968519773198367522096211241652808900170376418503941009e-70 -24.970647851011845559411718502297507598855444568521364997022563560987132418513821859024021434865650233351885973342501399821851604303707277780197913980018562920450298667438742022848659533733755929886278
6.7863759991338969652455702338023223760672323513755238183607160345806139827129052704720210248414714494407484521502787680773635611579258524040961781282467680647673616681540538685812801782274561147070245e-71 -24.717487609134289020059236719425034785732842672990409040378101147122276723123086908100901117516935221429747599223361687355719486437987363059346869758425631132961115649029014663325448754878934744474524
-1.7387145975953901819639409254771585734390331336244568547050979170351593650016015872301148091264401970277646914290242337872712179663424433174436819615050148587694049533988567704534668814741349276268277e-70 -24.463566473546633664670682583198926609715596864175967901975414157579113093782876878808572194035460629720948221690376414600992706005095643210740765018868076382254331168519028254534991260610118130959494
-2.6635071983296930797233581110219636908002956210443274490617326424809703440170926974844825489851581007858375316873943942254519205124462939975454153552711521747494991671436257789556353789144610115124966 -23.59799606228236295651531137055687769966266257914496998492725676057619791581432571862624930308560016210617205205219714775407224446379467287302175298224203864450754351886284021542368387648849040039556
2.6635071983296930797233581110219636908002956210443274490617326424809703440222852375544542545759528536351508073973116569906660154551470715807376618012674837675541730217531334424282850921192193835666101 -23.597996062282362956515311370556877699662662579144969984927256760576197915817245055153081704482010008560709513621108035149779413104064412878098184816414082377733363162958754933580438039162822687550142
-1.0096254994277911915097445586884459163218283577885024926814889528914219722692549762326111692075360810605519949057122440987153660880987663229758133800892188085656584704974023874931292648194468813007505e-70 -24.211938592199167274431092492078906978107763166316925641510216713319127090898834997923989235575602600452734755407615954269861963267511472458826655360906359242671629039582372147163497108514532177988242
-1.6992274620098092222483387371816493448509345774072085447771658524274948752779337389931238582282641123506389486333150665147512910723329976255807302491728262228758156264667038901544543809413846178457433e-71 -23.957863600153477841062582232809408284021897924442947084304716448795060905566646420046913373729144720907909532845879465904100940891566103144359080617127063876961700164261465457213448702357972298171307
1.0866442900537377227254183472060107831735752760850438039344728075111615986525916982185645865073919918472785444312529703775713164841486822059790150279069118174666426824373558036717210660259568365531333e-71 -23.702186336217503822950379777930635116092094676863819985360403955105842017878813755991567987576661826926865829021206778264982901994563384491434757009429174219121647983972542107568640919142797617893077
-2.4772260556719208022121814558684445009823086942499886294448561389080606744505844284941610904407982240896757157201628103858026651752282620891613913560224058386468218337487713141008067153829197226971478 -22.914905025831337944195622900754368864721591982142970029256155187196320432652897846145897363821087168846415585537856833910637922345116348614765201532134471173671185851481406551980161252185159610743706
2.4772260556719208022121814558684445009823086942499886294448561389080606744491126916665981485944011255423199743908776897097431979489972702627715167478791128326048932113589884697385693230003440106840336 -22.914905025831337944195622900754368864721591982142970029256155187196320432653079130902383501188234194638158445301187951000337490762555043193976666305810647567542814589985978437988691150038355257098835
8.581554066762813673232331181162148130630490987069414670522833527027965901408324095348295556692705662823883409624857454442298244833047007824882232604915358306153213925784351674467022842660818887070047e-72 -23.455731730461655798390649381481667916593968089585211525484363668252458727901553018169198913063763290576650947903824572431449270435901636653355153411742449536601768120079807165532252189985820079311195
2.5713137494318078549852682072567251590371496486840817318385004141184442641279638084793098514414346275624139694328163890965442641840246298331617075625819597409079128647659331043010709114420873851369014e-72 -23.195116238111846030364966589062962713116311130988987154471859501057426404725340513699514438728378281002858653133848901164196932593762026923196456653520171795140622693743940029251497285830444317815996
-2.4116129775649825739058911787589775621186996083976332426279665196871505630613329886722593410671962203621457211371596587699302973907897650300783823579741324186637973774303518507925579659171154674163479e-73 -22.937522440669420418913797236997954371613973845053830696253040178345160499879038344604070033675007878569653863798512645147021505469112056252519000849475534567722169338149310683060184200604113138390409
-2.2930435360525335652438019400976162916296426751180370077454909936133117615251196834285682211424713836751394280934385856815373619189563799332013249382347814734329419257996202178806298342852305716484811 -22.248177398624468433982016358415569336872147151801079424413978909494235777433375632820081587314309927411133818010753852325524011599515690671435587861009545748550658481619453289920084156586924406012345
2.2930435360525335652438019400976162916296426751180370077454909936133117615253327776281011832062277538010617441154722801964607126469345256943242164881286281211933553291258735096715201714220950709014605 -22.248177398624468433982016358415569336872147151801079424413978909494235777433129586102275598563336567171179602717072030998458565678658323301920419206029376082735287132777486564526926217815029738245628
-5.4572860755992210360159726056581189052932059423056310858108041086933244726399122192235934603540360941669086403436863147496190972396749410683755577583154800910030497348187498669206195302030268271877424e-73 -22.71196917676082009256253957869920041160368831235698130427155039732204376461979713888281140339821345456612219652561305547686255040890038075848863782851181923578653094845259980745099075110724279319186
-2.6716927560501301082848053596762888751512857533304999479445277861737015397745243797679093814228159323857132854151059628650497431389841060936242732499909118222360107257659282964715305213475336657277611e-73 -22.40761362257275272763769759629191391846503284724600004548488135516998050260597627248677364805519564889525189863739350933413872796796737813899160014805974749499465763562827001119948001282989351123148
-8.7294327402803254999366753917742931638979070255446349281956249770499814163522108144308533645438204563458925913583451480973991130713630613504156050477008426130577967013072609047651399901452742312396683e-75 -22.188016649700663514941822541308357036556559402059681225086213569025293483451686778187247877265620365036751990166467814778884291781602213050409223284579696360763504880234008438196889827252377345518567
-2.1111823852376829468959124392642614027412674548293283044226054019823831823851101798087837048355384866682686140188130723029116867978678294549079490523833820541932393440574986140417705172718380967339367 -21.596983811027709809145997509127772135332415519110664752695350235703735347749220741308607631937584472099733094543254870535500337116581809655594447207906538123051633120433613978249595866150078237936609
2.1111823852376829468959124392642614027412674548293283044226054019823831823851174957794567180374654190103274826297461989722973831486708893721893349034823668050978174945151120301961091995602399312019267 -21.59698381102770980914599750912777213533241551911066475269535023570373534774928354961686791862420133193143600553809250264272675624045922999643575759195211180583397403683464989840720108713864423033861
1.7407606587317339585614024620736151635094328547657662927166728067767555039817394081517999578801996713141321785760230168600953053247003719375589995479442595205409928376906218486097886379198404294075572e-74 -21.992182441743032921076118520278944638249000955077734002096426489173118350174814868382926836393128669082161697556030908626808087285740658127492407674918850305352993580071706976474053489788556862233103
-0.15741056879495471750661546393050337459477392307347319184478391111970957707549973612740156025380506467547872109713946161025537685542488161975952083689501840963535832891652312125929727365529814819780759 -21.565779343702075030802197964254149281853576490273316984314156289042624306383042620985584850751914095393170688728883903129635555554539002109471011262378124277854285189211041903994798145214392790793261
0.15741056879495471750661546393050337459477392307347319184478391111970957708889971080685230329019923648748227199705815855641586857490076339097017806250137223768383650890896934007980261914078231557016543 -21.565779343702075030802197964254149281853576490273316984314156289042624306384166102880433276848430017653376103600448238574530502591729632958990646432371155381975399452325703028831661782823533012003345
-1.9318440168495109914686849685939985841166722012097143346158378513432783887626870749894925017919705517420906368032349092700706477672525946293701960407332508293822612529260725007708764088589775300217214 -20.960570267236578101334495161375980590746544102333299670125904326910430222126656683936277540913821196028951489286250519517635332820835621079547796068199451438505201164052227389119556277231226659577005
1.9318440168495109914686849685939985841166722012097143346158378513432783887626776861559897561195297626953378067254661258900610270806963109519111910877330929529741197790854859851765496232547562204773391 -20.960570267236578101334495161375980590746544102333299670125904326910430222126651134129555063332926293991818726263131883230485165481240743759099581902813719000441080694036572879536553536708248985189885
1.8429088392749966598603551168845107462087235034121622371517922720364507638689786923255836177888893301583956983308345723339486735840143653777132062129579004851852787337833062177976103777504372831477463e-75 -21.172773246793312416730213067449865289575646265512007712240661150350291584721808698385370138045342610404385347627889107243753684169177555471926308754818913741473066131661586708307582869772350917225428
-0.30231317221241568807819573098909992843018682759301967042485891373507498177176664175743160064958967328536522076374484008478527481720618357628267024364476722998106594835186432819798636633083389782989478 -20.8929052660026890375044857743334202482038969985482252997666616657922240083483142794812886345714067632840263857284710093271352687570466021041571672422057433186626219400569652863113975064677168883385
0.30231317221241568807819573098909992843018682759301967042485891373507498177162010749719492857359527248655497647699785085663329353262040034160558232135668155557063702536114017893517833223252762577406733 -20.892905266002689037504485774333420248203896998548225299766661665792224008348853925025384511845724339428443560702548336958300903360982735530158702721824334065552269476180577608825441174806856454554646
-1.7552115941788404908575100490197510204979718369407705592700120022985965950767584522524329619304775158469142658304230426963235518907592361964117143186522562690548854261166664162570435248655851491339174 -20.33824850049649535653707666334305815602498523082251095701682485004837892464931541651944982061735184800353131061351170356376100304927508788023890549850094025294584654957897845232524415903607735017069
1.7552115941788404908575100490197510204979718369407705592700120022985965950767599417700473681136294263860042259182300920178404064597751493120057824408249191584783137846565106626918107256489313597864159 -20.338248500496495356537076663343058156024985230822510957016824850048378924649314650590975829449380284370178639249537752631793689450870782924303579781515648298099917466342583574081733759221661528516748
-0.44504554491326221946271998154665570046357106773226593705016521235152417845871627342825210890342778552751662220970390509407444392533025981791365787872115952948244256696404884256286697793479388786349839 -20.29645697325616165105735386726395361744472626283563667254441880202151605140259339434562216055235079845447778125288211031844909799146234648964091261346226317923349318158936960606923220230284954262201
0.44504554491326221946271998154665570046357106773226593705016521235152417845867817295748172147936987224882049418945653372286651324590506126433526772827115165796569664951487878423843300225110588402482486 -20.296456973256161651057353867263953617444726262835636672544418802021516051402608371803345604291437567131209069853086543745729409512115747159529221049611670718194394074208497286524747464515904690534195
-2.6899901219262530614293368422087872676303861627381714370357939521196038126126575992088782988416732743924968963943181321954868764300415835903953952229850399153200302863249922678166851826572475939118273e-77 -20.084149054652573976925222803267096065227384913775427628047572644141485644831720880945085579467856429787722240674084886114970782864211187382829388428989208529243994552818594781705266643807249545433992
-1.5814519984624728546745853322521730381465105825515861501833374237136751747685389130527284674701196547047472643593587219920649221366059026351075164038341381826678935460728768765093781245065907637760835 -19.729383562196850216401108809149119629595593211594516710013212405049285604549580166351818552001797087361313437100907207953802345630580189623411127560159048574437992043950706939011464701388167752591089
1.5814519984624728546745853322521730381465105825515861501833374237136751747685389125228936464388597893266413440713667131969608934481287733147127555088197654945307221996301153437245560772202985326416896 -19.729383562196850216401108809149119629595593211594516710013212405049285604549580395926661255382956943828146051486857890139359194979273144413155799690729906419019841687203523240202865473576628016635025
-0.60750490253702282901513343253880261779179215785709464003571898632568767347995303341733721139441268752440242082924317247615402209441082113665654283610349202510147693323944856064604877600485904165530027 -19.682071671101783111810658528659185359270912066399553164830467441108492777781951829138830383294351130803037474567517820971063067053276614487083877973705844622211891623662151964836676407950304010129219
0.60750490253702282901513343253880261779179215785709464003571898632568767347995150975585403642055726583519948103445143674096775017755537699871023832842215813386921508414670060129922657526658852669420459 -19.682071671101783111810658528659185359270912066399553164830467441108492777781950917624032019305172669990129739348181819735904629312308928246338361930233159306497564783032558875397002958572521615685825
-1.41064617417942647338800561997651094667593236528927132363225402986992489275590856503291861297621556922890889863791133319727211135071602764587562284168868822764478751729896573562912788091497668321258 -19.13331755520775440711385504706258611903623682487162107419631132296372621160127796972689026292315953548211793459862634778896928683647333879852469809112200673957737241490328006245947666958803793385711
1.4106461741794264733880056199765109466759323652892713236322540298699248927559085390880949844143418511319028800309954012333682792892187259538999185339156442440782169191434987011440758984388775742783672 -19.133317555207754407113855047062586119036236824871621074196311322963726211601277958766454992986074587862970393662186271731697922904242986307262302011783891082389346228536629370877377880139805802763236
-0.75432469871849045329549454168136450273223692205643445654562495001467164401992471453638392253901057090016386298142467251000753905383981058273307220316029227841455450601022494152051720696255465340952858 -19.092344481102954128369343890161352914098626934197185202913513662178206638403050967210702746864837453422170052682756598917191702883241497008952048016411807511459156426555808637882027957226589026904683
0.75432469871849045329549454168136450273223692205643445654562495001467164401992468310567612232267586057551662625230046942928172323680790064058202625759871222480236817522639243836117567388298737349467554 -19.092344481102954128369343890161352914098626934197185202913513662178206638403050871669201248838495129077712184439742804303377094942804589382659316785036923935263620152812689596887168905851294756363374
1.1222234626589318735836875326919582821381362897610517051134654050528872956219831909563614431366052209425077222008903149484733031070656575586910657341591282553176818091910008793246076364562478782022601e-79 -18.862011549147003966202862276641032634187275202346643093757945955914514797754573658402275117018953137694644251428627100351992043018193765507571768993586192027836045119394260839964574919441174256930837
-1.2403551832902504886944719658521865472831978364149685559922706356908405282821883027649316676769544752660061513727051566834418754595529807947259487633682608936918892299994051341007939006951371007941948 -18.549285008663843658945520481673276511768365798785492907384335495689373022033242219016396215965286251864377085228904888779215299049215093689031466975789510222412018742711878576418738269038157712988979
1.2403551832902504886944719658521865472831978364149685559922706356908405282821883049845388481193033348484464319807455494562586897238843153438248950070934824981019636910546366762000491505113750928296549 -18.549285008663843658945520481673276511768365798785492907384335495689373022033242216632538387664598862689396641172888554515524880464889491950627872762376136052904835949296516925073005104170948454711852
-0.90828092135916414631206808446341179743128989269901181150617821610577367356146636659378884897227717455991060052488209943726393962900643912979157331161338914118157664129805701384028054892561929889740652 -18.5045356107889623973502829580436289078335633597658566061546239288862519974099027737790203506128703548319979845941622768709123108087433065101603969547764508066511374692895534790952428580796410261239
0.90828092135916414631206808446341179743128989269901181150617821610577367356146636741160745761398541516983644323888722796013327288815464888622597100666258815625722744203968397711543249690269702241556839 -18.504535610788962397350282958043628907833563359765856606154623928886251997409902768848439646259000514870613661076870898934643704061342497159968220744489494342142257623963279137074790879150967606258457
-1.0784711166396639849026817059797900716845590705012051079852660606782802270171884059524214670047240109073619329979588406337667218965855068804837379165623515923384556025549188043426996031762688729265559 -18.039780837282586934374340684031049826799675151606723113763935114300006507410298092202638174078611540831332860252754442110143645725311015088798496427998419050559365452864788109134425845103027241376643
1.0784711166396639849026817059797900716845590705012051079852660606782802270171884063544917621475637482773276698280470590717177798805981056253270009062470155770058076409701697093989478691133788376931714 -18.039780837282586934374340684031049826799675151606723113763935114300006507410298092188833193163855370900109347750520246018611913338572264521812281219856712124314531852179388025445335830794659457681289
-1.0487446240479044578196655968438623380302761868931710273700343027318653402072104250771303318077131169491369609861938542917515196650171668996880504316655849317270155154479003089002448481844900620823387 -17.851024952109889411038627233043752350824688250621839796314845623000551931452234252553782599611957062911934048124431189340480786901421479914303684742574569493253698464814573442165375925418694428054235
1.0487446240479044578196655968438623380302761868931710273700343027318653402072104250512762080186705684511544840512238762651287983064107281387096161055805849163781439162253206661501584775640699358157061 -17.851024952109889411038627233043752350824688250621839796314845623000551931452234252512118165974438366827288972789156257529893716371222960423977612664460291043151132890182877999571554395748179601017056
-1.0571342974919195503434175857716620842362829839633504416959363158768197192226609630234399383469138285637718953524409165471689160734615313980894076309375495000580372404072530613175842098833936847736601 -17.494653247066220518951115975994860231805369792707329654802432828411261442021617936799044808719197040977761900582470985673778717825264572018593748011444936428061200545459722011485992647738073667713345
1.0571342974919195503434175857716620842362829839633504416959363158768197192226609630318204979616920840479679697879017640737548626279946242583800576793597939789559614853779370188655328628774100982053966 -17.494653247066220518951115975994860231805369792707329654802432828411261442021617936808356304018748509706977726966385354410668295634595159962537441025690501172334810100905927161982996983973407651228917
-9.2667072239785966071335121187526175856091512017042132953204733019024132267994286485503912636052604602737709817491188896284940157084913243549947950611950337307918712044005442929260475217930457046106722e-83 -17.41171781711773582031196173403472111289962160652519289563886594932048394550965236665341853786223232717453000984107699247503248620639532429728706615014397046841454675158547943172981819106947638685453
-1.049857580581671534565647754441482707586871728041108906781616539883559226042134975455857635957275940789556311761098495116977631097080074407730572231481738018906815624207564151331334074530706453183624 -17.216008949265114660563079646835976903299224805584906716812133774204900964942298699329076648256431956575238671231651925601924594743175964959620210735877898703939072052600852496812280376450677648552489
1.0498575805816715345656477544414827075868717280411089067816165398835592260421349754565233121837622820082636229518286350968697824247637678022809371412081738638260982304142926686794259546349190310562024 -17.216008949265114660563079646835976903299224805584906716812133774204900964942298699330482529436485185621514309581585417030551976525271165701837669307933372085690904659792047361506326187477701319651591
-1.0489934768683261647087045527251577212170281440260945229484192431594367110045884836596905544514380818576271781888284290704626073293944240623258510956639089107524600569983744661454589220671626839700047 -16.911575367021477426440796149380012875120235006005936688912835969288606164023364305373766089777650395118086462809039363041947061001789315645333308033056124023810552710179104773589691184770904129469309
1.0489934768683261647087045527251577212170281440260945229484192431594367110045884836596297036695749335074737164096582836984617699579776752016988483165085516602778154741047024618820971879222448784926152 -16.911575367021477426440796149380012875120235006005936688912835969288606164023364305374232271874556410165004733020342546385681880491397987403095240692039412851469831530063710519118818372074078139013535
-1.0454564945316742197299332066051418930086570281683927366620097499789596771495836152399759337714738934497695974701150119898753404734548169280529424333474900841639854892058016389241064069769871857615402 -16.623047104243901860679653278730603129266031535125425123670180116019968620434085000195942139156812012020231930319452445401436940139480267951007772616421611854169166960405019265421893890092022893906064
1.0454564945316742197299332066051418930086570281683927366620097499789596771495836152399345201340065702519479115538375392412293165354494210000685186602601537403416740476264821924809629811051589346875844 -16.623047104243901860679653278730603129266031535125425123670180116019968620434085000196022403914877529018651286836967138930599719038032554291523907975390313453374713272573598482756581803635085279332522
-1.04163133562990827527910323812868136112607365839655324610870512431851241916932158827764882517255274576425616403669372506968314175605891093255381783205304664820946923640493108823369015919634259058549 -16.332645205317918887546873572512680838692686007855503727949156368825868678269037023797639493394138433895138009401566722344920346003645539010483541884890125663144213913594550180454240669612336559812231
1.0416313356299082752791032381286813611260736583965532461087051243185124191693215882776330928887876752403642702335866835012402057334934030243797145659196162405283706845127982102125452062942828112486583 -16.332645205317918887546873572512680838692686007855503727949156368825868678269037023797653548582370002046071173875942442010429944163333490028631873530078015831084049380247488889283294786862143834283439
-1.036405401971439671749888048759792473824303559356210483608416126867514614036590111804131876127739275742115855022877806774217558472828315757197219099689317859495834585670610546269588057467326590571056 -16.046188883188930989260823181596816384343813641307154200883104715046486074811410336600678521763819761887446033294561914514442765466776220227921097769981931966424505070100977372587410818377371291894917
1.0364054019714396717498880487597924738243035593562104836084161268675146140365901118041276386343271967401527155111139941035877346551353282248379372956470555679835187859048229394540285885210455158050216 -16.046188883188930989260823181596816384343813641307154200883104715046486074811410336600680311786452472899034731872059510834916568964641855069297624800118560650918927162328797737320819532509432849601996
-1.0310090260036824293208939570876864713825723935855401892746618379507556400231943671681961276080653624416301309715488568165037267706897024309218948738495546573762987654657036553061307057526441220084068 -15.760043623548678991005326355086512562380960589342442510327355465954581528892349690090631724652917312896472490949791127681739990901779741714132167366433440035669570515343153365173236375529517570043638
1.0310090260036824293208939570876864713825723935855401892746618379507556400231943671681951088070915083384598733463430637646374226603305173311794961589710797285961962513557395422043535389954165182459768 -15.760043623548678991005326355086512562380960589342442510327355465954581528892349690090631778020046965722740552392608526103875320454265497971131873367980657049927701630134299997766290138479306022555034
-1.0266293903416550018174563800983932065826209413187826209849189278960778378232213936359756628129514801227922517081797157270326060736928929052960177283696696498515563432472725784922411317399888735726651 -15.475401244065966001657347090320895699516656460114855248098958056885494006987228168304495513364589823562323690220270341752513878915105707464068347530180691734799322488803406602422272379749983984491466
1.0266293903416550018174563800983932065826209413187826209849189278960778378232213936359754592524732244714729812364800225575673096978247656602844229796536485053079302627352504357046670852346145825711755 -15.475401244065966001657347090320895699516656460114855248098958056885494006987228168304495452734585532992819702742052238411507393131704670943953288323484994170916523561218255674125889478125658646900525
2.1541839042554229584525541253474741838292310175636896550157283160038198984637553979726560706258099230717312910275145345403872920932573586223221898995290409919535617520970325230661748965211641533673283e-87 -15.44437132713964405029528251372895035239907431103662218581740798440450964273892392185568445002763246314492125803513455074518454628094065938345395581612481330717204766074739532812417585307748291030593
-1.0242388172179643149862751453002792698510359976734336580801214252613731298995053156815808008175904071161305221453923269834912669016113101648278868412677791684584915471170964669240826761278312610852865 -15.192975575957247213541166527549969047988524558249677472102750706886736797392547766549525946767378867283850291828007364276471580203058316226208430507540189726702221682174798672858001933535352002452915
1.0242388172179643149862751453002792698510359976734336580801214252613731298995053156815807664319263783000447545533498075370202298876933639607924463901047586378421299474317652102332111687669520619323881 -15.192975575957247213541166527549969047988524558249677472102750706886736797392547766549525923472495752764002416912941119390475595326142708558574951021869424131755531725890367131751709944861312045015321
-1.023430998867076477820195156195222537678600724540226305105535963794002988207006045846625586836172740010066943191835239717234782002191728727767770835192290113769595253432795731142027589029163095976506 -14.914346914269453705274499407906685736897150382318453768109425859363741015589063010530978156353465982426968439113531827147468996343734123387815262151462497083161689031923743637717376201133028696383714
1.0234309988670764778201951561952225376786007245402263051055359637940029882070060458466255816174796011099832890068756133990074778095593673517967206211164751240677273650660018515478702523372706312596004 -14.91434691426945370527449940790668573689715038231845376810942585936374101558906301053097815067132748429475259924444455952732116861548788490618359140854576029129650346855681670110181483757328653911736
-1.0231560342439935237176145578564891840270605328569533832388860153809247379566300949415161192040733621122229899953880491437723642325127005745079687055178653826982547516411009662794752379718167945608366 -14.639950509080359493193036155527810737586355173073898804018477505782785897637032474749411097692859781498901465175465290371035278193855823319393147907542255563599661301345662181600093819099652936443517
1.0231560342439935237176145578564891840270605328569533832388860153809247379566300949415161184198977822050069824100492581540663372553889852324764324632271087452558080885290603632914831797071241332385197 -14.639950509080359493193036155527810737586355173073898804018477505782785897637032474749411096521614043310736136001100873805759999917910881830211443330766104448511642042550927151503783956753864516045544
-1.0226183642657512947951574733792398850992096559093419026303210426034839695733301182693308272136681831653505725484699041840618880046728894560216396788514840782778820746233749373523953953993337445088093 -14.369562825153522362423410950880418164791563661855199783303500382706146322013233403655953454217689872942048957201622611035760909145290146731677927195153432903947661416138664492858290203795246991484135
1.0226183642657512947951574733792398850992096559093419026303210426034839695733301182693308270888787457817704219200634454176338042662180933427219159459377203012691005666867296632331632037261770796422918 -14.369562825153522362423410950880418164791563661855199783303500382706146322013233403655953453991979690826124431004021652331448252358697471189311151329483320864955379401685027412232298111909230707571548
-1.0215165136573218060894408740018532031860235336350401130682322209813109588323111623997504710760109480690735655025058571677052714688596946978792228463641378627879636014323398052709689894513141775343013 -14.102732584642877126123408673005788493983142752199439735201404393569786028604333326761978375776047965146886248829974234640990341553296847108918243056031330990527314488145271029931958891927285064962538
1.021516513657321806089440874001853203186023533635040113068232220981310958832311162399750471054288441350924455175764388766490392370818481035582980625321429146091678514089011656350778852759973960102514 -14.102732584642877126123408673005788493983142752199439735201404393569786028604333326761978375733766163278330156607356324204850736456578319782655671143163388315299964130836778947173432170268111706887915
-1.0198751378195249349218160630758963708564163346919278084748086512565221916063693966609260871570889549608669321196747410940497950242067353049919405025416244140141249167514388886931918690727418596661696 -13.839106828274758315726528517064810107232465170460036091951274663712520459878792658827815234444933319648191153201274459572202372070488019334193469217907160375095294101859845351375857405816495675319966
1.0198751378195249349218160630758963708564163346919278084748086512565221916063693966609260871529500744719611021387314220832860228462907879024524094685277891999992851873117542890002162001948292851636445 -13.839106828274758315726528517064810107232465170460036091951274663712520459878792658827815234437167387833626595979941485510946315920115822029209829416255354453652398479371746623609478404095376243910328
-1.0179092550741439945866256520727096104116133757332035769712603615779497921819916962153409049840032671014187262778566230821720398433519606942801518222801805763391567946524615175059063762871790035819101 -13.578453364136048239721618689941223545872748874909227723540751629884261781481519999352422451990409720940054180448421327323663313646513568732655027743278410095582911470918393035874358876726632553239452
1.0179092550741439945866256520727096104116133757332035769712603615779497921819916962153409049831593162907701843823432065859352366452118129922004068129142961371202300922063666988058051220360879312129784 -13.57845336413604823972161868994122354587274887490922772354075162988426178148151999935242245198901993345501376909671200981842283446352528597734139682865993100481717675830117185722079140936778452241064
-1.0159611569416253670819385347481943790301042442030220990698149575279997218751854627865844017416064981798657090861701647296881315543653071392581538516502384398573043144168798658705002522376464142798888 -13.320619754033194916368323399789347192824514278686067025255578221334831924074132949175741701880142918518151031109630581334173649341223028015768953744746374426227513926328163890205073925157199136984289
1.0159611569416253670819385347481943790301042442030220990698149575279997218751854627865844017414287436098195505628408852036571291723799625265829868313206169804154266709526235455885069447034070697590791 -13.320619754033194916368323399789347192824514278686067025255578221334831924074132949175741701879904756340576013582148536599420453895709838232138248342167343587084263655641711607056985518889845343328838
-1.0144733308315729771323091734440009495481195396591703289958334526202747335845198692130035045222785466676872638351477084662654864012564523271515840674411600706898244878912124516823629311693725464586169 -13.065443201015632951429050184399592789782262304977852051048906599997295331143063657438717018301668166209758877861290265387259288379726830626487431567569383339038645335888344417091678769216636202188571
1.0144733308315729771323091734440009495481195396591703289958334526202747335845198692130035045222413692595833521353646464875342802261694441101518626922286410748794061454310775114725520449829022555841898 -13.065443201015632951429050184399592789782262304977852051048906599997295331143063657438717018301630204235138236784538498092849173430247051612505418118896189868176520065666576718087973676309872606772469
-1.0139380479887532404277637953750210556029536748814078680794780978777833286741228125501122412308551024302919055720211637312405601242765762180330531280250711963730776572643108229136203733878652650821622 -12.812643023981056190980648776259763728582906601373620557227816701311045010982086519660715887596895105863676869779049595953997406369785181562513715243858719868150020080730440857228508622833852678171234
1.0139380479887532404277637953750210556029536748814078680794780978777833286741228125501122412308476728344171349795161243085199583569152016975354916416846720013223181753868859296244616838836858505176188 -12.812643023981056190980648776259763728582906601373620557227816701311045010982086519660715887596889725850888306003055449971317773015759387294868576173056969279973745080931925944029026957025323586035423
-1.0147795691116933282876516480064643574178999829034248070829981069802447286841001808667925811614357254842638299320331931568397326523020392855537282614914638955579367665097034877031062058116057833400073 -12.561737711075190272910438721901098752801632207221641695645079273304307958799405366338701365412939090841038639598937199534977157847446933370942413099890560467495784392429373219010248251684181249523806
1.0147795691116933282876516480064643574178999829034248070829981069802447286841001808667925811614343534832045944931751502295500555671707178128080729170868246756588697750725622645480949706355352899517405 -12.561737711075190272910438721901098752801632207221641695645079273304307958799405366338701365412938461635664539436124818258980054636023981407883466327120306099235712082118189528608165607033980167731474
-1.0171930033468616993139271909002067977226555697209506423518750057534325354733845047155788467008712063433675342600684012913542801916639331159497944141619274721735742026319894735264070628681041346877171 -12.312068606124274118323221401943320488754666337065823705162617204704473800040510110564569624112418001520014233060424638809685372862430771750975754735562721975736983280484659953816481316460839905992271
1.0171930033468616993139271909002067977226555697209506423518750057534325354733845047155788467008709774168477107180032112174216330040455725330581685497725395702476992874307000904943753662930987720015389 -12.312068606124274118323221401943320488754666337065823705162617204704473800040510110564569624112417950671717210287736466310200266108422040210476262693065451811635766836411043160531382564907189215358077
-1.0210545979761314998488066598398488741404650122099404742314599337742783119562578933019499180403496839391323642368474681410055437808021159470552014689230865225187567449167315852774200719084267530565611 -12.06295063650289900580914238878768981735519576539159190888733908778874745759779022736133296091541792205045348574613291237734865433492821324895456011803501120135483353786650599806776705298945791374489
1.0210545979761314998488066598398488741404650122099404742314599337742783119562578933019499180403496496452109116734738226074289994868260896399698119448869155974937656245124379950007137575424107323783788 -12.06295063650289900580914238878768981735519576539159190888733908778874745759779022736133296091541792175632273065693550568406323643171622627104978012351277547755108180951875915442689064906421468550838
-1.0259914016535012214373112884566217976282137792128532836021109861264592088557326517283824720755914854715504298303715044634675440026453504199125938695435573830339386237966312759975059178320657063959844 -11.813839100683039268812566091226881311910132798916110161331227583712120013876725421460089386334526258162839545764398036682268392414750785164474292203218040766584560133952780839556714444799235307667384
1.0259914016535012214373112884566217976282137792128532836021109861264592088557326517283824720755914808153241514886792392272982677616717021092386204534436582039422041833995744531198750800616490123493612 -11.813839100683039268812566091226881311910132798916110161331227583712120013876725421460089386334526259031976429887104716596000419016005981104053405425675576065389052159912383825189742758310922921603847
-1.0315508562959322589030297396186530719687857907445117702755499501014202736413746991373263083841515111235756597590951856675783196815239915448272744557824542499228586139284634790408086908736628646883062 -11.564381809575749633829804501924507238593554296520755687651280631424478938061674081132043056180415376869594404582769689359488483195420629556488192125562102381608357429807714472619371818455692324893006
1.0315508562959322589030297396186530719687857907445117702755499501014202736413746991373263083841515105389771895505803350479644924353386411533425337330632735654295522725198884950460983686113003897370164 -11.564381809575749633829804501924507238593554296520755687651280631424478938061674081132043056180415377081867359577333593746733287181164622829096162520148703908074003867669410452491627440431393038907361
-1.0373487166014954060482974910185349010254723595234548586536473896917368221276360190726494829803193123257986565461114485521434881912848615848071285114422070067484334148683408575119956565017111736805242 -11.314353334179883957742503150241667949397059680047437015429471172516873949743376347565309769273906888598234672428239318015701848394151967983388079400476125325889360033814881454093932962512533699186334
1.0373487166014954060482974910185349010254723595234548586536473896917368221276360190726494829803193122562497504007363064203504026990960356022836251246803322697753940525603643118254001242447427138014098 -11.314353334179883957742503150241667949397059680047437015429471172516873949743376347565309769273906888633830659201986508253191093454904631412675184386043284573955591627412849602288680817697914652043597
-1.0431530618766962436147596138306558476687259304712653594812466953231909242207258399648806976814114326602293694267606558548144876031826786343147213708867039744614703132769952152910313514309102253124424 -11.063557599412357513731332808394383741999958231620761407138646756939754589475881857229706166273644679071798806793947587768785055005152463530747503048319967875134990479802079154045536436252507369590057
1.0431530618766962436147596138306558476687259304712653594812466953231909242207258399648806976814114326522019918466922752665314047174774458256656311705060185084810363951703256151495108244571312782121866 -11.063557599412357513731332808394383741999958231620761407138646756939754589475881857229706166273644679076725478214782979056925912018393552176805884372569183408162260096478099650956474655356550251040247
-1.0489399865987237218117522299212361288815945312115694386866737501452902001389190389940162751408025112849575095020482831971161086105880129359342862639048928360085431694015035568174741571242192085979593 -10.811774312436590261001114914817990110596700828660918950153257970274875841569484561488888765160955788236139053660250938763687238257415794932132722973859917873397143331456465814800626671767123277944449
1.0489399865987237218117522299212361288815945312115694386866737501452902001389190389940162751408025112840439188328063893605389725369109571766693947074951690054305589961007439908740087076123901740739619 -10.811774312436590261001114914817990110596700828660918950153257970274875841569484561488888765160955788236728220401365123177765708850016414139302404556884277329171761413306017810565526767592057809822154
-1.0549514983984490491413558218796479950401521610426045171483614520122017668994132771389229360620276409359989851017084747609094433409831258697053763743349763340481893412506666404332844688547147529191272 -10.558802275074995157270832684999222745386386647459231363217191881209149228358761809984537167013863301126513257003460005642972255697783173293299939327152316868288195106482574147512466831458033059478775
1.0549514983984490491413558218796479950401521610426045171483614520122017668994132771389229360620276409358965945211278351256186435274501910909918288964646626085300252095660980549146812858234740666845222 -10.558802275074995157270832684999222745386386647459231363217191881209149228358761809984537167013863301126573878861069324091778356954339423689035617071819396520089657020304017628411754886813683794037045
-1.0616956774041889756708642454313732833647025303410343626086809554279885418171871496854718927724952646018812325757301587850773701099480853714947412744094047799124598892579600511739945143552580682176732 -10.304642879064016933934102118072653655201627365501125662876844408595129350887251089215635094148496509567842743803525212939231313998810543822577281837653483730507363533263757328210104778119132777845052
1.0616956774041889756708642454313732833647025303410343626086809554279885418171871496854718927724952646018702228790485906121282174531983796939135987956442212500439326394384761031812242545640306801583142 -10.304642879064016933934102118072653655201627365501125662876844408595129350887251089215635094148496509567847900887493188742501615016926313258698476600527667927827605066893045947566993502982411354917929
-1.0697091162494581035406277227901079463490760658085129447745622224191182185795120927263208756214710981178526999936975172023403774355577446967612802976874080315946618185643556171472363327106039299626886 -10.049734012459064844708250019224394763322337316341429630398421050423331264806012518752459869781123768423894678934492190226373916912682882224285814739419203628373677054983161015809570467731801759325077
1.0697091162494581035406277227901079463490760658085129447745622224191182185795120927263208756214710981178516069982389281257033193509891308953280092541582763770292368363439828328737680372346895471832734 -10.049734012459064844708250019224394763322337316341429630398421050423331264806012518752459869781123768423895015457328263472250303212023116059206790681030035547885623789054526378770287397612301700381029
-1.6867432294252317906011230390915698690065112078728989176323408599137870873056330166272438509601227773492827465815509241463569880908351693766057169392859223247859082013141702533064107929032501897170009e-104 -10.059243400880042461179696968084601473484486211026883644197968362328974830393918230148327174023359742960037626229464321481937631181410309087476027814314674193100397538232142832980991278458004967515056
-1.0790852239166073683945538304609560573894558265347038758948012116306818713987982631889991762470008254041089352338981425796141062239282021160581880804584241747674061224568347937155387276937879157745669 -9.7948557385815569759270923951879031873945980685917175886473523374137889528788133804115138677306481951211507736409798217009408053191455920389382288718433972168740734562830956246206880159343156498654873
1.0790852239166073683945538304609560573894558265347038758948012116306818713987982631889991762470008254041088369649808320345367350118126935769344653761973718051510826383572317557953136569968074257092066 -9.7948557385815569759270923951879031873945980685917175886473523374137889528788133804115138677306481951211507873867973490046558927186107305376097786532573397529200020470103112384974096407153583608826316
-1.0893255531442423650594887557213933631622787905744591793030487596214722872959570294173846199310510452341906235256198718341225446506167173014762931292041402448115811062528927418480518983835355801857959 -9.5405700844061700346541035687660615561322758045854226136238520487817560086754510985881614088732116960649332814717967097304329822936236559976886021194073980598717138738457436583942373222155838127082259
1.089325553144242365059488755721393363162278790574459179303048759621472287295957029417384619931051045234190615444922209599427108608402555370965769572742493031684134077143200653409305284115137310153105 -9.5405700844061700346541035687660615561322758045854226136238520487817560086754510985881614088732116960649332812327047055449844515720156975408771704170057433599674754956956644865504829523735554287870138
-1.0997956728383984121205746031680730395679148831708304000948395294168445879518802579050548595789163022901209462498561658482263439107949182303179881288774801630996705496700655192533604761199544147163036 -9.2868482305662160102477973735177518184673623355205579517456219385483396909945338245729072667578912285073737431842382722098035385410707419953922974243491550044569471904643558075254146454732695066350297
1.0997956728383984121205746031680730395679148831708304000948395294168445879518802579050548595789163022901209456351513392359887303585209671665335377095110127263725863856786642620443307238781600738381393 -9.2868482305662160102477973735177518184673623355205579517456219385483396909945338245729072667578912285073737430504049755643385667493450703587619808929341860558996309078809822727974312240726032742980698
-1.110204002176767654779496965221035506778584348362067963023608154960983714525524691381428959519179630413668340423772677591789428910245907886620629666612312186086455385698766896858268655824679040618392 -9.0332674825249952679447509380272984151323633769607035118943293762659714901869821204899892219494958208314303338668666452902705930137124447556343871269490224851045967574341170648881739986311379351763141
1.1102040021767676547794969652210355067785843483620679630236081549609837145255246913814289595191796304136683403811614537171377313554668098033490823999492060719830789117005837265115137285026453850215278 -9.0332674825249952679447509380272984151323633769607035118943293762659714901869821204899892219494958208314303338472395492988230634233350831136880338540196344187675061331845676074784669333193131502255972
-1.1206965460105666521186515908068399314591433839621921700095190263275067971939243551351529123406580833039276503368944416182887515052618054605079715878073387628034834622442858531652704491335706435885009 -8.7794312818997760309258940367242236435685210452433188736049406549947850352376362470709318101285657796078153733921048800613367435803450773619457111356470008701741353440320887714632358248190536781375087
1.1206965460105666521186515908068399314591433839621921700095190263275067971939243551351529123406580833039276503343401939938262187057289156447425209264359447634776082248143475203315697325912247955894554 -8.7794312818997760309258940367242236435685210452433188736049406549947850352376362470709318101285657796078153733899838184728402736397296758726836734255563285432791187211195658559663697446766533714151127
-1.1316138198278446620867498313718783482727024859767768829366174219813596685454755185788008055720108662451154513055311920362249414473197758967467871441732944697454012152497123310078393537590060716830051 -8.5252638845366741601941291253867043987162961323580263255848706553342774201348674586814859258100527218346399963722375905140810304887103251649576048192212502498433388332254794596791182210361857012490463
1.1316138198278446620867498313718783482727024859767768829366174219813596685454755185788008055720108662451154513054119959989560594436095108224116487136120890358912406628584421206276718388393200986102426 -8.5252638845366741601941291253867043987162961323580263255848706553342774201348674586814859258100527218346399963720525318817520665153515410741714834958105689963791963095639381240250438538533411393883294
7.5182863881213397248109770582399289892261908699963649621547579745138451744977547190224479629276910133737845878938921464443800321491640949824280071405730376467166581470281584298371144775706138349968681e-111 -8.5433724840848987164888704856566102029070871951055331099154229704104455127355979405955950315936452768018077104170314651051012895703568723683545976150513236993648783713500632264418869399155069057097613
-1.1431307274587569401247926707911684440366684540738082702219779903580945693877911114184273773961424142471013803433355818227669142289345844923884042680635873356543990244217897024038917698528588336160473 -8.2709611991599358570903757509566137668618726096592895670837247961740636618673334288783905004263760559955581341346711360009311485164837370691412623816190733786482259569350360723152860753145063501343012
1.143130727458756940124792670791168444036668454073808270221977990358094569387791111418427377396142414247101380343332491536428342833275431780796207033510295068742304111772520393144625343110694183485049 -8.2709611991599358570903757509566137668618726096592895670837247961740636618673334288783905004263760559955581341346578911459230448920558578124997515294549565581573441879715275735451903681410175838265992
-1.1551720383914822570946137839262097562854678082189926275037936707660456341592982269452265796456938359101189488962374117497968453517015375098772705627169557305827297049787638100930854110499990499920298 -8.0166647287475488953670115328606857172565924918400250374266706570322663011021842674637172923987034321404652038319640646136004158567009673538627767005142394188211930071994540125769649122862122249770512
1.1551720383914822570946137839262097562854678082189926275037936707660456341592982269452265796456938359101189488962375279740441637738767247874712746646268464777837250441305999545031973767362069008987252 -8.0166647287475488953670115328606857172565924918400250374266706570322663011021842674637172923987034321404652038319632885472178380587373470663298043636194346730622310526374327113154948749334028970280218
-1.1676627151246909567004696878848298123947115099134840568258090294750625484367492388878665903197960100045122234889322202702929946109820062187656339978052272190957796199888569574003165224580215093414521 -7.7623213524189651115383836367764780112359705458225755675821610783924694224228195230394496692265592247403581178087959212932868452649222521094029988595237547879420620591547530507159457954427844073039646
1.1676627151246909567004696878848298123947115099134840568258090294750625484367492388878665903197960100045122234889322429140766116078564868855664855854888496546517099891309721861206335083912477756427951 -7.7623213524189651115383836367764780112359705458225755675821610783924694224228195230394496692265592247403581178087958855907670828507491123178036909941769284081082826400264620321073978036368609247114672
-1.1806678002095443851293252064449628111641639075876070543767263937895275857688753636483181768922934769477539597746945774523691628817492280582212501813154134326427430023172999065334892170024493097420143 -7.5078588727397318043424387497218341694383905100124050951544596996806994945794889360105044653222755968897603322983059835241264790706656785578068625886423915874472789363765415640034968220544379573539385
1.1806678002095443851293252064449628111641639075876070543767263937895275857688753636483181768922934769477539597746945792595184595386854991717907279409635932746200065734592604906122584467988679162599061 -7.507858872739731804342438749721834169438390510012405095154459699680699494579488936010504465322275596889760332298305982422711395479648539215457748906811810670501407367427175238846984674761541843043406
-1.961816916465579303941614802136210762881461182895485985213658711142779292240589278858906898673975338813036080081607945785499542275119539795263623674874721106804443742661951569005951571135142095341776e-115 -7.540895076480316833280923327160853052257172569995057256793268006302810796250612312263811730697196250680605892363719881844873397268211994576209381766454703700392636499822413597939648895676124960307202
-1.1942715010089827767811604604606188461896167124116503601474748956553227466691400075165047267205477849306188645383081272893526901162720869469115808138255862044871256818052831684143077920185411520006134 -7.2532974647099632227322168559585815516465256415865548877190866436089591115696293259781741499383538264746643794464170443761027682553058781393363478411669919518034666905819144558862629169608052633696179
1.19427150100898277678116046046061884618961671241165036014747489565532274666914000751650472672054778493061886453830812738721169937815043186157122596747485176120740493438697969923931004988812490165818 -7.2532974647099632227322168559585815516465256415865548877190866436089591115696293259781741499383538264746643794464170443714293330498029299735505454899774544839661786464650943132852711438110462360877356
-1.2085030463346290327978685140786295638036259445166204212329444905927602206594343355704003982873986477240703534092004392743648257741182091224066494169240033577091050148177917264355586544919998734541388 -6.9986626572534759432960068421347747841898509173533362476680440285877598076692036518250604921844813282007259198879946585967566297374461793861756514537785803542499917232310230336066461446200654620955621
1.2085030463346290327978685140786295638036259445166204212329444905927602206594343355704003982873986477240703534092004392780477419555505363069039044972272059292137594443510824633454800959590014784960224 -6.9986626572534759432960068421347747841898509173533362476680440285877598076692036518250604921844813282007259198879946585987381017288042354802330081449346926878601313808345192194124275019626258236896472
-1.2234013209436529238903523897903694351779372985100836126297026209619935691926886911642419377649235735696000115667814052793655676324608125834454956931830319518263294651502428641351241676976343378403334 -6.7439456332074390287919137699122567839642634376773185539943338616293669913821954225530605725677027258634854863684870764492467916287536858576919778896081664726654920910429022341717235682307769248097294
1.2234013209436529238903523897903694351779372985100836126297026209619935691926886911642419377649235735696000115667814052794431574639395840452081262733882917166009055161304796451129164465049952233291518 -6.7439456332074390287919137699122567839642634376773185539943338616293669913821954225530605725677027258634854863684870764493912894307830603373679627214132268994057839730765387506799774783316336621076671
2.9567368070875881077400617718640485464721115120479301587584318469407073849204417417507260053364196351554745917821591600724044663876289819560138729319266416282483495351315857850971884090458435534094114e-119 -6.7606894767217279509650254298447458953142890465739592312806218479696730713879540810845328538516846686385670320877841145772677026418158511330516839579476994132338034705892978894798136427608730164506657
-1.2390287487265662244826310015339541336085510191801865986987332569269547570899138689639942438448520871860443301748468103500193777352545447142364997575097167139247428832614436887544541000987954445476519 -6.4891480981712696057023436407627159511240898932014272259858284176101754500791715099760830754145533131911319685520025272959634276730764821475225389750592034899022955229980458985923501177324418567968202
1.2390287487265662244826310015339541336085510191801865986987332569269547570899138689639942438448520871860443301748468103500185825006709849975806496850511220855086150649551807598580024371747975989721188 -6.4891480981712696057023436407627159511240898932014272259858284176101754500791715099760830754145533131911319685520025272959692563046493821157561644054617994472163597567891895506506902261338780893346891
-1.2554454661496208791724651044805155014336663626922311071945064176514508053816655907336952294628722848385858477392922260059866961325926750776148139879597505937292020854263174909998579321567416880668206 -6.2342798823745202958707948194918964617689208075460124984689054047866943086884369999077287428134841614138694936659349396300131746491090833938945829002599683769282217717370848124024195469105042289828834
1.2554454661496208791724651044805155014336663626922311071945064176514508053816655907336952294628722848385858477392922260059865571634956536721141200359594390031125974367519184827122689575527306540007039 -6.2342798823745202958707948194918964617689208075460124984689054047866943086884369999077287428134841614138694936659349396300133073068001509074901298370906464158637638831916014066123383007163158039091247
-1.2727186226121624950188792563503792198557839913639455061376451937497003379032071087501138972081118057150578611079476632921575441305888460877076502325257398903148228218814878880953816836631524158246304 -5.9793476654787551123013072880105079351991415682809769534944145340065899668261807597571504123432099238450633779291956449760106487094392453960693561059957710888423699845854017495135225163323018897157343
1.2727186226121624950188792563503792198557839913639455061376451937497003379032071087501138972081118057150578611079476632921575384499119355611251103283117477781504301204466852634080218797302728232495305 -5.9793476654787551123013072880105079351991415682809769534944145340065899668261807597571504123432099238450633779291956449760106489574227969374542890727646149598164482162076214470399892263365916148634653
-1.2690131093737080118013042005738090161357027028134845893378348044783278998223821580202288990633156924864455121925375281882259593267141983075349651967483343457653067330869765388002116865571526317295572e-122 -6.112432372336050030292889311622352899859540290099970282627643088206700496267475491070772100640288473920468110599031324568525211162224920728429013152033597598211571285541791683466113708595849546226737
-1.2909257251261924482973121033849257665818495219484304019763440816760744797114580162073325357835510729504535812755883433157127569917622283559639478304738753800699108356022272192377792272209747919311832 -5.7243623730283237987018870233270249968806002637216241868825870687414666690505062109452193934492048617857351062179481277861126522555629459154789386045602656307924071415046883438708104873678584885577699
1.2909257251261924482973121033849257665818495219484304019763440816760744797114580162073325357835510729504535812755883433157127568778090738066884854892294896937059891954011283803183524475754856637152143 -5.7243623730283237987018870233270249968806002637216241868825870687414666690505062109452193934492048617857351062179481277861126521553871155520660087345076239081577921229754735261909715321479282167926004
-1.3101531030024109591695419439516114938525599226982772592549378824357558771158539713118001387909334399031833152759838109814588164973450862607849909991930924626611357250055602460954143580593323864632965 -5.4693384306998881531034049340608752231152965173227502443652721373864894526001592515553213786592152659503435404419317333438133688238493133466706169103988188392719967526562209006050467188150906052231385
1.3101531030024109591695419439516114938525599226982772592549378824357558771158539713118001387909334399031833152759838109814588164972072743090648046287868576671768545549684269880838229141651829978997992 -5.4693384306998881531034049340608752231152965173227502443652721373864894526001592515553213786592152659503435404419317333438133688202215588115383120162071004718140847738596336863074148463675471519887262
1.1152467371376934793722909818262051502036044954973981937753604502023456407928356028685147433935988921481715942168420169231265182371828617601155720100565097365439213761034665004527252151056841705394567e-125 -5.553705421477473690467450210021778985005667794218846067140034768267425472391014724090258085482966478598574007332962712934782227798440028703276498363118589452713253049175623748731865238785275274720065
-1.3304990030877976341140472007276625659134249982430108673077157767940184175317166361624960379665661210803759391077322931191071088629378404629996896018220661552904098726562156663523912353846430490884955 -5.2142944739023067536712883655695019844817386452866781707032951007681262353611004717560789019158115670475161685612169768615516397919211045796361459565254075560498426236640276446029665423570368112245018
1.3304990030877976341140472007276625659134249982430108673077157767940184175317166361624960379665661210803759391077322931191071088629945282689205862850658163999539507859129191404066272727791107124465111 -5.2142944739023067536712883655695019844817386452866781707032951007681262353611004717560789019158115670475161685612169768615516397918683416842306663882952958994524320096075823969685541095523093878982334
-1.3520752957636621776603459346938205176803032444705039323861955221556351594621205855906309617216174041290258027198909950878496254107203971730804873999674640091868450858338453903910736713988912300222062 -4.9592550096808961757028566983121967956106247364538661970041969771853832321628263184029762782304777213227660712124379326580277927193707733831510895729852766459350355978496209719103581021443309534145401
1.3520752957636621776603459346938205176803032444705039323861955221556351594621205855906309617216174041290258027198909950878496254107218428247226460534756910492294854527383115722245699692428566693938752 -4.9592550096808961757028566983121967956106247364538661970041969771853832321628263184029762782304777213227660712124379326580277927193710033546934848253263020468517778849442096569462584518446448886192247
-1.6657343161312530840371082047739387055700531887292811059921491095646060895489737984264289148540097796473286746240119628869599127323067806753810356614761906169976567357307290220856473327087645638648974e-128 -5.0604471231710130929577181308182901514702324061961092685428320074442651153297570820246680883996307283476004846156863415284134508602574455588099887134703089373853222331731657135234561832885291136342478
-1.3750101810502468253479163220750167991171535008898768635514911982178460750439839373747692726781018899652021048365624345374320363261241183217568108746597309349238706286239954966268781715350130786702665 -4.7042520267162170194568187503247498730546590110042931261605659667657544514501458063317382503317544627807571038560335451158251978765672887356092835664785713361129023562973871706931567328851409432415248
1.3750101810502468253479163220750167991171535008898768635514911982178460750439839373747692726781018899652021048365624345374320363261241290724951533561548622199283045031334248997424979362287310245294329 -4.7042520267162170194568187503247498730546590110042931261605659667657544514501458063317382503317544627807571038560335451158251978765673105935426250827866515228921367877075799713978889260778080018802098
-1.399451425358585807510512397346804578910041831524529703976832890798558574650208326454325650304788634827099379925874223641074861526600659797328150577476419688492877588114437652080195499419704937872834 -4.4493275225980498195989674199066634743000637070975314200721104455928921818465857815113025403807147315847540050498287184933254425514106859224631074807179571643549345936299169848477887793853738665314484
1.3994514253585858075105123973468045789100418315245297039768328907985585746502083264543256503047886348270993799258742236410748615266006596126952560438451576480183301022261935150433766739886091273699293 -4.4493275225980498195989674199066634743000637070975314200721104455928921818465857815113025403807147315847540050498287184933254425514106862249682268347637413363408752027817744128433694076519976531145641
3.7574140338391512680868087487086019133721852181319266728377694989121201108237428325848193360034430024124932800953891513937981408515309416644265477697488828824613543317890836453049953883252678430814744e-131 -4.6173594895906439052542671048946473157951880950458840813085544005826762891017244063481434501004610371519648999527433515292800841178873507857132276676774993202620895053683156035830357981615148580802703
-1.4255704079287277192943867916053552551827287519323756327587341521324314337051204114220646666607730909453224102237135673280052952755070188993469093863868984575062421631144356883617210960626344144024119 -4.1945369705802291749904489079662627059813676173351571998942501046030260623156605535343912844960407388460678953881806998245363576989187511938852910701812708014193662084408344554631272252187150099825645
1.4255704079287277192943867916053552551827287519323756327587341521324314337051204114220646666607730909453224102237135673280052952755070188948736456302168581226626191911224925865634790844888600932342595 -4.194536970580229174990448907966262705981367617335157199894250104603026062315660553534391284496040738846067895388180699824536357698918751193741859759004895117166903140279373293622619778139763800145942
-1.4535671256146193832038534502577200463825441671619985310518306358103548984154901012747367461568487971122113914578055234834869772022390942706857401047606254052358386374049030306434195641042279726055244 -3.9399543300387171261019936756368563030306963712807919558862409096206174775180774919915668271107863228972788142232443969542784985835656195899940421895904884062913073603135666403314629900295794086151597
-1.1804534784566664509290354278660392594039682312518168175153121317933789191220637444824968309309514834430883748910333173845622801994824014352921094789600406489330749722182353201090733661654129055845614e-133 -4.2139119536667542408058724469472758885875361685776088967727310594142900436092849968216618062405617938318077495853597251499387789486949822507737602671259942735789350932259997743295123919107387883594972
1.4535671256146193832038534502577200463825441671619985310518306358103548984154901012747367461568487971122113914578055234834869772022390942706652984404076921471937926239344923093667793973663924417162924 -3.9399543300387171261019936756368563030306963712807919558862409096206174775180774919915668271107863228972788142232443969542784985835656195899498596561955327965172972813673898904112943633472872530385541
-1.4836763061655459511734880317524429220211965890233408024010445619371896809120283959834139006483493044205399841231301610634078360092844824087413024036260091417527283748099227390463135536394684984948326 -3.6856793510090233330938083585121377644533012812954858254817918878555295996495401344445782274243111520986096819853704833125780755031761867726970022168592611597827907882972655513829746691568351383770399
1.4836763061655459511734880317524429220211965890233408024010445619371896809120283959834139006483493044205399841231301610634078360092844824087416019634482284864542275633342015685335826934332896769421793 -3.6856793510090233330938083585121377644533012812954858254817918878555295996495401344445782274243111520986096819853704833125780755031761867726966632652634861210671866083818834656272694037034749398390446
4.8693459726344321079686645025154730886313247926189459366760776602431248704981988455768494015145948877964942704660167888639476691098343660979122447641279862460359078225394290617075230174607778986411241e-136 -3.8423943840727520345994915558238392418597116284833248315671284825707026060676058685038634890392156249754436105957925268997197683399006373566433219766921142488015923985736304417686721658195446542773314
-1.5161746551190603782927556381774918636113918531003209432988294885788572673991243344909161651018676592478454235014587415037526941248204280188291531175310265726602879499467852162460247315918877376833231 -3.4318483696470404092307733083585632076146539403457625027592390955961968059238488833578528379140754209323108502109387080097575577663234207830243450647692523979083317433221911563780556667139561225487369
1.5161746551190603782927556381774918636113918531003209432988294885788572673991243344909161651018676592478454235014587415037526941248204280188291564434859114563876817586953459217753243004287559619153928 -3.431848369647040409230773308358563207614653940345762502759239095596196805923848883357852837914075420932310850210938708009757557766323420783024346330446613337095946316228371569814428937134669619285688
-1.5513889458716140159707573991476497493947861258366090576309501453307374277634000043749146171178894490247851131072456463019451225196787875409166547664901476968055841683403947250672159795714898405368181 -3.1786503888697905186383978220388575252437906971402929236686705793185472577935230780593768516509126173682966056753076524169022079080941569455781509926218518528337451337934783544823961486219648342773124
-2.520820318133358317284231619115337888440368499416230787995371213794156414699828558672588376862645742776035451658450607527721181646819634560063872126070591480233419526378472454991659455985705465182299e-138 -3.4968529583343818515926438047611948822214985378855965193900573654377169335775873703159259530915550937650692141044164591105964601887190859722230595322046052116155885123102920940878558350645929433921783
1.5513889458716140159707573991476497493947861258366090576309501453307374277634000043749146171178894490247851131072456463019451225196787875409166547650865702913840136254272244016546925706659431300462268 -3.1786503888697905186383978220388575252437906971402929236686705793185472577935230780593768516509126173682966056753076524169022079080941569455781510160466222465972299372166497519393277515662496017705855
-1.5897039326622339268577870275524274232119498607874751636993484584638226779326919865418608496265251891062030773796373215439452009182307987715237458900323809635254721088049864558006713724070590652633441 -2.926351075969112279659277334645485497199610154852817135927980224272038158593034514473312139969823671084018917491157860034520803825927282614657419029514670575798161103759763198538146824385252287236792
1.589703932662233926857787027552427423211949860787475163699348458463822677932691986541860849626525189106203077379637321543945200918230798771523745889906302370634038097067441478371002259140510107014425 -2.9263510759691122796592773346454854971996101548528171359279802242720381585930345144733121399698236710840189174911578600345208038259272826146574190295380115697165945280223782601087060094485890786782479
1.5794961058755205568644781659423902402885045502170042828439533452257396416554018029881524597532458225146707867628723839567793419970643325078965130721023006854207882028762510220787537597016727892395741e-140 -3.1724475130761094641204803565238525929897840794092485634987916937281855117298854752446756695781181216442014819852258609408394824702766335356783309428127147373259935503733868631511743086806762110620071
-1.6315675455748570604872027535290493092563231118220710989267191022335520093735651609843679779999800186155960240391466043983134990301250822209768902930033417278220152652840803067486784015078810507122884 -2.6753283313650102853937147036286812439740533617379073188306340629845548270517812322703683259020637958954247287934908761545375636524044489223942295532479170538607846734830702978231492898752317641562823
1.6315675455748570604872027535290493092563231118220710989267191022335520093735651609843679779999800186155960240391466043983134990301250822209768902930031410587127614422743715413015070495525001315499353 -2.6753283313650102853937147036286812439740533617379073188306340629845548270517812322703683259020637958954247287934908761545375636524044489223942295532473810754449896078742891743038566120507998882547924
-1.6774878717487730488135117648243384430946972527003709143457768934378078445150532091255053912653322574014972878493510159742246921706733262511371638089637299316267867961409671334999744588148177344576157 -2.4261239814299040662678668428971367402228536734858144585644158356778294529687567259048985646585574166360223691904958287058534280541647266879772075416473815024661459684557154551562829929631339915851037
-1.1616549196308137009537621551564033286476254870184193876401243804511068842712953760123475097877726845504712712580848819915517558246039694224137239211629794185430745735092038320973242059327762251771394e-142 -2.8650186712423201027397707248837195538373280153099460973094721436227199337184000755292732349673571031893123298824744696807273841694542068664057780152370508304056376890643824496784211185775410456698553
1.677487871748773048813511764824338443094697252700370914345776893437807844515053209125505391265332257401497287849351015974224692170673326251137163808963731770963242905886381752265039221084340164924894 -2.4261239814299040662678668428971367402228536734858144585644158356778294529687567259048985646585574166360223691904958287058534280541647266879772075416473806010739731426337466676085988838167830915366191
-1.7280111201315846094104457842703155204076282380916639768693313676226177881058125135572314130758742030806488811561658609397435850499106174219157990582541555528732475016535387296050462891117144838627138 -2.1795159218357597627924046750350750387304086557923477779636853718783329993711002210947509785911610569613718907372391915091645431277458051304787267214403320306519103188212482005853615536612626160653816
9.7523852200756381185400336549211004532407780111285025534338666598853092976500034186806368355267723381412882174977879138466233241623099016640965915033908377146441739335346387254922812857714927686211191e-145 -2.5707495936847477204339503998287552721686106581341998259967188032819250121504937166399928327324222975540229823825107477218489249672129605377541680631277400470425607960425440483370814270674923416727026
1.728011120131584609410445784270315520407628238091663976869331367622617788105812513557231413075874203080648881156165860939743585049910617421915799058254155555423935273444325770491557716581030652212946 -2.1795159218357597627924046750350750387304086557923477779636853718783329993711002210947509785911610569613718907372391915091645431277458051304787267214403320357808119075030675475623286248403612960873075
-1.7836612990503120215714995942436354450433907928375980815341265438195317966174131600439974503760024813009566613243258654165392566322136507658929257737806758946091567439526824952318191386173462519097738 -1.936611150099255984045444642065768953145442348337153947281730567260480399920134974871388713789456829091090733050284106809212485076171038606085150435048580247007520658766237278558034203796872405878108
-9.0848344895243174677575746966611493435382881998404373074825542058041450737919759685706324968891141666444239115289310304760623576402061600507504238566716082053883425157999429660039265090905835795209258e-147 -2.2858385886165747689813223151768581427002186093135024271539319617396117157427315144312918012931915858588918531864470654273276734647144205040848193414140227843000841101960170606458714393143126349987098
1.7836612990503120215714995942436354450433907928375980815341265438195317966174131600439974503760024813009566613243258654165392566322136507658929257737806758945978692711376487637828090415050936304869214 -1.9366111500992559840454446420657689531454423483371539472817305672604803999201349748713887137894568290910907330502841068092124850761710386060851504350485802470117482295418044023970953360279055513924577
-1.8448117205731451703496718393730402469124083022617624797647171223918708059177308069861601039442508708735342751110806540517092446971628966166039037710990771118987118063515117329445684548463652369104045 -1.6989473239439364042241736253827542134156737626938812778863114677553420337324649562668343660035069255210028407234978019833522302156198768007159768194359890644278611192224894344706561423487581575846174
-1.9114533211102351264041321596809192798588518237154631611423404188911207722622030054603044843956125206522104429228606077895263021760121545074229259202569036681485565405118513359273312799887846316583682 -1.4685608971106773398724142009562901748931687059398141940601471939711897625617673538938187819896978225336361727295991707729317995552678644744353727993406107003005871959704349757534829213577847155067866
1.844811720573145170349671839373040246912408302261762479764717122391870805917730806986160103944250870873534275111080654051709244697162896616603903771099077111898709500027556236848148129976629366688519 -1.698947323943936404224173625382754213415673762693881277886311467755342033732464956266834366003506925521002840723497801983352230215619876800715976819435989064427843212167432317893870096169712078796654
9.0702663277056938610924140787287645413605034752765088320959270600848442448015724865021514397015219152711097209920604076816303451109962589465385383535647189571837364903540843550465721523578219389638773e-149 -2.0060847419293001661131110933136748529687605073932675388609585405597940294652189680572589555350841648838781003980016679843594027891879458104073694659202598162579159983700508837940920340524464617823812
-1.982847659340077417973878200761288375275042004272315234273296922213148074194653414483930558667717186176215706202682147299395108454477138025003674417358825048841511659706203692089265603776013882922704 -1.2479306807715865726373099867767023278960803103435684686236751868445739243634885881030647613532772380929915680098753616944551736339059047229471709692216394714195771248036339452528078213378966574444943
1.9114533211102351264041321596809192798588518237154631611423404188911207722622030054603044843956125206522104429228606077895263021760121545074229259202569036681485565577710064883307041711411934610847189 -1.4685608971106773398724142009562901748931687059398141940601471939711897625617673538938187819896978225336361727295991707729317995552678644744353727993406107003005872002416302978874113333504938597408023
-9.1609432753009789402279169986978699890953634888821136691656175396239405365024077250134747972925603145797753073571845532668854352162050521141320606744059362249869002372336834641882990822359278587147657e-151 -1.7262013074978048245283704549707814747902388023409473527299936738108160646826867129638093676649792328021278079467152936700910311149095611511332928293674243621334485175776100338947442163110644012528646
-2.0571401432510405643385590432398579513931948624284438887244591696605592864374083523073639130696062184571613581399328930051142536391421200638027970339161216349233656542634726410276580492165137101186244 -1.039665344997182790011133953191100622711342812554945104348886422497237082100854371323923759897471357924016930940804487216456841765078890341021128863312634981438735099069751686313371335638457334234028
1.9828476593400774179738782007612883752750420042723152342732969222131480741946534144839305586677171861762157062026821472993951084544771380250036744173588250488415116596991479435727435875924021000946812 -1.2479306807715865726373099867767023278960803103435684686236751868445739243634885881030647613532772380929915680098753616944551736339059047229471709692216394714195771248112089152077826978919217159602164
-2.1311624724030221557945394666025065824796239512344414055458810914760227662256097048680655188585660018750361675455049702690108663888331508605466552326637922422110977889511277679031276306064833784611574 -0.84586451505216823253187335086417359992504439384620078517503926290519193257767397263200483527818821337954182643603788573843754026944388110076830351140520916076818114683499687499061505316463500803306957
7.9942243394044651359614979911718053422671685751949224065395288441782635367363174897058097626538025853429653030005811101078979837696930600769655014644260910441579953482201628298417040477993188804149368e-153 -1.4383632418223390385435643756931752233650566426794919321959298826169030250735912463247501156359392248531149004522938325860673657503057711395766496587505686055191267022850044384396093227466029594801757
2.0571401432510405643385590432398579513931948624284438887244591696605592864374083523073639130696062184571613581399328930051142536391421200638027970339161216349233656542634720156066789206934791822981469 -1.0396653449971827900111339531911006227113428125549451043488864224972370821008543713239237598974713579240169309408044872164568417650788903410211288633126349814387350990697486256660426454733710077284152
-2.2007252577950864049841112986658923063207795278068586526942800852130241938636315056408745759418696791241458985769156264773309509217358525600368181695858473122169022419332425740289095216649484799753838 -0.66733757630873151081623030263568652695948964061377838518221794244778432681092261617699818221349960894274819077822332880352904418506768922979302722113816365338402590138620527111138119277267719981986715
-2.2614434240073284928580728438393406950476093560043707004074546628350044793548035433662263516957067205623157134892204411072796044843298356396418638412667326966878964946415882573308603024361854960160507 -0.50314977022150284170447099642268590090166525633501388207141693717341122295416863819658446378972045321259738639028368213400330767692349347726620540808650663543795669836776235119004103057346999983881529
-6.767970349881537981364082054351856023940665063485331481328206450970397862730510557051371536777672522217714663684193661070519005239716096345629043308697178503509112642081181478556409584662351669544371e-156 -1.1282159798605336066164573290607535296615059565482119450297689595776610738425455840657805983440331461049797206103811984675718222168607815719025636996368155186176034578439527020837740349855468341616348
2.1311624724030221557945394666025065824796239512344414055458810914760227662256097048680655188585660018750361675455049702690108663888331508605466552326637922422110977889511277682850537233762937352097471 -0.84586451505216823253187335086417359992504439384620078517503926290519193257767397263200483527818821337954182643603788573843754026944388110076830351140520916076818114683499687518665196869351338738490102
-2.3096551028400456216835305383601621976535201774628600099220571226757464388757300691192483917349644937629158904657106260839927462500912774378487161795979075650800884188898003408008490606034417494358382 -0.35084173412989211357126488123553661576182552029607893945109658827404529117457644816970589564522795820342257274085015367458449469880328890655601861477823262053187203469741751538876847325790577373208763
-2.342889801480823351118451614805461039224468645038074645488424978953569399978051201237241609270863379452090756118293812538525131790633792164774008718891468261207886101842622165603278438262482543587873 -0.20711768793288547819409309708780823330506455880271167134065026336345731273788164946062051866211465378080222529613196219563048146548005878221957571978108586774202024046089816910140057034236058308218917
2.200725257795086404984111298665892306320779527806858652694280085213024193863631505640874575941869679124145898576915626477330950921735852560036818169585847312216902241933242574028886799285677539555584 -0.6673375763087315108162303026356865269594896406137783851822179424477843268109226161769981822134996089427481907782233288035290441850676892297930272211381636533840259013862052711113892887230436923412675
-2.3597888299347996631603355361648463069853652564897646078351069752861934866831984223344994358904922363661815072542358762785577593704707448553331529285005164017545132192787195207421008830846311505245127 -0.06848105753285010674092400356682794908017074415730277919649066528993861228432966978031058496995266081723944631731882772937278415769934358833105634264765458002631008010905222598603992211247643545443094
-3.6628256067478016990230492391582018283492913951861795893399357038356118972272378263664825948687171551711304913917157902060829546234339078744433165594866099760548031305704759715730868470195511611561336e-156 -0.75836047104249388827369172249912655999076392714029079900788934656782974031933428125592912146503950931486722378033334055728796646121702727378944911549711130332404746078219153722280604753983777789827249
2.2614434240073284928580728438393406950476093560043707004074546628350044793548035433662263516957067205623157134892204411072796044843298356396418638412667326966878964946415882573308603027188564176172491 -0.50314977022150284170447099642268590090166525633501388207141693717341122295416863819658446378972045321259738639028368213400330767692349347726620540808650663543795669836776235119004102996975893144265656
2.3096551028400456216835305383601621976535201774628600099220571226757464388757300691192483917349644937629158904657106260839927462500912774378487161795979075650800884188898003408008490606034513532297715 -0.35084173412989211357126488123553661576182552029607893945109658827404529117457644816970589564522795820342257274085015367458449469880328890655601861477823262053187203469741751538876847325791481387682943
2.342889801480823351118451614805461039224468645038074645488424978953569399978051201237241609270863379452090756118293812538525131790633792164774008718891468261207886101842622165603278438262482543585971 -0.20711768793288547819409309708780823330506455880271167134065026336345731273788164946062051866211465378080222529613196219563048146548005878221957571978108586774202024046089816910140057034236058316904831
2.3597888299347996631603355361648463069853652564897646078351069752861934866831984223344994358904922363661815072542358762785577593704707448553331529285005164017545132192787195207421008830846311579084894 -0.06848105753285010674092400356682794908017074415730277919649066528993861228432966978031058496995266081723944631731882772937278415769934358833105634264765458002631008010905222598603992211247643355968791
0.21944701860242224543892533978945241431471683409562631436102445370090032755382858114809810546046079110979512957105219077871425346482402136522953716891501630449240631777812239944941708305108874164624091 -0.018441076767968281204189301041656480341343244627230503020581384937461111172925437735690005421075247657619965350444466016571639135886394169931496053230834871406488076545809356129899960904168720986199149
-0.21944701860242224543892533978945241431471683409562631436102445370090032755382858114809810546046079110979512957105219077871425346482402136522953716891501630458078680122609072428825404643854485025780283 -0.018441076767968281204189301041656480341343244627230503020581384937461111172925437735690005421075247657619965350444466016571639135886394169931496053230834870388657862712428620125783293701143899711903017
0.75291096976677970493468857075095976605731999303793092773430017646454637834788132649411627526315558477386320562202336274055783134898748054670118225459601117266962870824573378052578894700243532623854393 -0.015341340597004030611924043976229465160385706400148851309307089672449612053203990988137242692223769415028694970875727224776146471256803587882411622709131703456122806239485193215794894635569309885109424
-0.75291096976677970493468857075095976605731999303793092773430017646454637834788132649411627526315558477386320562202336274055783134898748054670118225459601117266792480230741936069142705766720145767785967 -0.015341340597004030611924043976229465160385706400148851309307089672449612053203990988137242692223769415028694970875727224776146471256803587882411622709131703463054656363401993043964754019474710690883653
1.0113287480602794226825881961807528222854031121748872721593388391874152047927749577881486104771977790416995421428492124683090457380505391544891861316060935336936669955833432142613215495635993550888223 -0.012748538582651880489761638253735365874136767103961667289299233133012128845233511178542406968088180212158857605135088826430498176629563262416548764311541427824634284845352416500480348907871115398414054
-1.0113287480602794226825881961807528222854031121748872721593388391874152047927749577881486104771977790416995421428492124683090457380505391544891861316060935336937017780878581937809754417684581389185697 -0.012748538582651880489761638253735365874136767103961667289299233133012128845233511178542406968088180212158857605135088826430498176629563262416548764311541427824517803764988877070559360079168400801391855
1.1930663194249164556371590644190503336352789314671732810696930504076769552582043932832741807752312947000112222074051240116970451177990260067166305251264000414920204168674388490698534777943094777059549 -0.010578533912826234437683101290240306826060100312410806388959762912148033485023455575584534562909196221768592338886985540966005826235910089498806906278128050695403340876596000189155239339957703836831838
-1.1930663194249164556371590644190503336352789314671732810696930504076769552582043932832741807752312947000112222074051240116970451177990260067166305251264000414920196765363231092142455425372615710112449 -0.010578533912826234437683101290240306826060100312410806388959762912148033485023455575584534562909196221768592338886985540966005826235910089498806906278128050695405493398172812230016434251496963193640051
1.3324044568627875973786998883371063515432123518271657561549591441694539349278222661961138623018308250275824407892035261064323187204129953704445650666068161862100587810496776496148714861931973975798976 -0.0087618930996284742838288399763393532619135069779577887112887748298505716636789310965619534332990419590044167480167726576405380529847966587395380633918880034679297581259360128642447520285681998783632002
-1.3324044568627875973786998883371063515432123518271657561549591441694539349278222661961138623018308250275824407892035261064323187204129953704445650666068161862100587972102289151220223499192583604539866 -0.0087618930996284742838288399763393532619135069779577887112887748298505716636789310965619534332990419590044167480167726576405380529847966587395380633918880034679297181800672026912247142132066318835745125
1.4436804861336214353109921262734800237666340520549766475669088444846650023215965553412695807102428535973011857119756409071622271446745916068681424485132978524849620059534073799215321504835438720265415 -0.0072411085075208787192434211956965395443632643445298807039853266095945220100741200340460922234946850513542241674126496641433889029147333955491704822362519894324823811526676675841952906279538938171252222
-1.4436804861336214353109921262734800237666340520549766475669088444846650023215965553412695807102428535973011857119756409071622271446745916068681424485132978524849620055977370218896350992953412701010072 -0.0072411085075208787192434211956965395443632643445298807039853266095945220100741200340460922234946850513542241674126496641433889029147333955491704822362519894324823818528543029124078201507129726238032911
1.5346604779721914933822323136104799447248185627557618275047001296248942631039650829798261534205273337495672309613169243818494012254892403556619999793063340471717303492302272334738513194786945831374053 -0.0059683961214784295400683845168020210364351816539912094394225486780169147466892032878036432961146326753533621047579613081467249921677868473819063774882589848367931505151499276340290083510498569847347095
-1.5346604779721914933822323136104799447248185627557618275047001296248942631039650829798261534205273337495672309613169243818494012254892403556619999793063340471717303492379841073918528156189864504264 -0.0059683961214784295400683845168020210364351816539912094394225486780169147466892032878036432961146326753533621047579613081467249921677868473819063774882589848367931505046581399684357691032111628611998438
8.5819458577808115849033897955669355472164814770600587943317229544677871464459604994578930632026386003542814921552682057058244787052631548008309045203323624236748631479026753942367313081560269786589602e-156 0.71406023858008477048451188343394477028726405319666029310904592197055459814001107190127999349921871984802100446641260962433918717685822028188379025763816872916227314686072414036446963910901822886561354
1.6101684569378433654789943385943649648584393649943612115827020847006469161956694659099760740809845348782039767494177146160799582237102522117155570901060217752990885768246329879270973964351342457202264 -0.004903937530119515898849883015960174700403294886073164863187946559293733567576752249625799720730800452273753053423276735820998337910472480930806844492793176487371832074578941867486228231971649842443114
-1.6101684569378433654789943385943649648584393649943612115827020847006469161956694659099760740809845348782039767494177146160799582237102522117155570901060217752990885768244683010820892062669681616780917 -0.0049039375301195158988498830159601747004032948860731648631879465592937335675767522496257997207308004522737530534232767358209983379104724809308068444927931764873718320746728725860584066879721288074141633
1.6734689166230840990704720866063667996350695827128148926496082006301716606923247922145406734723794654422540514586192849511491780446888494877789459997150111047103918638474736816298758480017447386059069 -0.0040144677252012340877727292682557047004485423139605095806892956160390281339055389473686019626655828642125131778382340390055359097873515102024390917760457945377044708111589970441410851340008921921483627
-1.6734689166230840990704720866063667996350695827128148926496082006301716606923247922145406734723794654422540514586192849511491780446888494877789459997150111047103918638474770214984050715338809392828635 -0.0040144677252012340877727292682557047004485423139605095806892956160390281339055389473686019626655828642125131778382340390055359097873515102024390917760457945377044708111605137109290235638880942262206649
-2.9018598356798390935167648203904173804780584148862661111868912121172089565966092903538251225178932623190970642077195045072730026645072233595976068638588834589169949340475742223627848304927205203911605e-154 1.0750288181059062956651650411968755513322343902624045533858567461463468889313516499869956586606732698435222784497994370145028178575983112916999704713812473970131473383384545000209784608911753091416635
-1.7269042744473605156030256010414558483108356463105329830695578211258501944435719335969591392169380330269673244164852663573676697663734740388722274361045174775848484944690842332654916219743778368099656 -0.0032721341199816471045244123548687784389132812349549903496767873378746028148360819933652311744020749182660175387454366153524545175963022422502654871589305978850049718827565202243125466125767259605277894
1.1608023844468797845207227358127228328415692335060295336320366939700834798221618881052754963190551375352505902001635915420742677965311815658998600127827657951758606070671400442786555568004421415496767e-152 1.3745128661825623024336166596060802614843045231161269796919042511108197664464795369718878804436270118058458908739735720224184928187967446041470971966015577869126500679550286186026015677938221456870191
-1.772228275545910132817381981255388559591981775231427957396949782335869548087629085758359839410740403834133509824936762662145513772930141476808545523882932723937636340839852981144752902662863826873764 -0.0026535697452907965076803646158072632979962249394745980479319026778139043608290906464379655797049815921053345782040224290087293396645862774733554653480054515153073567951698691894952758324408111195826099
-5.080679295902399545714962566010714247371754306631832958082617478136861781315621519744171265262792763581045056418002628307334003759908990152404808656628540339413192514464710736363423920142566759578436e-151 1.6495315557555488877349488279767412905687960996067981918815021104847099125452948979176223337651607074997307885821843795629492518142895882459936747905901922225383165642080535907879719819647266547490831
-1.8107969280370542375716918506549272381831590754528691983151114428040786403924438247509799596986840433166683157224657380007773271281367709067496065183455281058288103331007890053185625253953482052473055 -0.0021391366672074595597156339288124228067211650027242099848441977071708040390034460910022183674581838873698417517160967707501376150583200229711232489132725936478550663379450145272310926307172632300464275
2.3886109238918125652795567639213295069946626731620885270476169692396426226470176860814209629171640522483517294884850838809450962265270285415440110524487288266477894980771705587002030618215492017773706e-149 1.913966998703910028899342637036711674230110896190954495382947673297916306816260078900785350393303492443294201148331667669033812998666933661205636172713118013626451918653018073200550346428253706055493
-1.8436857138069803893135311107562051848773981822035973152908317277434311573684751793474172516962924542335175871321372849798500135789027520181240016520705593012194171122352734830481346969973302312689298 -0.001712305523711336170370921297072399288584911876742093079896819510807633365042297521509435912517773636881550869191888770338501283944698179763158699207296319024962202384273279984703360529841850315723285
-1.2005798309120305363404002093442058095153972907177379133404786757869219254839141247273257586261978928211269648980235195253407207566164720544046210844568328537215811076541612189692377683865547479802428e-147 2.1750523053532734102763581896078464739283153183237054728355073647525584079214830671439649485271993150853648682438397518568393441847024457800128144145472635687122509192560010124926474510479825727134344
-1.8717657456365736234153597849667798443411758558908347860223917907101688390343533996952627044000842388535379737990609166723851885308208337626887111413511571718556498422071579620831785333882789873672317 -0.0013591445930948753740632099099754080598298986123610226222044297787854410852154101409667045659724333584193749919664622949645378191542106702249399079617057501846938021665193638690867333907181292751137094
6.4526736503979061017014976045930412838192457516632190600970398333015216189926007058905964676285847399936956652794988476530125718251792071314156168959920172088990158614037443142610572980491470886404452e-146 2.4373263447277819163717340718386050361033001224529437799207871184710316186527803860906505449804381862967068258062553895990900877116731288381000510342548344663980765096136134398565134316976265139372443
-3.717244697640936383712284004491310964546034625466083767026521313359612852423354769293345567766926998960594417077092470369333250672472299164786265116187344743745400011399909212601152789589690681056633e-144 2.7040359917592118216614059894172218172914954733003148262872059442393276952615150676570635520757791488858948700303185371379694199154268770441541794370988618682393005690862819851477329720924432835348153
-1.8957558845058322655704852632410050711083951151944149444849013920102835871810961659586431196566143552779644432831892830304461646291437898134937867641144923514219241895359643411645792694460296695064288 -0.0010678976937732391639847651424555987800179293905356986741896810603072153760355681937989512951471522323837636360001992194862784046101872097079682704456420774377778094478082231575163445117916614557770373
-1.9162605924090808269183140290256705454340457005784801397104577604974480998045864256551071275684639832268844186829604881061260157678725057446853066134712234234444452079444835989632879430784753303389068 -0.00082863526342315348920265705799324544064815674927136120682329820305276379048728151183769943566891062017480081752163058377694888236446793959423976621471386425273989374434962476711447505378379883020829044
-1.9338002353147538751738522170305632223786062946931837168079749716461299698945883015887354708914529291999263541131118213830334683893683875819311866355425782623129802319924574354079492192610997402811745 -0.00063296895613713357660982796175969793789475670645587526562152512287496717665422056431047976267568285324411031483060012359728720151654227643810622305327793764168744294240408699873665504321319280762515394
-1.9488409937303858909894451914568018452495983488300205860560415907372348605706707521613765691852840661136301074891599675299836828200715967138818724402758062290065760125269482951703233085517664111047349 -0.00047383465433493732182859337583500094159115535145416657825018784499115935734524713496668419382379392042038424332507261359275125524162718221863742344331356741410254560750915139568898224843772884028457655
-1.9618405300462210428309242145283338840737514994713306965468259330177178543676354723134974845951629259295315014849810345248318226900413894981075583365072422542106380757877314764180819576146113777598123 -0.00034542220105024638064481326479978934018167132149501909005866570917094870285124731748524989601386780589136367632746397260491044627186485385005650750099747540636405670558586372984552968007494938381520571
-1.963560408469497950597363510656460553330785564376516429927598000052658305758780091667145027745229696229612627914682112641941031160298685338659255484657633960207949330774767684033452720160066420508198 -4.6744817821678230899486009780933134687511697158644304602070822464704039266938638657088420132868968537635466871451578351373583105379501748596181325121537928786629823203792200025131216690628355917446849e-17
-1.9692663424281289862985079927603343698663526853363011392178792310287085730912616229840240782513806009549038414917417322389628025788775494893508623886948472539689416575990418039106552117293584488519615 -1.7034816217651510597156488885608410263167457138361287797934894034833679874056188844710799488870397562646212486584577378105216494029555040533684173960898920216055467879176506452111679140005007725958524e-16
-1.9733864225344051722285883647982739216752426963723404705360531225854016499112426235716804585172347308357182042900206951008919388172625384069644403627823778331319577412173917217888253363627091551722337 -0.00024410731323436547697441286981320522448128618606155517677348599093562179029183097380130117347488543558167447772965630058512565239947670550937561551866774929731893254738033294628948273457775938061457075
-1.9737740350578027030338532571741789760924210072888073389840867240837029035761384084586642446434293229806567825077340356393811172040184781700561342098575826371953156256675257854466675140402206626880561 -3.5873253015342594342432461864027148826083987602452163713521854448830564353521682543968796283246018762473484261665129703609952034677185357027872613951656504545157453885212796694443675252243253920876452e-16
-1.9823287311047331517663811610901903956018374445437490600337740646339495491379948740942621210504020346592308318083727876324377029305507258782240076615852292335344762006120092772426051336017384561493847 -0.0095762139419463383075519723713896637208086366724393522941320060153767852871358823605271926040200233443756553461161263100021673124628962850261934980527848721181079501571510567686296828410859000448759047
-1.9808863700348087707060117949999963335514902302878837618592075157664456754958304576485706327482382741305262128056547561966216582571533291095806452871376966632914184347817436007523382165004390479260306 -0.0075462629419196085281204484561422481823279925294609344818864374242259372808732189424885874583295830187570669579974916571510105971627422729858596404652226571867703919210995803744099739336364948933003416
-1.983996869029672583880339052605055513723147076910510246569160615794690893180600717526282785954618973009592826595325116707063497551153156977025433133931074336124933132882256517838278353861226213316982 -0.011307612164394890633195958369364701602057918554958259873604318959175459426320213572393717048756610823867844268650234704889472130394086307362113139387754772124336788498533015020516953242731641141486149
-1.9797334982246852098579259024055863823407161488930557620894691015029116589920507608337636605891280589540909408295655090071929278791819092082391109297669277050477720811380353660499219061048997537527303 -0.005244206617846964519540940307499797782487908255289246070621572193640582074019132822429456390794396197600919207580490779445452720876032348307633825389282044852878935086388867289815248492159891427544811
-1.9858273792692679481637789037828527899674415405410521443895829202637843838655970482895197787518592810794288879325126698955703751787575070537646998643780758905140526502129878612594384124038337080679112 -0.012718752876036816080698433592090682390429540251868797330225868334020187870397349039264918808231514578985559211502306173003529622262154138102082622346422659359261395065950917601259208610269037675871351
-1.9789489408433402484048564445514668901662774595588842352733999458464095024434802828589266156024925325005689748265743062636743476501691017687027059507092186931918344063377997470748045196708179483816467 -0.0026874417488934980655537014530016439073479443674065829146845927990760197747681584440046132775711305127592973052842956986241848489566147599585122571655358827655607868932939936492887869421345475161606578
-1.9877572069549331905884547985512611820353753424894130073972320998609931770444303488880829451631815107691838219873946847846766750240011157212915049603295231464980742781695299193393696368721478136178479 -0.013799654085148217101250299833505825547631149749579611313930520201888827352276539645365978369903677548297820956032220632599464146299655052177256969645321046966622444626341462246354363083908133987848342
-1.9897259507619039538832995735180925633931156438384940075785502586922222092724912250201027600741851460817787850937916685612089233077114488873851128054238999246794159058480917737221276424943592615465821 -0.014553991060450848037444396232647199886205858414012080650678717336816939008330463191803876874474268150447169577715593535647805687536729188923455396806030892469352227060102471254850032029475847383810469
-1.9786909233191391723482504156018409832718086863087541797365900187569420027389512881707865237508422301150768710501002828062625815537000153555131813780299247630339715551400715896438542645289923106245878 8.1727748721665414296359315475278278374488840435681233392990583587793872058567173486230923907875440184916343961467206709279123892946089533422158792550957241119256339114485740049842796406474416841357471e-05
-1.991678170764274977140061560555370290553738720116164840273732732581207462965995694295937575663023135468831388494896867384676401576264841869688756625604988689084651442442290289823053835194437339965572 -0.014997874090011905425569980341440447035004848762519542435404660875478164091256329637806271794870100037510407185708382112636424430391679974435931747992799594353394318607480503957403575191364786946595285
-1.9790765897256670367474429781478277449055974488527289805664723289776524789100986879652113189630621968094254424071556774814477461582464606067928256961399976799061482005845148256568723391064769191667052 0.0028032430442195163589429631666164369378005754775695914863145492248900317492527294253439020236932721798833084849936566947429683996524851701669770744184082622664729577956795126994430064400421245730410309
-1.993565652221090337885354816864783206635201298320192822332125395541206506512714304142892317027506523458207401932404911151318514541378317431273169110512609865809178767117285934345507147161364542821549 -0.01515699552902646942082752234228666637009257094491707632604879273963514350840055313553970627508662227713254851049175883431719592832603117791865451987024121060242699582117346415860334934007580144663678
-1.995349203943699908494061265853407044652315628506480783664164525533577282792095593846790807881907795490463256334006564114906139705556935014438374466821514828198462966129266820495058746143054022827644 -0.015063732803291937038779124717335969700449329117731572879835355046723963817317147072206966669815012788507532505970581687494729421097620743697033402234141649876880307035596073319537053809088632755096883
-1.9799274416912158022926042603053493261599665126330275116534441164026147349459643451482954536628905073531575830668248631022664391746747011362275074173986156834447990384154896103399962842639431261207456 0.0052791107507641988621389413161548912791977221833190263539234318433655659776613996467513584105988109837716059535649431142152399802964765331594822050842548538676475369720411867970297199447515332084059537
-1.9969992444291397533240474854003729545703151423426987444639393922621927854081177418744873962417240066412015933533328834997225023786621669686788784766684007912162277249756930223130347554311529300889079 -0.014754574109166445433937901618390100307519583507078427114051241985947100790077598669500142067881737012881051616512096598110778714302869727307073500349307692896512343389215451361634365827985638397497116
-1.9811064437105249150530063844290079820536446496050566889230332506141584551108717103565862050191813213745451042436962623612489566342847280676628229584199787755074027727095778535484211547493872439815024 0.0074960586945005179782512959065747321185095091843332689457892056790404573685598229999814187160052814836059072611487581294357853470034448019256695251408605641975682005259785031828719883041649824898500337
-1.9773864584671423116823269348843279711867916853127859048917110130958657312110891499351890425739554021626442107816788250084104109515146916076724532498324348615826674922109095111028037595546235619827855 -5.7708450942769742712589730924007073255156898960865480712535983269399533462735768655624315727437136771932372261489707110632218108645888488913227899840479217376767781221505427474536350367990484479824856e-16
-1.9984954667951430760951556781230281055806714815362048941085649264687817408814539647074114193709226003496045811050193711486689774686780149204467777510240517690502146258547241501921362662527590642294043 -0.014267603336497680591234093250360931577355629039022813609637274984448770188624306186830358596771773180418649212872315903557056170522967802758033105525389499759343912781302503734013991694351828658319683
-1.9825424523225394245415222030284217036351896074698396245840039704483410714454828164500863767990409732148152067362067859748521714501933492406049635061971985899831094303703904876135581218417307939392939 0.0094423071935749751176754790260443181854034515484033280183503878574147765961636550465297736641260498027718665630395902685238631978761482125923648580192841933298935720443910533645516337988732101990822021
-1.9998260954333177855340424792385972541548303436558464494161039680097312680043913204881506786881051352702642765993714855855976501928633596096403807000772722167215842827782586010779129053027807618921135 -0.013640409847675830045471577268510383041021695744035157296217092834829214596628932637559576885058033995007309872825841561885089190170743522708968832535459125598090506610782542870565309358429007642611117
-1.984176155737478845665687213423619428162229838092767883466365337167285878696975387948288328715615003111139938477827627869384669675706850198938509299451141730584990188335119400648803898286655501437252 0.011099047734509888521789392724863561707169683095882484774753140446562317067451908150046523410658592292318972716845887423909680856133875008520516213796188988668157564703021109615971421820810152768306319
-2.0009867265817033971601733573907604654117129811240423154805177320228373047151638050577936451666197081207319062124376182084391077316433757164908846871639188452819033976541227872907116893375766763567406 -0.01290854826929840525553825806340659375512271034533107049243773353730700643042851959893991686912523483397915614432253478512849185524498757767724706548807277347859225669293665891393272889517985998097627
-1.9859502803161906906506278164541687841829068396351701403271475321028277232535135357157010451888952774514085022855606642376359701453507409574768625927325825441239239911267644675845645645306491762951611 0.012451990563563922282904607860310825907911960679714021883899638720567686929078174755530901569313706318478817836298715608477031042584162884382402045405962389675560375665694940683717561457710124776679352
-1.9803194827890557200178932129775946937529664633218557542244770507941369398104090036656422062311749436570806328423647559788227492244731591475121747787306981791227619909274857425494729408794212289260946 -7.9080244289260817343112843199307201675934377901218154604869606588886530626200361460719859300772147078371302474341064056764528273263586745986673719075816843595622830424907628579370861738822845057339175e-16
-2.0019790266308930267282346610572399291995550291524498950171105232571758195482289190971375340304636559831515802887245920088621937199445623165468616715336525857150842860686116837423382364338639620122598 -0.012104416368756298712038362314351945287879209549368547926166607549780257446323391615684158615390934675123794241646529031522293778548101018539901518068468557712745709871872297419373075966711014001335062
-1.9878095669298220738178092122138548551646781713301998660916192308307655995235289792807379043181308510738642132647252847155915182016301468324060962159610115976926231271979219141906301391746527938517078 0.013496268645584551879145777723547724244899106840588037592841292664432970624465131532994649117276738042253818339983380379168098997800337799650689231427795094239608016918031748801773624624738473828513263
-2.0028094067782057295679043422457311140391875478234472258265695245296107724227885207194757782010533199875557293532805710218800334802798519288225932778421279963561701841878835870383407298167609570215149 -0.011256609740409244013584069345944763094143910490402164391883421714944562312423376830516078521496782536041874759511777235396376821858096449802720623580781277644804229750785188323014045898655667286780716
-1.9897020021514105365367426556709642388129314726887775527781400377134976697738914363082740826581061952917311211233856830550865498280049878161458808183726752389419874785641238481349393779864881408987412 0.014237610851975868030770158327270593805418436906475923380742606290989841469190835458228320390014746746257104347443421731435469101788867679115871044554297664302853609876122825323541563280562951524014286
-1.9915799735975575533977034241902239788349402443816097033369432672495355421845125132788129388576002923084374766074887665802557972268337154297003291240931509875370995170843856641111032715904128387008259 0.014691204795309539162821013822860107264740701796874044177966138591544489830531650369299786389613135112458484478213472282964114490788816378447045904329394113547020736233654679258699022497742256932937877
-2.0034877634813780616632365735100947318567803372880141896093964777480404980398846572557066512710295408684415695091228530264734836729351342410105914110413097588520871308453228220121730762111300434755519 -0.010389594386848765072006087574903204746820991127975719678663959892726983980409434522123334808325916812019418408211240107398082860286811577229071719901946606576224640532698166245319522638620275167971956
-1.9827293485033550122174811485527029094162714016066666327876437669308818148790167042777087032526580831078196318457408355106855031787650466358798045294821420840120431583063598614637628754181016584762226 -9.7628240161765520142631300876193599655608247601591943406934337374538890674224768351234666707840111910457142211673243018622768415623464648904012862717740151799143853381746600474549937078488730704812535e-16
-1.9934016627236442248085077235862758589724068052203091056654405962381539932481220709739296932688665975305591865098785172988504484703152286315076441742561066492007249852344481075566117754726720711819521 0.014879456275814506077125406554714860410199646502219856595547731874125223796203332849061000690336554994862287809782457227036119402895642113797513472922724110876623270649665007688716848310313196238391532
-2.0040263591698158957683759590789637930869965686519560117108146449078598612614338323923881739100033229676023343525718016833122999155142372543854301155555529737951868278399253457320581978440332488985742 -0.0095236909498155535865902815435398687986055189888308560449009784720200682191903145846020060482192489987186114833853290997554810593069296965627288452743254999133906224633687297911049886745569087425824895
-1.9951323533952109829249092583221762829733682408561718127754232654112488547648299352368201818181264018682037977242918705467758029921300161794474938707560843613767735770666477743729923032195735498306272 0.014829978240777212754388880258564605315591136338654696687489330957216868837466470541213899756584631091656869928862125018755653053145289453824227017217622024282722301407528916285822266741477013603894793
-2.004438861668882065487438440732648331101555939219966661399013704639632101659203080731797960886971158300747018664872942988058305627185701428919801939465500827271757028911443649592345354274878585059809 -0.0086752270129827917834326219565006461303831812297738882393807207973693914237506737535565576825095638855155051973923825876674572521368397236859969475169983560805785453909004827285060507503630535154897854
-1.9967448729724076842920277419396056573072319441192695156183152426254518418278636849712383765106743443033616202535712269603239377554747316058005096916900374000517780967367592023752354879203343467175161 0.014573914027104267126499461977042633070155136927598174668744169143935641450336198331491903706945761109462371513148466634257230134076355707221988754950483757925619305437660765085638633167196274566506051
-1.984730868353142724690221970558753699820678807355743647855051114255807882935178639903684927137129972483338472454057846685138586738780368534025919000760771383669723244372053449441521201608482326973659 -1.1220267904278723536234350529684999432120752443205705150084703400973949573826567978016993743278908665636623130099587750404876114729664668720904663390715054572538314483142333068035099366052969543987451e-15
-2.0047395543971269529776489310012019499053451332975499339135209522127795907928331358892492083294427853537835102977148572596031992556267746898410419662197531261354846898097688689379378379938310224803514 -0.0078568647018914022863482645179016100549589011875883022410496347255463829140743574791538479826248861269348936559230862262830697394466491120707958060804159060434299541794246397618414164726981274117036166
-1.9982194256541852016320503702439541401743114336022769603618013281114874247680105590550105917316116384906824123860733088143273895791579458476845868001920575788855140112766397519615898337765392113698011 0.014144144121171542779111749369054440452476516984663117960381100265157693156648758434432579409327205134572375011680291111133258136755755458465030522329353047392025858736502382023336224341137785881845668
-2.0049427280295547194356479838847736760892815864520853117981198502058064604390800049539085433272553462947561731965096145998198948540266074003776999006873718926485245669075721008599291763470663393207144 -0.007077965743810384140136211639937707640724294014723417767016615338712395905500548361361084914004785682379797535607394594469382460915574994896326364841195357606215854203884494482013536454720378483870168
-1.9995432457040851707570850460759763757639326885302127834121393637705389504273248172709957021671448991563862983728713972787210613863800196598400156723512852573825389682819145858460336570911001548196963 0.013573721497590028640640135578852477201464937908526261034399476383643119726831505671491119963937940869038405804704838702095880400474156094267564235953807467919083956932984217336381852352949380567306943
-1.9864096403395295939345532447946693412097153979050251282058478490475106975648266312950634108069705023940695115943135105714346207171778183629982003800670784595517611136681909621580368285112035615794624 -1.2256416281498165000114182002928247952681499005682405271684528862628613688964761301503499699261587876646167529495833978627776266177836258229424524495185109908370845644311793537156891938521314650309187e-15
-2.0050621878411545342075262932979987494864032676950145901492963709740022906993816883799096608173364272834194147261673087494242939722750201545899859197541458645672490480167812007983253094942562662836579 -0.0063450485166287958258465331024082851821491052643452589044975599191471844369717289359834777231405605493214503502527809908561715836826132721761785319556874978952214922524478087489409658965228362638926865
-2.0007098971203211599882462974490297390635607424747950997206111690498096640570476027439638822107506969783983775692221441112023142280500304691502839455082412736153053672115899941309432523195395566413954 0.012894648041646658964353264013183362970478238822330101650936135845165771363338517260792112624993956642277811221506614955920792906817483541985485027260349066880645702425669528128876439063990717584009214
-2.0017184297739831935506121638411268873766035736991225890093693028856436978230361637854681618244029684503471132836456339727955651433288224539364887496968812247325378587036248812247724343343063830766415 0.01213684954159728474315094422438112642539220809334663604765417020196753741635084354636967081163423997856573716682126927736516387909296385429853769937363183121927037726265800976732243495259083545705939
-2.0051109748612457467251334470804801592126574632431878135308570698370977391957562013342629726602067885603776021522882224974304477830967414449040124050589390385449224506238820596806804569953314069440186 -0.0056622001922608324677243203101385091007402497411856454078215637896247991750682231619088490294772661663769064139228590021458928157435939757983755139141275860824784726705597192400936593654302771064660845
-1.9878303561251722213992853499513743762967981048001960233383906709238970038250560653859491356463378720474990124631187548019152972577424909696048760903527186237705419103646562629565243492398082607508469 -1.2902168964988128721813352518871472323659207863531381746921533423354209497618099035500082137781042666190415314155128934694036265999301953691933252883919132940580294551483555064587808907768244020887418e-15
-2.0025724530617325063899975898853188521967939673807062997101962724711501539114627022104511081600093775333229950231578589696947687626128249035185905065404476267222759102436418749012708886660680095839755 0.011327491748070270631983505685538873636467563913410162733376436245234620378580175102991517727300922258049154229091050355942377810057616064386610751622411456333702560567525469269104576723319720091451239
-2.0051010477793729881893596713846965127062281843776980866603305240529746443225991706568021665360351491201002094362709266367460783465637214473048207522883648016099988542387053869770004542084471055127437 -0.0050315038701362109383933205896536278734512475414933631088066660387603296475992869282587550407607444053868383574840043136876888877049647173621757192631563268152540530317131564359273719382009231554156086
-2.0032791716965110379992948116353880477539736215807381196366232321697510769467622869186828505142855567085647989376093617382815534067460185924020696729372796668602813993049664227597615212750580741648963 0.010490503885217916045025393371601747644647411666620147409031524980762869314311876269507077611255116536036647760934383798628904762997734466448228307849697556363461862150187750557369842807308535205317617
-2.0050433242914365569973559871421316202188881975038528626890623562433351981415526150319601024902406077823956292667146541675513661598065628507825234109309551161652579525240938467895215170032809983194775 -0.0044534948566269234021150684830457839598027264130556701663236867964085017753678004283077953443559152019530743802222255626388947807843095965827545515640290916428230560342753750956655736046945019899408902
-1.9890425338615938394516447613177097217249500061105941437206869496570295347171783971551995460248581277056739157937206596847279312647447324648717225196924347615974157301971055001235592064484929755737221 -1.3214681818926080494217318227471505011134751496899023386990382854723576852949471401286156038771841440471870749908091346971863700814928652586326042225412540859492350170087171491269771550497982314650829e-15
-2.0038484727401075359687638376534840718850477644695361185165674030851164735125552153527262536853741372590957036799072408106233280783191433434827239021852932340720537513560868617376643884124027988418959 0.0096463730655598120755769700648447341621925655694492912336389441628603482995329161072836384539794917137493272495578726415363555254599420361093209446295164708958920332284247306643664367957185813659128686
-2.0049473818176053511068223184178046019673088768610126272821623447728114351234254008589658208244661715855894901469394228923703403575530992455965476403666097305604279540773039327558829991506524325277849 -0.0039272709740570403545416493267284504074200934346063848421478409243553640496326738489099975637400955301799580419017948909913433369464376373389392653734987411214604614291701686859552212666498711714703712
-2.0042920679139376865157966986739348410705594296599631983673054781259938314617928778502480197224374847429176330862724235107225344574737644525489937611536790780535195088019808450724208123823329687994124 0.0088120872163779541349930205395838122354579182177269934622367502389444818711318324266397595948886997239684033012962688559354570241592061917815226204002306283006848437663740809764226918545898660952794031
-2.0048217194664417848629106048302931821392361539677688844465851445206266610817702389745011266706721102744719648890297653232396367062750864402255575784886522518324305231863699035106097338378578724821756 -0.0034514583344058352322959325250144605341626356832790542175109516709503756557667201396870004300961502939571785111858761793642870611997578169282145872214227193391141445802307385101177094539556605209623812
-1.9900845299399287108243741615743015298225910685255639644628027201730700062348237059566924018086466097298026989026536780384469311037906145564899084406719029002225656694801647288608111316477219471699095 -1.3258793413792601360389721881447208683693531162149719011522141026960799697113115775646754214678812627297677032087808407753569234285598938095944062741193377637863458467171837933067107265546224796875923e-15
-2.0046227467734055170913176085247539778237220737198568855011496188291546018569367392875555714696693066489898565772943032153675588186900897278173308236153854078471442171331210463325360052308737987165444 0.0080012784937380532228801227231494733325347232493702424312021854109667610804455221884029570121589756962357612481353198865788647949437234975557056295547094697751738046257721169075775304870098005213487114
-2.0046738500571127812259213021542739893096233146509733805907557637340674376444866243991961867053459198729035480619851649813838680036862862403957322034883109898270278908270226703239686954742231456915251 -0.0030229677919107736589024798637300049993729465669224785942786851372088709840754933466375197839565354282194171683678128011529523589786593628543159594251829133139177636184221879421725071760995183838402962
-2.0048537436136824669153070904555699744872250362247457348973497580383914289899379936354309527681903171477956321596809982021255033200703073397351769892161020400479578490545910597877503777226076211807788 0.0072244207865917844857062359157161024883565567024478961067882883591744938528227930142944838503654030353302701570504410326449602954629183448739475026495879530754584346045778732151616298117141501502176112
-1.9909863850772366143219828263597115968261839254942354126443027196436670696395994213878519574146019404701806338809869744804790010670891716585779311948481534506759269176443808891348136165694724928914314 -1.3096609251906058040735937422643261060933504037168283928644335249859813494917876669252221682639601595267760416680864226525397145592083347701636300999964870312012498086941422818177415254226880911637331e-15
-2.0049982023315694450857235740345914796438134225303481459812922724013670936288671294630983216415938997901948221095092542824043441901709491476237727871285631372893856590410174924472129836831666289022695 0.0064891781118018295487471815015151421269956040659729357795631452547766499085570482641521788170298843783726619728199682717137861607978004998552220085129013252015588982974778355069854149285435276063593144
-2.0045089717175082739405928526538774992486233298844447787251305774177863972117969424300899369184129089575144082121049179814016806578177148070298182825660542395169735201462933831886011078099385045464368 -0.0026402708503079757392999315696020460542058562619151455442874878820879130324711355506556097603898024031039925512537671093637701082646971020200941640278343754666389595264662228602331849099951628161289283
-2.0050688242017539463073374527957380614721919812345310057145654641427092109895431260093984848050662576098998998024617174298303096400460439877716531067953535007107089812928439131566430194071146366889115 0.0058007080092677113084309470105295067482422109925266916590003214746459436814381757519361413499744160579941452656809524594540496475331443199477231868194410153556972579135105189183536260824687946567769097
-2.0043356572771154859048798897822209895919722514590043579393739670340243843670057400928504869041487896440395947986203533701642507938263409707615936552648357717036013350395244472406825102768765872352976 -0.0022982710670596698428862835391358752112706796246602813364203206295396495068076688182909273104979989789449991860425383123062342411729998459306061027586323579451741673447591416000430918058084211279252806
-1.9917718701837269310622257477389130274227906247238607556007214933392627804140643331199946404135973317039315888783876921556588320399557056555186053704757067082981874950329727198411594378156256683810092 -1.2782594410265328307754956343334627183835163634933582100350708242964718745062843531213243330467730450692709987682713295826318359640847833901993806524618536171464847226047931269360088883696939841861542e-15
-2.0050774755189657906751510156242877725249596418603899416398088593028753902628244803329791885487265149620851114257931002823645610600791346598124663568722115802482890853995848025906169593551946404469758 0.0051620731555014074801712368993184885255027496932455350578912196155326133246958921331773286781823906752627507786688097660829986758868241784458350780509159152912589892392795107591444890408961225775860787
-2.0041491550873965093218357064334437231997175355985192209565769335251018141209460255435959205728423596448665747095881543454272310723858533667930180326694188237788658863090279448215136402180048370387688 -0.0019954251341807331127244399425369606370466237489639522049664953350832453183857240022501342037087946981169212356341342865659491796471386357971396955741161077299133484831568622329318736120395659216491438
-1.9924599755629038351827858667046148252223591993426154616695728241282586494619184750149285495706126638530350602935343431876511218601522284219674043592792810491393340405197390485696803912617350944665443 -1.236196613210755944089466459068621866091961263517490961325678978207001587037944650913798449013652471697230454434122377313354480837529132810034724094637692943234797034036405462573429996826059920844069e-15
-2.0050351848503939056435252047493638528012932987438362821953924802489076692730112087096304549221900370265725696082996022161687000832301994732633310399208794097650425306651405631141327090463027562610289 0.004574609537486975043509926018830358110705838772982844014036899525421015946960410071233969273004593969902066073358029377073785920340456171618794983134726946809066990736947737784183006326461349482109567
-2.0039748902301150166050089962289734688808894548690233931601014099748687765641402916991525352062963011400471220497965257137276457522254994636737977575270543661895020813954403492516419331224604191714474 -0.0017316005906968675917869063997410169082075362901710831820405519767669637347665246453587257099955624992473975828552678317481221026163872887084625662217066734382665055563162185542005057797031401448840706
-2.0049517040032659676655568745353409057888219797740318418404274342922553227042197428256096632838972759460309148480367538094673930240397103924510990939132135801124056805754182796097109440891921081483328 0.0040381179989257908138587337345391416659723370333177523464474481839212704225917637147299972938830405052184743321723963074386728219704696579885853483643483618641114791888338565191809592616261259329268224
-1.9930660078743377756072036226090637291093439708409412301267468709559359918610462269578835136707966527491799828201875625493191337483344861603056624531790231248096612994758562015996669164723647125136151 -1.1870860519220599294682104494399280087082335275926294947525437685645280539150656806618764597784651129493260969028590238198207365126564926398677074924003760940595884543241914412627306727631420315487902e-15
-2.0037668135653913793500680906056018305753364915053621782198413237749017933440699810897216962721992721782168552735741273979755664308179725302234568253262422850938895521360349556032362773497780057077715 -0.0014790010019791008426739791724369899104583146554107800226411683619601362696106112209004767369169076556323435443834857739824921346260394881802540809311264703601849480929717008604451023122902376372440927
-2.0048359229238135960890965709170059774820782513888994979640108678312254725579970889620299734222273240323640644504191103496759409994463454139117859776876551409290694603898328220487968694003048789021265 0.0035517273811792137661641185745177329254666005642050153604694732289377639271969228212650154991868243291368801179382832711417375385275902295898883673477547652006388108347057828687638334339416756300420174
-2.0036251745251308547960898567646705318222818449398697279167162624666070266378849758555271116808717098126002193927671070083380414902319844464813105347353407183356053074984341063974784110395019948712188 -0.0013207799908128808572187304657641808313533771366852436578751674191439964085677372822297579076043629661920982203776535868125282482247006350184646504535316259585264272622199326842790195752120545137258804
-2.0046954678534852750570452204968962517159916726318404287795742840027922919105806727890394514364681595269372218240271616084117880736134652011773662519031646792638662651767001519472590661441300974309138 0.003112729391023050523474731242150786691979622689970095614211386340126489709145658510217013325321585127334175716776223941372302844150999319163596354624421013128920480199598346622922496454041568258926999
-1.993602407298887348888450649136429741016794135905943388987800364692428556065362763552119868371648240006174832692602430190869636492015185963213028957833915202603477959924418540074141676081033060014866 -1.1337326508022093090582456568295738097212281502325391908365478767198558389741898032453106250121674976149549947457317103428756409686463772848047781563858376406369732670969743267628216818472950912762953e-15
-2.0034464349201786237705007182402340581300640856701931376212301426645034058849315949953544060530838772680009137439317550387868118087584727078398298463888689100117046526312537065479514611752631301265861 -0.0010081596877488659186677901622345946535545575142389707385904423394234127498598050458531012113103535322959573434361638075869371411351269523279414239561356129078094468399403834680786452304394631253790986
-2.0045362813399085712669073715519186689539282811068520828532681499136635534092609121361401771138205992892925877212552542547474926348329613215275382189926645089973723258929271104794948773069818204095311 0.0027200642402923372223269260389401534629872504220173158600183197032063425075464779283045851252202125413763637705024512997782325564183299130808054369044955197521920245331443653339513908019640233512188499
-2.0032414738267051828036438786051327198826003727888729493559220203246174999565747898600703849663149803558043537540212610151036434475314036878653882898151921211220467835281406251077539280530253034550545 -0.0011080101845114723542531824015007664654605251825143449710159851582251919226200542721936385019479362350114673261251336732908673845325321003633736875254104345263444792520651811262961113041467690132211614
-1.9940793627579515351412461113700084501648113310770628477327073173262984794059052094464740883829418722710320113840263227156688926226424043961616241358679188219176300359537304258603063054821176992672771 -1.0782606395289145734842025418156221898862787721379066999612379559538963404445523082112682593083233945578399779109009877699613638499882004207119243423473187704566609460998026244944653619365369604479447e-15
-2.0043665372409281859507376390459575856556190368760092920914327437702132652731599847881744344750268220522852538554724679569314093461655546275702799722482064491713094230685841863622402298668535360463149 0.0023681749934477834116806066919425250343741767743382817706605340225060734871437403084368897267831534439002714280840453926863159504252874970501579104887790260860873081730952292729329016289163454376468215
-2.0031915272438283029974402955319431037641016277747352442949367982690334066357930643445250664470291090840973266870983195852644696171653581044449265619981467798130577315718809164830052964395967102641355 -0.00067563777045108691903257163691561500055094744448904255867645304982543938633591862591879048841536825101345163411651454683603468430271128109058928864165311387532613631111411201649814964821646763657163423
-2.0041828615934138807224762869734966338005679038025595792319240881814623434857516376906488519247372088039957424329237551591963045189873652027181197737228845371413813653925182808377821760823751579995506 0.0020574840383367323830796735267170592644284016328412329208993519197058646504047328350350509739968586189247259632736794760886287287977976267737273488633769092512318819463279610110246182887734884720154314
-1.9945052797416541938572562906110620296842954596396674963307213153919142401979453479237107389210305482736369379696776727876304560093161900096866583037917630538745906089915076197551329229621525050307421 -1.0222419552874957884392277889694686090613208573842947636703618533398472198102818990361634216458575515665330537420523450759039356242286125480346289752642674022391954276109844137788937410169037865800806e-15
-2.0028516794147227256409522075230178319991485779445597480636914900737542610858787362126262070825315122060561384782054396815624543517302886479938230587324228248393191707526220940231466505784148781894833 -0.00092269717393858390785140965497214867734648821094503435786902295647733810520145696975265984393283523862232369671724377745571638924910784898937604325134321167255079274433048890801271504738188474767349798
-2.0040097913597069793536086731655075743741306908408802530849300721580932236380903817409638642974527167699912345043310229940961582288449339668814263606100035854142275618247377316118756379775874834365187 0.0017834072220370381154996693176955006517602548977507237727109777985062188038223418981640210072783889899108428596617730702750050870670261636961711238382445845654744903208062401559938395043934090469208504
-2.0029267649206579100721058607010293305190577564577688837418079966781308114536913141276108368645273207395379317990123276836121971375026325791809350168789569994198246242187640713996863013276700974950458 -0.00041225424018018714893811834379901365768239660885108543023005724681910754704813959402059430859665201244004876160500192547929994425741456434168383875441559461565177785312112484533907473505070531399118931
-1.9948871394188821303950730472066361160952377860887355362646397386873635890290524928298021996214244068432941160579772724401920855227934612371018025376054394370919230783974310236166493833406076971103719 -9.6681179743905384274590790476703796603384955539466751782673920013221788861645781136131385495349117914146633484555920398784965511877263055627824181537388122716920770009147182110763647948484973233509236e-16
-2.0038011937703364737122539491437896968495771940097789308204657506614145361989522202951138399583101603721488774906811266183830898009402105727234101393275915589019380043484168098760462677453421578912531 0.0015289111255408526133798034782560918833589549463897338859789234849582040541604102512739823924089702998466047950864542167321293313840904231035303928979060311876117816266733034569748564169470876112142777
-2.0036626888387039709806733806213414450570043286711239950028742682057376520101242616732179157539881194519411777886879096620687643096475214989418366340578459573276345554550475129073635313461200922160079 0.0013544696346188373795919182388483535892499685436869446528650514405652054477063840070202960566662516857169987201956469603704158598096326949274586769631271866501749545143597963310815314023320131182852188
-2.0025234151512610826864084840619432476879613537144818610380391509250084645315887635517110456591676681533097172382890913141772109329527452038745759094217060396260635341828596035712555145214309840676746 -0.00077615645898644255045759816151016909491009253778812272262962512336866611919801171411065370619473540264304629769480640386591233259448733577827635116351883986744105589440380211001847548858931299856067151
-1.9952307767473237602983090338200873680717824651643235868341336968752182533547258580210975818168501477208417908754604661773420669636363586704211114642307190598281323332752390400280819592588475894278732 -9.1276665970077915134625401016645633433818189828545451593006893552512741184703993551056881011368155858186754370111909570505453920786569449102903169547823906501949204390576081283215067562734931186288272e-16
-2.0026558871427429383312782250956486230320077941668877167593961572760187987535270971791061122081617346344497986496465004509830301683493638879145382766713310635767971431995407719830324905159782694219053 -0.00020990512248080493312376032554725412362219552350810911460432357617606387149556234783454939427832034589283940451787806791691156417637853046833925190806738914056336270560909149491386141776431468411228208
-2.0034713481640440150337134370192614010727484619974778370018073561398057003726154071527245442189986168391136557641280776077200535556866978130429544325865373154493801054408723801420744281855890328387141 0.0010383106892385317714863494637852468011692171870934374221366898714323084808770792547447352725923979866324936736984691692417841570273004949273338229136195014850276860272431069049781958380648322523543288
-2.0032848400394799735791217978702949375502644464804793785961202869586812672568543803056998621791345635019924301459314370857873700953941453882748826623701702997160752264619710011783113568118669315553257 0.0011381207249632994852354717987916590149485750413368003510280106935241930058602860974259303968955923719439299870437519776853050869230420841716718615521568081133072466695379079016919026295310072086505329
-1.9955410976596635295050664942881988216818049102056055769816918379932976601446233954872672358840923487535451429769903533636803227907434599395684139974467454153352213520262755332560532092390440606324325 -8.6064448222340552010552228263161240492889313843605147490942356683781349329911514916108410814767137571446942073586342122427485924408781403844577644582518696383135124091864263138074163292887598561901036e-16
-2.0022441945470899980530053126376310333482288815083924912651604628257293002676158223998825686355353192596453860552939440406757183869057546476219377721659715544218077555299659152436373735134782680796368 -0.00065976658024166271991746317929681481072371154190598229373595990074584624378841116408254923895156467635236321790621779996028110243920840731393190831150690723519375800972603917417048673220350354302833745
-2.0023867631499794768245219012894208945193088811209846554243026357772727084513151863246528847608029007439600408809093839395369526955424512280934750950296835390722418295308211563208656729298623395389089 -6.8230549833066521024338995624184375277193546172825383887101942741144562035506699203162774021141985870779904553421003246463356493579535179694960599789568222749374329284234487731136732646386309809506236e-05
-2.0032186203509839889222046017806104074164561504929360918821162605955884531478430438811671361754864023265552679270351391546140083219657437517136519103446217068306508849951936096237853480802316665080006 0.00069836473241913717118683973415234092681476684088670798980188858152020791109462957507692532476359430613383648651486134313431475279731307942042479548222131358946030117149694174800570766290972054817424534
-1.995822250012981698920335510775957821734446337297800380052861140328182763614832654358363410957105094721393885620304640230475806552642628092962614085479916649813783504725587089005817187864946284490587 -8.1078857550912036023791282948197265436067882469165921735752685363373496778899873471628140197271787193105836079001551007570389981212629375136298809834985546791102539039173387062864080696793509236044488e-16
-2.002884943234392896350646915211029602436902532527103530700172265815753472294618840598076342823837424242938096267948042877149478874664654299829735283366376125689727127258747178377849417439827654242327 0.00094520554777987223013509972291033752864585310133879959945874963309619867019102037364169491403340048501500041011388754735025052763897210772454952833569277473345203813604786724663114947691023268100354849
-2.0020047885329424981848265317699450139524147898730275226912969273478731710940652471380877829977797395839653999332257924179333376267697073512499642188456731365248837331483551127412281387074019565088913 -0.00056596350740561034093426248870545537316936393648824047925367241140363164685301719456559595046462566080492050264584098144969882145650204020565572022513020806327564772949371784898294588989106478614588721
-2.0021163478760112806365981704742220568171716878700328586360762383962071082128164980330166349178972124436580555997429847402426005204169367419019297464006765093890450140232857076179474604797731527538678 8.4605623322460923582187833972587774057130807157814408144139462609847453704667014489873651575563230360564812991046923229097374810166472555250120220619828545868548218858043243611104541949201841384333258e-07
-2.002954318149767225191134732061086997840018339650490132141669152611290343157789577570781642171486964306328736650579358720955884837289211962071189136096716789314425998211177237935739702562614844031158 0.0004299041174975490581383391744717349052737576272526359828986590687183682376147184393418624773166471378332697125455394679959981295849014673645366787823636330401570929327325606333369033633042034802294179
-1.9960777591484079669986077294498265707642054037879125875379066374790122693533021861059571743537172016741379723592080439142471202802741170364407139621449758810600478878338086980156300381687119008987632 -7.6339770461134784278173550809736394634803017435427131048518183942662879727953319648014006786140581837493319104167774224903676592214042351249265435954263464752604425048412508824703118616921382905531628e-16
-2.0025494859162424219586014423914248645356777466631871094184625480904694407804684349869483332599924687513212904796190123003926937730167078237825962575763235526602644662007804821982905261971688477513141 0.00079301112531604411512007314354063932651552092509721241101407486042086806608551462650058572295383822355101864860278912185705621566300531332681530834069484135324566958467574982861781346506119739068251698
-2.001798041388359447974888631527992042345850019737001931289399811144435670441835943100920645874132245609010059326462734304460482400989295877939283696764585848134946444804772058206896993538260582164333 -0.00048937848364217838169272511534121272994583598659463698236900666325367256899733308257651135509915267301672618725211578406919850515780661064554725612334965466227544354617522649077189115795653346551484535
-1.9963106361446460056962599614576724702115871540135999235888320652693921842521614536184015326418939577547488469702997495078931633780754885427963499239280818043458933428931497354480113799963408235175802 -7.1856480843854671330272839541692938232465913366721892974115701717076901582421360426290809718939520087771449108230167836779227998621194858439990042202730545388459889984081994913926606362711164346013941e-16
-2.0026832616663423883817385115890917969350409983561152258317099924587215471409616074923569266532987117528402602270209690601938111024584302335452985342701702507251035038206962542437570800506466437066509 0.00022270513816037491928161472195808256869572215098227920855534820583152973503464689423857186217712329963697878853661974014787591783940772484640012780457516943796071023005920079299534345151391822047366733
-2.0018114295346824397116698310236441559453253190792416389266625273363412793665297778134727223751335135147080116846150260957039722502402515224097049177228829335431241290747353069504769949649857145122012 1.3268341184140576334012688744775598221541319127924388652094120835494882535038995299074345208141984142889642794548291964008197647645295174459071983226616433836959207301954514954251164255759710813248327e-05
-2.0022646261449171724780103130844936157629309352926956987605405705335927674742566263412096604349129675914334465827539181267971807267906802802669319886642290120360192870464586723674522194021927604595613 0.00067261275523695933658295997166714915848898169088790717899790648355601675451906292898023529428079522850672152839887762985014121143030022219111998989710251464183111394924515408825588213023705500353210351
-1.9965234648414145807455495628067783732722538853854217648233524819112049120665787616998142122712257721052426235677807891508555381633577884545795367478624958309393546709630278585295005922663427821524364 -6.7630661526381128255944995087810346274377553935934542523171056410200124520088078654478786286479106934487788621934186466134601590819506625427670907817788217670151750324862002052055468426394224393872583e-16
-2.0016183459644178842524461352825687433899153375817423260055112570755903361277470116011034750647379094684895671346384431992837371076726267316728215852301400001718031168745763768118745229343450879829468 -0.00042615498214011636212405389229721165357522680513994493992733383448000678168692529849624807261281049041577805814524317646121101117008208315420912405421547226279360993430790785211823977677006452646221706
-2.0024132241050519966789582296234530864211431785108151384685724564503029799985651111244221832363472293256235928245990216237748870772609255009231494560153389272175802739898888080602386601955356037669968 7.602793272129198805353849362941059020853592582954907421189234902168554254214579905463818624245143765457027331325102024167509481479375554261071365259815835256290200267269143725969268947455343299145077e-05
-1.9967184722371924393410805335703195520128822696745814715434502581823983257615549603403865918226168355650016685628922799587263498902463941301988548053710502676225412482856136466691611001485898115560139 -6.3658608999282183788999215574535961664310585525398394446550970319412224865465925777821320835235508526923556000818469897688112631136933006875540809475859526056208750769943062933986655179575514702775744e-16
-2.0020207483563861407232943388866828134523804562929444495945918290285203913471687864613703803598914762959796493255767280745844898831735535877350218895391579307786806014112760512477084843587287781838181 0.00057590456890770611417627747223350234053255196079406111910567756797649032935466492668197995861987013765250417754693857926819543908128553493431432351699311396289513014431510513205491591743312721404793816
-2.0014612334550216795158442938209406297218429405224005023014074904073934437582118915959095460197474317319971369477349792200427454925788134435312473414607645782758754361922454457473043700819865527614537 -0.00037339366218271758703748008565708523219369878472620005150035637811999315225659720429648823332181481575603960089778359481994014815164415994723103555520764442535528398302721068634119859421386243858074127
-2.0021432859858896703086934969360010621362360616527323254862722587168388222147013953278126219751993242708709191185098977991907330630990002247288486114559725133062923517038838357794149767966348410458186 1.190199583196014780513630542909423431249029537992675178414430784783963433442589806424394844736470293936240147947956937177547727821708824463070025723500117535680436697188544092009953945380515117836152e-06
-1.9968975857775428119526506960109213093750447096713276917532011711406482595471667402845208100016901435888252470791949896214754731050532371140606100070507868372592166663751679558891811712381084654304939 -5.9932930690858265827922417434782877382622783853219258265067609264411649498355730664863609913552062372050439288640851487663121698791363774394999923372397820631186569763291361275478390444661108816791621e-16
-2.0014795689200791496290557151786176956176782538326379664869433271787238348393448135178459129271246753978240333306788860858650449731191864777340704384669453572902181843111869506343380415276221068098808 1.1719016816510968830101330965333826875058696941133502640869509915650471312912133883656590626139115296324326656107733020096248728200118458723318502979498237075362877751331698156088536159201531692251759e-05
-2.0018104186521363579240102562214226770235567394865097829031721125738672990684503136193609333006302290309244588821597101703254471352379976797741351247836747829521258552586432827032726652064632311797578 0.00049717258429721074750582859819908625117178825166988440934597424918277020094829592437883553566823861224436398465927699417129219226716091894016085694086002859397136557143841368004430438570732010918130354
-2.0013231367431128922781756908389721567160598600106961598832191856292870788157286927051647376567642716521736606130342192670492974357351427113265021764867184123289565556639860492230577740510902948303341 -0.00032907909273139395246995007350139652839297321568523000070322425963503005076642067441618208500388986221002082822729342001904734440719018253993059050292636950454503100964592184359496358440704941068588061
-1.9970624802391550465548726721100513715601937757599063136230538848717734205511227049721716775576590087742105912673002715624147557855018172211939347762262389409732489875446791220857814926880391973946069 -5.6443802759114226666704959080207315041928585196388834795481915852715317752698048286730353094043113558654056745475110944577717257285112158224840679333496214262657820325402261030724418160316999326068484e-16
-2.0018401250235933558473345417214891419151340497599775003479988018373686833284468312237067358023984155247140425486927553391754888002994429169513699384000442377352194463117777370919574432146063353717755 -1.3558999549289919837684187789164693823237099567552440383553626316102314017955518024589497062744837014812435244947830165453620680301855888387853446214341991579679490911885088203992711701074097172196316e-05
-2.00162783007174173325376083957883997750214541261784563318875044639917486251332236480021802193643883874645705775473422640754581210810663052407910883421875215106631348709824571368011705109525624987655 0.00043233070282601263391668764203239899831040602864367017273603779837398476758144251898448718346881631082905086788100025865496205382074583673683638807962419387200142494265929232862359133128029709668967314
-2.0012012836011454750642665602438530627233142197373787437045894506348876147720218047635272710715771971228385096520951623573597093658782751143539785988564223292447125672822683555019821010893042694932799 -0.00029139660645014945264837286040429059736801478177737292473323732232276834287687403569679558329344296011747022217202487596917164080942401608795310201687441488497246160873876161607558280893185688792772436
-1.9972146163053364092863828743733072077702291606690372567235442374239580573467303906038375880503797050124332131943567739245280149200988074924003703152866320911026907030863870279096380085224492997060905 -5.3179899414696180617284675502240493280866129891103771518035696233981004567464074064604804153413421220834175635254518255812145898103521554829183806400969122397571871741348384505658550332254225995440206e-16
-2.001468347477767067695255530980746176388559352643290752978550871854015547216385446622345486357759582696831524119719249752017629961685327344220972338165630330599995812593631005199566211063860675872979 0.00037834081867430020678726393044002366319241673957508649439836588536031698196196594468253913253385094305562914826237802235201145357639961336207956655904197872911087618191132717162852926247422439186326057
-1.9973552724674245683590617542323366525103265070845213990590440395889943603396003484917861548810967753755627576888632707085003295263905947810134783889893204725906137122338052625398332693820937079935934 -5.0129072553990257233863366487565312164181366579543335164136984379939746030768547876448037197454081228271980565037305120362965758878797057705584821130865842718698662849265662928014724784736371993367336e-16
-2.0010929756262079802766064890236078301536339621442768257652116762786932422006537108216878389469629851931802768923296277636272020136217268873888678407404819829479507667084890292942227780376824296265433 -0.00025917435945219392800828494782444956178083996776471748264769226711006004282963825899779506863449689928520420993318655289178024618818050025749609739989963431361962248222121971885130064273297985913265689
-2.0011407515049241385944389998200923516971110632001637941134310643954789681029216269718261392393220253898274914883304426979209922220559075164866228838763337950994047374917733811912766820815375862557636 8.2414346457672890372557333398746019771779796562918383596917418215622387459965414629385244035156474488275277009137382442566320102164733188901329155908594105035977821756031775979810970707786495530521994e-06
-2.0015077180777214974412935293345814386299253683544888976410538555510109181591946830730296713782409265741146243177908258707542883015019002825948052643459641541698486590194478868270928443071205173939872 -1.2281770595614410122678392820128284518008122772762302587915332782064141544861498905951994429536698123531677259365667350117221328043930514526703070982851511904744328739929310526203658930038432988961811e-05
-1.9974855715349710921098643189177385939791819637130888634645600090802746249532627097424401530930685587140291551508988857210751080273603135908082698435942803218541918810266180842711982041923158085678816 -4.727884260489181498496922414865062234443511612955004177562853970912275923560817730574790205926194645108701859949210268559877108652957684803573968205054040362238267021393307028983589126200362297023247e-16
-2.0013283341780086059173138084334297825367440755699120097794692549486718463788605821977150695260982949950333351621535382099349786847656468778579731050921261490332472824246177930680948873024413224426557 0.0003330712635378740285009527562257114406106626915449745182749938041658952682027853607921430173328919637535013777604216360239632209060959837174356714172251658202191556603705536623903002783005249389850273
-2.0009966150831047024092467453165067563069179540837799983916914820463192119072703545759067990549311025315716124281369864051006747545938114807097196762362961344806540057875358659613863704707011488221925 -0.000231777870917156155928481630854164707717502760683751376738430524616969931038062572332101806604812055962513212315743273566085824419236769544481026226262627155800234270383309445047369277828709974050515
-1.9976065027676839793421128093974755576036890166647182855943485387440056834400161921652353714118992207653290232003197140368746816969864385664911410493332344532234499027838777577561093531115985538087357 -4.4616747359827497446369119696276231519168886953527799240252472779330054882502699530963372853098169645508083980599890658701618609548448891553989590273431293670009462527189697674193523704034087139442078e-16
-2.0012048468941933784198888953233387664527289785727966184468264796698834167634144953474555973407778424311292006717839275087076306642301576150748441266974359625787188304286019466507879445462675882117983 0.00029460931813776276990999470315297238596735503036559329005007791650002313434321547597882740446432229159875943534623135635408224565009057934015290320197158295505919275823184698069136126537623321692574556
-2.0009108501351653770229675545996336100499798845543387114103406913547311951185627366730515379221811149985782405739811821712680584838839694075656991307865311052845644953484210005686718113886755091285142 -0.00020790520515763437818528195490283296766499307449609224553717750369935355416966549222082883359678266682907662046505428735141677106486488693822534269073639220738449423074550813799070032006669112505955002
-1.997718940433657984671163890248638642069712894046991920073288991070046035882478650804554567836900242920577315385107046947514861834805315714317340072544426170642723098521040469487705027905063736481552 -4.2130584538313199366981948505596806315977060621500463716299081487680412250633211769645415134191019202822570230225312190732279577744251671443008854272703206801076817147537426188053279099799422323174801e-16
-2.0010951837115570224653685158193564060201200743987706983718364335731246638355153070526514701351137621658981072534504167534093482066892479780729594750261555074860252608177236405670514687513667362737507 0.00026186367721416939023765858321277818787170818314391805895442468097660393288346359715468891943442829339019764033436791049970371035443653375075988619515883892717102262654773164092413391350990272694736448
-2.0011666460011548389078476539828377666408329052481744745517801493593999075654230997507047202362089371663437859610480163441362403406322394718231587461122703227041736076261292314649611500934796502404658 -8.7499681021894374398345252566746563789429475668539110274867609936971144377092970213512436634541411311321794257008455206037659636435700596738611278066212115971668482036164798739473457675349385731921071e-06
-2.000833719490328222407784015721573866218947877601256379464578179536746628776582624181528993334689598286401540413471452683499512156864411765372155039406207933913712454149232568067648340371503775435576 -0.00018671225626345389216310807718338335590653309027777511734842919368488850939557923242845197508469651704642932707855359873327821469577776801471591674451412978670890561213016016494638114972014611175900628
-1.9978236594363950398300350765712439586309980802580336126731162354044759209772820220669759313721761276311206138654117766794498453685010078430628914631664677878056347103832745909543801569374603349602608 -3.9808575279646824095890205602154120652379661729140227961231834024541521718040672066013774507020615984801467940359029444956034643793962070509265171152661745299168164898459634263043595044691830796071222e-16
-2.0009978098515125868875923294780874214699593708507792584438793751836827220651834388961885228665764463756333893516144528823020595594260388998385188142287160168072455083154956091262138492578455446789062 0.0002339927329151428791932358620513033476564836545795010755393748259236653868591624467888872784460383748795716631706891478037426596323901014331588875282270499718219025650582919540129334746774980917998168
-2.0007637763388887999693032320781823741243149898662705698915198835991823546052330023346391036187451507557949265950109576491350323896760282681146068025991014649194777022123590593786465359005749254109324 -0.00016837702425291809477185921075558290645286841782735587066747838577800705461346625089544300148586489993693994381993154060131380863861393249550538287962131439762678686538637214304180575276680300287767256
-1.9979213485264338642138941253315237263402810287012776363258462123579245194497560425851636966724200265294813540084019165029474920167655274533904377220932641596904650843719273425432780778547921548435249 -3.7639469193901585203590558161068216723939882528487537794353096528348488122521048080138353650483157728279108019578363859323636674209264416375573392993254285909946099353707804882212394535854812059825192e-16
-2.0007973289539410464458324341772530520630962434905484176307459668769472934526725714659048478533353778961414215735866896860366012432525992940182282673516878349306147111666735454400929557541815199711379 4.733888584503866096232005121662788355999517262593459752529408865138027735194480897949192059145926745907765087272215573992474586625431253434463650431380104763111570222618043158508148439103234387354967e-06
-2.00091109700447905647431004655317710673155043486639908564873008427245943882976315220460039456673864184672511900006419369126545157035771138149453369421929643464244271980499076478212886640923999623745 0.00020960227655652905838504687601618208147601684721609809983222608742719345490794805252608568727131164931935547898089888244864920991159326528204295999003536198086902748424249166716986327803630119462330566
-2.0007007454690943545748695650710829285309429423285844698366671624345932565473519416823333888536343194055437967085657395943126268466603243535013891691732763628192153373403638364174670560865984219560164 -0.00015294390064436231100209965999085138844396441241591468379074524865664136387058218323002634578840778385527128140553779064535817005568722901855328758664951802748680160361334800622683944001925090256826936
-1.9980126215137962874821073600485153276207687729794146816258988998233751655528924083827428410850437343381212082252310689925157453929072227826792985140074259918612598617919593132706068509447320915469663 -3.5612606565347980103254460239034270108873913331679168035831775442543240360748249725943891577316078486272357606806098918184380650530289153168467196523505210043622754483025347631745605607150111720348898e-16
-2.0008329903971101682128295667761907386489582621252139735021266782371792994844146290444617117876949757000657578260763994552865802764352762323265773764229839219993449417758621997585724810580807577423929 0.00018809524080836300811172064490105383037205681655091158826276018186425037028649034073250694501450550667234627309619216256195593671395991551204804338892665230803801568704664653627298722289965484249292229
-1.9980980268187072165394495854779647633488250497147988442847955094002728266838444355015505636627181069694490750275141684423496990555738167951859338991985913865100498720901332071494425818130058754954521 -3.3717949460041858318595513711986289752058805633889676577084888825382647648249078697658635434795641510517556629280619119143710010909292752912390957915425660471176272179932566774673489877516172813546449e-16
-2.0006443363559598895886806398629976185959574832497104831364544970038953101351983870756588207546900667289362296283939375504700636205483295632493880167528395793717482940590289083591831338901720740164298 -0.00013956342444431514340831071403389493548047125205627342509913885865017902695172852390720617080544613330841670337947249292000787001221109674633683251719356018049594448525982228700424394802021224925440482
-2.0007623295455647639463969513970748690897477530420670434267526359661016417252021859737781823771277512456614962806851884388625545468323437638992800430338011895382534141692682120179605422235032619551687 0.00016974324336591370516639417897938982423027077637811589843498786622618708966637114736562263821456844767170607025619534008207684087933708969143801238181395896129785189062868762174471648146692634353943459
-2.0008196088166819173715209389955262361225398454007789401521818207203952579412853947248928382869424483621142041066839100175930693910496956162839478362844028463007258878957489205518796344354608768389746 -5.1114199308902382707516968518438259594444587999796678420104919720318604444149718410298761725421275488566830779771742372542341986348058741592957708628939402491888412289364086260653910086384508212983908e-06
-1.9981780556354626978386421397804133098494584553179126944545428210891333704145830179322390330832975904601497080721784668788217148678047943361229118012489464851205751263859942128696449366709863306959258 -3.1946090564398811322015751470024150245893233999394176591855502836713794880906020188581911134180792181454411968673912197012290687059022208872448962620210848781007055263119153812456004917279679576887292e-16
-2.0005936553623962714890344838345785605142403083108687276587295486507300599646164529268033431550578328073782261417792903083647436675545954397306172513012057102691829052762927959691178909006745556361693 -0.00012747359754682987487603314029491206666197990315794663581056945181767758952455587623106778814333263129205896912779625866000501813785031792321894226872262670933150114293367213774338227295293216999872046
-2.000698955854842314898860247966708574170065453297951074219236823594285869998762927165753114876989138865459747595288759504181776592130838287623986210889633210065108918172724712627726651436656358386613 0.00015424031732772211919963496282043910070840098572851850868005468522753174878091600255146394579199726324077687627619956762334347026895583533878828778086258863160683026958944202463066809019313571968877701
-1.9982531489343384965228740321371925098818154603401145536456495916431957395633080184358037303884139014268720170500226553830715276432224667991679589217322117831699067044022867985599559238719371124418717 -3.0288246359963543469140781414888415307542490234423080402716091303631537628881195984630954162444225231488937046354927972722895177149750221887966266504453713202724264020003590508618432922093090816908665e-16
-2.0005477860820830983995635429395695810132839734768748636381624269959266303227455256007687306065075668663936913747728851394178357160594138203118874087572593793160018372877903756622508382958319467696074 -0.00011635295664368393053692056832333732947918329312432566026555591414407484310435840747809310206867587441047068525567287732699981181809937061121754258545419626300786239367224856419453422990131150642542708
-2.0006422925071877648578747724836312844711329151930623608273253783713500596427055304199981069431703421712405029747899186697837899337193213809350090437032813840492961585747089667330109916369365597816351 0.00014059908736262500336050756886285570261162816319391640238668719597068132120159751592024825197693822497116363669371280204112078994371520037738425720006851020860639479348789407902161319039059087305264959
-1.9983237034863218982126695137248307651619826560444993351900381107849591418296157595468610118633032758386189819925761595624755530070130618749238435027086804554270000325748776435382871543370776344447798 -2.8736239555402832404925310453613490866217344185852392745195597954934699463462306099410617857170076708769310914726935512519750980185837515058138841235897484154206086965638813738308570215412792845120167e-16
-2.0005060170063337813348267607641339989100785660280104279244834067700434495901214976707745123233580625291423368347282702239609855449923976626438198762407828925647256142832835204161464763408292810748335 -0.00010608599230740271979922346999327174122889711915668093105013507199330286096610689715703407868918885193861464143834541604722045514426371485558072622601004839357672017672449733219388524616151296906895126
-2.0005913166242129902345611876814034515465960954190004117746874228849697531954723564714062645893525917487975322556922083812494662044157805904036685328489305063964245023912423915599091058988030826633164 0.00012818419363860161074530773537669602631985807530340955212286048051462743796924949770323978284386713426787434375372830660920585443211129420621492746086676827311249271300806314517189031937009214103966857
-1.998390077063114116507417585468824536653947888779945688121232484944684494314164457123530836958274917921518667048524850633828977892341676313189991224840488193396109824955983077532080784640906575430897 -2.7282474422305234812439895165463035110917952943135128365028577502789499633285582710776437998516145400196809516267231196671243029905186852446782334711480847669216820983216001239206359434649594067050416e-16
-2.0004678091162030464519782172707206474363532520288936919567332166519927987894893142935127846030181283534381808274939323014513670696281297391356900409479427340908441964123509151084720674331673237065793 -9.6617092382931758676769658312686763789813217505913721502061549441663042096593912336838321161958069359045877994537545185057108324183517545576867660917235701397868696988345976318221561874323466481466969e-05
-2.0005451222849211159430154914474290002672111402644119081334006565487677417802898809189461381695464851510565346024054026322265770442072275035335157326564285606998512126069766122151241285656002882848274 0.00011675332411900593647447242948218596267377147949014188404394146120813708197211178433389761477443398704494675463534674589055722861921658507399377781991006594243249328445592362352471825921352809505406809
-1.9984525929386677364048234449430013196601070818289680796433354079379736817191332814219570619160588100361907297815300916589193216667607404816288172759067793817627790644679715796484304263210987026172421 -2.5919907718773218516237346649232234134747745546064518902795813741367635822755712833097842790708880112968117768216006184161301836706595496661442403279093590234299848440123651727560415429497924558803865e-16
-2.0004327403930412012783209289454359305680566399736493302535182334068812448426156109477639431796522047684612596932471050932487495495492288312622607908814565760746120065232944652913596780017883425192688 -8.7902874229616173569863848422964666701000639223215596925345775035408874048792326233669530199675033386402124429652244000379338689072512183072627923957448373859625667046692237082313374307909127995707687e-05
-2.0005030225450932058375588138629613607796748485165821322113467020935731917127157260285302294070822357470497434195265620578391926563089326805481160860686484570263059949227788981526912305457045930437358 0.00010621347029274128794262719831416352142112549663325794524324863336328371571076026548428996942223164971068367655125448643219534493798275163704216803808951703390971540841154071621034896945482808041485863
-1.9985115437972324302582691956123544161014418948790275411939956119708860487360747239787266814086670268417789969089824136621990954670419526187329042585308762097817955871676877107818335930284923706299519 -2.4642017159234564529672500951270750576893903030335080331058382113672891648800638926900631852160980420192170680760503817857334792836972140640619813866602395569028304363520523186133133815578074636860187e-16
-2.0004004684222938688519155236595467303836125964921334957705583320602383028710068922203052060219209654716819993103666051436420185657973241442465287562524128601281110993216596397330187055587990331610815 -7.9900051952912227871925264890844183057623172610339658086455317302289685889009359094326362937351737561195122145787765439418851177973144697864764390870844545520705972096633391227526604601852481153522086e-05
-2.0004644931869510557906414423836141988200091663206225752986473651678930313216031638684328943801256610227984332487552442027923109791027208143006654582708736830214301563701997503503144974326773523888973 9.6510939646724209024781409274248427258830407962901641571849305228642968688623465573607428098304237436266445049696926955427747713019345235155753363297993720400818746253129672455711978103667078082533511e-05
-1.9985671951354981117696611720398231824641768375965523010808232381808731897368622743040774621917364413532975827690327342088476639963658519687390200693818279011389078926036751883726093935025083646111918 -2.3442768843327102095275980964949836596468130919331754625641173386988731793895034568563606686613187214556207962044371994708836140724701807553884864101860379796736407513856792113189675280783647336588962e-16
-2.0003707074926620100183839504211563702213334022174814821525620349221070439400634164691258485569564638801079310405800451658529131816314463914745833553553603596259887172662763831741901411791355755962413 -7.2563670027526495062343754076220654688976723367511771385309580154182001397593313834292131824248808778474161389710911577487877976663147778414024522905690970046516270223989472312508797304972453643188525e-05
-2.0004291193020631676616338030472316774587139167372890326569173723169248134621363568159942929768605793126401911532744937162895777269577457889143774847961284310027922843381947745948601060019751926309739 8.7598627248094046155072574679993990198754672171389819578061390845429860074890680358360606692308084603118682704757784005147077256402446072464206295210885500304837217771485625636784531894426058918422987e-05
-1.9986197882321749539440056432169551931898193995559753573938933053320142156593871354732451093455982345467334209428047323679707347883161723688012377050549161586005339276430744850066420823152747504824314 -2.2316584647676148892442700139034656526823150624043838743123515187862080452942063687706464275880232005595893412013516828319686726733334306170353780924872480349012173350015737575452536051474112932876543e-16
-2.0003432142568309722825691638512541072937347406191259458824856252536904768334856797661834266405619155070092256308658116913430239405599091235478813620373725358684992581907573321299524807754251213530993 -6.5847926607641944063571249727573948231591481313504314095745493596835764544653762165813702502066197889772634639859373014966116486076500951568992286251480154095214542229307621097177099998467889508647974e-05
-2.0003965613376589779211516201245491247560139578134841272950222303368511383538012291878905661774854438957682543088269636473150789667453606567252977059178806049089744807268013643155532317753073738748933 7.9428518807787401476747219919280223708544794347966052098528775858674312614552589864186958367893537101420129774869007021113890402374257074270003996865097403976374911606457314922685538807270240773802668e-05
-1.9986695427466249450897828313799593900765186386128327714700211227928013040428148486345417935361636587661259744570754328867368928833233953722499556187820115582867929818943756638259529653589415163661403 -2.1258310278831919414720670062129041907266738548149736067386073947442917904063184595957298613625270806945493357647946428232869487623715017551764813009798083486197566711576964317171954010888880349857549e-16
-2.0003177783067972307033103134234438463502994683798293842019109760459154161893984485650863146468928903750985407291260090432872964768869415336189113964259450733214408938411851501779499032898593511915843 -5.9707352760142750338767629475684040025614586248219867508742731926426138723205646621087796140421074818980063723283015171655022343452193264699200621258470570369903781155039360413021361914160090777463591e-05
-2.0003665342655157924673457998175422458595315755149523990083993036143778397770594111552596631407529924446912858643630371568802975819618636501414731119183816866480722273089270914163038139080100277377103 7.1951224695652493327541413553434939167444249520207248523564737363639031453077245920441278732983291893977650868043368253375282222246091981244446410537713770516431541284422433520794533841516885523319129e-05
-1.9987166589984772734078482108507774239424168750585994006909170557095287609719419761061625609662303347372514369535278433425015719611687629503774831838842551859487380949654827483488217927456233333773452 -2.0263184458431865753629017473100086066555037454502885310550975870167321167697536867883149490707607204552191770177210974151393006126338447632949160966948325199230791166114899670735254436174943288403072e-16
-2.000294215659720887194660473657579948669472759004576364415177885130215289009617732638578703161998506064265890218751903846507751374927551642513178886897114620243455511967486233918061840511584888411504 -5.4097775993979464966175947454869775816210550757203822751816120596431518805755015734235442521990646633951910224030681539636382600469442575036983044611337187216668163387366719434988930292022848161112854e-05
-2.0003387943352394977012945673755610872804920463917399941295068625288626800025119431767189002448430502913411005574076485618082889351455730904181896180177367658300598071167039746785889478559480719268759 6.5117097069320852243550526670831929796295258378234037691039402636010350460060091665201375618650421344420954484313417134692718043916299674451013225986590150956798587144821316919203996749963947544114868e-05
-1.9987613199721359135472315316587997398747250513496635949611550513432024398909940578970656070946492622125694467485606250703101707549576460803941602174643950634176979216470424316852216894586118265502742 -1.9326809543699678516699305454941665055607140545190922153259029388325807805056204039795596096305626691876578363108357066626928968417687275760157828308700229549885497997654473970821052733593331338555374e-16
-2.0002723640491467453527288049734641849228359343571754251783491094400610073418079309910933270850762797302173687944115876757247741407403796476576206032753005369076940160421043448668838374196125073785071 -4.8976981819534199226099578099521148703257596256163303888871995074195304715707854430856793449943923587151002721843078666061749144082244665025636221584653031174123991716728830094024220497323983231816181e-05
-2.0003131302160074558524393260322793911928149476240659801459660840320635033458606844643473665091453108791019004001840599098016348565095518656791615524318228390772248532206099362408374317164169113160011 5.8877410159710521112184239815879443886942311772218244883070232874064291858700645296776006044639554384913630780296403011265839383638821567940223866767069005562886334979202436876350568580039353440775456e-05
-1.9988036930834156874204089051693532791983989702655440541534162763456283373029466028907413862147752897831929411767158045107446283048282240120653770322518414009750422931423068390958290367549140722441311 -1.8445123763176635024005929376245405693884489432966824687062782474595110632129955844620239236275349341129401773542281518851737548583199012335451722569332697268843509798025699662916722834408632229428225e-16
-2.0002520793906659289473611315751875669361217770300798901720361158070374235071663113919774498965637642950371557321015296539059991986230443843014790622778042423466859701272508934991683121821111242467177 -4.4305116037210716804977824571339785537964580566711408164429030487012291346105150515718062492162781800942650330245763264887896680795231362846208729803591329403313213187429981502930510125029037878902452e-05
-2.0002893567784601689220638663631577302193604326618808596256538384349011739960127784676802308521384171879773563247971887845007567327576940879026104568117356395692171547666706996977130364979125873292661 5.3185250206580720722908047104345771488004086745166068117834582473363979821187575755741321410533759800734734576402417731396871312056364497527085038672947963042999960150220977389777917255580446953216234e-05
-1.9988439317399768563845678641099842621911559822107307124443370578599542850837825640565043473356349272142522068235624914999932694590866450621136131569731933261768938963108569630485546080442628779581341 -1.7614375158079828469995614500292306864619833075603853164193245835015401496486250710428589980000091966097130621035355630205736483713092446926083300928024155289590477058827710958089035810714388845002943e-16
-2.0002332330459784533746903841494787286353564116280245872079965247067190206824040018885016650325092365922311456884479988861765235250026523775398146803998902822841584360447697603583789377388005524677398 -4.0044892627770726928001062969435092064052580787404027001938754173673397309123224317149913168042128559173776891550972054509393330563675879201772681091977433062186727800453048223215961909153897350930749e-05
-2.0002673105422417347896411164897358713345264196053906063090330407423901308472060345602608456492648750185586691648561199949043029205070992066324047795049644484561269990397836466885389115284523385466022 4.7996094609865399572181152369274817569378977599239575485816755036737739701575751145623829748935757189131069257571122733781245836419355661508285273149520493802184303593698413666464461463225358175487868e-05
-1.9988821767225699720959467260539219104319509088051985708862548549609247416267334731296048709321669007247560055293697083943554030332327205009549313406370244560349029490053613265660053140172068661576406 -1.683109725552642886499650134425195504481703785074291325154910479706168001889086930922899301327135988674454041275338663581114746734373138508399797542253056445850045842817074510591646230989089730717466e-16
-2.0002157096512581067792773692822987165858853906823373101766601905634225422896616503778573399962391045246115388420465886667255337027606732116138230918863544279254345197910625072966741244343160487223479 -3.6161664764483763771755357634509984558409361264837537918120401497778718586535647806253008700847255428137788577603246938690055201206250357437837536601253769491197191841927062630777686233563485754352552e-05
-2.0002468462243702229804555360015924239748745266875478425832252428746355848353801495633198418488169121874144341727411498904326738456341726190214121319327194005018767685684930779917525715728549817467615 4.3268141182933173286949308673715666242810448090089687594089830559608775543093296224445422333234712364060205558596062232164184091073382574557475652665835688037354126022593420711915087365372546046488685e-05
-1.998918557410192257717129845065098379150157303815338097945285475641707335918565751071711418364014941584821884997385220880711877952294544276860260547817533177681548963532312435300505383281197007030413 -1.6092086454701734590593912564416412883336104852598437382376584656610778437030213875381860678437809052781394543198636941143617960821357419072658011923109703695678892334398077113999385562303402497055753e-16
-2.0001994053579881261245583993782326386777107449582926826087886542662374862956852260254733810567234347648329816733368243538559891628000318863636068846572845469961194753326299063385638237151616665269376 -3.2623403383217631927935316058457696617551153278686056954890723906231925914826411354880414252615059663639574659843224380221845533900375890745117168286127553855586917752243713780825749807203367207991186e-05
-2.0002278340464288262060583722303608918292885778151687417984852967309290564389520590710132752211969335322133620825443153000998844827061658964113774695659191030594258103959103010695814192716268626043635 3.8962455711993375833916641336107043560915915794966095617233846853263749745938636212761933183564294009563328752915895752003040001218968738898822981928716194901319504272033162415915723726839677453036114e-05
-1.9989531928689644289255009511152146087347739147456083035501138709620215676864523008566889147844548172835498336397477380227858765133500220963715202071302039223520698501192885660597147611816863001048886 -1.5394381076063658000302578165130162784972994644144612402314343624793025841189929137060671686650105028800193796055461803190451144375783702239224637299710069266311457923843821024085196367307579851560181e-16
-2.0001842263840536896432022722874499582110277726871376282785986218384877744899905296112629723460851113980265335547064548708581608013710732020716134361972526898740316410078722606079005349647802616692845 -2.9400615763681333567120846464484031932399328878662377316813149703915895052180530160598380767892782240499643780238551230263890094532809718464401202619971772142967477301949535787307081233435013927056098e-05
-2.0002101575844395324356465499236663870376367200700497693426828314433093250016913126715989434160358486942201770743853126798291397214016403412340839556823237194908846661599131137465109633279919027509319 3.5042994346772910079280359117778477905544412796040391462626139159656795354656084617428544323169725111934265260325921696121806005003470741509934528216098489038540117869149041980122963225495570191973746e-05
-1.998986192821756963481736994902027968967996276319140002553566045424668997029861373738040712104978700874425214583127950634552114196697072665907216029556768071386771895465875950335809756146866214499154 -1.4735242003216496894840685418301142778411593630550399868657249984301492041242097825531037042746946881805265359926481965814086700981037002386571462500785292442059533650546052601185397425880278022484821e-16
-2.0001700878039538903424010425726005859024253297851881750547028986615266095295692975820869087479484200317142105718688723155514715116395156603396892783866696498248873640698751866847173893002052286874415 -2.6466227164254319392200174017651084424072769516857042434438199974599484579814720183582894166736922113188784050785341211737684520118516605795089782204014704765328045551647409394010548194601403345542695e-05
-2.0001937120193162217165969112346761467027829306409538867110296411839225300842620041764721799676380544452300397365448602879359123109079878286851164570412590386513677079196167664200614846179480666475993 3.1476543322879019844104166045455166675100586766489590318585511100508497965296351242793610962645352609226665973584425013370206315605909750921342110411848413015920336391780120776708465617160202004911128e-05
-1.9990176585132411198998272168330165616870637281190851650365269475039593891218693495271631370341501869261572236176472986828312063815534267322157596725690563207364935536765104703530373616394810636964356 -1.4112134834388959106634693061477801474701804467653461955974504092941549257787640489665331075126351233803674028285946364012927616266568127283979122703649772566944006674654656984046053812623800807953282e-16
-2.0001569125271519946927111182452178667610130456603436820914295865716426281790352564590215475417462360803320330426206520986866019486629079705745481685757820110631785622719842574332351441347171783890376 -2.3795441592228179835695762522755144098803888949765093733867589232833960394544719000380151783585641745752658678921308435569392926235701654480309162992691282013017923543415204019047918020993979531838447e-05
-2.000178402691083649264616541031030082211045775722543901620555245649278681469961480220137481783310227115571509742459014802070547696181677257016750827623536080409357362557301836369338839779644406879057 2.8232606631504410403975227942055575135604418640535868326677018085844540925657591656597207003100682564959209212562464241947794071556962924708561764761181446439426346738940634105724187506292851901334536e-05
-1.9990476834830418022306529883317368537547232097510913530344910192344016033870682872855821870734567318395903700120914684742081605199886172313495653846317921148225303392580941869039306125941150525321601 -1.3522713453427203112482353523116024091595780654378788653367751088545484496448470442707627805136412481964443239729164590853214124924483358411392477101837782729684079225100932172133573302210510309160442e-16
-2.0001446304270812568696942943417668145397199537598338443977035970831046562067579425239533487386694692986698869121235292367916185939474676777984412287830630856376307929073571070460073018394182857953374 -2.1365592786155269886849515284526751660197166833187585265963971409780777755273718514082442854692311787941983752821473518279915857702017169499679399227803614470137406787803412948863590401924704517849506e-05
-2.0001641438887915983627704995377363461354636260729365780211247613775024302691251669299682223977065518814480395248275381470519047559470425513429186146745530884688491511042595270402126074509740836089878 2.5283263210134247874327330014949968236753079573887175479733259306153043632164460156983039551656648641680663360255173152124891008246840928151775646195343865480676850264780574403533268905389339828044349e-05
-2.0001331775926330612299669659702153159815321764320409375066332904167017862182468765522672151190661798911075349032387608462741759392544902495692440414550546341416201367278172396221911649490346910574725 -1.9155992944123570070491997501186042602676636625114227926892223772606826816895404147589799685783329646946357105732550449740696078100015704861153684351610757483316257059890035760153828447723243421998683e-05
-2.000150857826921615431090819345993134083290347476114984088302734479363436076739052358952099799917315363367317876749326356728048688351974507373699602388758263400695599971546865353619230330321999293607 2.2603008673969789909959149616706797684848018097792662211933136469795959363916717695793644506915548889247687230045921909545887040396332217974783081004236689379619230873281638530074107694793114525838002e-05
-2.0001224956805543501885276587425683416781417501084571311185034870857249371783979350339155682677850821838235604435403006055279872348170025853715639334180908446252028624078901998890654981292815703217972 -1.7147784253388725847269515824746065018679996102245839852802859305370733920789872106132476009539137044065190318029198828581776246385651262872733896673352336910515769883767944296405278487584580686120514e-05
-2.000138473771852861333643676532747784259225172533898695624275731495883218435959282068076766319915341732669144530492254232153579024548151363787033447279692459227568294239075079502465326133673267899407 2.0168592003288519628289649647971510690540386800307474152035101366169815108336083712720455871598086753219908164614706391380157845350396190570678502401955515862788374209051813023413007920997180723337858e-05
-2.0001125313519916071192749213690198708691237294962100462462041573621420081350842584847000339483461125069052187162255527985000587410523888674687295755570964851613370521617762701615064612353049376964966 -1.5323796565710536738931141955085274630200921659681300197660147804298189169189990224980627045840704465458025904115820639460386975453884744411152801452231400423272266030724611853486275507986427070220369e-05
-2.0001269272908239843286773253461015448624788200611582207163863156220899311959827222072302855684512518261996029739229346547799250128349141407463843259536230008480054054757775306629733241688945120473896 1.7958854486261807334795914210945962343986405870879138401169370042157635443009003790322032861430825122449432049803587086245008320373027386212886021818121153918390471756494037310745100573126289196350734e-05
-2.0001032357800358177184261039950715422638727022884411825778664254273951956980968781675517802170751768341215549825852814755301167503430333925463540496182009967551782451100139309484613991037324481636032 -1.3668413402422193051345264495564273976353121734651032070062677055669336900429365522723185732214072940249811094457961216189688214059792040969461925530129570270701787027384571089896275725553347551414586e-05
-2.0001161596020971578238061766668416403432296387462814289828374832156626339394345808430366645688968808308815202431005549196179532108747971186289390173054399496941063961193199314757240464202837145231823 1.5954576272725831890935514177374039100372368403080737610868966484368403885586577861732324974590092333503074282941330328681313989664483966722280861848802003446255060944298630190968048271498314717326405e-05
-2.0001061170094214117870433927951597078066971695387447039047247620559160395852070689773864646232317568934888969179965407272495574400070126753475166056237872026981943760308719683271649259760768197260719 1.4138334955727421596978043427784494038775917252267792488099011916747555392256468326881511153646465021198701554412134616036052036166145178297769239783200683954861596107717833504378141286970205066519868e-05
-2.0000945642179587129417629945437553494572501943264576414515807378760398392417371096917080890563161471643324878175655391760836887517929757995422436262125775059509012507974659959542741700561667736740654 -1.2167447701449550001040355090523270957317629934947911147232078845354632644099424809327237998858789831599052586565737441084209577864077560494171550726385896858513000587162372974381529271086495137874753e-05
-2.0000967504066635052767715110581793183390247036268374685509624374368553953648136766657379941504757452544307384746605221264293242183590665270199990951563599020232546705923477987218786203897820750937898 1.2494380628506308952406658788615730884727410232203934388741853671078609083115056272717799882293942973321965640297368822115361868452138955943131325910063802046934632722686513390954678444798326506212185e-05
-2.0000864756201966744595598011473850625309077924207826649747340731150541038080826088945384218440509584003671013732094861924248963661008689863141143850714028661805376157057673823520710738253026112721295 -1.0808028195659752520547942197970687672956061910051391129766320019472318853022957360350959870644759283363101706290298617693411567856593078054801569344205342406310548234516995906375592743560102141679205e-05
-2.0000880148393469321539260529583484791420369651844088906270568207954728936143712238191924322391239496497982512534065723102076486497914431958456608193990926806928248729887539878043764868222375266367466 1.1008532868661491624081569600621285527166392897112537441337890076754072985292070070180228787795324262237845130219046206827914340094918762010194047277365004971819964273879626363924637634167902556341229e-05
-2.0000789323102970385094101739174779415127128077154411914402740460570353331320993961639009319167714175209170398655777302870743273226334367765599408878078258217740371858785130384885259959857696082884704 -9.5784968768155075813651059224687121096162366472476928640603184396557316701526010874028837379458707761596304717828565834788067647272428409426420608716497046130800628865485339629818548749337198223437043e-06
-2.0000798691077483906766167805677492651385477134710457186763777725323725821859035597982328259215404557057093590579744230349689454878756361753466629915716159009658937127839551462965741883053441164494829 9.6681068007346626049020232218715738433841486947785742984529990411803592456809342129576456413660695397588682580013738446527114920369517183326828464314317992167899146694434824021654446629546598821562423e-06
-2.0000718996922202757578979145732620222777982718981411693615639159326789106999153126124666863918665113773147821634534971153272174216942276264215995751788989358384718092785748989248410006698241209358884 -8.4683173983871095375910233491471179439445715752227956340492249387464311474770671137132886309540231237122719161582778496234429079799718504800081263832824523232999705790313395596302789236743814476860303e-06
-2.0000722753890060334997579701532184789578855488311756802453995195709866300262758597876618026677725869306459660223832602193243215596587838808769279770259706711548153134059503064925069301410405293442942 8.4618762912706850595261773639552024578297366485757712939775934644121491855957021022192445648856376536542438457984254365439657866765048850922209943666909221044209062651442392865914685794622493177512519e-06
-2.0000653460037304216816908853121895976605569595442325168828158456284803738085738221961420902154241223228655337923972840034491459753840981551551520852178187350189831334635550883740755247860920221520342 -7.4679930490206748397548940820965434815240427183473977237232181371729628629127215659956748595267636062758752575208222153129998034465349028838206924406359568875126345857789064715252125179160276804511609e-06
-2.0000651988405894118921546317645124879919413791117014504387350770636455823782300406922542515130983861259015575207723383291090122856103857369635368965848902801635015303588163688843798064971049199912949 7.3800775255871914352970699307213204208582780620192787835621001209894782384279955936349979245809627524364522627291856462618382626026664373239385426755261378493608049390278925577910901744347060093050441e-06
-2.000059242112945788924901477737083047635182028430537441580353310742859855526539878065255943164226988926454742725919311981508180012293467372101106071869573825887879025213206014753622907590305067706838 -6.5689903070059490043783607230139947610566452874747267394500342210311992331802814988007401431822607870204469813218440231978454237386372291304933134109985481891754371686299909085537848936559740968250639e-06
-2.0000586071246019057611860238037265852540911278353020382484893358415886385673347266195381783469913947656965803462285774759303145178133272061113476650500944963284527901001006582835472915281008024479006 6.4144335917112046034703601080379549457406001524724856512308546905739067402540683104706051150749898634874623221891664231205013838048683915617418743943565202194317621022384356158684859125304463812524068e-06
-2.0000524697771270565674842646432162128733594296579267837711168562854790290967295588968168636411503466499603052166759771215655434190664266894453185417265445377549398302254058782161269157631574652090756 5.5581191998986050789488742497527795474298793513096206908052099998265404656606831984789279224108264190991449540711279083243154514553872045023133471207822425804067735751100208176956624453662123874907547e-06
-2.0000535613604927928847465854770519186922749866058725436431181713045782186375128407463301465801022503135989021079546096977596412792385535011918930191355287332414395904554789026454746817229127837280482 -5.76365886866319866777923750766876894287970148761690132999997043351170260598854943744416551001672521453311983372504265696093573407936516698344348479582177609418375590218327724944007652554085875597071e-06
-2.0000467573941001982561205617289955027256939597469553578916833401245861740158072783435865149332832991924475346123773536114012924571097910840827340228039457967254094967724393289736096786928691259964594 4.8054719553826158967034504734113183323408427499157421640504584103458569729752054625147349383739738079611875635482252471975140100090144246887254468742098788397405552038194996564603359569206991342017027e-06
-2.0000482794474429437427035312251302355307982455292177359677599835252762377287468616895335762109072551402925312068433994419233887671939791247680836682579030419863453724216507527447287579673792655355176 -5.0451306280092269193984384897753820272283723231362956717652058421988042582121402939205289847714649203672854163017491564860614461368714917004936403030507477257836991384599916554884721450627152791166889e-06
-2.0000414408135355469542627325537954797296170445137464298342634997327566985795237908739414645398966122181908830941377461294486326093333846099670056095424373306651150781936340749397354432500059724674514 4.1511608769623665679064070781370883978251224933084077526736498253441122914221711033312370997807413754586654477050949347585576134227488216592742853340150353353869631038423605245443669870357588695579943e-06
-2.0000433743582561408551085166536684284195245616698042277836969319472963361638877827190515702479110025790969489727867795653325962532668935441005390070286251678423698255045274059843529270866521458483664 -4.4071700160552652047051872527963602435532845524340409418997153855951480128708680553003419595133526854745730611146823231807753743617668929814102649203296573230388858913961748779547192695528824966909812e-06
-2.000036490849320009107705293551068286927694545187634079138178058470182195040784695506963610404938493535801452046033080046727135296458343288754326067706319548401989954186346257747295837746931151934055 3.5886901189931997698090048690308250277779450561381416960311073541168762156606887381917187735198690118975242788665313716730243081314689875329830891862305318149161716124842583762792844029255905405244655e-06
-2.0000388262827758953969333745149129982130181232832237319316170149953369063353248407825474821878498673672192961521867917839372690816926983271401824575497390788386263306224419528632906495420832124668326 -3.8439448151341638754870425252218045965114033511224201953737312690334612969961153388338036903348434631348418700420988199335011507198266804913364523718977597526968746352170699890456815827566240180026001e-06
-2.0000318792677641028431388456275964631069424156353121053891682742574993412846914824785095919492272594548072405113720451295135370255662089320075314534536385913415456531899684095204979878003538584680815 3.108789404010303966864828081139602562307042281852276407859829649688755761485049782713391569321368099315753845239718167709766434422972947190657618033396413898289162842686142601397811905413580975066608e-06
-2.0000275809194541659879560679199648254403148377289636892707378365826913004409103780527831152625797806012433701687078365557129142160276251364918398776321723511907892354597847545065475880854931097355449 2.6989390091344153655425911319538035021823228477065643558140547364170917360153463470634010385432382684480335655531688260848778305612006874139867005869480899788636502600352211213243520606384809469003989e-06
-2.0000346174652069841315749220828846092288978065161808942526463068984042042339382079962037257544298453965884117245339141765394555737818736332447270320575145392204028899450500829968013892971556722544179 -3.3497084238419210662655308107299956149131092889273328116615634547179412172957214505010931099696730119759985237956176380007930610044497271249856441525071681163767409903680814525978837844069495813877931e-06
-2.0000235756284028776353543223767025693999428280689750820761096155504876735786579799883506072647574601952038457068169166420222085512273103071240227834154069366970889648998916876884786419651643950229935 2.3447619794528244584302285806923109573121895466963482241664376884547896298480268526826288129481081238861386970583529450495190802082599155237148876889818369504116925291495357511991129500806497625619367e-06
-2.000030731889320733364064556201016398443683467987290127162246362294249275445823658584422867523968672240269088452559203455669184593327274931826330830847048677526135984722278274726699034829111550314274 -2.918448973904486501105742698290335830576637497079829571668540833413163586352091604150369644945950868953509402515555525153938497833703196949231847843605364560434038125767026965785952231462180852472782e-06
-2.0000198483475344492564928620589008617516573334565122066771823922252096691171774175898956444233889279472927403288177440168266911715770243482754939787522086927745485649402374542792910368454821841399746 2.0323777145429936180585604735738037119977878907147351379379466662697459241684671011550220769447541657447531701226058900518210018480626344323697405939685988694402458978572499932476484531552118970548493e-06
-2.0000163875211872338869419130758593939872515406667931260478815943604094842825625270176199631389813653782966552022072087816021891549189229990225183985962786435555159335540941009105094006933272070577256 1.7500868036534297587975535905328435638958811711827199016379078004861852732356451488512566533204589559699145569975800444122416613937518443889847734281825405128882302569039680470296287611748723435156563e-06
-2.0000271547600080883225710143870833784105710783025583831380190561410050409373973496488149548692349145708098291464784894435383295685826172921046926607207110001851243237977539475656493273056415214322547 -2.54364692124784581762285156614192318272077538582118325200894964253411682400758742439417581537744698682910742279302711759506506634022131571724172097604449809985477488080744919827802132245186142668862e-06
-2.0000131825216998578341569804082803473141263061392202984030360866191907967736782584576582541532056494501076927870168050962207396590531829565265513910739370320583844999719340516257051514034891528134297 1.4886659415143463457932413485784559510144628366883305931393793343697399885764184627544263899691247141017194434317298772726207820162712940797104576263162219496550941482327783276849449918833752795250264e-06
-2.0000238718776291257456510536480867310954293639741686580037051638789881499980486658727551589084849816416110984777635087930904747223930428472417973362649061256156570816284568909891410500305687826770825 -2.2183044222543126832149726928864850035046733527078980428289518671776442114678476676453588749192636402536004409732608352771014232424198089770115324035914958000007008642295570051370456915314018006566339e-06
-2.0000102201722193755027013173085308041321669264388011491425947282921846535908651790171488255535965498393637436651456895570124548860480903475630111522021613857553096125369213083893268937819331297713513 1.2405266146874027576715737089938432153898777032300578680516564074896907902395075774578156074345551146834170781676090615539380639874616754758287206807776008928183141637760149728857338668785650028885309e-06
-2.0000208691256930904190712391480886346432025354193735432399800633716243557298961072836566135106155221443988268970795777874571406312747934919920282023641466946477620138671033031927247102694611328665744 -1.9352887183241967251992713451289126414566688634686437442182911856183206867849625784305467869579731193833912299452725477164373203878681034932243438380927952592795812675178950757098118251474093427516334e-06
-2.0000074770995544833462253115886679735253899499576611765630268155645990531550343981724710174252970389307076467073002301309018955972799565584898622863856059384926448751613464019877410078291500450521046 9.9779922314088379674483851975554708680871297419830306134861308169811851300773132316550467588615820183163537207845550370514787787963574293814040714424397924221301008373704545070634939174957834509515986e-07
-2.0000181322601075268496417910285079711255975106180476870681352371655076071928840184661315631308799701749132996748921235681151007494466885008604049973465143311278332587242125766880338357665841552401874 -1.6878381834885138296578333487027082860537857259219021063132272135743719830706175840342077400697116582934411992677967846212466700311550909389743357725369249991732997950996431985257207757698773709861995e-06
-2.0000048869767414161552006434945438851301723646420116924830133237970538638511502980069826695595518517418225864649986554707252302017228692169316143290130411562464548109551085241618915451024830886339115 7.4645412565478981486882978313911418882136012843722921419307095896705487974495270470063952122984699401848654268006929131368280111706238565070441830570268350954009211844806871178003399925687754413921835e-07
-2.0000156470075426590965198735861223637869506116470017847799811138986370653978342603643721976172743855284620279616366189350926001455205210577595618294961036646645894916799046594685201799669279349091182 -1.4699962312282871254121941185591699009587034324029283937529638608567850628673823147521815147322356882406962027157867886414838607145009977380338423813194678940613730486436343468052508751827987329289945e-06
-2.0000133993241377113647502029841911761703508274165793901388416397077312246578945240263334992106437649584368908013647721167029639992027451575417976020518952153861067856513560163561386166514561595304889 -1.2768292298394457550429139152648445536798179225025031712233457881360171825033994854204092683867202614776035929279469702215229000713619225804454691316429613530482042631322356567255372236753879805077513e-06
-2.0000113756482242844890954366208738408709539542220740459073539024068777784742144897064339733339675896613785882521437481446522070791507265277822870857509189757233745058705581536946335711671724807315506 -1.1044316091564696871265161286008945020326779223436827833705971972716628637645608034738139001727620907918655696584051374362519059580413549826431131264862196652164730359178621613848391069898010131347454e-06
-2.0000095630563615094829609284248785040173578140429619799860688663606286465007728029391009279255985128181395412338446804297503100752505339715919979086687282329227227277524948247974562747858633461807385 -9.4980192430935499013486984294736398151596975232405030792634750297704655944965363157588642552754846269414393627980831882735163899958958566891440495445117316378677194284117153710004484262770328351305731e-07
-2.000007949308392184666637716917829054021279631649069210560661282607704467813508786990452008867104701997302315973502714124802876042230538686350756142302139009068709444498993911229268328224599611385771 -8.1067442934484075331654282315717907265036607195136458366284436674742285801125545216384342241830800207592290106987824324422445947810336809519903010883556691809297792118122502036015402035510063552180079e-07
-2.0000065228046922071597692727492200459623413804693737301774708303675220768652281797050684679638111607354281757941438887699228478910859228763158463603495149465801156138676679339774337392981271551580301 -6.8535765610839559450665037525939902747428425117621384645805186000438944892209266416101754673566041171898402454609844018923083064610698830075089822605328199783527443310763673446492609380411820621766401e-07
-2.0000052724848368788932959742666404340509914807450991220398861410371815950921391132043168266753752784879951683322146215548501850146132211254602595084453310504360101186485709720942669999765030486461759 -5.7260053424233616266239771538686977458090599932214493358639400933916491703667654483721345974813347176556569490602751258892371382968045220558090222492129932883029081480308167347850243387308288323117058e-07
-2.0000041876896990882665369799360401848645655596354793654198448055592412619765950532643640779884644804753630000261125104196913582350277305644788667331129037947609083032786269834193809356992841063368039 -4.7148840420020784162954011181567300612896643408828614962739275236413614711900178134713685130172609670041515187918683523804794212862216293353813336192402640311075150032793004770974080443710718123672253e-07
-2.0000032579999996922408939913217557119196907459995736797668739039207677349143061205868503176067429836100387496209539255192206780318041005657028994306974302124520374034197131425248834046091249708890475 -3.8136344700600720344897703278367468861125590334692838596573062822363117915037414266653536999496601203825674508968280480056552133038213649998238831534416788598327336285663550338754499751306767676397866e-07
-2.0000024730578575832852150635674462013420391764994183339858824573909111615120414840200512009356010663849275554382250273144726666821058698444459184067813219712447758464373773657243463315437212888329062 -3.0176177190034417974148928456217511031180569795374726565698121859684974656612415796169806634226561619849824473931027923689310872323598124799985350021170880746902321961668155335068660848448939853109618e-07
-2.0000018223747781494391608017672553817503089338638766549344890969445698446414191733994041215606933281070858839158100122192712550759053724681719578982679652206049555441377782804993381599833788533278176 -2.3235928838506372583772832144910436029540049319663570710940491127431168587660502944339052810890671040397868840460012001900870209954642468535480121843293342469898720828322539958567980849138967003844679e-07
-2.0000012951297903225497997733692528847647571699795395473317900026820658790126908705775345035584578661793401004699081785016278901905274489728399755919720173856619491237519943172159520926395304290402678 -1.7291887496464578454209224203922739930878300859091488832826224054971396449802772183284019506221476637398620755426760610056812861429057504122194012666527547938687805160807694030296705223193236146859712e-07
-2.0000008799654682237433777782540919884771189786550382421055130795335240839396565842012050891124514722578269109346314270110146076436793632045702292706093298320110207493316064649109040023816123708918507 -1.2323175717306209719814070036306448620841489388627447618423932505586653213023214258864788677203684418670728104401610793815522799457891951382968770990860393548697243038605568285164226971098490457407696e-07
-2.0000005647984380742076285513993851336708085004995971271748206428096520252193006303624775270333947920680616619648999089362593471417581465773226395305483873495487605306524500617587138153631890200384793 -8.3046789823781858305190168161758907000061624170704723788144746454996971439249924569755063361616035071464502453546597703559244454570613341459438312086186927510881005334210454818031445905573153896953441e-08
-2.0000003366762545430503154038543977950416369248076136280207863516127545764665684787868896655225725289000187916935507136968272846144593861139986002961291712015293709885667300776377228350348159630530377 -5.1983751129841055939747620242759835809252738948475564564368826116034616129501379150247456497673962997943554150790836298501870627185480941507385322287069781299809005789954373013287059099650286493811463e-08
-2.0000001817351868564556518688881955728282479342381290006693713961468250535720746750717856061644608285139433174293800898912475906815239863679291527585246511701027637290876857345446508743644756123619927 -2.9433098643877546248077716111796859956962058864967336760068045802422042196195811718081584232981128399060907121627147989221089120573176128681753227920618559828193349316322087771487456645054668792649984e-08
-2.0000000853409270076325340907160367757394559420538418488015940800535769618117977063602033207102844908793253954999131141131023438928190334515868550888219298799002218642943363798456047070710088747264593 -1.4457875323341632163654952441971949698977376787741604638428526659370436647251781863494612804440347553346808947404334428476622357734407941482760221944359159625646100484470333998574429276024435208284489e-08
-2.0000000325152205462067699672951775680608505786152308158773214732444429705597073554078131214356869640615744777292274015966160854564316980782282158827765964062304938281701733837800760811693901686342222 -5.7347489811868721680748793656977542467375713088020264076629340566591229021030128676819335824216500490465561866818307395381455402253196482387096981150063453684860875174572940142105040909006522757295337e-09
-2.000000008740663345098548608626239615201588397681224575014762390174880506334807673416983666581119787360345986079252652731976725845310835024159445852645882724228767617877449073164660349751515528231642 -1.59361177895315935565948439028657438327131718265698200968327675514005801909236138330731761092953256638558140774135328781125499326417389062316014980901356435804259206171165381072441970617101938714667e-09
-2.0000000011585352762467814636827836755213750310493562574265577978833572623391072133678042665729620190906347930073263761604333742132801097538734734487262079962751145774077849817853514433603449266973827 -2.163107485324195159277786819093100976624822936662576883957684350538697236108279358169103840913850943416597157167863112088784216310464346273958695847391114000678332336347680544712989096496693473408846e-10
-2.000000000014469347417508786044030899267135355332900284089274476630341931242575597566627559089490234881465182322407528671805153808778406737386949302953422082853968984035222783549587077702781967363162 -2.7354311315917373227514934758609086754624079426950874888859666552165486671637183967353985976694869802565071084018772191421739965083306500785189630581006238299716666142653072726932008729441590065978418e-12
-1.9990763542579685635164922471896794899173221664095999284675694328342676027022114237957959395212024955683747273171650882906041360187542018673864235015745311640238964905537123368350050269359968104736447 -1.2964804927288538182110427356123835426361684749960649420432402841890185386362714061630056137220369437866886653664234718855505966993843589596369226066829534681564805327277499089941216083809247237412131e-16
-2.0000223960698197665775323139554924632090546464585265128362838951999922686864754726883796583971718747652309348077602632169609501767854251826459739616370379362084203794361442436801880673854581883112084 2.5219364389066507496133523513756791553819451023911837539641022781074773126924427338279800366123451297119913363022145091757711837837521965067837855814439571782857863092801361594442085998290026122902614e-05
-1.9991037509728497242618582052079033941533861954441785640042881698536976991544277059865071709105383221819325660126700646427301776566908584673620126262895080516062368784762351001505178273293383901198008 -1.2436395637011449800319681655147677122442610460836540565038657384212725064068877787725974995246345439894913196533730477708913611994271391711891248431711400480040031048759548540126648089229223339527183e-16
-1.9991299479282531310056624809844166767435057208529140049023574397874581670168580785527397471916485091197059357706500054669696616592019124081853693385285927983425118278803748015833013087943600030948313 -1.1935618551155830435486312491792324653806552407566444071512955041084168856816328960189852761918302295584611599066757803849552150211293563390325404167676902747232161779389539692249417749459683494459e-16
-1.999155014092312629071551939939120250308195613263456028433299025947486470763820793804867169336428619750849989693230468821938691603520729929559846612344868013681518559353863183045102006275624820283043 -1.1460741554092386166351562503232015430504559284681554978950215019020578817444215407124768537276260036290648687838586347495521558893875236689617451048729845887606569979281641783805551697959702875739862e-16
-1.9991790135529645368900536011780574902086479412842712886940599968595251766607385818049974700764970528666617904523039077597419692036180266802570581593532339563086548974020201162378850441222175877333383 -1.1010156745782083126987343484488566094645798999039597824219435970806880603355022811573461262972678553158089093621555057798264757171937480343948721362052104393562141747744263571094089787946255544857663e-16
-2.0000084880401536208551902375885983188406560131821409136223488229337877613443350154670326672221857922562317359597031636485300261741533548597802116625908108610572642413023733186047990232012964685211586 4.9324232104118743494882324085340015320986600582358590496528198112127677773707793940437733629187520516443448288502484012944812694534055112831029845938555936275609692703954958153402297497507176292412862e-05
-1.9992020059261104873227632068136387871455548864936996344286966618155696669411412070550005104528764267321089572079897290334443979555883333723846844543628549184508900069665411490764219992635290574614667 -1.0582370634464897519746295188447956522755549011938022289123994886866009491098469861668696328341747647225947752734555702344472242278613442647963143519548311874149356523574763650653672361256938073325624e-16
-1.9992240467245428774533707566926974577343401901718951213283772197881834428336608549277906443042624640660112989735863974928053453067946116875307478059106878035251752008056942374334576037716955380162447 -1.0175995148709903354108000356234063897580362029597148586331419296140562517162740751631296855184112173904199011036972176149812822464959678846699158115513667375082896397868409856448923424230007864350618e-16
-1.9992451876918808560716505965981296432746559601487859344651200019883731653893265029248431568575677070393563780515182541906938133023538599439888028155759876523520827204565882610376414188291609229786303 -9.7897394003777978027015335653957040415901562866137066281394989654872236891792455239917570255171612210574539180280741553238473806539367168278542857445337646826215402874155617343679637088500573825650561e-17
-1.9992654771052548403471670564014863753445606599974152739241457902422357716012691416716625145030425469865526861568175955542809149505243079674840233347984803562865153096681281860975783214839963185387231 -9.4224021350799482988315555347862355176562711991717263132443059399673747693253329685502184763206574187334661216964589775853370934556698845010826391374618779662438899027695948447247914916602738607383306e-17
-1.9992849600500346677281407163910827429630267815899321019437864942436020361306521739476448182436227234378369751986999605197369568140439791811080427568900030164660380055209623038748342663331380515151688 -9.0728648115942958104133174479317094851019125888407741179206645757748055372787288680871320339106848151919505262300625026723762068733620009488960588248056719245018618514353212863301846188441778719410501e-17
-1.9993036786695110930561799668334750799031220247542123779882690144480619696396752992337958670719349757768068529319296657543526076066467339830999781703933949894262920569322179755330164650449314030121676 -8.7400852563584256184733283957072899923622161163239076898392663157310344188197496660126787713018421607583096147142281650881930573323930925881623372498582164588169887520868785470693533439099531301568878e-17
-1.9999846997625179086949354718797320036538020496412135358041954488615071038416017458881398980522159923604097140072660354137129066406690448522875024391114398979283178660868741157339387894233848190587607 6.5326854675037914684638604063320449306648026893992250460422854975053055362012386375659415557320492521150426698926181338997429207441265776746102713844955780282490536546512837836551324834343312406722765e-05
-1.9993216723921043387052396159610701109681492712185413185341971278052660552781483091334678350531438015819429910383904629033055043108405338970055478664018874314952760358071034068050391981340201901234989 -8.4230918435673703138664941066935402347899833074287533574961753739808029010945141540424293110517616497603677434831778383419327655471308770156453419584818250442182746155627405370879466487545037204136608e-17
-1.9993389781383799283961848168912111129483965231766803949584484964915748564919338576901124228855838317470702439537465396287935084341696185406623623791954487645218730697436257805678087816490638550316328 -8.1209781555388651375762522650299203225914200247996427370307999814106882090176546327824092393841035580033607576547470027174847659623757387930686003137024691880727698254787348473661411194477870173655288e-17
-1.9993556305098952424162020657298039546762298585270761443073909890349189254926274557106887640150649117695920211721519547063555882776642188770110724027572926611695204253087084677755824890129258046617503 -7.8328980818651112552780673930807098647142959789899876489968941213746211872174037768679741525123346529619112174907134830788890302662698644060806325768405307722490684001700321807202737657330285773146632e-17
-1.9993716619616751460615104322459357960696188412863206572115660065539156049917827398042007274723975050377825259433733874820993918672027113083177384179103664281269076963662559336454672202872184006230366 -7.5580613194504341169939448525628976292794266044115213019949478263183518708737492047879222418476087038853795503415595747876721472293551274156069751393783308359587155028882104198076711816723810899088305e-17
-1.9993871029599174140554076564613761687223274050349595659249962648674007087549487586123455799377393779554725217350597066378011232234353103279191070185657738091418817641840603546977397480522460154868669 -7.2957292388489485618812524863942244252583613756438380403295527397261524403069336789054131015401224798029175864115625782586034885737734669415030177939351893064168948618953533567367328607276724810846859e-17
-1.999401982126354864789803239183958194014128216433410828369169078744227440138602575333302054948363430225422918642877710553101605535254459043496063839146807384544749476782382283132744282145104156240543 -7.0452110853826284491617689324060133203379812494474174280747146843659712031428066103067938776339623784546841292310602783436132697060104988539666451468162253639978978549407967632828747675048648812688585e-17
-1.99941632637054801159075224570729906838070864622548099409396923418355184766408098046290054178476110389065087809077257488131202736469606509453494754605201341574959160973534720622560288720074834793428 -6.8058604863624747130072522672411404290220425004001939427578628128661005678836428447955225402336088451587364049408453956857865632799144713937117740069990668426585399338843676127375312836224823380469672e-17
-1.9999565210091530088577407095581483473159702985689626706377145875925789569399315173739721947804419743898010123507775239179138300869063379400646509894399186978672997456192539768824022223681437322321171 7.2044951745428803180765246165647599024175755032497670437251600811316771583215604699754316526845321660911708674418137608135731546128003348383384921726037591673144867494576271499218435757894433927108842e-05
-1.9994301610112469555245032662741153147189441765067992058678477348684949649923207075884419495634753929907861376689311329190454497155254085561884712166704142435974392522314997609590466305477270105146422 -6.5770722383877508539236095587806130186768458435449735046165391874557175372267737869168769453026335551872497392017687526103388272384719048565225728593731022231148679947250864464435181342210251754063699e-17
-1.9994435098878418805465214784208549209398575433614896252996741619949970332188232624770303877484204091528081531160887916794057629241879565743953973678469557773574512007851604235639576025167177236382655 -6.3582793512087562833213184173845894979513174694691227879003174311415248707713806157293495139881073675206089897891157954114179925731801980441765141852298343436950764849891328316721192656410080632585815e-17
-1.9994563954628158796829572962647681678605088183190826411721122557735689066008492120845929564699476920253305491680118855977096540810209579198709653041198626206476583736903878370541412792926283593438805 -6.1489503270784852055607844557799969513934973147304302330905019491708215766075524671349373644820507736229104744507942698343124279602490797732558972633540695962637205072422684906000897714287285104452699e-17
-1.9994688389160202238374437659240637420118944075007882560880053502612869064146228243896410002724687993927954611546390933774556831091427186595925729957226570211703370827600329263827097053679587564957376 -5.9485866569965469878252454477991226523124670705723156914972995602150782392540437214202771671984816957696873750997137022591356805129314699253814850451600580359280836375326468844439820023268726080387592e-17
-1.9994808602315090974447618690333753762728884298710587368458614197514643810855099400523509416712833999646579160399500894788566325360410401706992115820640033977527479637587530796975241389689250773463586 -5.7567205179357451956308647012612590447701492651448981060951319650493276406850576106233627418070382172493505145179603463664417860250525575438890314949281021259466136735132309504103121503931945445265364e-17
-1.9994924782775969801872541706759009712621490953513596535660905324180334303717433434803188637077969898278910343722765342696862477064311985057056713233393023773857621152903992589556604549073555870149975 -5.5729126583105861234467841589314860215938387524359986850870097107379002330130400008944198232929461510706155042240056793858823643242135101711456278710215677912335889322436849372983147674664262594289781e-17
-1.9995037108807361336816862953194562359385412737106443720154303513044299249630011155998756071322243384752262874011778547451210947162031040929912194275646127355563270823927171490031644979851883781195006 -5.396750463037239416764017055069520077348899471458460309431180119104723118435965484018807526965432307964804248576300335968941741332562253481109257090964353339066045195463074341792983062452659541233386e-17
-1.9995145748937530845054132552129810555117879415744442551482014412768123379373780717465659515647470194894493936772709460906452692947767474701219264594958993342586069443593911123720397774820135641191307 -5.2278461952561226451657782367323274881758408429353531701922325880718168283176093571592323157885762345260358320054255055824248247280562618829865144550945678591043717104977865855868622040781768988749038e-17
-1.9995250862589307336208913031872463729141738227513011217369737836208928790210905921956864038639012347229379700647583597741694199497858452577211199054731170036572337904854809056030764406704413345225048 -5.0658354202875382775312124758496073830357829780397078330881315082015407707716293197190368292035220804687550945897464403524839317774612710722595911802609232903831289301864470758987446144006251885132718e-17
-1.9999281987163581846331053846422071075227397165243187338659737465473191707992155808158239906173763999593460147569358357520734996607404401667810876903722023380263820147851341568067849053265039278804939 6.9995221700055538795560485247375440360424310858053759630336909360709079710679890716307679091469365820092088721884354843565993226787401725227664429743679717879340402746585371175329416283859503166329078e-05
-1.9995352600663760286982141394908993772120847399777072726275296315155594099962123333729791284455274702746306904917730275921493813006994105738995465053552093594021498388531262441308173252541189521767737 -4.9103756305129960440623164507719627520394482801924385676186904440765353195844991540741819650183059413310925186224258174804251961050304786939027177966345505742041328446033034119580599580868066910338573e-17
-1.9995451106080713648329791827613972605177378181404409387923010022810850277084480692429938867801026837528856518122565151074763688358660881911425147864830833437710351962477639550399733753981246247809938 -4.761145110579551364973187962804363303533285103002838479164228454434309529599917141961389036447570396273808099828293752052730529721730029418402932275231212476826763732984869895918467200845319846837234e-17
-1.9995546514279704661783716469771991160771696353761714639157195162509967501459939583535141955761265501765853931111843461097995446024585565518805716535460799167296414052890304441332714079361315432443179 -4.6178421153374378814265100890049899219533535475342930305358947395637389588210517064797732938340109075379527525631805954934209637176800646831113068524810594911733225865304049353754514512837623074624961e-17
-1.9995638953684659513784696796303846297080273564657077020319747754096964809839968502311010098139701530601499357185975620626441114592503869064735654120543228696189232005852085139968557797905113460305478 -4.480184485753841657002208123263883100873312873961530032269496231578880621396352455211141654720823700035042044901500160290418893814538854021790251654757604794909141442338067636583139671509815762340708e-17
-1.9995728546135256653196166968935330366469046782414021612573903611051163502618227244515076842983464884626591957726569408024468444562468918464855797875072207311924545427017264569917495063608357695314085 -4.3479099125815842904267142340070799370780327027295112444516458461895676009312910354470188451283183298595041636669685493471553943354510832416702135673556984714971322059257182879893956713035206056671028e-17
-1.9995815407287677871617077687031443283314143602977201460071506498588720572796201642744657180279583210012295860594401093411105885882991591716818662197389217954810579246742773916519021460543320127259002 -4.2207771925161690842333839301679241628532690044318059287859791089438569244613023643617467591635029210785354784403740111468253747395445375503411322341134807268757659407936181873973733989269055935346951e-17
-1.999589964698720364221320642938798486251367424015095342109653249070839871516802223605259012047592287496815701360601176306801819962779920836566257094560098897927830662977464132025092958243257824532862 -4.0985690362915437279352318609711485488527603778278358158500762713237815772888903502908138943083487721765972488803119953417023955818080149281978593531371723930698762667498806732270866685502512799664586e-17
-1.9995981369614889773061023622848957694559610791673728932890452646883541024709573485910082117416972116170883010280935744284699114563155082785611233676570140616536691280338773081563278209956318485074993 -3.9810973284530095831566164804715390471118398437256660236697359043114660867334625045100317004030163895175326750841628222553623944594238787354039077839255557811440004037383449480431868085174220698123727e-17
-1.9996060674410364546137591007244398196464689361852644236439028843284144416817310991580066979523824864635085279640897964584582009272016894512404618855765448440196437139559187490596469513924260968095526 -3.8682122756222804881928332530422637363192301710674246540995041186959208427622320567518450367662024369933485771799882974716815359969714363919450850718304048612377888028601574627929936641416992846949348e-17
-1.999613765577260687800423290425657480567885300309732652312683070523415199210224791784033886417051761410314247553879643829515707449653302302034460182616294541648992600998803042324158845548454061550479 -3.7598177242119742267065844406907813879197040583603979842820971995666131493941147651568226177277060914050120809930304532946426020804578780432744634089954765107809108634196398850893279135530178480637789e-17
-1.9996212403540404614016587913108835901846128454768602657738965903309961970591997605891799368644714623436011335327971088006153802348642108864556557126792053024415710051616978120911786282031685029204941 -3.6558962498607190441510362977772309207850180360207784604612889051524396543378527412573259865443577028863096588256738051837485020047821895333686899063400535363665039698285980352030656978089868819419929e-17
-1.9999027940664894651810096699967471170641087420780337148541573808965755002948919317981826234284024397059405753526643011665449673266479971193351276813059610376503835988797123399351461003563064003446114 6.0566814079446608449956585455084421729364212705077568004762319030889800784454767194898087236913986948826379634905371621047081072157594206187221545251304836846923173036459670899612930292613516612047374e-05
-1.999628500325404604886525655757967553953253981674479602667771698267686771608305274231367405216060055034630826834290404373565628044142701922558484002446719800897852682733254656252080095937812624015312 -3.556549680774164066443404373070764617331234167805078140694822441625597832262917794845571791468247109557368031385851261932084508609843554194008288196852148378091445736241316194235162314081837450374757e-17
-1.9996355536399665551333945706446942245994701807287099101843673858082783729109429665550931990809220992013834134931045849210487769483471438866686841519382642613025614441584366968425104517561510875081434 -3.4620639160316571840763200293526913446550916586784426204639918543063694744513832484960111300449927932730310918542942303624643848493286548455730331479339018327406965414374280138984980566783250161363431e-17
-1.9996424080637544339019060537095957809554940679394462890385547731537003511612298611734203833365402600502031950367241920482440197442478869893829286885770292304374958581024835821577771453103269470532034 -3.37301184879934619559818357666902953916815479458385733462378103476684609836787736213121751964614884158689301254726242650491064529066421456207262700148629054505729246553930539143821198492548106414703e-17
-1.9996490710015558736142595248225680640801458283200317990649326428159189860513830111101764622225973508040873358057553509806088111221115725616123559446228373624740560636215304263242404083728632235558666 -3.2904158328453545856928968140817210896162912080561391682588963162555105293310178980386463236291066364536835697125991657185529588608707925400871161023745627684768309803024993353135897888678455381483619e-17
-1.9996555495168869530493019253627577814219308422505551313461551768610814409780775865443185231566693693342947263477281138588390782372696553811670837885381687111887655605554850505000494976538389080587212 -3.2160028484817458098301913415495312811731608857368072210225782086492110550699499091841299891810494224918434915807602311962517121743000112435777261321928305938820210222086110873959352279986813197575357e-17
-1.9996618503506856322694009322647588134434361600083349575628621867306464963809965061387203164605162563191682545159072897666538852380710327143809502180220924373108110106813059286717265502450435260396992 -3.152603462456578694858912479598463293521939090054647510340711700250230466833311450588734771106659705214302050717097666712684713385679100972425603076723965932458624805444997917129732919199106214176693e-17
-1.9996679799388219139551535356357634256192212717347715332992705393815809297421785576198831866638808160190907035277260750014032523792974320227443743408556579145027774246776375936955558969580648165572135 -3.1047730486176081317807263798515508402242793181669662509396610456490084569430176386330722210017009938990828763431977584322692473955665533525976738847978934549802389484727651182334729997721849183765487e-17
-1.999673944428509526607641715796259263312076761433553981606238181233956989804143681734711753031627123189289000669311753105929941960052557436486580886486049218061071986691235316308482552779072301837159 -3.0797553730264296684839998214165632758006608020968523342804990617229555639825194031730738097826334282396584341953711603717105204558449987645878071057413018219697800858425093574690245216551915473617138e-17
-1.9996797496936971525591314361534887172252775059688758266663133724806564186095557975805376131508314687231293783522627588781637382857856477039189615202231769437812191872058238362853335680059803810349732 -3.0889717913238050900933526838262612992985667969948219586868846375753229522196336114477905422801636583459514912601495905035525640966803763760814090333928740086823638437870701000578452232803591384148818e-17
-1.9996854013495110466862838645049956074967026986260877239338966173676148890087828466706533729238811830819915488386347316799295963995406141964439355503328040641647592406812732784835493647212068787567454 -3.1503147884459591437388236418020614761252995117184542940058421502008136546848587096789960198579374865048805929865219518555391967519890295244896415830460244652292105253663383948301116787908654338504357e-17
-1.9996909047658152530795924148259154309115688289737349479573312477994490505240148654109204940032474285208122443114941451011888648695167134585625879590520983064803021109946899632136212416389211657442332 -3.2916685673376504990543137959062400555260198500814900754326848407537090110532414656384409773800505535504404725787986887107685839853891170230575187636974274053217858257662392039994159630182361326465934e-17
-1.9996962650799504755354637965613710736399452040969627437968436861535808033997931231555548969442512563273460863196560194526870833226473184058581456858280360527264101194722833138045787236907151968211993 -3.5562959047513056767060858391479197009048232930581234344302776995761915875516569419972588339776218532277544908915619225626092531629273775895605640135750303980102439447409515661409921427529781262257848e-17
-1.9997014872087079477043643444852294257368325501811747051901480262813493944916355790846944811537460312270435974589533183255645267697498215638066949285176058084632708166497513507874079011436837224871497 -4.0110552269034411020577928059356377766845651878325851400646643992143440979807446458589899999829438178264041227051379685200831029232572703024539311751032403028902487793831623710936201902245855561311471e-17
-1.9997065758595903388262986255318388043236386542708748173438954654879578766971493836342355492144919205333156927609006755031443859778736527421326588443862706815453231477001751027212260039454948951026792 -4.7588976726525679745828483358418978158444491495883445607107527655183911499814645396562208333687245532831535616148409324035371461346432693159660687337431178599912226219945776287428045237754431168921383e-17
-1.9997115355414077841543723583433609286529196131961580402604988954749023240373306030038424584287171308216687234740485106388844376726198606163084066504712972259585252446968178376688232294274838585495611 -5.9578189150815970185081942119917912571195912249814998300797043665969099440381381107361708677768801441317188289974288330302009179508233990195575514040380353474334217132630268180064534310635953120086543e-17
-1.9998824057597434390670386035745111674301687722113627515420469275231423953251234849743525525287001211924754036398532668040136998623266907192421120925024223486916313593567544551282434320446024761343027 4.5451997439722814597244737683377192083769627873574586734010197736193607952324168220595206192079047280820387338489601225360645574016102416470580038443368131373331396272002877901275991149921299257148886e-05
-1.9997163705742535120621122584957289854912909823596885388541009297771142820332482942297673068964684664723058729486058265736050699304050765164835621821867821227454925683721191618312206999056303539645331 -7.8495198703281544808575889708558292237219820474831785190212109522258518633905654117980546934382921856856281492802150124739270844563823028801746255509566132690654826537844029523921187589054205018838584e-17
-1.9997210850989002224185690196796399192692555254598971125086700089639829600613311818603086844825916606798441364264244869389397941236731772702572331383454118544975235533783923008670296784179430957127587 -1.0802633570766365638638922398805536343243391822492798888457678599871645338997773862913827587655524873652991915760760838922858022577665163214596266639269793523039863382968072461358252354151606764603498e-16
-1.9997256830856553260265253421036515192174844725800855936576494015544342155079401705555605500813672562384770516315829618226851490949856166941684954321976002066480614892753361889612807217293422386140249 -1.5377751155137840890048255549505822527797173010015441767954773983277681004371096286434265657999317364672517151470998207317505246542986741892238367602217002932234531733966548521701344062110504462439244e-16
-1.9997301683427103583323420487823575593137032502846647967104177243384580288969581355414084888095762689238245524253443759438045359212295968567155856634506764529676365800185396019917786740375543844845324 -2.2424992494740993672363668665946277932599060925188381485049713822169802941198502047953812467212038063579759948639939682295992352649395483272391295850710323131856460848261096829233719550765741041508027e-16
-1.9997345445240173101834552060319380284974996739714021574771100965987233794542228570520790880178229371869707583608130241152942942046189627671947075611136593391516066748879034750694692845109382903034063 -3.3230049012440656305494051938246532711293686567684991033186987086372297207851673305774645137564223166128332054992393020015252447958996913727273171637572356176191499397674607450477630009962966376509706e-16
-1.9997388151367222542129410446937316125631031961235051439482306298212463282527300480743956430496857420273077396574727227054162238053151582746465808944286752912098616976317948563325000984179107337275369 -4.9732254503559788293525510738204370454989742190768149741367737797549705084011361053489345357616295681408007564523002098960142308674823653093917655590353322410447479448676895300312839302791129867477707e-16
-1.9997429835481844694655102432318449856344426523035958127025128396136587841487495310688858066322401878580607001305817327023230679748644212123500369428603998487315918381259888323983493499745427704222581 -7.4849444531783597697833190814195546882655944043439071395470957442924316062133291083659015813316788542440522313644534932870838342762963160954270486188578902928761226923352919294061389121509493495561477e-16
-1.9997470529926072628661786359766809562561343833483180228071386630734908208670085534469794379491286880610207201797109122218489006542390407871281448404717483661630899944330681192579112347292096872967116 -1.1296078721332642644670950644383665471723182650908336461069899419531542386709645455073617997263602438966920274298878523066099664090983444208352720982769290359110891318012778784599784805746532573145652e-15
-1.9997510265773048393520231394691361576649612860543443851038073926187523115737428002744455688352053499362162604168562199651688511283165144613430724849647558929472673587004544506298333346918189897946864 -1.7062278450893443467457331680924761041276530257683286446904872295789938628052767670278891573548091266097423561577327807055019746438658480527041266370698083057840212118497772328491403396897987006616174e-15
-1.9997549072886278696376616471404854073047761328276280594326513863992394376594349948253156601430963230375345435794713090795369856078278101193712203126050648082855839959179421028733053810187682252641895 -2.5762868672943183755413700524994684595720074665108737621820797624754986915434828148116170930789947000211565841364187900896013033915172668588208677112827470114924392926239690418101332654455549454446639e-15
-1.9997586979975688336656551680011007630445213863230643046873503285938706962879034967813856786379204507876217627994657536729181364626988642331047287299113667192841093004493428395339611877509528527940136 -3.8857257993859826946059054892647817197591459588862301707825168663084104419952598833398131384879184696557971324450744448178866580947758018634086958152136179943722548782109568125184985306497377453810464e-15
-1.9997624014650667680107296760549846257196246791000919207760264679072136300301633420462031097562673567581933366860676250967246385644948578674073025041395487713437182499508067960177738066006640670623056 -5.8515350103592743681324039093123537798726363708470092469153473433053792805428692426452334634253692759809005506460366514751362828613298593062781735808844166689367821765350523424823573837647179780158128e-15
-1.999766020347029707211664520768437393853665357568701561052416825141356867349239840892601350179474014409276651748515340457250185868281675084018215844081033488524729038898616821775846863530318501977254 -8.7956228104393436090304274515538117053122777253494925624574668757934974429971939176109686967454822176110629545927457849472287694085090248979519056168868348137849454625797059723980699130861168475113347e-15
-1.9997695571990918736612722330189833640168025656920042690777514101601350376822550084249841456343628276959355468568892068325368405775572144023526961088974388287949452591592603749169541795777678856022529 -1.319448926309247598042232383371889047026885459199516614297977041081242536920656153948780208957235785248526595860412005139923690032210417680906642410909298846681944121054330162987203892864858158743303e-14
-1.9997730144811215308888157141809482474133092933723080684083274100026121619167374519880139433863900085096544634536462544819188509730540754809089409687884055495992387714484464458390979898280829374273858 -1.9751918412514237375139064361466200909146307678553238863006453015433983189100025561962210805858180674421814619495067511191564760131247801753152815667448758674821014430138152456363348105238994790336117e-14
-1.9997763945614943646280823783472845239975486762006277217114444951810426507163301352609365788032089141953127243075879672159080622860071047958746140127961586570128693267214632365571899609505251493267884 -2.9505112403916488575255276858683629638753596788227887896113089406484013147514431111685032219915868200504538258935201193900632420525035493889130892168904450341089082789807487076373067971325387713760663e-14
-1.9997796997211462901689340836870796034609837651891855201412863257070976128698525642340930703991988711542447965243165730265188717950048373679281773225635700281653109549617047368933335032462767789470435 -4.3979287196567339493941699285569184939498935872973199722130175676953629793240882942046301220992156149487212216185657333223843451802638447342555847787495686177274549772323243790078311384083822391009205e-14
-1.9997829321574187000185616364981364897120061373670589335699769370151314987391132993639027785154282890308589998540974912774913237503953141334223055254490938390199651252139781188200328342101569679531005 -6.5412305060961160946133836371933876577057734095022616263479867570089013944340637272750587817256615467854528309244856425980772840052725765458019025897233610486112745552476888415893597754134250121822853e-14
-1.9997860939877083619183048407460242360314526757612279752924641550237222573984909387355142330525141251841484384460228939941424203712256097932598529340439509977739748766506412274449696453418081853624364 -9.7080229298583753117807446808519990369967566263783856640695995078182011702344038931200914682083256962594277050530363222841214428395066000320827498935921155383069767511034753384679438468938800920840074e-14
-1.9997891872529334558293172489491689569355793014162498592734565636455879656086672473027000491584755965674975479896085232432666121672842296676247593774284023367638699087969632448259050488126981865706699 -1.4376784468999200818888397623187713017722472774128273703162291983702435057218903923115006633096626695951650560355987962146266636918209773337275342399832460908093232130043860442461125847665023020007519e-13
-1.9998684083121117851631058800945345483863251684868704740993469017810453933604382505914889767297656034901748287394243413781981341569572785467292268281317713520835362598561930128619494302338079559093742 2.6384834914018784708051080071334545852857421328207874790337398659370446408071059048879341456575438480065707402000112597361267949308368729651133094030555365363372327929957460464811022977157026729857673e-05
-1.999792213920826605912541375614804309787052871158886486219623656933632971133700329070870363232403225392874018733313980244652303550857062439838158912371958693727101082981031367533906253728127914524953 -2.1244667732047338232176221793697067468790533655668620827301509638248079749867780580722447035680484112048400463996860241245199602463196910798835443212134761182336298371054090345389677505934533952023292e-13
-1.9997951758890652322618102444957557409559016930545032208578650407085699954508585034558720979120937724994825663304937684696125466501731655328119735611767897479601852559103412177356293878172104942440359 -3.1324885447111865933139208395431294892429981622723089620201392972198842576271532705363431823088644734995964910614308446633118964595847628380098845441104369941949464701141414486352464874814837588847345e-13
-1.9997980749882491388497771434803183900747336254022585150016533796052392130467818865387250621040022859813861936967563638154847814180708295987655166771386757020725578439144710796119759147353578234072271 -4.6086086966183429037207232002678311876488584611554642100616075820627697902917529265365905307984066826142758082916991423779666642011120743600409024467292146343402990437807421952425501200984330734622316e-13
-1.9998009129847350042344251775227219294637687462470673356239742794122169018126437918783232220051771869788603264190240392004524438031433069542166237021502712509844463454460395455430466194631803197911319 -6.7651027096480309183193567060010440785147423272673060378146664631756496250943538915560924613122320409286683628794188357523276657089130921970339831706611067059030746566622494086402344319428126494505633e-13
-1.9999000797586493568045495776077670905952141897749666941386940069166766285206548494857037465673556484980241645652533922007694153732015108877327504653257432469127965114056831990561100071431558781824905 -3.3779608907863796325138725386298917239260356172576269424819313983055253852909394593777530740851689112534834050290998568246633062929894213140770800606753651976661348981204461713775460375144886578781097e-06
-1.9998036915833374063250237596285360533272334192313544957745419964061444344698791181931998639348863004858264914687810466231622597638825065388674831839163104671973369919238624243372510770691647593062577 -9.9078451441664934082288308246932446233702528001748349373327979226918588895005122029574607269131544904718663828277430979764893666487844969413440723608034029996211734525490528779276231365420039913289876e-13
-1.9998990592746528296193164854820848063167585716706902444814178169950150073043611429066682218023831215578627966737870958753625255650007228140236003054698126466132873909614858520596098338607864368869926 -3.135423615079164329934296181345174735891145260342550556504740053187752417372061105157185753321111262296637874326630878013326489365311959448290329638867017056919188855621146022288738460004247802282848e-06
-1.9998980261207264328907053829992200900018620128872404218918688501964148338258138174427000052772981524631701972799053755616930366254123851553640566105552961999848818918516138767332176624777648577999396 -2.9547418290354514704995310114795561100723192219717166375978035808560305749463436254136840055930765930325072738659651765662987648783851414522254107396595778505494441917006241290064263729372382452967321e-06
-1.9998064124299062799579017340086506520352819851216822700384323048917829327693936575540049582677786219025743706166626414550180695958694726125822448838395451524779963648122564848564170988599503581405915 -1.4476093267825274679176012250723692885375216911420783216219161620838814503958871124602817432284953056305672376292408037990116176306113802232068858315277494925783396333343160257322224005255359860133033e-12
-1.9998969792696949026519101579004820761139110932375969277525103945453894830167668841715726154767996216181710807485670420418661237605016958801806069282670988022048541169235530705275679671705599403053654 -2.8044911314160016066756015014187660102987210996265835442675689129764602948261451257399773273578753659030123069606389407814534245136302741433692545440995128907119551221816510613345271499207936352117285e-06
-1.9998090771137914127932435263824691485838959158024756070768387999991058894952464514188499900002081666630498438442091643644577587383860717786651224635332276966671787018181870416422778253158136569476569 -2.1098285216022380777933231108639850627895964835447338392170375125447882412927031066056477937153311160950046418587739897430767114570235065549317083024904597717225048950465172957542310511650861538738905e-12
-1.9998959178525203631826829382910583644544473300771098703802723036326502339533365085208420033055801547784487402808816658432836950752930922481854042701149620123219298349314663322570074038919864515794848 -2.6724279729507441452645354536197393787072617736745684763488362420477495617644261268147643562508707698597892474350141507474772410726745966453922874907531836112363249096334688294651683071498574788161866e-06
-1.9998116871702059422497589059541646835502268348590984122434004328660607937870362069586175450322750752744804811343182528777653588562387207170368390708391792845070500977111782212779088045584270209055299 -3.0669716194516971628965607043790773908620193733512743325544286814205103768079704094451716380600452698097186626333005937960810607564208394523157054221359065308834617891096499629516843362123844911242917e-12
-1.9998948411886893806921840937879509104312295898721476422743172530375531559592795036025651394914366630561665707250084233211852970809689362421004135321089099981464859980234024162477715780747459906603275 -2.5523619957963043754250093199322721019713476108511907746372595485766518992212857013815394666964286538389533395021074909886219186751494270608877192569862041465886915040748001300491182190315106268540729e-06
-1.999893748713548723823275173708079368783862420747425986595634208637459446195345325483380652638847184203478958990614235707539152241481121582029615114795002198408427595079554316165927685730728697141906 -2.4406702104246480924956124296834315571769935899514946386671518059388152926976412972240184584136757885961363198086402481301004997412770870352073961440694019753147391510949624365586066114016425060180143e-06
-1.9998142440825031496575234613479453172289973010225592996273525156954394793250096800162129474499768758323554636889560626611938473813413553307237238250226516216333924195190717608523414985448436264723412 -4.4459691038007964055492240517430937158873247613160066991100630092701460134780245030122650380622989380172575276779301912115141459422045299768372340768281588778646390463831313200190317541434252134672923e-12
-1.9998926399287786713592895819520769122319301982706307942477206497060064523603284126879623392097371394108240784756432435411849552816156291805679285589250826177867012942901147598628408142905915866385997 -2.3350192827936606965003970927217878928298709379442024005703021648621976962797917810424040460415664715574681100844768904937557894698210491275542045312824692367513784874622826900032717651842347352786998e-06
-1.9998915143737251599943224454472940325673308787273019123985812518397104734679972225422028140667657693724588433856505388513785104114911332319794646311514204163362153009001326805342519813803312638424786 -2.2338001219889886246271814155864764997946197830345513106166242485474826991865968750805764429460376937374596485566675068245196078089625300421210534244627241326318760187606448708423841180951527123019072e-06
-1.9998167492843846602663453894405269096258670435694073758556396036409522250366262248390580820016194285375711124896597627901324480958029854001377581166848253398184733133617108025119734434551947881851278 -6.4257676600445967584283832921858193811765004236082007806520014229322873411714591595997714528962865167001354703612760381885362906003435577786274092916623641932127448168985356508510844602966640351994115e-12
-1.9998903716086459075591970232961857717228666191647615134258065007956340312786537287302787135333329025929921958003667599924962880118812745643016801809576656146062454595378426617279789129473359653610911 -2.1358439046613397761262359567084705746957254588760590777237375386479866753370447499530098244976224826148346250205780387816055057165384675011500238391866692777499272390387215239267455189790987533079634e-06
-1.9998192041620642255839388575661667788582063366978600701230663954391290753248806764187728609653292021184677583305438481958112239483441848515366177892638317964823016153413385460106887642662842858357109 -9.2569803625333842998084406059331365306553531717140760043386921706431694567495373598425695363723302143614125478119160586421199862927787856415421921461276016656082065206863452582809333746073490546770432e-12
-1.9998892112044892130475083211714364132646876132072132420133408500047421014856018943641860881648696518298731375289365262132768031885472677852949378271018125132558288026246012746849525533106682763002117 -2.0402657457411975946564764603627483172688759186961632091313419729773199897534886636170497091057877261303916102039845948579674304914512726906441846087477693023711441193177744505329133322078845498777106e-06
-1.9998880327363117207729713507208532071462162412008400951533554409488609233019261733319538699787947054786999610900604863757629634402590270869476767967741887945303895455411112989531627980356681532628305 -1.9463724094152371825558356801591379880400724409289285779183687586982912399403319488910773540416293596881674922004458073506974179088103632878156336435646639277863204503360834101181277952302257360819308e-06
-1.9998216100564207884841845087376970589063183440871825151026577383983442202382868495192298947918934231063141644157335007519953142798754627446307974851073956095103331369529104679540226938938269864006172 -1.3287814934378282486662984196890276759028326761030744488203281664727355285094563208792756271534356623316450616899294019949571243658614502144249823333284483427502810671623080445354915833960138582146275e-11
-1.9998868357787515088755203815468749492519956457280338333461036179655701871905655644674475843999759947515231737122019967758503763410121298696685259801776991473153031354171241459355284070286482494081948 -1.8536047293757272103772965744161106982105538238696810988146353147935345964446269562303725406605232565939239758695951584451076053554520152650085293501708918806221447067277597069303457917542539418364236e-06
-1.9998856199026302504703215627545923946108781113313142161293034239509443563572605890267243283967891006071638967288096182341351822417294131039011115491043082144908497637253611561339606383409511495917377 -1.7615000220493432584956913922110233650887274891979362533150746541209652704166353477873756073759797881236237901490426527859629991397912887316058116365624409567577311862080970778093186238527650446815984e-06
-1.9998239682651893722779253535970733151118979402394892028204371600637675883923705657227095065382084000897210720626427979913569262741435841635958027640802135835519002582817114384312408785024605872369977 -1.899742890261031074083435829998381899782007566857165290617312673274157776257394326952564725262356844624057708803353271190675824824759468413842432120616009211348568590216327432740221283144572513978029e-11
-1.9998843846720724511219098950976225606872801518456090430760326507030464996246654377324894849097661943186185554197223751878418988143099846860691075945639520310818522036795539713402993454848327958512677 -1.6696665883498021113659361373952892869013819376734839393279963233370806927215706676977781564927253833092511997285767374064192152622444158337861896304280135922961323501807980893509199230698430500657083e-06
-1.9998831296416482528889175555238054651447742135797884636181413651818399710760042801507548311715441872055461059115684885894687082341996599001135604675255683695997059000133659762586247266313721371730506 -1.577765805112434831217919005004344151113367820059564967048501807339352949196272594912398930114335630759877173060744526181519909381940073779964784527940835503261343410176773515994266346232950719905115e-06
-1.9998262800452613825207587873700058187749030205760633858499315986829213011601761332497152288675193611746324817982464257260099686123733944384961546214030396682708888458919993773435615471876777050655829 -2.7037328713191564187737216431626486440189607547452502272062684129374796477739565551186824085617922916293761640701526470788816420132999286325468744488301058715906153705555484357761077887704702768565153e-11
-1.9998818543530284141860118892065558078090944783945093086076401088619469550193949564159623898889946473055481910925710243697932516786341615852261138303019060200511932628002916224675835108220977064342289 -1.4854991043451067635152647743797900858070420700423076282072944429388419149967843729354282589770741425608936648196847621960752474550005709923542778626062960320881017561570329385287613309889810795952552e-06
-1.9998805583304943037498779709386681217906716868704556606299271858015897101329275256430710229369067671957378827886880909482897161266556751026085956662538498019118135529478077183447285656242565004771186 -1.3925981210105706764685034072075252720396343008838670319913977941199999104968767406347268063936961014729925442467855473093150392959874014956077951707206419783056309884358096486189081015986036302002409e-06
-1.9998285466152016664446083793567604583947219805890557304072184646121802277397909444338931513958084670630358075828875669609121572384204105885528897913559763783641608264318544775582326597136194980002214 -3.8280056926557976037638540863650742523316006967503619953002156707520386395414994429134590849910435669236912360853879720992033651531884409250144334051490318664969413555720339075374034273900017797105739e-11
-1.9998792410743419726625645785177280701495755994890765730700020873693863177912216360973741670910354429188203847315580904647067916667073855656130104155602405766701532553211816303640570877417011825217392 -1.2988168322276763627702565089750458334051958442936632588632541920459291127501790431136380795442692798531971236917280022829534373898619502964393749010896969235116858895870072584384457496267189879501894e-06
-1.9998779020506850622728670782938966929599824541055209776853460732424361013112274567815154726183600243415414900766763729901532948536494126427245616603087630641178096442536270181303218046714813252667484 -1.2039248023252554760508792367028836196102583524383986354936125951727748910768314925800065089928239610416684125604592591485178925068012933817342456079156377764999376302525883297078019456603534659099619e-06
-1.9998307691581451762599940569253916525992401162163592181863972428491497647745226580045739528872289545401961598030395687588172235226971708985560990086035059637975167815047251096054850522984971985367292 -5.3871554240139761867900312928169249287073994012041614916073088636612035842385398351378991757063990256880351125838503806577737443848989842212701598141859704267348493593429153656608500405825455841265909e-11
-1.9998765406752619695412043251698768206902231723516088047851021819408195494335871572271910189187693202206628977707248179095157730090672451117334095926355155057759447828670218744532863044374142393092717 -1.1077008090830559259575332382960477043771236150117774669338401182612215121311829637689126379181105912338542796479050191124087692941983525026931257057956997137198754233727963882732692049816713151737782e-06
-1.9998751562873486813546919940828239053135082143874429995625786470467996954052319463632057645950215904846632314914440046271792105685386579898105175439447237840847645554659423012649331093901930412025995 -1.0099262986133978813416582364945021476202271756752783648201582793764114654165253183967362952429402115685786810065579034889172848981013709227957746650973524154955411223164992151693281339452469124564789e-06
-1.9998329488253223780545384263029104445963196805325773601820352721288567702752607676517502328581578792941693384365119411774458949973244130920539799915618224302779848213359364167280047968457562004257432 -7.5278327411937609795888566520761752191056323933508094889197150067168298874671772563266573789970669402085466383542367681883585598074490680780204944293199963532332600697546062422463345799656134307337497e-11
-1.9998737481073397877491971301724140803060629498934023680160832258959530831426790829925159874206179729932792917381552499461302470028903637528140055374070326718365407109453741462543548016205551427050087 -9.1037861954928112930356975099825178891029232546862562436030327091249885422337175484824850564206608804590036813909303689455818430480997864110183527128595818679109318060162317612686728449618256091797679e-07
-1.9998723151672116248302733085200002980926910507485883568305409403761482089150774830333963533618735536276814015500883853726402259724465386766095100339394630099241876105909923504026212975628006128564846 -8.0882571195921244615810193796286878771805509328503255977468774381982765094605726462704708736681249775796364270207066445224711739528574903507552355625004423689883031893216334236728450550807209912456877e-07
-1.9998350867405970914543785877985351864134070247402948675664588625873036469707530578885414763128238252212506063589751858081775859647980728186425575949896408740167551386988900500103556199785763580230234 -1.0431188866857590678023734089631366861407683299250570082896695115696035174093272620044923977023824616023368526162524291448245062380443825598448642700311557794976637478014736341217786789731781353247986e-10
-1.9998708561956115033557030028781540117038522549260232874280399426040775569302223342398399022352811722919920482732204615595000480724909673849456904196446749233972242640498450636808226493528110477444907 -7.0502942494190500301946985250299592884122786208279118735527328412028670778888201314218451482800940721994566309764304471768331400200221522959840442037638118073876522325847498830111615352175525523377081e-07
-1.9998693694271698794876350465678163974945176968727925102600847645951556200388298649198864672222713128816113467366522610099159111474906300215386639978639092509596793797316547222785303258956499707761262 -5.9878122696900928905380104988997680504653533755342534778076807940473249915890684891157849890182417209922118105141222504965563345321426445390474095567665350765491914654685989740907291303179268654147263e-07
-1.9998678522912569395743916606280017501820709181815357563627326644063518976393236758356520433086599429466741859658688248268394938768151757528057956684567005921125180248841194732511217806965348496452798 -4.9004243039161746033325239109118634358659770994579825264588894432399440069527387810616691857187437625001536226726693364559278960715741591208112317015014708866771414003000144899648418309962194823589441e-07
-1.9998616251153129877598170731026600463024612333295770580411942425870191275194097028010895253122567201142068514785276621603113818430962876961538252482389270510298331293095072530440893052886660494010561 5.0545790510994363171380310505541978099870224802385127072262540518204327328372198408639546570071331820603121956893003087052741006011427631716525078172792881987206912861835114024228180796360308190937662e-06
-1.9998371840066110408400335096268034510659355549823806309072068102464807779714688023764059552566634844810832380793227513119231552590810344226995649272024179459429097372255540323707264108672354400175518 -1.4310060594300212040478492974875243169858042556834334509289011758423738368189585710241723051664805008429542721526610250720059965275251074688782160129524818873321712342201013102720371968959196060617731e-10
-1.9998392417134608632581115924559258199739315836301801040823797384590086769912434040709380948734287557236653414854481637572976872671045485432321881885496917188055953657314478490081027020884721761618522 -1.9396648949142908701838617139011922406807356341425073837502843359115373793104635930553556352122982387335534456066806616688490490158319057607161749719997702217981614194266231870297048735466726702316463e-10
-1.9998412609513590555085904481346879565208139667679746456369846034004755903697714422627470200654039257069152848812230456026333203210058487028234867714063633486412131333449752244111887398691190340099645 -2.5916691388156776247016562526361646371005624705856325641747829567681635060130382116054608381695483345527996803644443990446165624741993104192455250241896148921606474760297869725789999006300732918208173e-10
-1.9998663009521695787890543749367263062873023812422613448859752075456802684700266198349655049092831852577715826946056064320771114586489136739632344193448950573615516913438763071293955608911597155918823 -3.7939467204792413522651078557325267959387834933176875751209305195216421471006566865472427513383337065268200022356204882040452412420660289559447019732636659782511300317379495728856076763329580610838674e-07
-1.9998647099159724828273857985080216268621485672667787781349680946826828855624870484375294461163997712787083254587238563808047181753154290586867387223766052499378786861215109544051694129595111046345739 -2.6930987467634563057049011909293041320860293345005268815140577410852622113568519785536132863041076896115982107862053780275121654900075857781368476942875877591189415197274558173994366756431265821877668e-07
-1.9998432428295730130171776288093984070908810442198157146685494741107753078282261739514209277882190918820355409661994653653023316507939532663691079735826729614543186047079889476560775945038582872485872 -3.4052931310018713064936845520898838913489496966258512708726543754240904110772685421304084054493365062687075676340088708976766506431938412349410713212542018682730983383516698256558726260836050197086038e-10
-1.9998630731149184947687680043615140770811168530916319656816617393157415924576801012578707303046179718122794778594072584739476420476878754949966259788336023813862778756269447783902967138138861369074792 -1.6689744487940195918100428711883461560902230573574040221073048737624046117325611051271113586880186968681575182150895400312237910278202193544468461639170415319555079806518644319374301981765054511116633e-07
-1.9998451885053050967577677687691162320059365351087853510845588074202206969783632148855391634501521404410749123352000993212639543924446721271598032195975705672876029813450036816771360534247321527566335 -4.3928809911052956339336701778854939887085341533673739128233490797881044569707608011153409416052124856061741419644785340385239143993216290549780143757524040370836903620620408846770258159168867959031439e-10
-1.9998613901018246318272731769539315274391157331615572624750704546053450796532642735539999849746478800540456369096432212822520762986655426530684654033437552024592933513986434233904995951872069137068027 -8.5726916835864331074096934287369543400855330490147678326955035844484901951975342003359311737286509294318682047046475003727245352740603212917683856857949808937651200734831749716569795071519970603320168e-08
-1.999847099228431368726542132343558392348010465963809104685752988468111643955351209051697173282524686894361053877420949683001542168122990439950315704963100883403111797976460834077215614016222203715338 -5.5733747070343720005950088708813041484219117975946740396456137215302790507508994812770498811362452966684399412963486737876172296495686601372284715826978141174696864690997947924915211684025233107756091e-10
-1.9998596737498705684963914526926097211862930903956392636343266415281960573285390629962881011534420529459641306784642559030588527722076971506220101831362572800494894549331598551724596406514871895051297 -3.65776735220949966550892731860847000899159414733773379336619283185534925098629598815940773501642801909361672637194051562126667199783172069887124451225837927204474085872303947864742472952271119551956e-08
-1.9998489764117535835960074726774293313692573777906870585072229504961975821533015458411803433563674201207150771957507533487179661702515387363093488277201139420248773497950665539693375876524946565441785 -7.0375658016281270666439373473905576721168995003907740608206575360603531841017049631478268390301536419050558944370886212255857028092409910465216468515226416454744736248417406344955408050859159565082739e-10
-1.9998508217424400414582076719962296134555218646046223067798872838742491250829587634917734313735095736076147246793604153799350010581632161212833402919709654235668280547058605539218928304564218751009498 -9.1786315584356067390065453966445113187868701066872339103600996587623320701621082128179278769737787731544655760487957549687417188482139851962462761876691455995682194005686589767990082120490096747135753e-10
-1.9998579397819373063068823108725721253261421675512580466209302062087890385481727384602953979403922429260241685020392915583193923701367714484531909553127991310444738457684912929048106852023949914133373 -1.4083873888095234289344658434325227160623508627044695351188528972608442038790434083772939116920505159180664103387659332398906066868811518371991771174718458402191716675652543795609859338623986992195438e-08
-1.9998526373585919389122644939073079504726546246099521822822810578704694378766027521652161098573388268408242456329617705490146401470092581014077963834401209424520746464943180483177791902400321533816964 -1.3403653767136564009662728690962644758616654536483273128733236248557365521947595407465455621867606920924379952534930155695465389432913599579691070825623179043816784883370440485968645093522632538710747e-09
-1.999856191929840418092376463264966334452094020364038933467235481090814671508782041748453498112342108607994916551199986631741633679196372605135400009937612897496271611334847889130281712098008239507719 -5.4713800574114050666382377303859748826480520635089590362722268070900160286906518464072246267194717228645170025070848287499173833427486458666083582852106840509198213776758739177567429824216844838595991e-09
-1.9998544261176317505064470297377869890519302269491228731568544522546502373761996733510040505656710498311260259177076442161874664808783407944923767787128511316610338270350933421580935643059400104733909 -2.4188617603108915334443878105373593225453918883382496258509837571345659869835251731509591417908281179363791354112129971241670145967730116032344924740567278769563111657402997422904822310754030469514138e-09
2.3034154261045457533287294701302873168465063548340123703659971071255029123743238904501804752533538143310361222195470506242684696497760420318845274183765493922969736384483825395864378471009064390474198e-142 2.9777522898557017248361848526607393000322697112453689087210677045151898903529846735071192004147154420019426836378484962907130006099679707341031158287445909698991095895506046645117677672874704680303634
1.7269042744473605156030256010414558483108356463105329830695578211258501944435719335969591392169380330269673244164852663573676697663734740388722274361045174775848484944690842965644108465514725142114385 -0.0032721341199816471045244123548687784389132812349549903496767873378746028148360819933652311744020749182660175387454366153524545175963022422502654871589305978850049718827566362711508978082435868302106982
-1.5418749024925337715984140436093165424004324258859492075481501137858223118584514580303939980126757352185597178100005168300132577418818089446927619194792834403080070280246177373985280545137452668416187e-140 3.2606838553419776447146758066858997674971644783136542233033933062548032697520869352366513028644755555456649263195622652745112007342481725091568770760131869342698123374583080593585921039172374500516565
1.1203226904855244767498240547675600788928099672868141303011286588586197118184298789461171098261557002475314847507076331392326486464782284760228071194173132424137193872973859469176701694811712154175357e-138 3.5548558693313395969674093581632297983584827503918628005109905124417819336509534601207751693633105851079560872917746489513733003388151252318677363398362411743977806656345075050355306026942213960060729
1.7722282755459101328173819812553885595919817752314279573969497823358695480876290857583598394107404038341335098249367626621455137729301414768085455238829327239376363408398529800558235453198997861317649 -0.0026535697452907965076803646158072632979962249394745980479319026778139043608290906464379655797049815921053345782040224290087293396645862774733554653480054515153073567951698651083822357497486876727541918
-8.8827038276566750598490031289207244110293635973805981084274813951848169186494402010281651542923387624874382386179668266120571446709314755241342911913734075991073610372020153656401240763572613680077995e-137 3.8622235480847507822538629692910349127956660350099623566235553360378972926679228802342449013740859489147709628826604964889961609799124750122718049656856100989233044852270180946820327491773507041135151
7.7292041749673099860213782917276291326140002277357810720983788447164859306268605037438964008506614159980879443478468117918917727898103587799875116413059795749735168995842251939370990167960917735976838e-135 4.1847518889908573854842645483311333603622828942145948203247162296162399687681312498200200817311651715923356597857192518732956764450722563258943685480472573705593474764021525999556287879543107669652421
-7.4264813309830939666590606426469758000258950542480883314144509460383129018831044378394985010667992732280985374131195955654506583016123874647049450718093205755522820022073622486156098403040835073050885e-133 4.5244779129257099303976572681391213903339296358628112207078981687463163085440038509788077976125933772968405235066821582452764295809690331682772523883478252048812469745188855840626803388647877444968343
7.931679283171947598240808204519199602901095123551059548079926327061873300411838451558624666498589164854207162553237672138165313382789253225365727088409300286851258396277600101625419794290617895205246e-131 4.8835645017782543796510341306683392542801211462768153995782889993861302526008144928516293746448128874076669542359739530509540619246023893344186004947793798900744668471327612587453674225378318547403016
-9.4837178214310420775374941981633461005404623678608490874247725302893303527368121205242331693952510004519134817964164029774919033238422544738141603794779986613889172352707975340035828751893063034966986e-129 5.2643514915297743729186932816960498042562458268326508007856455686596683182808597410681104126493357220898179671779666929410586460925438783487697023270160288590915796883678741229812366544542243142937581
1.2792877836271337802906254558173737801394568049584586731069286768902407722394409603346032967389523141984427870763467083028214402076963608888780055239145762355371297396440986017087645038801658496030883e-126 5.6694080002618070319597780074448818594579708487112521809901812795003696976004193522097480395155637061313441033552452607103964945188052946469663971110707020548545931294940328782867639286977840819866065
-1.9631585427076193785241451522878873923003089875273509073151587815906292443733703091790371548599018922661259586759014266781222004559817096401725520204140683171892267814223220889805184270113083652473406e-124 6.1015892093230235384473115479196742815586093217042485028181190164924368423127070248297908391207269345879324637805845639000392494445596735888612788119129155367540034991072381019943396335871837640960921
3.458381091110127028540353620643006661767673927246653432706165913081621388337560490027305159784657196324327652316654063198478925245268964444022431697827979159760899654321204320904451999541378290072453e-122 6.5641005940595451490615372580745360061962761811642452937087383787674143100938473746550270380293321958698438358754289681985785507981318308981318411976312797819187034561749223754960627425487110504979735
-7.0632679447243760616941077781245413165951843489972607733890581740987900818804955604373747596050658250375794897669635571133123617069211738155694445802288673907367195015017912146734570873418916350840674e-120 7.0605727469719532521303557428053843100913775358833351223354985133785383643790769812398528715899751292879860103234859655218578929121940020703225181713033865419740781116439389169589714847390988621923979
1.6905889703495905510970783305334639586291822105106396216383188744031425378561798515124784565051957050832249128381647081310935798342612882077375513590088507885495151949640550390157504952062428453174643e-117 7.5951503865369338192983113952434955736011462837359041387616026091336451499226294156653262364227368974530353811773096745976542114998379428452298438487244364063395385922502683788413199146819854061162376
-4.7985213785896791680875669302335053434091491217352012460613606694146740225902018676259056671724126698636073409248119362433555018125202229558118686927290037390259873282919683406630001103500122492846171e-115 8.172599898125379125617595012278722613503003519433010975426826105805468609089434195132454876824990808568057149989626594276568436024248867855534107462467918816850629689770442909262003812693149800041125
1.6363166123410079892643041662705246991140335677794991823076642898982590083014021470340702319098451597148585984773438857384587468102518720804658373120095826769893675028570785051391009589058492155484218e-112 8.7984408553582591339655517810970047852695805159798196398429451323707109272389769120255660908323633498972566150423289919989667056603245275109092472973139706079040448620724529380242914631988322783082546
-6.8007882743318853535721510098584203259583246021382313280576059418259006570891186416598543906455133152585654975403053868361807561588127435364696858359454527364472340237608628878099055645395897696199975e-110 9.479108512006208009866484276517389968976854436328450136407741455205204615135290547849149228567859195838516369471206920654171232274128368617955708934235122504587919267007861655175414987111016770169978
3.5002260261905805168140518832473439259421823034922713716934004022595946476200786934664202593986608306093088272981324997715023261019710753304379040418908070820144836486670532787497111898064621592244442e-107 10.222156380997795259887375430036204623146278911329633336672150716523749556622454895655196817708709707716226834454753579979988200338889543600839488381534311222086883741586233339791912848324218910788585
-2.270694180079872516906842847262247848469574177695870058100146148425131122644028910329911940949179792887839298027239110175783887740095602290104267365739524704195103580071304791143762658209762005457943e-104 11.036510945310091740131707412927668032835604319851001293680622996971084846481671068952589434585508246749434860673247853110957522748098628400543119350456489073276978294957930535521634147713263404011394
1.8936844618588747596011607993820645130171794875189552323751251915502351893991614749371008038451493170207993289624821389246007283089242150811389464216073873892832189777670404708068826877454881127760501e-101 11.932794596166853484151240696697817713166381227223432909566370081302688115264746140348244520301363167107091337287176206502313594764491176490428637082839683574224801794187113233167535117157340177658741
-2.0754583656262745295596611425152528153987326312395770497434901740122698446005251344901140126269818327410445995217430783978146055687640954802832318146420520816303880044628705448505945857422975106670706e-98 12.923738541843020895585002884592282001209017138493064703844883795247774654868775886369393264739913284935297676152139702727170684982600123699932865591908741483890000749033261156030544632481410513012271
3.0641628396669397777863281121033529261500295198650650361182362867532072052198405028270120335246574194498522690045927668012697774329828564218803521436301807682543479769652091994648890867868560823902919e-95 14.024715384657197822139511626518669735170027678669805248410942312218681041081738174391845419110073772091763900785948861603672165630897190947682735682444152628870660542262859068681353076406154948141432
-6.2658127097290023102399102491118782808119968397257440810550470090037075511843487953194768312073828546517059085242903580283491382658996357066904496854143038490786960841216752694892090171838959872905744e-92 15.254432396819840062721691987353040422326172644187747244244091146161253927431353689525457273435502335604855037935904707146084365509606135676826315897309566310034882143372643036940700135175354766966174
1.8312256126487569549664365530448504860107838415400239675284185727559688892715277075960133898324053373582232951936310804710919397088513185872922922559773490852081757243796286558268078230563547662520048e-88 16.635842882490015714777949923112829638987771307656245043329811273269392682432445239817426041029887529946555023382436384867492594004350697710396642852241352412882876470433933850985887810099870124293926
-7.9258245650284881182034443079959666805386949548498324333100021840736567852641503501507095778095267589171766740139754529731511493676196531738768686548912639077363000027419234566288114484452615448351035e-85 18.197356956055036020806984579373910766438338040646554665783669239895879292754338806203582629530883241434944175997771494667319131935109778893452450859564893986931788894061130271246583664172939973736262
5.2897817908324817041412311247131049320403448482870953487932731461227291246730164435038633516723455480592227846893024079616835433745316397387148529551534747977020050947868747534194970048934243466288511e-81 19.974468654967388869796598037523131813838296066612452952109000064478662558730968551516372169299542914409593371056782657057038726467129788417185077826943167003304832290548366268101461332257396308674514
-5.7011047908108948822501934677583019925121290511491171168809765606474107168174860923384296062359676670554620117480278328375768903096608621076769351515374000855493431615990732849777355211904966603841467e-77 22.011970089261100219374816171020729194167185268401980461768185050875948767164057865561055399043126224463657884731608998179252130137493686671083282965044224300115248880127161999449799792929678919952857
1.0461360572548944362948700219494099793991761979246865504165438970939553929931692941904615712034107669901917999794003382380692751338485649050885330911874930383340337096269445967090111503781042585240196e-72 24.367006086149841967883884667428236878784130895043466812978191200928083887937888315058269288341285829646903898564215808761989040087785522959300513343757591536181370573487373571801573567954460211175927
-3.4739238530433139090068850068544519322270373156476743202848243497825201277346941955807965324626749691067267460436283041226791268690533985498358118507041412416700855235503269356648703241042479271612055e-68 27.113352632687539119557671485515249358800934551768943984237010461898615039889551332926290610597411075148700264136525345974815890294156549501160092758063595874604624020912975049194480993042284785723018
2.2407454111780590214727065815938098951493426394096817164275866116725617522534177956828094872265573774421997517227564649254471277221724204017510748564820379513709534412052496001950135994607000327961312e-63 30.347510526073340247554942104820900890562064747510571533691125816048125821471102590254717961564171621639688105920896642086131137811997089596454528523807980801344055795166861519323662492473233926272687
-3.0494536644623798551400833002188902272032342669534666297147837562653560558784622548767286404450454600277428190461216788784852838583583350288377613634671008180554126669849690870187048957148997927522411e-58 34.197547054973702549379297909380317041501124251497583094966543257451219557207854383417143395547264107641735837051818002414190191054134778162064375753931521279809198906500096592323644971891113171498719
9.6524601283622223201007487999665680508887325275462854965695758891812432265043559351350060548859875891530511465439268620817231651143458981304796634264049060877274556206740667826259700084468924590402754e-53 38.836193264505319422032871034788693975031943003102663953148428399681045610508395082559129053960715552998249601553418245634571604301975101539897776982413187881038456435803079881324748989687880276133316
-7.9804826625832549081787907769859786266122650777288685760739819576225369326867850446017866681277117147309874107335572179460404349384019242634025798205500228352276096398193874937532160753549566074406082e-47 44.50069994996153813999458488736776649548730920195764046034945884141330386423946949715536810705076811107385918084208993178723709890228672041817105844388411759815107017499067475075822809407278834513045
1.9819406851064966506354527779304966248478949699739070919051736423800066999797098497265833563711713566489683410112942188768511562273683199490200650050770347617249476090862791180940531786541862791469876e-40 51.523736354129862535385871297613567997732617254940475697274724642381250909584198831346136356835179801079560700742371836589624022949534342103541734556700163449663548260104336927248603831782738279317565
-1.7536919611917316306045977508356679037388019535623723100014274504834557245538939507036699495038762645487136297287553726142002582799456977941582994114180124356339424302527713569662917284967559249992844e-33 60.382918220526197462994081363737131048651631434018782535817876397836972973885337492239295752872554026580226461395966778308348002883065244763579067889965377123254764652899642372325839867712429812093729
6.8335017654375936341731213586643160231754166300541628725055902166826954762029013248443516841073904107082533119917460323954788116911004143144128509296040758486383630661011469813333486456734708344318697e-26 71.782933994123035593870165515543639612143676567005339931048887124103273879667377011509033458931795493500995033867199109753712332838188271409682856483943439269587573907608711020815937277857297334289126
-1.5332287152147232585456962957681988237372390528370902624964202698215782585465081449079196346793786908058320770322052548899199919412603265026787382316676005329069390400604177849814235001259903793923911e-17 86.797166904789735890870779692572714803208765327219923805988045344544739501992599454585551781604120443798687236072327668970918693203137863655601729190610652088812256156960082975101633150230239652468938
2.8025341479549348920807546676269345818415939496047836466809387947907410860308024807783064328427931676837604451649952366276339892471942651731876767429938465944216087672544770920772173396240812336771352e-08 107.12337685145015310612971591346256842209149176945961127353640453388482440028243859003853339094722873708581150828328800296363176998725849332396023213462068042421605131432022385670333626381977386027162
5.112012717708640437921281983944616434264309013452660262519537736870376872827296817112688319812720522058009572410836651524158021757720591859237114022635327910754249820347953110918257197532747283241037 129.6335122712207896297809966000394882635171282173725476976533937174458560761186832588449780148849039222668677025434090360975391322176646024182597066399436109606040580869667961359843784486743835339949
-1.8505014679395510498226564595648465235259793187152666436456474823068811396002114798134479844490908225149861097457827952018220555682576900144831882494765141655931533317890955232527033809062685800525107 129.37818475707502600445033867387479274309306468477172986410278310735683686423076891137259396802913219830240622064577348372264105395819023676537145719010841547369224338443070751846952054097429058006644
-9.1809488381514772396913485295003356146958895691673647663898308080562418637741169854471371655563855445252033204649212211630582615384393840706524757324525905797132234546784141753263803035919400447231035 129.887174591213979180570998258835387136724713302832845888311427037270975378101261606854027510822848517029820722258911141324413912129778904851926556975890161395752012538603401979118622729425244433725
-17.118849491648740054279307423532880597364839239828571092125564303989898129211762850741453259374312842767641709694266170333458476686090372595937964765843877065679519437749147787059854522473838033743148 130.12535844276989275006258120228441515077691384656244632662334226525134583940535443527609347229141337579555905866179816061848824913999465156609359703153258830837443066027428387935849851205598677708086
12.775082315111611599080600600300390791093069851385590603751027139161573806915432128276952109213362948410235363721659465241009823269542269693531619603949467294957229343466383839475816116003192189052409 130.18778953464685181311466206889662021965951785024884801676432470580772276326654335738005128710411653790029858713781978352987300670890929234988231486349355714818762487095243769301306099100085983580439
-25.223567827991801340110744350320057667419486595393563812011576560653916256999040086603146659379521152425302019557661955895403361768799531846774830514417184171305192457208741431877691113319660590340869 129.82089294130281735502981951371759550171148856922896880548481697937952347147634098691101153974978864210952702121848973374907305663162321737496814176065306193496888289221450276225873144855128340319588
-33.347041647570444217086473838530129170443480954403682869773177520503712481509368227986736183171374518725205795255537876502057487245580671206665044092141480079039679943562569307185149738528644556898312 128.98870201395075719388105450295361363913837901623568777965893235134488772241336660902615965085924816902190826747244095061700980671240033885942320701196145382619935717922529157730676466945627134892569
20.813641664176326607843593559669997024389055831642410802878071932760565786953971285005229696156819094136986207951869012051236448899810569312409125955218030135166126497209771533690876996420333633180802 130.25927184216671849523603377805260348634020485081564805972720825587377439360607803561340828417706975017935254935361956806450463426622521324158754998436528110134614383918333601277369496160736490426103
-41.436536563467520000492810302871337330712439369879240513592915698126066912773657475909977420575123472141122847483705592815625344919637950520062286300640805525962285314129049965929907126921904203286181 127.6417727859942593707630581100119074548474726112759840780752679437194289663645353344139546030748767992149046084651855624497409806770580414655505456268218362726328145134290487348287855474784501571268
-49.456833155267288330767563126605484140411853766113148848000231109220911200173339173423018174487560554503710972798368562207253719349891232963840518224234100244764137942259306052899242272144447395809938 125.78632476247496786030139694681465315607444499575948988229902203345528168796681239639332775106719806194265100253988056920994257717912589756776488185261486570218671955171782952649862309225510435723244
28.933716285778777824846518705302056032371953874589562153579848346234433230480384266114732368278792603956020789630982500213606377518415355802164150383966998849768794377078949953324837933338962797131843 129.79194635779800962370117865758801685061481029946652890417023160569578992026302293357917976538964050742774894113273249028747885532004005694620131929520615099178451642492584937707347374483691895563856
-57.375698100065126669666586631145999710540077542984546666769863701455221350290518707168224313555220463587318042571901003710202050031844640932530721142779480055061079292646989549007564080789222126791856 123.42758686547547420376744242423383265881054550153576619654490531300299791684533542276278577333127079167624759552631459643588564135960147610419002211017077877557857131096367196813913478195502108745706
37.049407707843162243255017979091097328355565960335503013994505968505959153452031570565374079306238714209189010563234680246387017985253548773535832372402461581039624689530068533957324118897865731421853 128.80450629888706576596776884760693776809081924672283088802033025491954552187033915666045418803506933682287426650710717515887547419340617158712432850892117745372643658470997421433537864295923535701386
-65.161520016982539526367562640861101856915191748737960839655462448464938222884075202649464215432527452050690692965606604863076204390642297017332356607163256861306466866587456001921834579742855051222409 120.57196776032943333948535402841164355015297237347029324564895368957859608107955232166105062079931023884050551340129634203502068082089653314422447907897286384923556062936207506958611207838579500112011
-72.783095324782807768637520684658795425258469351295049033052352281914089131548746306536794260891770145492021625806716411469608937544608890712307161806750660595841908371092459774785116663704305279493441 117.22767143766065129696076829770935195723447077270326911497000470485763377635589578159101418526440976625344969735897274436953523621758220688783814367851850494356663257138769795873568488381548771978475
45.119581750665617106549443459739222777548646261643058617284673915830307770125312120785442699073154739112738379692842870822768463657131175836126913056370358845886536147917544359460854356406838822308161 127.30584781185719621871065031914894332073727091318099223634160715394580127444913100962784813360121368789077790206374675925404896668590945660688119680524547114255531349746400690570045341604751492234899
-80.209738473622609165500983760658164816720830831210734178744704688375455580998025056410546109795604716168571580227701373929216332476084071843653322370037645849235195216022261342873438041295919310966091 113.40482917796447889465501703681713759313609218475470234934289405973884948122841213951082513841747658725128069989135191814020951635357688878199634212962986129243967181762231319378241008981200471356821
-87.411418147128644174609400341804124264636801289117810757494923958024260768064676883927671806419757364946410402202708298402573734579562577528925572267690515053563445374806872327022089310855329804495503 109.11549745682776289790181965707463097769004090877914998391736600917111413212290832556827185692072717602056881605192170325647258858558510751278254871647896291645439645935146116204219494336009970012441
53.110899240147725745224336705309172412243002510075404515933333568077091721908308055771841043878231309823420547377909546176044488532946659904313272717861554873953735653818252820198797658449582894785603 125.30111818416769469089444864101560558616010452117711056146816566670968379261050803713342366815570341465865922130641622105769996598850144838876723348521646656241240168701843277439816963112072816392403
-94.358884929048218025265598862250166536151876204638318438791994977093208574009386486304745428308100189404691824007605009258054771895831171920232455518857696151732483647759306398769876212105188100805695 104.37361900954445156856592048642638281008924770837093747880878409730534629973451666781581529874103839062314777756292771533062843878502721113416230359102378495592087454886992508888330024527140244554073
-101.02379161668362600354717138778527837681748323821182776489586804933772341468801586751586192222622940294387898998611030394595261269879508034314360198326414273214346673726412539080825742021560618091771 99.194970837608925892856222210079944515711757567257362055475954508776308970749543111046048148508639462235437981128167105249130096828235090026392244291463776141363464821502509812690308228833576760449963
60.991315868060034179682546668433521736869647839745476447959066391802358736722186836438621446859661456335258827002779295289744969667311071787990639021754426507809629427341692567820721265714376282631332 122.79570784465331875798358700248180914061758760308573692361310997851113781629028555629271003813262735188380168752361364814633576816232759480693064989060263448876024839247258325689779856317148156694308
-107.3788084660734353942364236729183017283054676753601058025909434345658076822460782646605933048579742353437207404878789349437401738850515177383843257845870612754266394538597231018215442440515501910475 93.597104216666847715842662565659030295520055839905617732503973607243626816866617671008623997917909121821318983223072141606570889538617087659626477952675773827672839904335439255768705690676901946329501
68.729173790965271683174729897199891387509041160685573849497212014840092142236746822554519977369500889332660771328856631750724586653857521010529500951784964563653047176459794936158574732561743217793473 119.79653982076595420655240391397589834068327953100321134279979698938440736438729289231003523481281200204241760953371626530612387433700072954532042590656089836680463917130627492426257825541499949489663
76.293225744221510644300768528215488017537183962457978293250152982093376628257874522565490080560571281797049367582326449269407886491618632592518112053285492251384233331753179037967727269186662774765862 116.31239878903851208421558575570809796597366540484997981222714709120538653913017417558121611468362309559307587752552264405010693679864767627839856859056888750413871710903067988897297704380686362194068
-113.39773404820073208723826873919337750633068096197492016787849632760018448537004232373952304564418528366314224676887462940017756849751414084273065792020441385376329727606409552366285829663396288783783 87.599277664453165298492528027172239766863711370392652941759863166528448174493354598192598732875277095812107287940512019180300012571471133631222466971992654206784470195546090258494381024107784536894378
-119.05560160808507826703824218746115926341085917023337205982325080572069361542525498242706687398980531349015670482518793107493783194134975597998295180848096401946407542433258274393504661363147416390531 81.222383140000536726833689944869053145857665485061376543271496775075567136982144818130585145806250521995359700609424260152801481796797426274393027227396281737441357987170561019754914464554112936628257
-124.3287805743856182010505155383753636209376831170412545463445477931684401857000543819586269797574166251430342023422389111496006352283877645314425557235305558973045441500215474570163053308451071221627 74.488865714602601805518350520713653439578420170019039733899817933512063644911459323243793085713598018384215548403664330559636656035041927629685486968991783965037777747591321978051655157058481556732871
-129.19507282090605573450325399038550327026266548946698455190859035140637580070485683873508373668499224536887816883364659647470170431514319287666635444967275395740069999072918074555908706468622019060202 67.422637004221047136208988409229238230829638951583990398210673983305695720821404952361206816194685763172829082012599383663214325112197603482931611750463733899124822916975995065461623559424134727211772
-133.63380329084846362730309429988618975364685476973601535458434509750381998701937329963720525351884692467232369941046195334308224068506596883313034975095519381331727521666895909016522933940988069512709 60.048982693667032479970353704304823500416849016052495968871853282845620011609772006018095722870219563972594868522447148263850916592732222112262225633650151817755231796169328193237253467453440585250828
-137.62590461680663386604598419354501688267497521097016635697717138297742610890532124875314039665405854257874216651020436080559949772469841580570141487079395513145083236996920151569639332991183366293353 52.394464512819757329685848699296488507031843273713554107342862594262044357224105202115715929085596578441449951128769124261934116016205121326353036454238667510305572034802313101829356808354447931984514
-141.15399539423240579903094452224564334781436027551787613302433939965518061835358863127732826384277365078352532919590921441502595981503873096957282812240521501546361415423396115265662327677735997775046 44.486817049675470925037514310598182332458849472829856302196135502983063453283727504918140676144094195484201493827347656289552606442693142749349419711151231875034969492254450548756687320299540864049325
-144.20245179186354638457740766761291843566269261374489961653442065543222198417069757713260388453550797118318628020864623121982340459067580743435308136465875500617273584338896552440109900469814346908303 36.35483980679793920216428440823386797357457940829286566489482583668133938683598136724006800383022344268242306337035381789025928628056954660235219592027666843775668140035317181627410543556456602116888
-146.75747220935931474134541682111966538861965342616654025084721001729352134433139205166236222683143241639052656787085641071131118307643270397220107806656354746484208656343554644694889018253265441116315 28.028284927577003208649030887576808001856121736805407493014947064162096374368100539149458429698702850199650524149771030095400457577481860429809567047815443204038319051541765816026729006780905608835323
-148.8071347202170175867814348429476025705427151923765736352038170841430307547066545565216451148711939658443781158343817306301307007449281395270826835672597205786169542540964656879053540691259293755151 19.537741036730475819589520199853649241104824120977260373574715656491322984872487841266346984515360793085924212081917416385970815474096272007646971708793918379516430991410642354269975590244912582166341
-150.34144706690659467640702445315359109699293459693213733491456668415451433457402942562423754848579106384567331704642595314009532305895103529930218180963160767859214393793826761378178262409225728470324 10.914513655668508625556536588200613534212978744837422781797135637681445830762312139272522703573936486577143591564503716080863754978831745061526629948061477655000205042040337467475909252172912534637211
-151.35238900496745502254493549359332661965781350841605498632812297695106986255613615796361079208435888725421680926467749479753400114214973394623221274202771522504760112663070726414017316998760283393683 2.1905026676186124277870987513057429713257920338769480709565972300248970282765043767547246940144086890615287773276170820746470402646131487903829285748530486770919960300271195555946918567070731312593882
-151.83394682344595777470974765791278032220586269561742227778781527065299807866886382835562729586154023224149793231688849411968584798022319775975989220019665585282792681516333606456162977315502267620696 -6.6019226802683043114363234900246255509877268001935950138586921837917581907196318669951628261484884906500935230151841064167168624953126917555810383037240939756862288587155576118957903568113327569907063
-151.78213990038859890799683386181109983409382506404461540655510747993364785174110945988861877681003301979515415716179408811179159351686102324962791182498355195689948358834063561929248579208599152808938 -15.430050740287686900813753569355713359666371896920219951241308422433407110016653413739952535217890713320737162165725125890371898214616135039477071815195412519703765846237538052885015125905795075992215
-151.195039184017233055579037222875789753914266542643417097496704842902698034996894320465234957848295011920047144543180978896200582479300030749462811452809738701529579647247755975381814452613657461553 -24.260955887195087681454817554084519120487497687440413412335927814328929854962502883502817640702966623432243592275949269657826055096412019013972659650170296534288626170461669910102821320556942580625834
83.652775184751757183567527353546728567773499231574118390336124354756923833579575987581675980768179973266923585200331895280064246071824258192897993230829187417092202743791953829605705690843050059223738 112.35397866195852229950375147269041095057325469984027629991198303930353278622069400687825040601783963696787826192008604704283469108242695255820869475647541659722759353677165265904909793374969334963827
-150.07277752256847553793348132440968875063225864579631883681323181015895898359210186950674628276317517711837863618416978182358528318472733163915362709848726294823380157623652053745548576508874168543203 -33.061627888805897073555533898684431550648593175255486436122269978467009019949555258316515916149700529236790825398710457064025533638288796902537342457365397971582855097999395687271823737860323156579792
-148.41755179844813238183900238834272985871954402892933158281829656908303496860272450177139678292138866156153265043797951966024903472647732590112317356230507806074885204188570167346148671009005701928391 -41.799101707980485909836458205177409801369027636396725513267301788211300778254805685703128076486002626144570092282768084740124742699672117326722701844944021048780995745798454011969197209128644424897654
-146.23361685520037216742458481915168914448997272147488478549091802524552641035446593453944324649769970472441165034250801098226199462233103356229259037919073873039871962658873898381386217907186524293243 -50.440587217749534148014805271512643521708141409973519285042111828958741677181912011615862240676619703974193379216042352048198976714928143880281859866205857363140176934779117770160641436847610870508821
-143.52727123868718714794796336251659011352247184415561334033924255565675238824622666815476243703731967445722690393998191240415262710774805635938981718103165199021661735503744252238747820147649090572306 -58.953598311394232672504154318060108560261406437223557944679613061381746538790340186407034927724115811454903054053721124739788285609212133986704061626479295492273867435454336299305931810312949480547285
90.777815746016369219653501591825814621717683910659088416302604248080409559541733223066263115141440877386491380826744903916853349427047805469931919516189088469342003434112866264998053681434868939119553 107.93385440596769604999495694970615152630414282345118958490725783801784333989310987192576833324697403091678836891473956283516782732861169444351107208283384162696123048766213258161356580741900993478445
-140.30683480668341639516778482558423421412429816939482021246056457811893631834799487575728978029564630761262434903257625027574405552608869092493675771344005303743127695098266113304703650226477899520801 -67.306080891459420674266865620452201464882319168936181367589216846362755158905929590456748629434475248226423497630712020819495369502218698577662715325857156110402081312615739626378322964388601450125645
-136.5826182936838283255991980411073194774231694959006698543595869130769335065238419916365654262770796274813428101192723125173508421506011507385468662101725630662165974769706437858306915990962333724465 -75.466539225935459546739724880353915845060336674436281815775803523388526244771780002295173415296991586483839982611149757320513954985263508266698474032125879237283650207957517816087773409923725679711297
-132.36688494996030405731943526592142988371141618368512685286394498185012262868673368574676225480964433579528277077708967881892864389444263581599359719921363066363652503015100795091538578174461308355757 -83.404160166179520919267352671051746238213449498672484186215681462144040572107521758024973069517819988203606654094289973266901437082433398344971907385491035328904816174283291298130723839838998653895393
-127.67380440566955865246522228344698223189234205753514910943522277880743278201943054952068498197827753620178968593544303613585058875227818581511225060641131924471864301352845818672256642009896004875748 -91.088934729533577070363919940343978206345262211990469068923419211296601891192463842727070625078250676752703333156189880799201457260563760245043531209622548933335104916828828801487201085271229193028636
97.639163284794115944533747353865828882126464262271176226481017219896357373672360518437546829639596273230132627262132708076118583373050702006584947445114547537623707981437608420476828212768013714078091 103.06643264687497237684808297863580400065904849890284338378616949725593353542297730049983441213410512823439681060791822545814432377760387358409077191364555301838835866307224352861581856959274479575413
-122.51939894196780454878409684418982615654215381765083115172119930678725983847807935068123096915169265329580040871327603439599979359793474494600112874669596920870899715712647655805799379968826047937141 -98.491776560001152472722398529738658234022488281701509622597774974047170371720527234331343171730312513660907761212428087201537979241495915363281802280303614876724417831269338273634176022438093344217663
-116.92148238151366854023963195974170912705409785098225871352291833772083434485783501858041692789899391049298178135149924876127147407224687946553444583073647290850828537529390913553215923094446726399004 -105.58463679272615650846003408910801032446852220433648021702863412707920941612383521020898687019604948711987585874313248234160829622379096527399876259482194232676679349372683236007820125516387634030632
-110.89959184031298575124631040264776793417058183267962462679583812801470222966195898270537453745243313235824538499516541569437094746166828493577307841705280640711578286834273515257509351198465919220301 -112.34061486232524171341237005566455551210673440053550049016099672836577562445431811714165841452172946088438598651574687477760311873241291796253221305510257623056756477691949329774811038601966307331974
-104.47491261146081598344992199903872395626274092629241121867542636695724529227421652473747492532028783814115223477663810312696107219776437479205518017878825233703961793320612746676873667236713302398115 -118.73406481130272737996887354074812715137477581581500145194906603434402064312922337174611412228457246751386507086513302131322541718403146080530551280953343754672633283623084390910015012259879558874241
104.20858391931986506896073342714007593236006231898511693812953930558630821210148282617375306922338850522647628840338906296242359606615046402798477336253261389517906242296691212898638043237572789226195 97.767894328414490350935602732809959758409406479158797610546190898928468772716199092076631497004675416825364239444748636215316642305192026297210235785584845446327253438491403974260583544812075630437324
-97.670196478853143616270520789422429359004742683841264246107973661740507689882595147585277548940314335428852335387038824681901298919054662104718795399618468380119869804685702311920807563884593297281722 -124.74069667275928701442644925908065840582981325307610906315459939455686721541070152184009764197742615379054917608596275447422198916098703227242316754723993605552118024250865324953582790608900727936805
-90.50967378526363447264612747826599347999481853411003080189826354628458020632309495162555132691062309413310766844897093518317967916090457834698425246814038317582152016888669086234587486207599413205026 -130.33767252132019258543040718556888641678293876933616779567368687304699703871023393830899263304039229078882995359408337913268586198187969851667957195112600205410633168534904097644191839233694062757078
-83.018959604204793940899857382894316968848437800173378673388365655442092011210419473349888026759797181850512525637939519028095294041409125550398432672182629392734922476303496237379562959723656668563987 -135.50369680757693161558925740749302454744540619951639296307744919780892358436986434459068693486502276228759248013548678158542428157120864531298393261633458607518207924109124678706751014784037286429231
-75.22495438861846649055542680032878003533204526118310176604513891751220976739760484730782620891238269723850537400557108631743520407195234112392459462988174876953740150860713948243865470379439982450566 -140.21910061427195569819315876341760589661627817336193403426724813381344213516647644086322507848674948821712115302445038205800923804314426843231048994448260109494589222896286272579492473850549589149465
110.45891927024127680865442732973017697109527436130128759022290347846808198575906844848852274138382208924758501224013368454769124725228221505771614338469699335055694604114971039880032544930958605404511 92.056132897987814807921930720671832355527619679873173569947936848205159642757159864003584466656273099845073449520567953422774936494132533418206398928914936658838235494916776836385828239484797018638055
-67.15573949157415705067811981174415142941178947991412073878341811237178773253402018273282642573101336481602915334724880376758017245807720601451506428831028134716862800456271915494823741373332687410133 -144.46591949686857932314211230900423301791547472044701828914527942073051314019392765279833647813524193464367334086693789854790251147802701430083496952355204085077976324262971740043559090904733149000578
-58.840467974707667546545359114251515652420130200151407001687204837696085417894430031183087514267096441646768374312544118108151012372390512509555263476608906873644648008223143794044906079429081460604516 -148.22796459693936851877669594170590856704505767641374644811482370168618415514054121836958231945383487409822567424598504101304761708547684842690456643323419793795499962001802057540332380023673759546459
116.36420814708665739376405338896029390526130349362594956930077879756942500708927898485907681313234238324291852216344845976125512573073307622533677259668824658452115243049671727122399424545572837203536 85.950689429734389284735763697643979214877801252886080457677628340146385040767468479869798456414912186504539955410346175687268845815581531527790999851194603072732219020076376570146241118463269560415231
-50.30925113902622736526210510811870754612047913600664147658142528388325785543675423797972000802625984725857935765407887085353381967691801593110936493456250023509995515815378450530838973173150108513687 -151.49088674387428423356684921261085635192370640829045532804862448701146268324103479979372234097812200898455257666726305748113359709526677019626028567433036595478971057839856460785923165174247845959154
-41.593041229866002172069691583042940497017065881952942174710460096136789246197917597972767888056291488591739853752206604538450277300985357122347928139568510344404721460776660810665349445360711849331 -154.24223328864719480000775211020274233693666453446844445303362827572249156805865167885924244096172431708433809312093840654508154488296068281916260853460310633328800792893696832476509167097656893841728
-32.723510783147577948183645702101028228290621778656898730077923080186816860764203383969989929052175959086529098733337878182089501592075070238346893825246124153834151755700186512521573493113235388587011 -156.47149744267471996835256109361515542158901285798101654707698839510235231189671704243468847544026738964267726311530660573878490314848517000246388601628050773055071478984672229528246246285186936775644
-23.732929093576877321714730104217329261847807321232771975819135422240531330664651481463350065805584250048314831545845325248697961110418042931842270059063477759099306123719610258740224556055592050617121 -158.17015992503952600034280843408786769285220024179643812964695689952004836376532325524595117191043723790954514584482417358507113129932061120420050353731806337012078868318536131677452629869094072800691
121.89980287543037728886359138546017928525248529580075766862920770819494888702386509841831758435035957501548181294065884438120020047225442518473102462420344327614954668404226304230435980289526457863422 79.472685431728535384782988474899850554099133763132408717248388729992172528320983996024300535247817272713050403647225026866371735288521344742846412653980947266805081068569597893004998674380477266985789
-14.654036297033817017502552324463165108287468340007460104869213039693550939156648888489628243623403747601463103782328331945119438605897718101528329851332844065145402507415080721639408941441726478923365 -159.33172275241266985048320104582501733465648205181427964147656890170846933163811148526882550828310780172322521178579862468573826754085953838933223353329617899032305784362753953727818651127160423545851
-5.5199155690389999477348721476534635337988172402088809974707854501486714861850780881326959367231238213802869078843275330825033124384503903387095550604796486550547177514301828653255305881669441505664687 -159.95173503777504370362901416316884808951800493068603531409216686462386015621884370431357986472488255347320249954880906387195631217723681143449227259695380934340994355868916237249868718962691564664637
127.04247801896061097830439959719768990793703505154032739871673144646790093772825129081033993932837701766585478779405684103513060780827985885830076498818356854308526379579270938790148858987817019340431 72.644753395745271142588627659674722026734560490602035367601514386627296254069431212360816279866691765998562545410073344725881612219157955278145246172941228627659679771633118910462641397309766350444428
3.6361360511400504784850948614980144455589369860208030480023647050798069488385787385453686411769760209747157413248478847295430102735051017198857171655712200644190763414401953925202006621440931389905727 -160.02781069638257808378337326986827511361735893577525708938764246265425682253336971685228242925350294456324942471219366295101904660931262637531118645195654688596417516669888355053021223136981579187509
12.780737695506371164121921824390622023977946155558693013118481848767680621796549329153806258323837979856927460551997536787833767699650924836225951180811653243508357832900978333000907973636417622868966 -159.55963799021762635090044682206740422905989451531548636352719151252433402420921016007432470748034865116386286501098366753668330057845974629097409703407806343433183049986846359743722816439221209838294
131.77052933058502887542012909978112659044255735951153507783576337683639255613347989666947462452167239685738083968655335561312744507410650682547791043458256345399344245225488028041489592314758974591878 65.490964302457279615124811525500155020455595487224478850792801304944030384014665379800680158396659197722845057512685827688657044362651966667595003702729149539568998413377280337385923485076971420537637
21.880555042566423458551847631287342012822686749284148071314694123713388634304935167572587643546648556448052778558753125288558482368763062609524455156471614062915445159815089452599060723841936727924748 -158.54898087529186908313291193308273873649279468892292534005883356715878681916973573024130177453891456645544356760079159187141126768742802245902435420754946456368423865933381590995547080847447694040324
30.90243051219721479131489531982548734581684100898401437299145025041832845020253233724952029801506896039577567962433280475879616101628706415438350968629208940391439389298510099980956932941125644005313 -156.99967214948408704816640621486788626047950366780815356579196701938235574456978930913196597924419445232492971008412219593533811326755163678487599586181403769167333975022024824569101153656066969192757
136.06386136342814495163302117998270387926004128051197553383900085450031016904829871961467565819191210821661349097390219921943062098044352763991543442034736539167957764227418665757167811073871499640647 58.036750515105691774986790373744352773676974688378941018594158205794934346813617251060850321882725183456399736145122666642446431202029627541632895844956669193811581073817697610712477725385057023945139
39.813512759874055152200960880648355595023288622400737527288022797418899803036481514437995885072281598836189791909404852234971448076768403003496759759315202759980586867677940402448489322749657975334885 -154.91759843197680737511504915994397181428330590605922490642634697066237481100875676727609505352750912877460549061080712820939678362742030932492620905044556841256926707533310226863670798712684643325263
48.581384952239686030590201925287626690280527890037253625800357072897587919828599623753634172447004652444655839784734925228830440536294159213407313602855735940914301033607525312077317507918451677778823 -152.31067703866350319596779712691694344493021589107830559817126062127194418055251487600086043394954529491527343592269250721456506313880288969254708371013318822405201097502086686361185036829470524142979
139.90406317559972461830250873031496309189225129177893386571571857024004219953549563827929682904554774875467956391454774071015078555027316413659346314043427555956558145850166093917441045164226595242971 50.308822074189088350242680883510654001369357378306139735391946683083327698541423600232999673731287543333875029758460395042293372561494140721353167700095612220146078878417715691231192468111210966706509
143.27447270364195887797552998081761600971666292598525959169521786017540832452546224654558353281647509331996587767128823102245489152875143125131872340124928692397174465493684888322819699541791720371889 42.335074544313021863384602942690558441379984386749027487361212868634650208006242024907424041567357773618160831785921651531442509135617629864832343454677065943069345383763287136818829737892821447150409
57.174191310146901438116974080117730755637128298576162363323407476760071845488118756602226152192694603045123541239639166098012139793936295754840523661740234841750276754798938187273918646751155006343389 -149.18882485099249664954060051961553031002173494920865722504886640725467370854888717641040654716847604828062727699834317686118332109312778562767525754305109162679612571356513192678335770940534909562321
65.560761411287393838435519425991739593706807522659881392273949046589732233439953329689047814537099403135486403102053393812273097785139302574868905701529910278387670509923681657405293034974592251644417 -145.56391930844782336569801307215295728354898707829032099620978241393196418325534418005142312118916338962090733411917499263506325170798074097651259855206538364953098778353139274803472742326838558641819
73.710731752242118554877423040303681501566775150191037982586834732009650235588562013865263425202855051864323055537949532314442352972254610564898793771162531444314705505339327292881375477507916363431583 -141.44975168708337712374708367175683031601181868789369167138626964141269372584517876365773760034239533158583923425231252426055382607074493663115446853430334179941881123358500671459071780143480260970314
146.16023131379591544232958772712163521759153081982369861454749576243407831253387357740134182834977992390943733768134014086347366256479070286064549520972450335942588853567769115534050636683908554677199 34.144487258805808173076235012193825361792156053264449951333538357032859830530018479476246504120990117150862413556529223976115431609078530521373394759458838021067588594445951725057277904912517532936766
81.594664079144950668869180685427300772434977928265192185546677181786599385984327766651421456455889770637636854957321117805108608841005740414148718224443959497852148517549795165020208509844025186290057 -136.8619728580510945464765222976933607939368938216059678480757438643720540165140907275091889476245260900202918659006356276919658468818147949850949634288399733512684826106440105624189187358230152059966
148.5483304951491427516753557497286941557948034441693249072797822720521361914281105093117925289464280896825821138437274539762731126492976806453774091164114887307079135822722582444430471939258184721933 25.76701184257473094861045120276377032802392212399119093263140170477083205220489127167467977377873713397001205021016913347021783599555500885344369617712351011605530496544753160991507090719222617777571
89.184160007012562889493646505564383232431803915660687882939229692187617337318295662084298335015015360574007094948570293867993164582457969117365896887346699917955233980789082087077171355027767894208005 -131.81803175069958078178151331535240728681583227655407672454786333582722729408664810892341047974505589596729440604473751054168874580474971722654942213647569255552991492204305448030156669069430794313426
150.42765255184700136836368196822026109200998421984332117382320858408883535262689596077979759307662734983861216069499395248046640975622459004640471058923337297661954431858072372234085740779284336692745 17.233451941822261060810115494606313212609007435719573806632621066720004813765690872560160507245335495080166349952931107184735580688166831685417762027745946543389488426898872266431651485842391464075051
96.451971460009977437288196203899419855707496699606783842460606213287480859566888933244751239167569179173256819506463739260628702327200610083804730322995027837985809367810900696447507560600889941791208 -126.337106774334789598523310644266721234475641138329877309689948212407428427089883760525994493357132410908650615586920989679181523120867218603754114957815493948771237872097820775399199038205360517771
151.78900660563096020703006187642069576628771531520118917045831879588927601436500827471464581428320421081315359102288321635219121113567430653122402788848238901131374873224536681131521186846810071495758 8.5753358609087496981071695988894537269151963734811051185594702322087664251887646510346420208727126247407908096995173629348276541040188614412091501580450806209359167030045212428893330108290196080052716
103.37210647832799651417468152257253377270155726377441192847680385722161133523027562595727739763069838854889104661821867492247680376572117903754540839806263355589406006742434358248133369575885678416706 -120.44003048084829285091001746398332406297446654873098196066913265924832233528191729546008287342769617016689752687072590178072056203735850266521912838932113580618500842500701571361502960978425906713485
152.62516047833691062774406611251219950110591586531740587616517134211425232293353666272317083664336854104765516541983898793426447650373231500013626437426189540613540517951065848786445193990346041189656 -0.17521584149693737315808832003558199594066994084751110060955749443350701825872470166510851292801266066550098089451676243849956007357732124365729560051963784665363302665326520942806907565942373221601811
152.93086833008453490868376777964396979841471604546220524305358195729750292159166177130856656959478960675881973052886594167879558973220540564852923010860483655408081769084716281457280668574121403287767 -8.9856257904884399962773567898823158155508848778121563470391486802043740675544048622114942680458620699065657792897599793335158476340312006180378804333230012512123777132943012166548283374851134388956255
109.91992995177428040989322810199743828941775586937465904862982595801658943298190978780961991536140278158478584080055207410982137666484686621638188343091985513662578597030687040665552402352823786336938 -114.14920777678169803253875850613881494496766276903832566064797380919746915957908886722368911205746129433854813053259464873812212442322196079274565679680280294651804287995809404200635152719554264254746
152.7028934396291825503146775178079489644952141893639810436758172564528610854272538204609992040351792272927451656544240217984713652152960015935583219157511397670274178620271038827552584445942102826614 -17.822996572444610905304470401666528721897062784672747205828277201310390064688625043251949200742775807105383846492255759050881347715879215438627527170163187417711497112149889085526143724606773238845331
116.0722588554649975601485018994984885316265897540396005232157677469506194534836777569870132164173185176526301698670348209331825807952463787713318159757618388275102263195958094234606022057757747893634 -107.48852801756489897879450146527856839463840526283322827006776321967187351535112686358277119271197048563882478468416927133042644660119511109659449256968119854004205755644547842426492392323775449463533
151.94002527606653775443804300754507798485437374121873041714691788638393267821212959848382395982256298616141472938949411612156414365617095551614413692938732595381879215393424678493240022202075431728133 -26.654247575597223843662606676657006720597814863636003492436314835917310704448693864754020266957212551681154622024639039050144301518604673446507907529301598374642911585480610532391282836818045883393243
121.80745157903432096964192699519168131250412919223943338637308280934760548903838277532181560859389647589071635643224719803261347113200462446418066903237110152630865071410341266097187731109590149282961 -100.4832713380754655230847277410854641461109068608149356105154814789899066641308924232340422015223603080658946659868725489322156282596212123382319462831933968553037245140125021120627729619658465997593
150.64308999034302790104962521282366397062973478150512657659262315413997226133745554070906562093631485716760317374691532276445415732421844929091205742524727857691417890229289348625465365826141218854692 -35.446251015546102607914449046014150853447086858442914531431576609814383977591582548287563210608455781936971561333150825511380536055249372207058786321366542546274665170046051878086645879328735553889948
127.10549095753931319498251680197056585501207057785261086579857234039315446877844082054428478707407528192783525702879398150235818325266525223855924569304145186361539151282270683578039622113839254037086 -93.160009591597278765166088430704231362301553386977177422996092045090409303620936283751931851435500937990672110255171943958387289760008704242305154463401331982964259911491950387771945563558827515298879
148.81495357728538749293104748095006073754667419501264403494490850102493806837099845929075800956493228193207808870837683856961414417164845522908322758321245072162859887028468804275294492844633960095641 -44.165966575659205105598454295642472470870975121193181039656910229054156337031524940776296984674145077310012747424248407617023164969495595466119809787509775747123544895031165950948813421701079051868974
131.94806062989766226010199973275010458956494869144138351668375286019479909841133501061414974691387203693665638535691837339536369447387033414142901952086453024611289515771176952645945655588768853834213 -85.546502282809232051725144343021731986936274079410385816446652829585756839710692333424763545125448021184614987049901214489927364647602368992262093941820531504200338000374728110749886673984929567940897
146.46051714952378337137032986379941387360705628116506590122452607066127693317757356629818127848241024577448556644006617762130041614920084967313359281524550802471778854638856398455088960289596452226457 -52.780574290748403803568492345604549442006103705223830396030011679588157865659408397698472801805076695268556380569126901647531089009427987993229823454337200127679762461961634719324912241456234269312309
143.58670396780139338291206406276646772100995798522694413885155760960890283051220500648023714269753977339832672320567139585542165068724107589458710855274952407758846060721115376006125963752382643073401 -61.257605404278231332022835724730295898125023411692642403034907901841201385877986746107401914114213720817059989154477940591397614138919979948766778088240383616580505373379679507245508371887033813050148
136.31861436973943764527152471089160250172363547047950279423328202978705623134954680641707611440369802415875481945595462502344411884871189517437492638298041832336426704205704193359572524938562577271797 -77.671587888522681567549747389367208877139628509181463782940609840150800743842452183244672978669517469630936754631260204251158983378479455520279050870402646934378888817894627543135436716295126635364031
140.20243805496451830722562561788523895655980679755805432604777865631516404726990966643442833816151221610341444237410140644123135085776650139214913850849249395888936904502232920359229226775734002774718 -69.565070961271710753529326021163760113179605920165076163874519587795425130960889682895661153823519728135086570514837318000207951839943412069249314611575398992664497168030445954922088292067560661467012
1.8107969280370542375716918506549272381831590754528691983151114428040786403924438247509799596986840433166683157224657380007773271281367709067496065183455281058288103331007890053347531923004585873654853 -0.0021391366672074595597156339288124228067211650027242099848441977071708040390034460910022183674581838873698417517160967707501376150583200229711232489132725936478550663379450146338613203799458081849895502
1.8436857138069803893135311107562051848773981822035973152908317277434311573684751793474172516962924542335175871321372849798500135789027520181240016520705593012194171122352734830479490146230388967374228 -0.0017123055237113361703709212970723992885849118767420930798968195108076333650422975215094359125177736368815508691918887703385012839446981797631586992072963190249622023842732799825116198559881538400277409
1.8717657456365736234153597849667798443411758558908347860223917907101688390343533996952627044000842388535379737990609166723851885308208337626887111413511571718556498422071579620831795344897403897521554 -0.0013591445930948753740632099099754080598298986123610226222044297787854410852154101409667045659724333584193749919664622949645378191542106702249399079617057501846938021665193638691214293048399226039449769
1.8957558845058322655704852632410050711083951151944149444849013920102835871810961659586431196566143552779644432831892830304461646291437898134937867641144923514219241895359643411645792867329640252649915 -0.0010678976937732391639847651424555987800179293905356986741896810603072153760355681937989512951471522323837636360001992194862784046101872097079682704456420774377778094478082231575159495778302687926415639
1.9162605924090808269183140290256705454340457005784801397104577604974480998045864256551071275684639832268844186829604881061260157678725057446853066134712234234444452079444835989632879425628689594721805 -0.00082863526342315348920265705799324544064815674927136120682329820305276379048728151183769943566891062017480081752163058377694888236446793959423976621471386425273989374434962476711447788917996545000378201
1.9338002353147538751738522170305632223786062946931837168079749716461299698945883015887354708914529291999263541131118213830334683893683875819311866355425782623129802319924574354079492192661807500306129 -0.00063296895613713357660982796175969793789475670645587526562152512287496717665422056431047976267568285324411031483060012359728720151654227643810622305327793764168744294240408699873665503334748394252733251
1.9488409937303858909894451914568018452495983488300205860560415907372348605706707521613765691852840661136301074891599675299836828200715967138818724402758062290065760125269482951703233085517557275797606 -0.00047383465433493732182859337583500094159115535145416657825018784499115935734524713496668419382379392042038424332507261359275125524162718221863742344331356741410254560750915139568898224844533506498179075
1.9618405300462210428309242145283338840737514994713306965468259330177178543676354723134974845951629259295315014849810345248318226900413894981075583365072422542106380757877314764180819576146112986844735 -0.00034542220105024638064481326479978934018167132149501909005866570917094870285124731748524989601386780589136367632746397260491044627186485385005650750099747540636405670558586372984552968007506202373686051
1.963560408469497950597363510656460553330785564376516429927598000052658305758780091667145027745229696229612627914682112641941031160298685338659255484657633960207949330774767684033452720160066420508207 -4.67448178216782308994860097809331346875116971586443046020708224647040392669386386570884201328689685376354668714515783513735831053795017485961813251215379287866298232037922000251313459298775496203169e-17
1.9692663424281289862985079927603343698663526853363011392178792310287085730912616229840240782513806009549038414917417322389628025788775494893508623886948472539689416575990418039106552117293584488515745 -1.7034816217651510597156488885608410263167457138361287797934894034833679874056188844710799488870397562646212486584577378105216494029555040533684173960898920216055467879176506452111791429656639749566045e-16
1.9733864225344051722285883647982739216752426963723404705360531225854016499112426235716804585172347308357182042900206951008919388172625384069644403627823778331319577412173917217888253363627091568039556 -0.00024410731323436547697441286981320522448128618606155517677348599093562179029183097380130117347488543558167447772965630058512565239947670550937561551866774929731893254738033294628948273457775844259939279
1.9737740350578027030338532571741789760924210072888073389840867240837029035761384084586642446434293229806567825077340356393811172040184781700561342098575826371953156256675257854466675140402206626899734 -3.5873253015342594342432461864027148826083987602452163713521854448830564353521682543968796283246018762473484261665129703609952034677185357027872613951656504545157453885212796694443919570419919711009653e-16
1.9789489408433402484048564445514668901662774595588842352733999458464095024434802828589266156024925325005689748265743062636743476501691017687027059507092186931918344063377997470748045196708174930732978 -0.0026874417488934980655537014530016439073479443674065829146845927990760197747681584440046132775711305127592973052842956986241848489566147599585122571655358827655607868932939936492887869421343544331524097
1.9797334982246852098579259024055863823407161488930557620894691015029116589920507608337636605891280589540909408295655090071929278791819092082391109297669277050477720811380353660499219061049012127729702 -0.0052442066178469645195409403074997977824879082552892460706215721936405820740191328224294563907943961976009192075804907794454527208760323483076338253892820448528789350863888672898152484921609611478445033
1.9808863700348087707060117949999963335514902302878837618592075157664456754958304576485706327482382741305262128056547561966216582571533291095806452871376966632914184347817436007523382165004347938812773 -0.0075462629419196085281204484561422481823279925294609344818864374242259372808732189424885874583295830187570669579974916571510105971627422729858596404652226571867703919210995803744099739336333352961030201
1.9786909233191391723482504156018409832718086863087541797365900187569420027389512881707865237508422301150768710501002828062625815537000153555131813780299247630339715551400715896438542645289924208838225 8.1727748721665414296359315475278278374488840435681233392990583587793872058567173486230923907875440184916343961467206709279123892946089533422158792550957241119256339114485740049842796406431883603773206e-05
1.9823287311047331517663811610901903956018374445437490600337740646339495491379948740942621210504020346592308318083727876324377029305507258782240076615852292335344762006120092772426051336017561896819335 -0.0095762139419463383075519723713896637208086366724393522941320060153767852871358823605271926040200233443756553461161263100021673124628962850261934980527848721181079501571510567686296828410873028774676194
1.9839968690296725838803390526050555137231470769105102465691606157946908931806007175262827859546189730095928265953251167070634975511531569770254331339310743361249331328822565178382783538611227767640466 -0.01130761216439489063319595836936470160205791855495825987360431895917545942632021357239371704875661082386784426865023470488947213039408630736211313938775477212433678849853301502051695324276529935351186
1.9790765897256670367474429781478277449055974488527289805664723289776524789100986879652113189630621968094254424071556774814477461582464606067928256961399976799061482005845148256568723391064768044786112 0.0028032430442195163589429631666164369378005754775695914863145492248900317492527294253439020236932721798833084849936566947429683996524851701669770744184082622664729577956795126994430064400421006268453085
1.9858273792692679481637789037828527899674415405410521443895829202637843838655970482895197787518592810794288879325126698955703751787575070537646998643780758905140526502129878612594384124043921225958532 -0.012718752876036816080698433592090682390429540251868797330225868334020187870397349039264918808231514578985559211502306173003529622262154138102082622346422659359261395065950917601259208610077105438645696
1.979927441691215802292604260305349326159966512633027511653444116402614734945964345148295453662890507353157583066824863102266439174674701136227507417398615683444799038415489610339996284263943430117001 0.0052791107507641988621389413161548912791977221833190263539234318433655659776613996467513584105988109837716059535649431142152399802964765331594822050842548538676475369720411867970297199447518599949988567
1.9877572069549331905884547985512611820353753424894130073972320998609931770444303488880829451631815107691838219873946847846766750240011157212915049603295231464980742781695299193393696368697332295852089 -0.013799654085148217101250299833505825547631149749579611313930520201888827352276539645365978369903677548297820956032220632599464146299655052177256969645321046966622444626341462246354363084562106169622938
1.989725950761903953883299573518092563393115643838494007578550258692222209272491225020102760074185146081778785093791668561208923307711448887385112805423899924679415905848091773722127642502714135373242 -0.014553991060450848037444396232647199886205858414012080650678717336816939008330463191803876874474268150447169577715593535647805687536729188923455396806030892469352227060102471254850032027892939683593158
1.9811064437105249150530063844290079820536446496050566889230332506141584551108717103565862050191813213745451042436962623612489566342847280676628229584199787755074027727095778535484211547493867680507481 0.0074960586945005179782512959065747321185095091843332689457892056790404573685598229999814187160052814836059072611487581294357853470034448019256695251408605641975682005259785031828719883041638331861462274
1.9773864584671423116823269348843279711867916853127859048917110130958657312110891499351890425739554021626442107816788250084104109515146916076724532498324348615826674922109095111028037595546235619887914 -5.7708450942769742712589730924007073255156898960865480712535983269399533462735768655624315727437136771932372261489707110632218108645888488913227899840479217376767781221505427474536687996013324028494671e-16
1.9916781707642749771400615605553702905537387201161648402737327325812074629659956942959375756630231354688313884948968673846764015762648418696887566256049886890846514424422902898230538351708601634456521 -0.014997874090011905425569980341440447035004848762519542435404660875478164091256329637806271794870100037510407185708382112636424430391679974435931747992799594353394318607480503957403575193729860326746669
1.9825424523225394245415222030284217036351896074698396245840039704483410714454828164500863767990409732148152067362067859748521714501933492406049635061971985899831094303703904876135581218417313950961911 0.0094423071935749751176754790260443181854034515484033280183503878574147765961636550465297736641260498027718665630395902685238631978761482125923648580192841933298935720443910533645516337988760025039694982
1.9935656522210903378853548168647832066352012983201928223321253955412065065127143041428923170275065234582074019324049111513185145413783174312731691105126098658091787671172859343455071472161246758662166 -0.015156995529026469420827522342286666370092570944917076326048792739635143508400553135539706275086622277132548510491758834317195928326031177918654519870241210602426995821173464158603349340777662468570253
1.9841761557374788456656872134236194281622298380927678834663653371672858786969753879482883287156150031111399384778276278693846696757068501989385092994511417305849901883351194006488038982866532641281749 0.011099047734509888521789392724863561707169683095882484774753140446562317067451908150046523410658592292318972716845887423909680856133875008520516213796188988668157564703021109615971421820801368821727264
1.9953492039436999084940612658534070446523156285064807836641645255335772827920955938467908078819077954904632563340065641149061397055569350144383744668215148281984629661292668204950587460390697896300477 -0.01506373280329193703877912471733596970044932911773157287983535504672396381731714707220696666981501278850753250597058168749472942109762074369703340223414164987688030703559607331953705379150778717573291
1.9859502803161906906506278164541687841829068396351701403271475321028277232535135357157010451888952774514085022855606642376359701453507409574768625927325825441239239911267644675845645645306539013511427 0.012451990563563922282904607860310825907911960679714021883899638720567686929078174755530901569313706318478817836298715608477031042584162884382402045405962389675560375665694940683717561457746604288898374
1.9969992444291397533240474854003729545703151423426987444639393922621927854081177418744873962417240066412015933533328834997225023786621669686788784766684007912162277249756930223130347555883368231605341 -0.014754574109166445433937901618390100307519583507078427114051241985947100790077598669500142067881737012881051616512096598110778714302869727307073500349307692896512343389215451361634365890499353516404493
1.9878095669298220738178092122138548551646781713301998660916192308307655995235289792807379043181308510738642132647252847155915182016301468324060962159610115976926231271979219141906301391746629018526679 0.013496268645584551879145777723547724244899106840588037592841292664432970624465131532994649117276738042253818339983380379168098997800337799650689231427795094239608016918031748801773624624616215466671551
1.9984954667951430760951556781230281055806714815362048941085649264687817408814539647074114193709226003496045811050193711486689774686780149204467777510240517690502146258547241501921362660751655914763789 -0.014267603336497680591234093250360931577355629039022813609637274984448770188624306186830358596771773180418649212872315903557056170522967802758033105525389499759343912781302503734013991556365232434854722
1.9897020021514105365367426556709642388129314726887775527781400377134976697738914363082740826581061952917311211233856830550865498280049878161458808183726752389419874785641238481349393779864039112978754 0.014237610851975868030770158327270593805418436906475923380742606290989841469190835458228320390014746746257104347443421731435469101788867679115871044554297664302853609876122825323541563280871229686513774
1.9803194827890557200178932129775946937529664633218557542244770507941369398104090036656422062311749436570806328423647559788227492244731591475121747787306981791227619909274857425494729408794212289318499 -7.908024428926081734311284319930720167593437790121815460486960658888653062620036146071985930077214707837130247434106405676452827326358674598667371907581684359562283042490762857936924859544523223078621e-16
1.9998260954333177855340424792385972541548303436558464494161039680097312680043913204881506786881051352702642765993714855855976501928633596096403807000772722167215842827782586010779129054282369217251159 -0.013640409847675830045471577268510383041021695744035157296217092834829214596628932637559576885058033995007309872825841561885089190170743522708968832535459125598090506610782542870565309568726048705067837
1.9915799735975575533977034241902239788349402443816097033369432672495355421845125132788129388576002923084374766074887665802557972268337154297003291240931509875370995170843856641111032715907023958304689 0.014691204795309539162821013822860107264740701796874044177966138591544489830531650369299786389613135112458484478213472282964114490788816378447045904329394113547020736233654679258699022497101957274929308
2.000986726581703397160173357390760465411712981124042315480517732022837304715163805057793645166619708120731906212437618208439107731643375716490884687163918845281903397654122787290711689329251726176591 -0.012908548269298405255538258063406593755122710345331070492437733537307006430428519598939916869125234833979156144322534785128491855244987577677247065488072773478592256692936658913932728682645928203108561
1.9934016627236442248085077235862758589724068052203091056654405962381539932481220709739296932688665975305591865098785172988504484703152286315076441742561066492007249852344481075566117754718301564020103 0.01487945627581450607712540655471486041019964650221985659554773187412522379620333284906100069033655499486228780978245722703611940289564211379751347292272411087662327064966500768871684831143256797759949
2.0019790266308930267282346610572399291995550291524498950171105232571758195482289190971375340304636559831515802887245920088621937199445623165468616715336525857150842860686116837423382363450754423202419 -0.01210441636875629871203836231435194528787920954936854792616660754978025744632339161568415861539093467512379424164652903152229377854810101853990151806846855771274570987187229741937307607472957280127613
1.995132353395210982924909258322176282973368240856171812775423265411248854764829935236820181818126401868203797724291870546775802992130016179447493870756084361376773577066647774372992303221783086969247 0.014829978240777212754388880258564605315591136338654696687489330957216868837466470541213899756584631091656869928862125018755653053145289453824227017217622024282722301407528916285822266740132475913240603
1.9827293485033550122174811485527029094162714016066666327876437669308818148790167042777087032526580831078196318457408355106855031787650466358798045294821420840120431583063598614637628754181016585144991 -9.7628240161765520142631300876193599655608247601591943406934337374538890674224768351234666707840111910457142211673243018622768415623464648904012862717740151799143853381746600474564679801735702017391712e-16
1.9967448729724076842920277419396056573072319441192695156183152426254518418278636849712383765106743443033616202535712269603239377554747316058005096916900374000517780967367592023752354879157418612186608 0.014573914027104267126499461977042633070155136927598174668744169143935641450336198331491903706945761109462371513148466634257230134076355707221988754950483757925619305437660765085638633167221955448788092
2.0028094067782057295679043422457311140391875478234472258265695245296107724227885207194757782010533199875557293532805710218800334802798519288225932778421279963561701841878835870383407298845458985732 -0.011256609740409244013584069345944763094143910490402164391883421714944562312423376830516078521496782536041874759511777235396376821858096449802720623580781277644804229750785188323014045933005354999704583
1.9982194256541852016320503702439541401743114336022769603618013281114874247680105590550105917316116384906824123860733088143273895791579458476845868001920575788855140112766397519615898337833474747037463 0.014144144121171542779111749369054440452476516984663117960381100265157693156648758434432579409327205134572375011680291111133258136755755458465030522329353047392025858736502382023336224345579672184911751
2.003487763481378061663236573510094731856780337288014189609396477748040498039884657255706651271029540868441569509122853026473483672935134241010591411041309758852087130845322822012173076265709600595568 -0.010389594386848765072006087574903204746820991127975719678663959892726983980409434522123334808325916812019418408211240107398082860286811577229071719901946606576224640532698166245319522561819289619838711
1.984730868353142724690221970558753699820678807355743647855051114255807882935178639903684927137129972483338472454057846685138586738780368534025919000760771383669723244372053449441521201608482341116174 -1.1220267904278723536234350529684999432120752443205705150084703400973949573826567978016993743278908665636623130099587750404876114729664668720904663390715054572538314483142333068049771232846215515332821e-15
1.9995432457040851707570850460759763757639326885302127834121393637705389504273248172709957021671448991563862983728713972787210613863800196598400156723512852573825389682819145858460336570847197653172701 0.013573721497590028640640135578852477201464937908526261034399476383643119726831505671491119963937940869038405804704838702095880400474156094267564235953807467919083956932984217336381852340854227730999474
2.0040263591698158957683759590789637930869965686519560117108146449078598612614338323923881739100033229676023343525718016833122999155142372543854301155555529737951868278399253457320581977135160410215757 -0.0095236909498155535865902815435398687986055189888308560449009784720200682191903145846020060482192489987186114833853290997554810593069296965627288452743254999133906224633687297911049886505733063428015636
2.000709897120321159988246297449029739063560742474795099720611169049809664057047602743963882210750696978398377569222144111202314228050030469150283945508241273615305367211589994130943252321032416542481 0.012894648041646658964353264013183362970478238822330101650936135845165771363338517260792112624993956642277811221506614955920792906817483541985485027260349066880645702425669528128876439084666448960626798
2.0044388616688820654874384407326483311015559392199666613990137046396321016592030807317979608869711583007470186648729429880583056271857014289198019394655008272717570289114436495923453543325462717369415 -0.0086752270129827917834326219565006461303831812297738882393807207973693914237506737535565576825095638855155051973923825876674572521368397236859969475169983560805785453909004827285060508873533147774902854
2.0017184297739831935506121638411268873766035736991225890093693028856436978230361637854681618244029684503471132836456339727955651433288224539364887496968812247325378587036248812247724343422884724353066 0.012136849541597284743150944224381126425392208093346636047654170201967537416350843546369670811634239978565737166821269277365163879092963854298537699373631831219270377262658009767322434925586509459134774
1.9864096403395295939345532447946693412097153979050251282058478490475106975648266312950634108069705023940695115943135105714346207171778183629982003800670784595517611136681909621580368285112016280760311 -1.2256416281498165000114182002928247952681499005682405271684528862628613688964761301503499699261587876646167529495833978627776266177836258229424524495185109908370845644311793539134340564006929131251413e-15
2.00473955439712695297764893100120194990534513329754993391352095221277959079283313588924920832944278535378351029771485725960319925562677468984104196621975312613548468980976886893793783807031038066852 -0.0078568647018914022863482645179016100549589011875883022410496347255463829140743574791538479826248861269348936559230862262830697394466491120707958060804159060434299541794246397618414163543574772783783894
2.002572453061732506389997589885318852196793967380706299710196272471150153911462702210451108160009377533322995023157858969694768762612824903518590506540447626722275910243641874901270888645304451939844 0.011327491748070270631983505685538873636467563913410162733376436245234620378580175102991517727300922258049154229091050355942377810057616064386610751622411456333702560567525469269104576750656590714498212
2.0049427280295547194356479838847736760892815864520853117981198502058064604390800049539085433272553462947561731965096145998198948540266074003776999006873718926485245669075721008599291762312319094488251 -0.0070779657438103841401362116399377076407242940147234177670166153387123959055005483613610849140047856823797975356073945944693824609155749948963263648411953576062158542038844944820135364569570039440281577
2.0032791716965110379992948116353880477539736215807381196366232321697510769467622869186828505142855567085647989376093617382815534067460185924020696729372796668602813993049664227597615213070340399343864 0.01049050388521791604502539337160174764464741166662014740903152498076286931431187626950707761125511653603664776093438379862890476299773446644822830784969755636346186215018775055736984278944009637676163
1.9878303561251722213992853499513743762967981048001960233383906709238970038250560653859491356463378720474990124631187548019152972577424909696048760903527186237705419103646562629565243492395827583352983 -1.290216896498812872181335251887147232365920786353138174692153342335420949761809903550008213778104266619041531415512893469403626599930195369193325288391913294058029455148355628277709896840146304322886e-15
2.0050621878411545342075262932979987494864032676950145901492963709740022906993816883799096608173364272834194147261673087494242939722750201545899859197541458645672490480167812007983253095407719459296155 -0.0063450485166287958258465331024082851821491052643452589044975599191471844369717289359834777231405605493214503502527809908561715836826132721761785319556874978952214922524478087489409659653313933102425259
2.0038484727401075359687638376534840718850477644695361185165674030851164735125552153527262536853741372590957036799072408106233280783191433434827239021852932340720537513560868617376643883798302639051418 0.0096463730655598120755769700648447341621925655694492912336389441628603482995329161072836384539794917137493272495578726415363555254599420361093209446295164708958920332284247306643664367964964932141382313
2.0051109748612457467251334470804801592126574632431878135308570698370977391957562013342629726602067885603776021522882224974304477830967414449040124050589390385449224506238820596806804570170882706558837 -0.0056622001922608324677243203101385091007402497411856454078215637896247991750682231619088490294772661663769064139228590021458928157435939757983755139141275860824784726705597192400936593181037269645594296
2.0042920679139376865157966986739348410705594296599631983673054781259938314617928778502480197224374847429176330862724235107225344574737644525489937611536790780535195088019808450724208124013873260458685 0.0088120872163779541349930205395838122354579182177269934622367502389444818711318324266397595948886997239684033012962688559354570241592061917815226204002306283006848437663740809764226918663895030830619823
1.9890425338615938394516447613177097217249500061105941437206869496570295347171783971551995460248581277056739157937206596847279312647447324648717225196924347615974157301971055001235592064382166940132294 -1.3214681818926080494217318227471505011134751496899023386990382854723576852949471401286156038771841440471870749908091346971863700814928652586326042225412540859492350170087195681757912052995600118398574e-15
2.0046227467734055170913176085247539778237220737198568855011496188291546018569367392875555714696693066489898565772943032153675588186900897278173308236153854078471442171331210463325360052282759520607861 0.0080012784937380532228801227231494733325347232493702424312021854109667610804455221884029570121589756962357612481353198865788647949437234975557056295547094697751738046257721169075775304774979111538121941
2.005101047779372988189359671384696512706228184377698086660330524052974644322599170656802166536035149120100209436270926636746078346563721447304820752288364801609998854238705386977000454179732802912958 -0.005031503870136210938393320589653627873451247541493363108806666038760329647599286928258755040760744405386838357484004313687688887704964717362175719263156326815254053031713156435927371940332523762770003
2.0048537436136824669153070904555699744872250362247457348973497580383914289899379936354309527681903171477956321596809982021255033200703073397351769892161020400479578490545910597877503777205760048826342 0.0072244207865917844857062359157161024883565567024478961067882883591744938528227930142944838503654030353302701570504410326449602954629183448739475026495879530754584346045778732151616298102751697787012844
2.0050433242914365569973559871421316202188881975038528626890623562433351981415526150319601024902406077823956292667146541675513661598065628507825234109309551161652579525240938467895215170104722528085115 -0.0044534948566269234021150684830457839598027264130556701663236867964085017753678004283077953443559152019530743802222255626388947807843095965827545515640290916428230560342753750956655736169866341917227542
1.9900845299399287108243741615743015298225910685255639644628027201730700062348237059566924018086466097298026989026536780384469311037906145564899084406719029002225656694801647288608111329529380287848208 -1.3258793413792601360389721881447208683693531162149719011522141026960799697113115775646754214678812627297677032087808407753569234285598938095944062741193377637863458467154404020097966716128342778031588e-15
2.0049982023315694450857235740345914796438134225303481459812922724013670936288671294630983216415938997901948221095092542824043441901709491476237727871285631372893856590410174924472129836785677144102542 0.0064891781118018295487471815015151421269956040659729357795631452547766499085570482641521788170298843783726619728199682717137861607978004998552220085129013252015588982974778355069854149344639526805419107
2.0049473818176053511068223184178046019673088768610126272821623447728114351234254008589658208244661715855894901469394228923703403575530992455965476403666097305604279540773039327558829991545369304022192 -0.0039272709740570403545416493267284504074200934346063848421478409243553640496326738489099975637400955301799580419017948909913433369464376373389392653734987411214604614291701686859552212614608732713520355
1.9909863850772366143219828263597115968261839254942354126443027196436670696395994213878519574146019404701806338809869744804790010670891716585779311948481534506759269176443808891348140491129319447025723 -1.3096609251906058040735937422643261060933504037168283928644335249859813494917876669252221682639601595267760416680864226525397145592083347701636300999964870312012498084403178200959164315670026154586484e-15
2.0050688242017539463073374527957380614721919812345310057145654641427092109895431260093984848050662576098998998024617174298303096400460439877716531067953535007107089812928439131566430194165723281471619 0.0058007080092677113084309470105295067482422109925266916590003214746459436814381757519361413499744160579941452656809524594540496475331443199477231868194410153556972579135105189183536260823232976000737922
2.0048217194664417848629106048302931821392361539677688844465851445206266610817702389745011266706721102744719648890297653232396367062750864402255575784886522518324305231863699035106097338351590515532401 -0.003451458334405835232295932525014460534162635683279054217510951670950375655766720139687000430096150293957178511185876179364287061199757816928214587221422719339114144580230738510117709453135935363402599
2.0050774755189657906751510156242877725249596418603899416398088593028753902628244803329791885487265149620851114257931002823645610600791346598124663568722115802482890853995848025906169593491626477048013 0.0051620731555014074801712368993184885255027496932455350578912196155326133246958921331773286781823906752627507786688097660829986758868241784458350780509159152912589892392795107591444890344115665545249646
2.0046738500571127812259213021542739893096233146509733805907557637340674376444866243991961867053459198729035480619851649813838680036862862403957322034883109898270278908270226703239686954742362479990372 -0.0030229677919107736589024798637300049993729465669224785942786851372088709840754933466375197839565354282194171683678128011529523589786593628543159594251829133139177636184221879421725071772975488515684943
1.9917718701837269310622257477389130274227906247238607556007214933392627804140643331199946404135973317039315888783876921556588320399557056555186053704757067082981874950329727198412163156647788707210599 -1.2782594410265328307754956343334627183835163634933582100350708242964718745062843531213243330467730450692709987682713295826318359640847833901993806524618536171464847116734768856802217905201773139110997e-15
2.0050351848503939056435252047493638528012932987438362821953924802489076692730112087096304549221900370265725696082996022161687000832301994732633310399208794097650425306651405631141327090460325634233443 0.0045746095374869750435099260188303581107058387729828440140368995254210159469604100712339692730045939699020660733580293770737859203404561716187949831347269468090669907369477377841830063333120440622710563
2.0045089717175082739405928526538774992486233298844447787251305774177863972117969424300899369184129089575144082121049179814016806578177148070298182825660542395169735201462933831886011078104135204497615 -0.0026402708503079757392999315696020460542058562619151455442874878820879130324711355506556097603898024031039925512537671093637701082646971020200941640278343754666389595264662228602331849098635108155183515
2.0049517040032659676655568745353409057888219797740318418404274342922553227042197428256096632838972759460309148480367538094673930240397103924510990939132135801124056805754182796097109440923208287270487 0.0040381179989257908138587337345391416659723370333177523464474481839212704225917637147299972938830405052184743321723963074386728219704696579885853483643483618641114791888338565191809592584572429530817353
1.9924599755629038351827858667046148252223591993426154616695728241282586494619184750149285495706126638530350602935343431876511218601522284219674043592792810491393340405197390485730402925760402014932765 -1.2361966132107559440894664590686218660919612635174909613256789782070015870379446509137984490136524716972304544341223773133544808375291328100347240946376929432347981648046918259592295528165285522447363e-15
2.0043356572771154859048798897822209895919722514590043579393739670340243843670057400928504869041487896440395947986203533701642507938263409707615936552648357717036013350395244472406825102767962362723983 -0.002298271067059669842886283539135875211270679624660281336420320629539649506807668818290927310497998978944999186042538312306234241172999845930606102758632357945174167344759141600043091805642648706112561
2.0048359229238135960890965709170059774820782513888994979640108678312254725579970889620299734222273240323640644504191103496759409994463454139117859776876551409290694603898328220487968693978895738967725 0.0035517273811792137661641185745177329254666005642050153604694732289377639271969228212650154991868243291368801179382832711417375385275902295898883673477547652006388108347057828687638334341740212636708383
2.0041491550873965093218357064334437231997175355985192209565769335251018141209460255435959205728423596448665747095881543454272310723858533667930180326694188237788658863090279448215136402179490529924543 -0.0019954251341807331127244399425369606370466237489639522049664953350832453183857240022501342037087946981169212356341342865659491796471386357971396955741161077299133484831568622329318736120644489229390841
1.9930660078743377756072036226090637291093439708409412301267468709559359918610462269578835136707966527491799828201875625493191337483344861603056624531790231248096612994758562013626419953239061172715415 -1.1870860519220599294682104494399280087082335275926294947525437685645280539150656806618764597784651129493260969028590238198207365126564926398677074924003760940598640853874431812965482365164823620920831e-15
2.0046954678534852750570452204968962517159916726318404287795742840027922919105806727890394514364681595269372218240271616084117880736134652011773662519031646792638662651767001519472590661450736799257108 0.0031127293910230505234747312421507866919796226899700956142113863401264897091456585102170133253215851273341757167762239413723028441509993191635963546244210131289204801995983466229224964546310731170514125
2.0039748902301150166050089962289734688808894548690233931601014099748687765641402916991525352062963011400471220497965257137276457522254994636737977575270543661895020813954403492516419331224634558949542 -0.0017316005906968675917869063997410169082075362901710831820405519767669637347665246453587257099955624992473975828552678317481221026163872887084625662217066734382665055563162185542005057797246101693354005
2.0045362813399085712669073715519186689539282811068520828532681499136635534092609121361401771138205992892925877212552542547474926348329613215275382189926645089973723258929271104794948773068022275248315 0.0027200642402923372223269260389401534629872504220173158600183197032063425075464779283045851252202125413763637705024512997782325564183299130808054369044955197521920245331443653339513908015652623822687176
1.9936024072988873488884506491364297410167941359059433889878003646924285560653627635521198683716482400061748326926024301908696364920151859632130289578339152026034779599244184438484138288415910532514214 -1.1337326508022093090582456568295738097212281502325391908365478767198558389741898032453106250121674976149549947457317103428756409686463772848047781563858376406942338337605997321889061853763855425419685e-15
2.0037668135653913793500680906056018305753364915053621782198413237749017933440699810897216962721992721782168552735741273979755664308179725302234568253262422850938895521360349556032362773497885513166383 -0.001479001001979100842673979172436989910458314655410780022641168361960136269610611220900476736916907655632343544383485773982492134626039488180254080931126470360184948092971700860445102312289316567938257
2.0043665372409281859507376390459575856556190368760092920914327437702132652731599847881744344750268220522852538554724679569314093461655546275702799722482064491713094230685841863622402298668465370305024 0.0023681749934477834116806066919425250343741767743382817706605340225060734871437403084368897267831534439002714280840453926863159504252874970501579104887790260860873081730952292729329016290742582632389323
2.0036251745251308547960898567646705318222818449398697279167162624666070266378849758555271116808717098126002193927671070083380414902319844464813105347353407183356053074984341063974784110394982112316365 -0.0013207799908128808572187304657641808313533771366852436578751674191439964085677372822297579076043629661920982203776535868125282482247006350184646504535316259585264272622199326842790195752108148760653325
1.9940793627579515351412461113700084501648113310770628477327073173262984794059052094464740883829418722710320113840263227156688926226424043961616241358679188219176300359537163052793846037822385486819003 -1.0782606395289145734842025418156221898862787721379066999612379559538963404445523082112682593083233945578399779109009877699613638499882004207119243423473187827856328551359845869300915252291178211144391e-15
2.0041828615934138807224762869734966338005679038025595792319240881814623434857516376906488519247372088039957424329237551591963045189873652027181197737228845371413813653925182808377821760824010474575786 0.0020574840383367323830796735267170592644284016328412329208993519197058646504047328350350509739968586189247259632736794760886287287977976267737273488633769092512318819463279610110246182887112739503532806
2.0034464349201786237705007182402340581300640856701931376212301426645034058849315949953544060530838772680009137439317550387868118087584727078398298463888689100117046526312537065479514611752630851574218 -0.0010081596877488659186677901622345946535545575142389707385904423394234127498598050458531012113103535322959573434361638075869371411351269523279414239561356129078094468399403834680786452304405632231982287
2.0040097913597069793536086731655075743741306908408802530849300721580932236380903817409638642974527167699912345043310229940961582288449339668814263606100035854142275618247377316118756379775615590523059 0.0017834072220370381154996693176955006517602548977507237727109777985062188038223418981640210072783889899108428596617730702750050870670261636961711238382445845654744903208062401559938395044165605844070749
1.9945052797416541938572562906110620296842954596396674963307213153919142401979453479237107389210305482736369379696776727876304560093161900096866583037917630538745906089904965119298128050828743402580249 -1.022241955287495788439227788969468609061320857384294763670361853339847219810281899036163421645857551566533053742052345075903935624228612548034628975264268916900165201897440459621914179547500949825052e-15
2.0032414738267051828036438786051327198826003727888729493559220203246174999565747898600703849663149803558043537540212610151036434475314036878653882898151921211220467835281406251077539280530270802191269 -0.0011080101845114723542531824015007664654605251825143449710159851582251919226200542721936385019479362350114673261251336732908673845325321003633736875254104345263444792520651811262961113041456942332257287
2.0038011937703364737122539491437896968495771940097789308204657506614145361989522202951138399583101603721488774906811266183830898009402105727234101393275915589019380043484168098760462677453612898814013 0.0015289111255408526133798034782560918833589549463897338859789234849582040541604102512739823924089702998466047950864542167321293313840904231035303928979060311876117816266733034569748564169454013791048094
2.0031915272438283029974402955319431037641016277747352442949367982690334066357930643445250664470291090840973266870983195852644696171653581044449265619981467798130577315718809164830052964395966804464009 -0.00067563777045108691903257163691561500055094744448904255867645304982543938633591862591879048841536825101345163411651454683603468430271128109058928864165311387532613631111411201649814964821649304287468471
1.9948871394188821303950730472066361160952377860887355362646397386873635890290524928298021996214244068432941160579772724401920855227934612371018025376054394370919230783841538392393300415175685400226388 -9.6681179743905384274590790476703796603384955539466751782673920013221788861645781136131385495349117914146633484555920398784965511877263055627824181537382367379209553045159372744038723685558039463297033e-16
2.0036626888387039709806733806213414450570043286711239950028742682057376520101242616732179157539881194519411777886879096620687643096475214989418366340578459573276345554550475129073635313461116747263142 0.0013544696346188373795919182388483535892499685436869446528650514405652054477063840070202960566662516857169987201956469603704158598096326949274586769631271866501749545143597963310815314023301026805495494
2.0028516794147227256409522075230178319991485779445597480636914900737542610858787362126262070825315122060561384782054396815624543517302886479938230587324228248393191707526220940231466505784146182840433 -0.00092269717393858390785140965497214867734648821094503435786902295647733810520145696975265984393283523862232369671724377745571638924910784898937604325134321167255079274433048890801271504738186248446656773
1.9952307767473237602983090338200873680717824651643235868341336968752182533547258580210975818168501477208417908754604661773420669636363586704211114642307190598281323303711267130818522684555105028033345 -9.1276665970077915134625401016645633433818189828545451593006893552512741184703993551056881011368155858186754370111909570505453920786569449102903169542218988071862222863734425927907534197498146976017862e-16
2.0029267649206579100721058607010293305190577564577688837418079966781308114536913141276108368645273207395379317990123276836121971375026325791809350168789569994198246242187640713996863013276700987540861 -0.00041225424018018714893811834379901365768239660885108543023005724681910754704813959402059430859665201244004876160500192547929994425741456434168383875441559461565177785312112484533907473505070555799417382
2.0034713481640440150337134370192614010727484619974778370018073561398057003726154071527245442189986168391136557641280776077200535556866978130429544325865373154493801054408723801420744281855897704910743 0.0010383106892385317714863494637852468011692171870934374221366898714323084808770792547447352725923979866324936736984691692417841570273004949273338229136195014850276860272431069049781958380668658525632835
2.0032848400394799735791217978702949375502644464804793785961202869586812672568543803056998621791345635019924301459314370857873700953941453882748826623701702997160752264619710011783113568118672467325323 0.0011381207249632994852354717987916590149485750413368003510280106935241930058602860974259303968955923719439299870437519776853050869230420841716718615521568081133072466695379079016919026295290083903734042
1.9955410976596635295050664942881988216818049102056055769816918379932976601446233954872672358840923487535451429769903533636803227907434599395684139974467454153352212583920903424918892307743968687069384 -8.6064448222340552010552228263161240492889313843605147490942356683781349329911514916108410814767137571446942073586342122427485924408781403844577643858001939031373143222040934593743454737446885697683088e-16
2.0025234151512610826864084840619432476879613537144818610380391509250084645315887635517110456591676681533097172382890913141772109329527452038745759094217060396260635341828596035712555145214310189241877 -0.00077615645898644255045759816151016909491009253778812272262962512336866611919801171411065370619473540264304629769480640386591233259448733577827635116351883986744105589440380211001847548858932618554424956
2.0032186203509839889222046017806104074164561504929360918821162605955884531478430438811671361754864023265552679270351391546140083219657437517136519103446217068306508849951936096237853480802317204777441 0.00069836473241913717118683973415234092681476684088670798980188858152020791109462957507692532476359430613383648651486134313431475279731307942042479548222131358946030117149694174800570766290986358793882695
2.0026558871427429383312782250956486230320077941668877167593961572760187987535270971791061122081617346344497986496465004509830301683493638879145382766713310635767971431995407719830324905159782692317019 -0.00020990512248080493312376032554725412362219552350810911460432357617606387149556234783454939427832034589283940451787806791691156417637853046833925190806738914056336270560909149491386141776431475767330687
2.002884943234392896350646915211029602436902532527103530700172265815753472294618840598076342823837424242938096267948042877149478874664654299829735283366376125689727127258747178377849417439827908630688 0.00094520554777987223013509972291033752864585310133879959945874963309619867019102037364169491403340048501500041011388754735025052763897210772454952833569277473345203813604786724663114947691041427186997237
1.9958222500129816989203355107759578217344463372978003800528611403281827636148326543583634109571050947213938856203046402304758065526426280929626140854799166498144104447905687774140504287852002650685259 -8.1078857550912036023791282948197265436067882469165921735752685363373496778899873471628140197271787193105836079001551007570389981212629375136298860283667734908437248868989106313684709829320814596946425e-16
2.0029543181497672251911347320610869978400183396504901321416691526112903431577895775707816421714869643063287366505793587209558848372892119620711891360967167893144259982111772379357397025626148417816247 0.00042990411749754905813833917447173490527375762725263598289865906871836823761471843934186247731664713783326971254553946799599812958490146736453667878236363304015709293273256063333690336330420941489390912
2.0022441945470899980530053126376310333482288815083924912651604628257293002676158223998825686355353192596453860552939440406757183869057546476219377721659715544218077555299659152436373735134782607095555 -0.00065976658024166271991746317929681481072371154190598229373595990074584624378841116408254923895156467635236321790621779996028110243920840731393190831150690723519375800972603917417048673220350122537272481
2.0023867631499794768245219012894208945193088811209846554243026357772727084513151863246528847608029007439600408809093839395369526955424512280934750950296835390722418295308211563208656729298623395058377 -6.8230549833066521024338995624184375277193546172825383887101942741144562035506699203162774021141985870779904553421003246463356493579535179694960599789568222749374329284234487731136732646386333474486612e-05
1.9960777591484079669986077294498265707642054037879125875379066374790122693533021861059571743537172016741379723592080439142471202802741170364407139621449758811886941600469524421157102292346123926682537 -7.6339770461134784278173550809736394634803017435427131048518183942662879727953319648014006786140581837493319104167774224903676592214042351249287188034152636991935206520872276484252602818774523235131805e-16
2.0025494859162424219586014423914248645356777466631871094184625480904694407804684349869483332599924687513212904796190123003926937730167078237825962575763235526602644662007804821982905261971688188031723 0.00079301112531604411512007314354063932651552092509721241101407486042086806608551462650058572295383822355101864860278912185705621566300531332681530834069484135324566958467574982861781346506119819164356333
2.0026832616663423883817385115890917969350409983561152258317099924587215471409616074923569266532987117528402602270209690601938111024584302335452985342701702507251035038206962542437570800506466432992006 0.00022270513816037491928161472195808256869572215098227920855534820583152973503464689423857186217712329963697878853661974014787591783940772484640012780457516943796071023005920079299534345151391843174705634
2.0020047885329424981848265317699450139524147898730275226912969273478731710940652471380877829977797395839653999332257924179333376267697073512499642188456731365248837331483551127412281387074019565188576 -0.0005659635074056103409342624887054553731693639364882404792536724114036316468530171945655959504646256608049205026458409814496988214565020402056557202251302080632756477294937178489829458898910628761371214
1.9963106361446460056962599614576724702115871540135999235888320652693921842521614536184015326418939577547488469702997495078931633780754885427963499239280817967379663823486018463331652682991135892041817 -7.1856480843854671330272839541692938232465913366721892974115701717076901582421360426290809718939520087771449108230167836779227998621194858440323757133522088999365738326727374253947414343345192413368785e-16
2.0021163478760112806365981704742220568171716878700328586360762383962071082128164980330166349178972124436580555997429847402426005204169367419019297464006765093890450140232857076179474604797731527868614 8.460562332246092358218783397258777405713080715781440814413946260984745370466701448987365157556323036056481299104692322909737481016647255525012022061982854586854821885804324361110454194919948712025931e-07
2.0022646261449171724780103130844936157629309352926956987605405705335927674742566263412096604349129675914334465827539181267971807267906802802669319886642290120360192870464586723674522194021927610554536 0.00067261275523695933658295997166714915848898169088790717899790648355601675451906292898023529428079522850672152839887762985014121143030022219111998989710251464183111394924515408825588213023705447774596519
2.0024132241050519966789582296234530864211431785108151384685724564503029799985651111244221832363472293256235928245990216237748870772609255009231494560153389272175802739898888080602386601955356037909851 7.6027932721291988053538493629410590208535925829549074211892349021685542542145799054638186242451437654570273313251020241675094814793755542610713652598158352562902002672691437259692689474553489212625988e-05
1.996523464841414580745549562806778373272253885385421764823352481911204912066578761699814212271225772105242623567780789150855538163357788454579536747862491525159788705588420823052858872525464649434267 -6.7630661526381128255944995087810346274377553935934542523171056410200124520088078654478786286479106934487788621934186466134601590819506624991362808074065066684322572130310006449353587971459717490993082e-16
2.0017980413883594479748886315279920423458500197370019312893998111444356704418359431009206458741322456090100593264627343044604824009892958779392836967645858481349464448047720582068969935382605825120471 -0.00048937848364217838169272511534121272994583598659463698236900666325367256899733308257651135509915267301672618725211578406919850515780661064554725612334965466227544354617522649077189115795653403053291634
1.9967184722371924393410805335703195520128822696745814715434502581823983257615549603403865918226168355650016685628922799587263498902463941301988548053710645512202127720369520353534780475896236122684366 -6.3658608999282183788999215574535961664310585525398394446550970319412224865465925777821320835235508526923556000818469897688112631136932993360235615603390967414358597642009540938391870448509416135730943e-16
2.0020207483563861407232943388866828134523804562929444495945918290285203913471687864613703803598914762959796493255767280745844898831735535877350218895391579307786806014112760512477084843587287784251027 0.00057590456890770611417627747223350234053255196079406111910567756797649032935466492668197995861987013765250417754693857926819543908128553493431432351699311396289513014431510513205491591743312530844439659
2.0018114295346824397116698310236441559453253190792416389266625273363412793665297778134727223751335135147080116846150260957039722502402515224097049177228829335431241290747353069504769949649857145158419 1.3268341184140576334012688744775598221541319127924388652094120835494882535038995299074345208141984142889642794548291964008197647645295174459071983226616433836959207301954514954251164255759680407120381e-05
2.0016183459644178842524461352825687433899153375817423260055112570755903361277470116011034750647379094684895671346384431992837371076726267316728215852301400001718031168745763768118745229343450876291105 -0.00042615498214011636212405389229721165357522680513994493992733383448000678168692529849624807261281049041577805814524317646121101117008208315420912405421547226279360993430790785211823977677006459145402215
2.0021432859858896703086934969360010621362360616527323254862722587168388222147013953278126219751993242708709191185098977991907330630990002247288486114559725133062923517038838357794149767966348410708102 1.1901995831960147805136305429094234312490295379926751784144307847839634334425898064243948447364702939362401479479569371775477278217088244630700257235001175356804366971885440920099539453805942534906723e-06
1.9968975857775428119526506960109213093750447096713276917532011711406482595471667402845208100016901435888252470791949896214754731050532371140606100071485987403993306734174742874367136636918452034881194 -5.9932930690858265827922417434782877382622783853219258265067609264411649498355730664863609913552062372050439288640851487663121698791371946684708274292477621600883631411027919876262368255364046657684481e-16
2.0018104186521363579240102562214226770235567394865097829031721125738672990684503136193609333006302290309244588821597101703254471352379976797741351247836747829521258552586432827032726652064632318202869 0.00049717258429721074750582859819908625117178825166988440934597424918277020094829592437883553566823861224436398465927699417129219226716091894016085694086002859397136557143841368004430438570732132168766717
2.001461233455021679515844293820940629721842940522400502301407490407393443758211891595909546019747431731997136947734979220042745492578813443531247341460764578275875436192245445747304370081986552823662 -0.00037339366218271758703748008565708523219369878472620005150035637811999315225659720429648823332181481575603960089778359481994014815164415994723103555520764442535528398302721068634119859421386229094813937
1.9970624802391550465548726721100513715601937757599063136230538848717734205511227049721716775576590087742105912673002715624147557855018172211939347748297981798271085125534314348173975677067178076707124 -5.6443802759114226666704959080207315041928585196388834795481915852715317752698048286730353094043113558654056745475110944577717257285124473019672286658745032068083284986590324439131500840232989176874831e-16
2.0018401250235933558473345417214891419151340497599775003479988018373686833284468312237067358023984155247140425486927553391754888002994429169513699384000442377352194463117777370919574432146063353810556 -1.355899954928991983768418778916469382323709956755244038355362631610231401795551802458949706274483701481243524494783016545362068030185588838785344621434199157967949091188508820399271170107398790247888e-05
2.0016278300717417332537608395788399775021454126178456331887504463991748625133223648002180219364388387464570577547342264075458121081066305240791088342187521510663134870982457136801170510952562498507775 0.00043233070282601263391668764203239899831040602864367017273603779837398476758144251898448718346881631082905086788100025865496205382074583673683638807962419387200142494265929232862359133128029671776161977
2.0014795689200791496290557151786176956176782538326379664869433271787238348393448135178459129271246753978240333306788860858650449731191864777340704384669453572902181843111869506343380415276221068033511 1.1719016816510968830101330965333826875058696941133502640869509915650471312912133883656590626139115296324326656107733020096248728200118458723318502979498237075362877751331698156088536159201551675244481e-05
2.0013231367431128922781756908389721567160598600106961598832191856292870788157286927051647376567642716521736606130342192670492974357351427113265021764867184123289565556639860492230577740510902946321451 -0.00032907909273139395246995007350139652839297321568523000070322425963503005076642067441618208500388986221002082822729342001904734440719018253993059050292636950454503100964592184359496358440704953298029426
1.9972146163053364092863828743733072077702291606690372567235442374239580573467303906038375880503797050124332131943567739245280149200988074924003684773276559733651316844568505823136372347917932501296704 -5.3179899414696180617284675502240493280866129891103771518035696233981004567464074064604804153413421220834175635254518255812145897965035845459639944479798813727489602033730428294793028229789997853942254e-16
2.001468347477767067695255530980746176388559352643290752978550871854015547216385446622345486357759582696831524119719249752017629961685327344220972338165630330599995812593631005199566211063860675400653 0.00037834081867430020678726393044002366319241673957508649439836588536031698196196594468253913253385094305562914826237802235201145357639961336207956655904197872911087618191132717162852926247422474128121464
1.997355272467424568359061754232336652510326507084521399059044039588994360339600348491786154881096775375562757688863270708500329526390594781013608282877709176670860871547628156730006316687626864100284 -5.0129072553990257233863366487565312164181366579543335164136984379939746030768547876448037197454081228271980565037305120362965767959303514926944246100111968580021713743056472327172004213983956179387741e-16
2.001201283601145475064266560243853062723314219737378743704589450634887614772021804763527271071577197122838509652095162357359709365878275114353978598856422329244712567282268355501982101089304269199487 -0.00029139660645014945264837286040429059736801478177737292473323732232276834287687403569679558329344296011747022217202487596917164080942401608795310201687441488497246160873876161607558280893185683724560532
2.0015077180777214974412935293345814386299253683544888976410538555510109181591946830730296713782409265741146243177908258707542883015019002825948052643459641541698486590194478868270928443071205174723343 -1.2281770595614410122678392820128284518008122772762302587915332782064141544861498905951994429536698123531677259365667350117221328043930514526703070982851511904744328739929310526203658930038445187602924e-05
1.9974855715349710921098643189177385939791819637130888634645600090802746249532627097424401530930685587140291551508988857210751080273603135908294230829913015380095198186937345217300789666420271102197667 -4.7278842604891814984969224148650622344435116129550041775628539709122759235608177305747902059261946451087018599492102685598772468140677337842824198518235932018924180096402713115934211339949645528513831e-16
2.0013283341780086059173138084334297825367440755699120097794692549486718463788605821977150695260982949950333351621535382099349786847656468778579731050921261490332472824246177930680948873024413223836503 0.00033307126353787402850095275622571144061066269154497451827499380416589526820278536079214301733289196375350137776042163602396322090609598371743567141722516582021915566037055366239030027830052459428615035
2.0010929756262079802766064890236078301536339621442768257652116762786932422006537108216878389469629851931802768923296277636272020136217268873888678407404819829479507667084890292942227780376824297123491 -0.00025917435945219392800828494782444956178083996776471748264769226711006004282963825899779506863449689928520420993318655289178024618818050025749609739989963431361962248222121971885130064273298006578203022
2.0011407515049241385944389998200923516971110632001637941134310643954789681029216269718261392393220253898274914883304426979209922220559075164866228838763337950994047374917733811912766820815375862475827 8.2414346457672890372557333398746019771779796562918383596917418215622387459965414629385244035156474488275277009137382442566320102164733188901329155908594105035977821756031775979810970707786318386277772e-06
1.9976065027676839793421128093974755576036890166647182855943485387440056834400161921652353714118992207653290232003197140368746816969864385622923228339601943069421659814140789620550913011363087000779818 -4.4616747359827497446369119696276231519168886953527799240252472779330054882502699530963372853098169645508083980599890658701337887783952790991128956890738041684004919116333361869865491357506589617020746e-16
2.0012048468941933784198888953233387664527289785727966184468264796698834167634144953474555973407778424311292006717839275087076306642301576150748441266974359625787188304286019466507879445462675884478689 0.00029460931813776276990999470315297238596735503036559329005007791650002313434321547597882740446432229159875943534623135635408224565009057934015290320197158295505919275823184698069136126537623311532390964
2.0009966150831047024092467453165067563069179540837799983916914820463192119072703545759067990549311025315716124281369864051006747545938114807097196762362961344806540057875358659613863704707011489339279 -0.00023177787091715615592848163085416470771750276068375137673843052461696993103806257233210180660481205596251321231574327356608582441923676954448102622626262715580023427038330944504736927782871008265418882
1.9977189404336579846711638902486386420697128940469919200732889910700460358824786508045545678369002429205773153851070469475148618348053158900607799742197529273650598868526831142005770658591944167303523 -4.2130584538313199366981948505596806315977060621500463716299081487680412250633211769645415134191019202822570230225312190746491314316050995430576249726236461664543067815921043904576991384744775049952135e-16
2.0010951837115570224653685158193564060201200743987706983718364335731246638355153070526514701351137621658981072534504167534093482066892479780729594750261555074860252608177236405670514687513667363745005 0.00026186367721416939023765858321277818787170818314391805895442468097660393288346359715468891943442829339019764033436791049970371035443653375075988619515883892717102262654773164092413391350990285265597263
2.0011666460011548389078476539828377666408329052481744745517801493593999075654230997507047202362089371663437859610480163441362403406322394718231587461122703227041736076261292314649611500934796502131255 -8.7499681021894374398345252566746563789429475668539110274867609936971144377092970213512436634541411311321794257008455206037659636435700596738611278066212115971668482036164798739473457675348724584354205e-06
1.997823659436395039830035076571243958630998080258033612673116235404475920977282022066975931372176127631120613865411776679449845368501045203449910820669399496298569826587653468578205628797920332578 -3.9808575279646824095890205602154120652379661729140227961231834024541521718040672066013774507020615984801467940359029446927322005406334915327889234403535094955688053563028468761746139402104298587668206e-16
2.0009108501351653770229675545996336100499798845543387114103406913547311951185627366730515379221811149985782405739811821712680584838839694075656991307865311052845644953484210005686718113886755092418075 -0.00020790520515763437818528195490283296766499307449609224553717750369935355416966549222082883359678266682907662046505428735141677106486488693822534269073639220738449423074550813799070032006669109658306684
2.0009978098515125868875923294780874214699593708507792584438793751836827220651834388961885228665764463756333893516144528823020595594260388998385188142287160168072455083154956091262138492578455446582076 0.00023399273291514287919323586205130334765648365457950107553937482592366538685916244678888727844603837487957166317068914780374265963239010143315888752822704997182190256505829195401293347467749807302501415
1.9979213485264338642138941253315237263402810287012776363258462123579245194497560425851636966724200265294813540084019165029474920167571092603169530681885109908510389952486396987347568684240044796598776 -3.7639469193901585203590558161068216723939882528487537794353096528348488122521048080138353650483157728279108019578363351927897517681855184717328997114814205832615039163183415905268945831372695534035245e-16
2.0008337194903282224077840157215738662189478776012563794645781795367466287765826241815289933346895982864015404134714526834995121568644117653721550394062079339137124541492325680676483403715037755385838 -0.00018671225626345389216310807718338335590653309027777511734842919368488850939557923242845197508469651704642932707855359873327821469577776801471591674451412978670890561213016016494638114972014607611696552
1.9980126215137962874821073600485153276207687729794146816258988998233751655528924083827428410850437343381212082252310689925157453938993891996022340259447921318987652346646755178784604270850040453758386 -3.5612606565347980103254460239034270108873913331679168035831775442543240360748249725943891577316078486272357606806162175497522990501057918769167823357307398650003416480136150073598046485093340618019563e-16
2.0009110970044790564743100465531771067315504348663990856487300842724594388297631522046003945667386418467251190000641936912654515703577113814945336942192964346424427198049907647821288664092399962152244 0.00020960227655652905838504687601618208147601684721609809983222608742719345490794805252608568727131164931935547898089888244864920991159326528204295999003536198086902748424249166716986327803630116630156495
2.0007637763388887999693032320781823741243149898662705698915198835991823546052330023346391036187451507557949265950109576491350323896760282681146068025991014649194777022123590593786465359005749254223835 -0.00016837702425291809477185921075558290645286841782735587066747838577800705461346625089544300148586489993693994381993154060131380863861393249550538287962131439762678686538637214304180575276680292256082042
2.0007973289539410464458324341772530520630962434905484176307459668769472934526725714659048478533353778961414215735866896860366012432525992940182282673516878349306147111666735454400929557541815199681104 4.7338885845038660962320051216627883559995172625934597525294088651380277351944808979491920591459267459077650872722155739924745866254312534344636504313801047631115702226180431585081484391032319905689327e-06
1.9980980268187072165394495854779647633488250497147988442847955094002728266838444355015505636627181069694490750275141684423496989701211888127439260744341144257310895225021898560030247482782837300142289 -3.3717949460041858318595513711986289752058805633889676577084888825382647648249078697658635434795641510517556629274899358329042042466173281323878482593195268902287637306183287372996919137182999849137927e-16
2.0008329903971101682128295667761907386489582621252139735021266782371792994844146290444617117876949757000657578260763994552865802764352762323265773764229839219993449417758621997585724810580807577710876 0.00018809524080836300811172064490105383037205681655091158826276018186425037028649034073250694501450550667234627309619216256195593671395991551204804338892665230803801568704664653627298722289965493520389891
2.0007007454690943545748695650710829285309429423285844698366671624345932565473519416823333888536343194055437967085657395943126268466603243535013891691732763628192153373403638364174670560865984219663077 -0.00015294390064436231100209965999085138844396441241591468379074524865664136387058218323002634578840778385527128140553779064535817005568722901855328758664951802748680160361334800622683944001925086376699291
1.9981780556354626978386421397804133098494584553179126944545428210891333704145830179322390330832975904601497080721784668788217207902193129918157221854427772110059108355861293346265445578804115799818587 -3.1946090564398811322015751470024150245893233999394176591855502836713794880906020188581911134180792181454411969090295287401138335403080845984528469705498066140861307634300368256428327407066640333171252e-16
2.0007623295455647639463969513970748690897477530420670434267526359661016417252021859737781823771277512456614962806851884388625545468323437638992800430338011895382534141692682120179605422235032619348839 0.00016974324336591370516639417897938982423027077637811589843498786622618708966637114736562263821456844767170607025619534008207684087933708969143801238181395896129785189062868762174471648146692633787975644
2.0008196088166819173715209389955262361225398454007789401521818207203952579412853947248928382869424483621142041066839100175930693910496956162839478362844028463007258878957489205518796344354608768359979 -5.1114199308902382707516968518438259594444587999796678420104919720318604444149718410298761725421275488566830779771742372542341986348058741592957708628939402491888412289364086260653910086384494136486571e-06
2.0006443363559598895886806398629976185959574832497104831364544970038953101351983870756588207546900667289362296283939375504700636205483295632493880167528395793717482940590289083591831338901720739872898 -0.000139563424444315143408310714033894935480471252056273425099138858650179026951728523907206170805446133308416703379472492920007870012211096746336832517193560180495944485259822287004243948020212265024019
1.9982531489343384965228740321371925098818154603401145536456495916431957395633080184358037303884139014268720170500226553830711818755150165836045018750316644863378402555050844434223643371815266010054789 -3.0288246359963543469140781414888415307542490234423080402716091303631537628881195984630954162444225231488937020764604349581975866252632571688522072956030058278502095863135654540913154704593329931281096e-16
2.0006989558548423148988602479667085741700654532979510742192368235942858699987629271657531148769891388654597475952887595041817765921308382876239862108896332100651089181727247126277266514366563584150416 0.00015424031732772211919963496282043910070840098572851850868005468522753174878091600255146394579199726324077687627619956762334347026895583533878828778086258863160683026958944202463066809019313567507566554
2.0005936553623962714890344838345785605142403083108687276587295486507300599646164529268033431550578328073782261417792903083647436675545954397306172513012057102691829052762927959691178909006745556408551 -0.00012747359754682987487603314029491206666197990315794663581056945181767758952455587623106778814333263129205896912779625866000501813785031792321894226872262670933150114293367213774338227295293214893003659
1.9983237034863218982126695137248307651619826560444993351900381107849591418296157595468610118633032758386189819925761595624930245029781635736912903775914266810659213476675035338317135855038756078986814 -2.8736239555402832404925310453613490866217344185852392745195597954934699463462306099410617857170076708769312279328831837175024853818209849463773110126899904512625102166082236486557781661087553472123252e-16
2.0006422925071877648578747724836312844711329151930623608273253783713500596427055304199981069431703421712405029747899186697837899337193213809350090437032813840492961585747089667330109916369365597522911 0.0001405990873626250033605075688628557026116281631939164023866871959706813212015975159202482519769382249711636366937128020411207899437152003773842572000685102086063947934878940790216131903905909020198701
2.0005477860820830983995635429395695810132839734768748636381624269959266303227455256007687306065075668663936913747728851394178357160594138203118874087572593793160018372877903756622508382958319467509848 -0.00011635295664368393053692056832333732947918329312432566026555591414407484310435840747809310206867587441047068525567287732699981181809937061121754258545419626300786239367224856419453422990131150596368312
1.9983900770631141165074175854688245366539478887799456881212324849446844943141644571235308369582749179215186670485248506330509599326848225891698156322931445040997741152822551343896030598490200903068143 -2.7282474422305234812439895165463035110917952943135128365028577502789499633285582710776437998516145400196745232491411094261476918571204903451560607708231506264699746774557706877785694785554860808276016e-16
2.0005913166242129902345611876814034515465960954190004117746874228849697531954723564714062645893525917487975322556922083812494662044157805904036685328489305063964245023912423915599091058988030827002182 0.00012818419363860161074530773537669602631985807530340955212286048051462743796924949770323978284386713426787434375372830660920585443211129420621492746086676827311249271300806314517189031937009212441817702
2.0005060170063337813348267607641339989100785660280104279244834067700434495901214976707745123233580625291423368347282702239609855449923976626438198762407828925647256142832835204161464763408292810373528 -0.0001060859923074027197992234699932717412288971191566809310501350719933028609661068971570340786891888519386146414383454160472204551442637148555807262260100483935767201767244973321938852461615129721686156
1.9984525929386677364048234449430013196601070818289680796433354079379736817191332814219570619160588100361907297815300916898536590170478081202057423505569864970021118315138247961550669368932059215451014 -2.5919907718773218516237346649232234134747745546064518902795813741367635822755712833097842790708880112970827714848770042944795293858482866702010822183218647674488111080269292646344251610364990586353728e-16
2.0005451222849211159430154914474290002672111402644119081334006565487677417802898809189461381695464851510565346024054026322265770442072275035335157326564285606998512126069766122151241285656002882793288 0.00011675332411900593647447242948218596267377147949014188404394146120813708197211178433389761477443398704494675463534674589055722861921658507399377781991006594243249328445592362352471825921352808464443513
2.0004678091162030464519782172707206474363532520288936919567332166519927987894893142935127846030181283534381808274939323014513670696281297391356900409479427340908441964123509151084720674331673236500782 -9.6617092382931758676769658312686763789813217505913721502061549441663042096593912336838321161958069359045877994537545185057108324183517545576867660917235701397868696988345976318221561874323475500545068e-05
1.9985115437972324302582691956123544161014418948790275411939956119708860487360747239787266814086670268417789969089824125529916495022169755236172197039653463114246223337882137048792019039580368630286796 -2.4642017159234564529672500951270750576893903030335080331058382113672891648800638926900631852160980420088934158945771830346540696182303710990616030247305070127296253644900301103714229294400905189899457e-16
2.0005030225450932058375588138629613607796748485165821322113467020935731917127157260285302294070822357470497434195265620578391926563089326805481160860686484570263059949227788981526912305457045930454533 0.00010621347029274128794262719831416352142112549663325794524324863336328371571076026548428996942223164971068367655125448643219534493798275163704216803808951703390971540841154071621034896945482809552964164
2.000432740393041201278320928945435930568056639973649330253518233406881244842615610947763943179652204768461259693247105093248749549549228831262260790881456576074612006523294465291359678001788342519898 -8.7902874229616173569863848422964666701000639223215596925345775035408874048792326233669530199675033386402124429652244000379338689072512183072627923957448373859625667046692237082313374307909120198428623e-05
1.9985671951354981117696611720398231824641768375965523010808232381808731897368622743040774621917364413532975827690327703609978169238822464674449451356794707842245864784811756317103086971923386148641449 -2.3442768843327102095275980964949836596468130919331754625641173386988731793895034568563606686613187218137852600037430630607598828368407223391319718890860861715569124530617491353855110364884344734667741e-16
2.0004644931869510557906414423836141988200091663206225752986473651678930313216031638684328943801256610227984332487552442027923109791027208143006654582708736830214301563701997503503144974326773524204262 9.6510939646724209024781409274248427258830407962901641571849305228642968688623465573607428098304237436266445049696926955427747713019345235155753363297993720400818746253129672455711978103667066995877091e-05
2.0004004684222938688519155236595467303836125964921334957705583320602383028710068922203052060219209654716819993103666051436420185657973241442465287562524128601281110993216596397330187055587990331927418 -7.9900051952912227871925264890844183057623172610339658086455317302289685889009359094326362937351737561195122145787765439418851177973144697864764390870844545520705972096633391227526604601852480382528204e-05
1.9986197882321749539440056432169551931898193995559753573938933053320142156593871354732451093455982345467334209428036544205678704573494367471397695831280824175921853113946060401667950339334035048696234 -2.2316584647676148892442700139034656526823150624043838743123515187862080452942063687706464275880231891713907080908364090214065103836856838102028117196821309298170500614395261019503120921696745753434739e-16
2.0004291193020631676616338030472316774587139167372890326569173723169248134621363568159942929768605793126401911532744937162895777269577457889143774847961284310027922843381947745948601060019751926032939 8.7598627248094046155072574679993990198754672171389819578061390845429860074890680358360606692308084603118682704757784005147077256402446072464206295210885500304837217771485625636784531894426056427853106e-05
2.0003707074926620100183839504211563702213334022174814821525620349221070439400634164691258485569564638801079310405800451658529131816314463914745833553553603596259887172662763831741901411791355756020322 -7.2563670027526495062343754076220654688976723367511771385309580154182001397593313834292131824248808778474161389710911577487877976663147778414024522905690970046516270223989472312508797304972442542659364e-05
1.9986695427466249450897828313799593900765186386128327714700211227928013040428148486345417935361636587661259744571049943772671393928029575897921264069386532638620046676301625228847719715177264940507518 -2.1258310278831919414720670062129041907266738548149736067386073947442917904063184595957298613625274143125831859085054753683917298912884363170480412934992053748979696454874095959587507716136378508764233e-16
2.0003965613376589779211516201245491247560139578134841272950222303368511383538012291878905661774854438957682543088269636473150789667453606567252977059178806049089744807268013643155532317753073738605177 7.9428518807787401476747219919280223708544794347966052098528775858674312614552589864186958367893537101420129774869007021113890402374257074270003996865097403976374911606457314922685538807270227882431243e-05
2.0003432142568309722825691638512541072937347406191259458824856252536904768334856797661834266405619155070092256308658116913430239405599091235478813620373725358684992581907573321299524807754251212910329 -6.5847926607641944063571249727573948231591481313504314095745493596835764544653762165813702502066197889772634639859373014966116486076500951568992286251480154095214542229307621097177099998467874165625966e-05
1.9987166589984772734078482108507774239424168750585994006909170557095287609719419761061625609662303347372514369527788390223674306809561023917222752907664867820290138949168868203425486880669624171281135 -2.0263184458431865753629017473100086066555037454502885310550975870167321167697536867883149490707516750838023505830095058862433944743479002572894230434314595105197421619095688442991988248846419833463431e-16
2.0003665342655157924673457998175422458595315755149523990083993036143778397770594111552596631407529924446912858643630371568802975819618636501414731119183816866480722273089270914163038139080100277364026 7.1951224695652493327541413553434939167444249520207248523564737363639031453077245920441278732983291893977650868043368253375282222246091981244446410537713770516431541284422433520794533841516935511047637e-05
2.0003177783067972307033103134234438463502994683798293842019109760459154161893984485650863146468928903750985407291260090432872964768869415336189113964259450733214408938411851501779499032898593512289922 -5.9707352760142750338767629475684040025614586248219867508742731926426138723205646621087796140421074818980063723283015171655022343452193264699200621258470570369903781155039360413021361914160116927172798e-05
1.9987613199721359135472315316587997398747250513496635949611550513432024398909940578970656070946492622125694467661622124457035542878632274760856163177234484526183751393037651351488003363576487536841072 -1.9326809543699678516699305454941665055607140545190922153259029388325807805056204039795596096307905373575107225106320453706018342347228522555703739171648657508804388933247990393695895313013603022572539e-16
2.0003387943352394977012945673755610872804920463917399941295068625288626800025119431767189002448430502913411005574076485618082889351455730904181896180177367658300598071167039746785889478559480719116584 6.5117097069320852243550526670831929796295258378234037691039402636010350460060091665201375618650421344420954484313417134692718043916299674451013225986590150956798587144821316919203996749963883994591035e-05
2.0002942156597208871946604736575799486694727590045763644151778851302152890096177326385787031619985060642658902187519038465077513749275516425131788868971146202434555119674862339180618405115848884038495 -5.4097775993979464966175947454869775816210550757203822751816120596431518805755015734235442521990646633951910224030681539636382600469442575036983044611337187216668163387366719434988930292022896753793321e-05
1.998803693083415687420408905169353279198398970265544054153416276345628337302946602890741386214775289783192940791788231374616872716174208185312645027652530914386940689243488978058084999143292122786117 -1.844512376317663502400592937624540569388448943296682468706278247459511063212995584462023923622183003342813412504005001228455942808722708488146838146952363919565014362225594943610005741308898662309259e-16
2.0003131302160074558524393260322793911928149476240659801459660840320635033458606844643473665091453108791019004001840599098016348565095518656791615524318228390772248532206099362408374317164169113896902 5.8877410159710521112184239815879443886942311772218244883070232874064291858700645296776006044639554384913630780296403011265839383638821567940223866767069005562886334979202436876350568580039385951916961e-05
2.0002723640491467453527288049734641849228359343571754251783491094400610073418079309910933270850762797302173687944115876757247741407403796476576206032753005369076940160421043448668838374196125074408433 -4.897698181953419922609957809952114870325759625616330388887199507419530471570785443085679344994392358715100272184307866606174914408224466502563622158465303117412399171672883009402422049732400000994634e-05
1.9988439317399768563845678641099842621911559822107307124443370578599542850837825640565043473356349272142522146799782628756542174244318480577441713196263392935178767306431746642707485407586080069642007 -1.7614375158079828469995614500292306864619833075603853164193245835015401496486250710428589981175602641025314298493262094204560629750289646831799888271832274399613364334653954330655290327126592897997726e-16
2.0002893567784601689220638663631577302193604326618808596256538384349011739960127784676802308521384171879773563247971887845007567327576940879026104568117356395692171547666706996977130364979125873270732 5.3185250206580720722908047104345771488004086745166068117834582473363979821187575755741321410533759800734734576402417731396871312056364497527085038672947963042999960150220977389777917255580454467329899e-05
2.0002520793906659289473611315751875669361217770300798901720361158070374235071663113919774498965637642950371557321015296539059991986230443843014790622778042423466859701272508934991683121821111242867094 -4.4305116037210716804977824571339785537964580566711408164429030487012291346105150515718062492162781800942650330245763264887896680795231362846208729803591329403313213187429981502930510125028952246600866e-05
1.9988821767225699720959467260539219104319509088051985708862548549609247416267334731296048709321669007247558554976338723951914530185281011824437256641702475675878247936293352593962587757408216620533515 -1.6831097255526428864996501344251955044817037850742913251549104797061680018890869309228992989060419108273654111343007253648714087522868028289616993127000107365311416526698351354203185616678543367705987e-16
2.0002673105422417347896411164897358713345264196053906063090330407423901308472060345602608456492648750185586691648561199949043029205070992066324047795049644484561269990397836466885389115284523384500181 4.7996094609865399572181152369274817569378977599239575485816755036737739701575751145623829748935757189131069257571122733781245836419355661508285273149520493802184303593698413666464461463225396355019963e-05
2.0002332330459784533746903841494787286353564116280245872079965247067190206824040018885016650325092365922311456884479988861765235250026523775398146803998902822841584360447697603583789377388005524208411 -4.0044892627770726928001062969435092064052580787404027001938754173673397309123224317149913168042128559173776891550972054509393330563675879201772681091977433062186727800453048223215961909153906486952859e-05
2.0002468462243702229804555360015924239748745266875478425832252428746355848353801495633198418488169121874144341727411498904326738456341726190214121319327194005018767685684930779917525715728549817318579 4.3268141182933173286949308673715666242810448090089687594089830559608775543093296224445422333234712364060205558596062232164184091073382574557475652665835688037354126022593420711915087365372465265602225e-05
1.9989185574101922577171298450650983791501573038153380979452854756417073359185657510717114183640149415848245716193657067342249128790734549908928372622691169039705680520294924314988976003506849853972415 -1.609208645470173459059391256441641288333610485259843738237658465661077843703021387538186114717364495839497830121948511414253196245266769787308695516431647844924477355411124717388435637603386827395933e-16
2.0002157096512581067792773692822987165858853906823373101766601905634225422896616503778573399962391045246115388420465886667255337027606732116138230918863544279254345197910625072966741244343160487421806 -3.6161664764483763771755357634509984558409361264837537918120401497778718586535647806253008700847255428137788577603246938690055201206250357437837536601253769491197191841927062630777686233563446201545776e-05
2.00022783404642882620605837223036089182928857781516874179848529673092905643895205907101327522119693353221336208254431530009988448270616589641137746956591910305942581039591030106958141927162686278034 3.8962455711993375833916641336107043560915915794966095617233846853263749745938636212761933183564294009563328752915895752003040001218968738898822981928716194901319504272033162415915723726839658204365074e-05
1.998953192868964428925500951115214608734773914745608303550113870962021567686452300856688914784454817283504635902259517863443704357210906900922841256593714434165128828549421491587352259367036095448755 -1.5394381076063658000302578165130162784972994644144612402314343624793025841189929137060663137186638193406265626309668387756926897393783356304382250829705787689350217621269038752460883609104752950557853e-16
2.0001994053579881261245583993782326386777107449582926826087886542662374862956852260254733810567234347648329816733368243538559891628000318863636068846572845469961194753326299063385638237151616664728218 -3.2623403383217631927935316058457696617551153278686056954890723906231925914826411354880414252615059663639574659843224380221845533900375890745117168286127553855586917752243713780825749807203405630583484e-05
2.0002101575844395324356465499236663870376367200700497693426828314433093250016913126715989434160358486942201770743853126798291397214016403412340839556823237194908846661599131137465109633279919027476678 3.5042994346772910079280359117778477905544412796040391462626139159656795354656084617428544323169725111934265260325921696121806005003470741509934528216098489038540117869149041980122963225495671647757118e-05
1.9989861928217569634817369949020279689679962763191400025535660454246689970298613737380407121049787008751407225609861659380409520164331066884577882734734630549236635517743500800727070335211923277891905 -1.4735242003216496894840685418301142778411593630550399868657249984301492041242097825531184247247024881318741141452728870391504140897262280748243121397285503124490657841414129453509910953371927648383038e-16
2.0001842263840536896432022722874499582110277726871376282785986218384877744899905296112629723460851113980265335547064548708581608013710732020716134361972526898740316410078722606079005349647802616803256 -2.9400615763681333567120846464484031932399328878662377316813149703915895052180530160598380767892782240499643780238551230263890094532809718464401202619971772142967477301949535787307081233434999425290813e-05
2.0001937120193162217165969112346761467027829306409538867110296411839225300842620041764721799676380544452300397365448602879359123109079878286851164570412590386513677079196167664200614846179480664197016 3.1476543322879019844104166045455166675100586766489590318585511100508497965296351242793610962645352609226665973584425013370206315605909750921342110411848413015920336391780120776708465617160243269323288e-05
1.9990176585132411198998272168330165616870637281190851650365269475039593891218693495271631370341501869154843000457137279714621244628284801559630069596094890421991832887957035034514560514184447111479463 -1.4112134834388959106634693061477801474701804467653461955974504092941549257787640489662934019888804822822073379938364757725759149985516693909455818624383192042887352985988274509826197199072596026657991e-16
2.0001700878039538903424010425726005859024253297851881750547028986615266095295692975820869087479484200317142105718688723155514715116395156603396892783866696498248873640698751866847173893002052286401331 -2.6466227164254319392200174017651084424072769516857042434438199974599484579814720183582894166736922113188784050785341211737684520118516605795089782204014704765328045551647409394010548194601402366817858e-05
2.0001784026910836492646165410310300822110457757225439016205552456492786814699614802201374817833102271155715097424590148020705476961816772570167508276235360804093573625573018363693388397796444070735697 2.8232606631504410403975227942055575135604418640535868326677018085844540925657591656597207003100682564959209212562464241947794071556962924708561764761181446439426346738940634105724187506292717092956947e-05
2.000156912527151994692711118245217866761013045660343682091429586571642628179035256459021547541746236080332033042620652098686601948662907970574548168575782011063178562271984257433235144134717178503061 -2.3795441592228179835695762522755144098803888949765093733867589232833960394544719000380151783585641745752658678921308435569392926235701654480309162992691282013017923543415204019047918020994003205207966e-05
2.0001641438887915983627704995377363461354636260729365780211247613775024302691251669299682223977065518814480395248275381470519047559470425513429186146745530884688491511042595270402126074509740835701226 2.5283263210134247874327330014949968236753079573887175479733259306153043632164460156983039551656648641680663360255173152124891008246840928151775646195343865480676850264780574403533268905389354098336231e-05
2.0001508578269216154310908193459931340832903474761149840883027344793634360767390523589520997999173153633673178767493263567280486883519745073736996023887582634006955999715468653536192303303219993694031 2.2603008673969789909959149616706797684848018097792662211933136469795959363916717695793644506915548889247687230045921909545887040396332217974783081004236689379619230873281638530074107694793136683872616e-05
2.0001446304270812568696942943417668145397199537598338443977035970831046562067579425239533487386694692986698869121235292367916185939474676777984412287830630856376307929073571070460073018394182857490981 -2.1365592786155269886849515284526751660197166833187585265963971409780777755273718514082442854692311787941983752821473518279915857702017169499679399227803614470137406787803412948863590401924726001929609e-05
2.0001384737718528613336436765327477842592251725338986956242757314958832184359592820680767663199153417326691445304922542321535790245481513637870334472796924592275682942390750795024653261336732679414012 2.0168592003288519628289649647971510690540386800307474152035101366169815108336083712720455871598086753219908164614706391380157845350396190570678502401955515862788374209051813023413007920997307473143866e-05
2.0001331775926330612299669659702153159815321764320409375066332904167017862182468765522672151190661798911075349032387608462741759392544902495692440414550546341416201367278172396221911649490346910739075 -1.915599294412357007049199750118604260267663662511422792689222377260682681689540414758979968578332964694635710573255044974069607810001570486115368435161075748331625705989003576015382844772322419575544e-05
2.0001269272908239843286773253461015448624788200611582207163863156220899311959827222072302855684512518261996029739229346547799250128349141407463843259536230008480054054757775306629733241688945118183241 1.7958854486261807334795914210945962343986405870879138401169370042157635443009003790322032861430825122449432049803587086245008320373027386212886021818121153918390471756494037310745100573126252106710342e-05
2.0001224956805543501885276587425683416781417501084571311185034870857249371783979350339155682677850821838235604435403006055279872348170025853715639334180908446252028624078901998890654981292815704210586 -1.7147784253388725847269515824746065018679996102245839852802859305370733920789872106132476009539137044065190318029198828581776246385651262872733896673352336910515769883767944296405278487584499662132585e-05
2.0001161596020971578238061766668416403432296387462814289828374832156626339394345808430366645688968808308815202431005549196179532108747971186289390173054399496941063961193199314757240464202837146827634 1.5954576272725831890935514177374039100372368403080737610868966484368403885586577861732324974590092333503074282941330328681313989664483966722280861848802003446255060944298630190968048271498099887634782e-05
2.000112531351991607119274921369019870869123729496210046246204157362142008135084258484700033948346112506905218716225552798500058741052388867468729575557096485161337052161776270161506461235304937591603 -1.5323796565710536738931141955085274630200921659681300197660147804298189169189990224980627045840704465458025904115820639460386975453884744411152801452231400423272266030724611853486275507986539129847932e-05
2.0001061170094214117870433927951597078066971695387447039047247620559160395852070689773864646232317568934888969179965407272495574400070126753475166056237872026981943760308719683271649259760768197905107 1.4138334955727421596978043427784494038775917252267792488099011916747555392256468326881511153646465021198701554412134616036052036166145178297769239783200683954861596107717833504378141286970489416310445e-05
2.000103235780035817718426103995071542263872702288441182577866425427395195698096878167551780217075176834121554982585281475530116750343033392546354049618200996755178245110013930948461399103732448043009 -1.3668413402422193051345264495564273976353121734651032070062677055669336900429365522723185732214072940249811094457961216189688214059792040969461925530129570270701787027384571089896275725553343907918617e-05
2.0000967504066635052767715110581793183390247036268374685509624374368553953648136766657379941504757452544307384746605221264293242183590665270199990951563599020232546705923477987218786203897820748055221 1.2494380628506308952406658788615730884727410232203934388741853671078609083115056272717799882293942973321965640297368822115361868452138955943131325910063802046934632722686513390954678444798206317699804e-05
2.000094564217958712941762994543755349457250194326457641451580737876039839241737109691708089056316147164332487817565539176083688751792975799542243626212577505950901250797465995954274170056166773796568 -1.2167447701449550001040355090523270957317629934947911147232078845354632644099424809327237998858789831599052586565737441084209577864077560494171550726385896858513000587162372974381529271086242485316701e-05
2.0000880148393469321539260529583484791420369651844088906270568207954728936143712238191924322391239496497982512534065723102076486497914431958456608193990926806928248729887539878043764868222375269229938 1.1008532868661491624081569600621285527166392897112537441337890076754072985292070070180228787795324262237845130219046206827914340094918762010194047277365004971819964273879626363924637634167726751885972e-05
2.0000864756201966744595598011473850625309077924207826649747340731150541038080826088945384218440509584003671013732094861924248963661008689863141143850714028661805376157057673823520710738253026113681486 -1.0808028195659752520547942197970687672956061910051391129766320019472318853022957360350959870644759283363101706290298617693411567856593078054801569344205342406310548234516995906375592743560318443883135e-05
2.0000798691077483906766167805677492651385477134710457186763777725323725821859035597982328259215404557057093590579744230349689454878756361753466629915716159009658937127839551462965741883053441165011299 9.6681068007346626049020232218715738433841486947785742984529990411803592456809342129576456413660695397588682580013738446527114920369517183326828464314317992167899146694434824021654446629547597608701185e-06
2.000078932310297038509410173917477941512712807715441191440274046057035333132099396163900931916771417520917039865577730287074327322633436776559940887807825821774037185878513038488525995985769608203524 -9.5784968768155075813651059224687121096162366472476928640603184396557316701526010874028837379458707761596304717828565834788067647272428409426420608716497046130800628865485339629818548749337024162504693e-06
2.0000722753890060334997579701532184789578855488311756802453995195709866300262758597876618026677725869306459660223832602193243215596587838808769279770259706711548153134059503064925069301410405292542477 8.4618762912706850595261773639552024578297366485757712939775934644121491855957021022192445648856376536542438457984254365439657866765048850922209943666909221044209062651442392865914685794624852844054664e-06
2.0000718996922202757578979145732620222777982718981411693615639159326789106999153126124666863918665113773147821634534971153272174216942276264215995751788989358384718092785748989248410006698241210678697 -8.4683173983871095375910233491471179439445715752227956340492249387464311474770671137132886309540231237122719161582778496234429079799718504800081263832824523232999705790313395596302789236745271387895988e-06
2.000065198840589411892154631764512487991941379111701450438735077063645582378230040692254251513098386125901557520772338329109012285610385736963536896584890280163501530358816368884379806497104919954114 7.3800775255871914352970699307213204208582780620192787835621001209894782384279955936349979245809627524364522627291856462618382626026664373239385426755261378493608049390278925577910901744343289364276663e-06
2.0000653460037304216816908853121895976605569595442325168828158456284803738085738221961420902154241223228655337923972840034491459753840981551551520852178187350189831334635550883740755247860920220463689 -7.4679930490206748397548940820965434815240427183473977237232181371729628629127215659956748595267636062758752575208222153129998034465349028838206924406359568875126345857789064715252125179160144976155307e-06
2.0000586071246019057611860238037265852540911278353020382484893358415886385673347266195381783469913947656965803462285774759303145178133272061113476650500944963284527901001006582835472915281008028819513 6.4144335917112046034703601080379549457406001524724856512308546905739067402540683104706051150749898634874623221891664231205013838048683915617418743943565202194317621022384356158684859125308352902637658e-06
2.0000524697771270565674842646432162128733594296579267837711168562854790290967295588968168636411503466499603052166759771215655434190664266894453185417265445377549398302254058782161269157631574646800204 5.5581191998986050789488742497527795474298793513096206908052099998265404656606831984789279224108264190991449540711279083243154514553872045023133471207822425804067735751100208176956624453665402743095112e-06
2.0000592421129457889249014777370830476351820284305374415803533107428598555265398780652559431642269889264547427259193119815081800122934673721011060718695738258878790252132060147536229075903050676193977 -6.5689903070059490043783607230139947610566452874747267394500342210311992331802814988007401431822607870204469813218440231978454237386372291304933134109985481891754371686299909085537848936559282115936822e-06
2.0000467573941001982561205617289955027256939597469553578916833401245861740158072783435865149332832991924475346123773536114012924571097910840827340228039457967254094967724393289736096786928691256339283 4.8054719553826158967034504734113183323408427499157421640504584103458569729752054625147349383739738079611875635482252471975140100090144246887254468742098788397405552038194996564603359569199722474345931e-06
2.0000535613604927928847465854770519186922749866058725436431181713045782186375128407463301465801022503135989021079546096977596412792385535011918930191355287332414395904554789026454746817229127836162705 -5.7636588686631986677792375076687689428797014876169013299999704335117026059885494374441655100167252145331198337250426569609357340793651669834434847958217760941837559021832772494400765255407008486283059e-06
2.0000414408135355469542627325537954797296170445137464298342634997327566985795237908739414645398966122181908830941377461294486326093333846099670056095424373306651150781936340749397354432500059731706819 4.1511608769623665679064070781370883978251224933084077526736498253441122914221711033312370997807413754586654477050949347585576134227488216592742853340150353353869631038423605245443669870359365886204616e-06
2.00004827944744294374270353122513023553079824552921773596775998352527623772874686168953357621090725514029253120684339944192338876719397912476808366825790304198634537242165075274472875796737926615492 -5.0451306280092269193984384897753820272283723231362956717652058421988042582121402939205289847714649203672854163017491564860614461368714917004936403030507477257836991384599916554884721450626968870341534e-06
2.0000364908493200091077052935510682869276945451876340791381780584701821950407846955069636104049384935358014520460330800467271352964583432887543260677063195484019899541863462577472958377469311518278965 3.5886901189931997698090048690308250277779450561381416960311073541168762156606887381917187735198690118975242788665313716730243081314689875329830891862305318149161716124842583762792844029254752384038854e-06
2.0000318792677641028431388456275964631069424156353121053891682742574993412846914824785095919492272594548072405113720451295135370255662089320075314534536385913415456531899684095204979878003538583623506 3.1087894040103039668648280811396025623070422818522764078598296496887557614850497827133915693213680993157538452397181677097664344229729471906576180333964138982891628426861426013978119054141398106933611e-06
2.0000433743582561408551085166536684284195245616698042277836969319472963361638877827190515702479110025790969489727867795653325962532668935441005390070286251678423698255045274059843529270866521452900579 -4.4071700160552652047051872527963602435532845524340409418997153855951480128708680553003419595133526854745730611146823231807753743617668929814102649203296573230388858913961748779547192695533544973082515e-06
2.0000275809194541659879560679199648254403148377289636892707378365826913004409103780527831152625797806012433701687078365557129142160276251364918398776321723511907892354597847545065475880854931096383382 2.6989390091344153655425911319538035021823228477065643558140547364170917360153463470634010385432382684480335655531688260848778305612006874139867005869480899788636502600352211213243520606380087327627931e-06
2.0000388262827758953969333745149129982130181232832237319316170149953369063353248407825474821878498673672192961521867917839372690816926983271401824575497390788386263306224419528632906495420832123124435 -3.8439448151341638754870425252218045965114033511224201953737312690334612969961153388338036903348434631348418700420988199335011507198266804913364523718977597526968746352170699890456815827559121912153245e-06
2.0000235756284028776353543223767025693999428280689750820761096155504876735786579799883506072647574601952038457068169166420222085512273103071240227834154069366970889648998916876884786419651643950632715 2.3447619794528244584302285806923109573121895466963482241664376884547896298480268526826288129481081238861386970583529450495190802082599155237148876889818369504116925291495357511991129500807752583319473e-06
2.0000346174652069841315749220828846092288978065161808942526463068984042042339382079962037257544298453965884117245339141765394555737818736332447270320575145392204028899450500829968013892971556727951157 -3.3497084238419210662655308107299956149131092889273328116615634547179412172957214505010931099696730119759985237956176380007930610044497271249856441525071681163767409903680814525978837844073285791478161e-06
2.0000198483475344492564928620589008617516573334565122066771823922252096691171774175898956444233889279472927403288177440168266911715770243482754939787522086927745485649402374542792910368454821842513365 2.0323777145429936180585604735738037119977878907147351379379466662697459241684671011550220769447541657447531701226058900518210018480626344323697405939685988694402458978572499932476484531552491952873759e-06
2.0000307318893207333640645562010163984436834679872901271622463622942492754458236585844228675239686722402690884525592034556691845933272749318263308308470486775261359847222782747266990348291115499795927 -2.9184489739044865011057426982903358305766374970798295716685408334131635863520916041503696449459508689535094025155555251539384978337031969492318478436053645604340381257670269657859522314622277292553085e-06
2.000016387521187233886941913075859393987251540666793126047881594360409484282562527017619963138981365378296655202207208781602189154918922999022518398596278643555515933554094100910509400693327206921091 1.7500868036534297587975535905328435638958811711827199016379078004861852732356451488512566533204589559699145569975800444122416613937518443889847734281825405128882302569039680470296287611748733629728905e-06
2.0000131825216998578341569804082803473141263061392202984030360866191907967736782584576582541532056494501076927870168050962207396590531829565265513910739370320583844999719340516257051514034891528568525 1.4886659415143463457932413485784559510144628366883305931393793343697399885764184627544263899691247141017194434317298772726207820162712940797104576263162219496550941482327783276849449918833445826376626e-06
2.0000271547600080883225710143870833784105710783025583831380190561410050409373973496488149548692349145708098291464784894435383295685826172921046926607207110001851243237977539475656493273056415212506482 -2.5436469212478458176228515661419231827207753858211832520089496425341168240075874243941758153774469868291074227930271175950650663402213157172417209760444980998547748808074491982780213224517620533611241e-06
2.0000102201722193755027013173085308041321669264388011491425947282921846535908651790171488255535965498393637436651456895570124548860480903475630111522021613857553096125369213083893268937819331297589258 1.2405266146874027576715737089938432153898777032300578680516564074896907902395075774578156074345551146834170781676090615539380639874616754758287206807776008928183141637760149728857338668785761050871206e-06
2.0000238718776291257456510536480867310954293639741686580037051638789881499980486658727551589084849816416110984777635087930904747223930428472417973362649061256156570816284568909891410500305687827213477 -2.2183044222543126832149726928864850035046733527078980428289518671776442114678476676453588749192636402536004409732608352771014232424198089770115324035914958000007008642295570051370456915312604938651889e-06
2.0000074770995544833462253115886679735253899499576611765630268155645990531550343981724710174252970389307076467073002301309018955972799565584898622863856059384926448751613464019877410078291500450552666 9.9779922314088379674483851975554708680871297419830306134861308169811851300773132316550467588615820183163537207845550370514787787963574293814040714424397924221301008373704545070634939174957454439850836e-07
2.0000208691256930904190712391480886346432025354193735432399800633716243557298961072836566135106155221443988268970795777874571406312747934919920282023641466946477620138671033031927247102694611330968462 -1.935288718324196725199271345128912641456668863468643744218291185618320686784962578430546786957973119383391229945272547716437320387868103493224343838092795259279581267517895075709811825147441607900715e-06
2.0000048869767414161552006434945438851301723646420116924830133237970538638511502980069826695595518517418225864649986554707252302017228692169316143290130411562464548109551085241618915451024830886347222 7.4645412565478981486882978313911418882136012843722921419307095896705487974495270470063952122984699401848654268006929131368280111706238565070441830570268350954009211844806871178003399925688062753688931e-07
2.0000181322601075268496417910285079711255975106180476870681352371655076071928840184661315631308799701749132996748921235681151007494466885008604049973465143311278332587242125766880338357665841551718652 -1.6878381834885138296578333487027082860537857259219021063132272135743719830706175840342077400697116582934411992677967846212466700311550909389743357725369249991732997950996431985257207757697127812133395e-06
2.0000156470075426590965198735861223637869506116470017847799811138986370653978342603643721976172743855284620279616366189350926001455205210577595618294961036646645894916799046594685201799669279348870886 -1.4699962312282871254121941185591699009587034324029283937529638608567850628673823147521815147322356882406962027157867886414838607145009977380338423813194678940613730486436343468052508751830079810272128e-06
2.0000133993241377113647502029841911761703508274165793901388416397077312246578945240263334992106437649584368908013647721167029639992027451575417976020518952153861067856513560163561386166514561597273246 -1.2768292298394457550429139152648445536798179225025031712233457881360171825033994854204092683867202614776035929279469702215229000713619225804454691316429613530482042631322356567255372236753764562093431e-06
2.0000113756482242844890954366208738408709539542220740459073539024068777784742144897064339733339675896613785882521437481446522070791507265277822870857509189757233745058705581536946335711671724805019012 -1.1044316091564696871265161286008945020326779223436827833705971972716628637645608034738139001727620907918655696584051374362519059580413549826431131264862196652164730359178621613848391069897222433602053e-06
2.0000095630563615094829609284248785040173578140429619799860688663606286465007728029391009279255985128181395412338446804297503100752505339715919979086687282329227227277524948247974562747858633463875653 -9.4980192430935499013486984294736398151596975232405030792634750297704655944965363157588642552754846269414393627980831882735163899958958566891440495445117316378677194284117153710004484262790260275228687e-07
2.0000079493083921846666377169178290540212796316490692105606612826077044678135087869904520088671047019973023159735027141248028760422305386863507561423021390090687094444989939112292683282245996112577213 -8.106744293448407533165428231571790726503660719513645836628443667474228580112554521638434224183080020759229010698782432442244594781033680951990301088355669180929779211812250203601540203549992574414248e-07
2.000006522804692207159769272749220045962341380469373730177470830367522076865228179705068467963811160735428175794143888769922847891085922876315846360349514946580115613867667933977433739298127155156298 -6.8535765610839559450665037525939902747428425117621384645805186000438944892209266416101754673566041171898402454609844018923083064610698830075089822605328199783527443310763673446492609380426152358521952e-07
2.0000052724848368788932959742666404340509914807450991220398861410371815950921391132043168266753752784879951683322146215548501850146132211254602595084453310504360101186485709720942669999765030485312585 -5.7260053424233616266239771538686977458090599932214493358639400933916491703667654483721345974813347176556569490602751258892371382968045220558090222492129932883029081480308167347850243387284698967696354e-07
2.0000041876896990882665369799360401848645655596354793654198448055592412619765950532643640779884644804753630000261125104196913582350277305644788667331129037947609083032786269834193809356992841064921037 -4.7148840420020784162954011181567300612896643408828614962739275236413614711900178134713685130172609670041515187918683523804794212862216293353813336192402640311075150032793004770974080443720719947173386e-07
2.0000032579999996922408939913217557119196907459995736797668739039207677349143061205868503176067429836100387496209539255192206780318041005657028994306974302124520374034197131425248834046091249708122109 -3.8136344700600720344897703278367468861125590334692838596573062822363117915037414266653536999496601203825674508968280480056552133038213649998238831534416788598327336285663550338754499751306268529299095e-07
2.0000024730578575832852150635674462013420391764994183339858824573909111615120414840200512009356010663849275554382250273144726666821058698444459184067813219712447758464373773657243463315437212888860675 -3.0176177190034417974148928456217511031180569795374726565698121859684974656612415796169806634226561619849824473931027923689310872323598124799985350021170880746902321961668155335068660848451151663349483e-07
2.0000018223747781494391608017672553817503089338638766549344890969445698446414191733994041215606933281070858839158100122192712550759053724681719578982679652206049555441377782804993381599833788532647688 -2.3235928838506372583772832144910436029540049319663570710940491127431168587660502944339052810890671040397868840460012001900870209954642468535480121843293342469898720828322539958567980849134717370843183e-07
2.0000012951297903225497997733692528847647571699795395473317900026820658790126908705775345035584578661793401004699081785016278901905274489728399755919720173856619491237519943172159520926395304290836642 -1.7291887496464578454209224203922739930878300859091488832826224054971396449802772183284019506221476637398620755426760610056812861429057504122194012666527547938687805160807694030296705223191962479903107e-07
2.0000008799654682237433777782540919884771189786550382421055130795335240839396565842012050891124514722578269109346314270110146076436793632045702292706093298320110207493316064649109040023816123708943085 -1.2323175717306209719814070036306448620841489388627447618423932505586653213023214258864788677203684418670728104401610793815522799457891951382968770990860393548697243038605568285164226971101709305507998e-07
2.0000005647984380742076285513993851336708085004995971271748206428096520252193006303624775270333947920680616619648999089362593471417581465773226395305483873495487605306524500617587138153631890200294355 -8.3046789823781858305190168161758907000061624170704723788144746454996971439249924569755063361616035071464502453546597703559244454570613341459438312086186927510881005334210454818031445905587514904457321e-08
2.0000003366762545430503154038543977950416369248076136280207863516127545764665684787868896655225725289000187916935507136968272846144593861139986002961291712015293709885667300776377228350348159630452115 -5.1983751129841055939747620242759835809252738948475564564368826116034616129501379150247456497673962997943554150790836298501870627185480941507385322287069781299809005789954373013287059099631399943316776e-08
2.0000001817351868564556518688881955728282479342381290006693713961468250535720746750717856061644608285139433174293800898912475906815239863679291527585246511701027637290876857345446508743644756123656625 -2.9433098643877546248077716111796859956962058864967336760068045802422042196195811718081584232981128399060907121627147989221089120573176128681753227920618559828193349316322087771487456645043889022610951e-08
2.0000000853409270076325340907160367757394559420538418488015940800535769618117977063602033207102844908793253954999131141131023438928190334515868550888219298799002218642943363798456047070710088747461821 -1.445787532334163216365495244197194969897737678774160463842852665937043664725178186349461280444034755334680894740433442847662235773440794148276022194435915962564610048447033399857442927603711363486889e-08
2.000000032515220546206769967295177568060850578615230815877321473244442970559707355407813121435686964061574477729227401596616085456431698078228215882776596406230493828170173383780076081169390168620036 -5.7347489811868721680748793656977542467375713088020264076629340566591229021030128676819335824216500490465561866818307395381455402253196482387096981150063453684860875174572940142105040909021977876095702e-09
2.0000000000144693474175087860440308992671353553329002840892744766303419312425755975666275590894902348814651823224075286718051538087784067373869493029534220828539689840352227835495870777027819673630945 -2.735431131591737322751493475860908675462407942695087488885966655216548667163718396735398597669486980256507108401877219142173996508330650078518963058100623829971666614265307272693200872612450895322689e-12
2.0000000011585352762467814636827836755213750310493562574265577978833572623391072133678042665729620190906347930073263761604333742132801097538734734487262079962751145774077849817853514433603449266986213 -2.1631074853241951592777868190931009766248229366625768839576843505386972361082793581691038409138509434165971571678631120887842163104643462739586958473911140006783323363476805447129890964993642012687517e-10
2.000000008740663345098548608626239615201588397681224575014762390174880506334807673416983666581119787360345986079252652731976725845310835024159445852645882724228767617877449073164660349751515528232008 -1.5936117789531593556594843902865743832713171826569820096832767551400580190923613833073176109295325663855814077413532878112549932641738906231601498090135643580425920617116538107244197061692268960144877e-09
1.9990476834830418022306529883317368537547232097510913530344910192344016033870682872855821870734567319897619090724380572646606603377473233711611045494179795852211241688791551401845437201923260308017016 -1.3522713453427203112482353523116024091595780654378788653367751088545484496448470442744606208048866511478216750891754085165333221228949216100524347743529804513740168586339204730167751780975870718611973e-16
1.9990763542579685635164922471896794899173221664095999284675694328342676027022114237957959395212024935737379203588669197853663216247750924239554464844046229627051657577357403403510755083396142515147599 -1.2964804927288538182110427356123835426361684749960649420432402841890185386362714061088787618716601974859982346078883963693628289199715027170901971680488414032984051744930643861175013167724456455037186e-16
2.0000223960698197665775323139554924632090546464585265128362838951999922686864754726883796583971718747652309348077602632169609501767854251826459739616370379362084203794361442436801880560704679654678449 2.521936438906650749613352351375679155381945102391183753964102278107477312692442733827980036612345129711991336302214509175771183783752196506783785581443957178285786309280136159448281356099500109063238e-05
1.999103750972849724261858205207903394153386195444178564004288169853697699154427705986507170910538347202917726637877516463520411281160792281841647007433010890238351586959457415556165658842049818102125 -1.2436395637011449800319681655147677122442610460836540565038657384212725064068877795254374242047804589060587307855083289039648283890838424186383734846027789540948187061636107628898702371395207813322427e-16
1.9991299479282531310056624809844166767435057208529140049023574397874581670168580785527397471916482126853467110652530692767178690907391686537815535561681636077223131232539927852387574476445562025985197 -1.1935618551155830435486312491792324653806552407566444071512955041084168856816328860556817588124279914908744891222046299719468191365800738294082264636510798714221807311273071457591190542710876735476693e-16
1.9991550140923126290715519399391202503081956132634560284332990259474864707638207938048671693364319351362222719598202450980948420521245337779897862816391872620569050250323449616142327513917835339952393 -1.1460741554092386166351562503232015430504559284681554978950215019020578817444216663328250125810224408839587035635262158667093868566512148336055147064893229406910706176341199710047015455917186510161481e-16
1.9991790135529645368900536011780574902086479412842712886940599968595251766607385818049974700764620891862183508562768922349837761193098616744083086965119790785631121046174982479299132137544646283099795 -1.1010156745782083126987343484488566094645798999039597824219435970806880603355007704474481040446535836931252785313140421455438447104057781578548901141871317246379683912074430934226876707937408122793073e-16
2.0000084880401536208551902375885983188406560131821409136223488229337877613443350154670326672221857922562317359597031636485300261741533548597802116625908108610572642411938023013729862536063029750120113 4.932423210411874349488232408534001532098660058235859049652819811212767777370779394043773362918752051644344828850248401294481269453405511283102984593855593627561005153567386349928881318287486173284616e-05
1.999202005926110487322763206813638787145554886493699634428696661815569666941141207055000510453223351973788546820314151555277108096607865852287018180293284623905359802542518550630835190179233516066478 -1.0582370634464897519746295188447956522755549011938022289123994886866009491098643338726793064881326863326446569720108255767681164266833303854091136479364381381711030565917539093416626569336565685989859e-16
1.9992240467245428774533707566926974577343401901718951213283772197881834428336608549277906443010357203359574071096680569770597078112441209184936931817893720693198799471557408826038699474891943525840963 -1.0175995148709903354108000356234063897580362029597148586331419296140562517160836658207067481982714665888406326613494321200575240629354109097557447644325039141446906679515897871182053181743976130011792e-16
1.9992451876918808560716505965981296432746559601487859344651200019883731653893265029248431568855202212191423934682214433379236192529125067934433228282423202952881927661426709267820000250049697127755569 -9.7897394003777978027015335653957040415901562866137066281394989654872236891992412666194268231717929216172665011727432277165343731184473456358425727947543231944212036869912103737838132568829557794175023e-17
1.9992654771052548403471670564014863753445606599974152739241457902422357716012691416716625142800636642789107793245209633733066158754585099325234569999418999232665689028230512876194214800308406970150041 -9.4224021350799482988315555347862355176562711991717263132443059399673747691242466326758200778298223463836010437618960372376934827699774180843339742308648586230297322948755389102316102265163255088135605e-17
1.9992849600500346677281407163910827429630267815899321019437864942436020361306521739476448198458987248906511570847574558627819462940998767243321276192647323292329939923835818407989383433031959487331591 -9.0728648115942958104133174479317094851019125888407741179206645757748055392169030886612862118265424800931985045195673639557781573758152376425117550717101891831347758641934080072147059992190839910689504e-17
1.9993036786695110930561799668334750799031220247542123779882690144480619696396752992337958572049290199963858050471065713055924955266704408780038946569630070527129307959370628188994003490424402384632942 -8.7400852563584256184733283957072899923622161163239076898392663157310344009006403437722046488609228976549499281996428737153519701093582158385670913817160902139322927443700006628137586668387912277207201e-17
1.9999846997625179086949354718797320036538020496412135358041954488615071038416017458881398980522159923604097140072660354137129066406690448522875024391116389490115291516079175885609562473184097435016742 6.5326854675037914684638604063320449306648026893992250460422854975053055362012386375659415557320492521150426698926181338997429207441265776746102713807820199014418540167530659929034001819719331640297933e-05
1.9993216723921043387052396159610701109681492712185413185341971278052660552781483091334678795822539608582141400559461202066485411573055670272970408523047695225141566747812937754154222222860516712407778 -8.4230918435673703138664941066935402347899833074287533574961753739808030601254943127467081883744352114025984695657032434310586723660328573821118703441073308335532271139368900871969210248035014226106696e-17
1.9993389781383799283961848168912111129483965231766803949584484964915748564919338576901124037730881793013755270929203642312967473898626640182720814094860188739863293954092996619778359886438305489900081 -8.1209781555388651375762522650299203225914200247996427370307999814106868532078223204062884772496340302417259165545935463885999748805544837503698624390203699669613478924442596947071391595232795766174585e-17
1.9993556305098952424162020657298039546762298585270761443073909890349189254926274557106860114713950893501885886694237871016221200935721091782797208643209447421629164379807179844991771249843243577194549 -7.8328980818651112552780673930807098647142959789899876489968941213746322984056691853175439382983946439037079948704814002678403149592603960256168326449116919934672748051457674707997699018606105110306504e-17
1.9993716619616751460615104322459357960696188412863206572115660065539156049917827398042450550912746326403829633299881105223980489472572387188941952905969574582416436276639559997152085808122642312786605 -7.5580613194504341169939448525628976292794266044115213019949478263182642830038051696869568562239885488258477820051875792537739449098902059012162969507765095446148184453574086127258252213884172510038517e-17
1.9993871029599174140554076564613761687223274050349595659249962648674007087549487586118394768992839991770879535171497721517534009854956000639834353264432875517484765290151719585238567677341972550437798 -7.2957292388489485618812524863942244252583613756438380403295527397268169653160441471947216918669074346297212330859506566425046168586267111000938624838349468574022859819734980893789728714997994157323822e-17
1.9994019821263548647898032391839581940141282164334108283691690787442274401386025753382293027389619742530702139975999367795685241579950197962018892620932770256780115568073079394322422008604218369142028 -7.0452110853826284491617689324060133203379812494474174280747146843611159615910036128603641648122883323594705931699554696374066028410289124076098630727316028730535225046044491800018951965742242055857462e-17
1.9994163263705480115907522457072990683807086462254809940939692341835518476640809804196163975377115064407392364586490296739917613694543561802043181896495559595180255227754269793168970041413302090795221 -6.8058604863624747130072522672411404290220425004001939427578628129002810079314041024283148637312091788376425358418214187936547728015412437236807998221825398948983052540480074038750729945140849681735016e-17
1.9999565210091530088577407095581483473159702985689626706377145875925789569399315173739721947804419743898010123507775239179138300869063379125397819588905455176701782702638627392307009763704701121499742 7.204495174542880318076524616564759902417575503249767043725160081131677158321560469975431652684532166091170867441813760813573154612798781724290513892389613552483112746266766822851171954105161901977107e-05
1.9994301610112469555245032662741153147189441765067992058678477348684949649923207079402690737781014623722623918971904097403133517957229911584384564065174435824641671972275270759723418028541955219889942 -6.5770722383877508539236095587806130186768458435449735046165391872237460602296710709942567452546926475797369084220442654034096141366186387637925702946253148643363751001162856986673563033126968115832452e-17
1.9994435098878418805465214784208549209398575433614896252996741619949970332188232597949108673893075722956952801603016281854591038868703127866235220060714858899188774671420673479993707224583751906029511 -6.3582793512087562833213184173845894979513174694691227879003174326599482016784544928334949732686151677777764062904128367314658488653381077357035272657620633345223801347332997990565626741372468787371926e-17
1.999456395462815879682957296264768167860508818319082641172112255773568906600849231419282008027492552041834858129513203560777574584945759911481776443394391472287676506245109289391527909426943543253518 -6.1489503270784852055607844557799969513934973147304302330905019395800682735430372283329187491212229732927408598763050189364225618796345092538929760063310979613815936949985405434901566002172928598120648e-17
1.9994688389160202238374437659240637420118944075007882560880053502612869064146226918772349622207028037387200824900189449276027876419158833174427685398495839812823129034534619560665372986232718377577911 -5.9485866569965469878252454477991226523124670705723156914972996186946210328515791787616263650997106312999807919170868112556158150794021788981473012596741868866182832350079470215985479391793440473889556e-17
1.999480860231509097444761869033375376272888429871058736845861419751464381085510806788429841387302838826811691467335087107145597898139936670386488364134727653646132710497714121819828340638191933852398 -5.7567205179357451956308647012612590447701492651448981060951316206783339729248801643842436686114896403674684532495847232686721766658387936657033302112350632985104474778331195808180961539304497840796679e-17
1.9994924782775969801872541706759009712621490953513596535660905324180334303717379179087113828008746111926164381700822678846592551579200177003729207680254631402644643711000525689090573209586118929408275 -5.5729126583105861234467841589314860215938387524359986850870116699933494538458045517262772616203871319079252462953603554909959636245243996005203857223301485416584526425253303729084157114520154775978649e-17
1.9995037108807361336816862953194562359385412737106443720154303513044299249630336891929268077667440954765012826931994391138756785554524869262860754146796545518250867916961213149066555666128263774125265 -5.3967504630372394167640170550695200773488994714584603094311693455487220453086098112856659121272216786461111769480429582436902300338066320194911479985187290838012100817614026850084746756126784339104571e-17
1.9995145748937530845054132552129810555117879415744442551482014412768123379371901894606447941097144580456715087549638892603431818624130269357144494674555725864481285221459952542802803021639447499535818 -5.2278461952561226451657782367323274881758408429353531701922898655187219218809918192078781792215043946589281659703639820901956217942408303015764431726077270185464553868548474364945139146339610844649814e-17
1.9995250862589307336208913031872463729141738227513011217369737836208928790221331634700624456482467189041488021117875017901098642254308458243795428659076052669836497469006804284785973992667652861917956 -5.0658354202875382775312124758496073830357829780397078330878369916727282707118956629006357308246113001046274876938814259258969536533887373793881705175904112716187901301884223407364676498009258195776325e-17
1.9999281987163581846331053846422071075227397165243187338659737465473191707992155808158239906173763999593460147569358357520942610491235912153002991717651483294818711064307650263096559027058847437020743 6.9995221700055538795560485247375440360424310858053759630336909360709079710679890716307679091469365820092088721884354827556881139681529634988269337533859224750907216871895827844152845088513117008088789e-05
1.9995352600663760286982141394908993772120847399777072726275296315155594099906401785249285653879492639304991594501466635506157083444698981818868461824964043658646871421579358204555113897872204304586172 -4.9103756305129960440623164507719627520394482801924385676201555673571546706066027911139570817496315300051681277324025661365600148136902760233423498918638936300525675685313991331550788012551976378825322e-17
1.9995451106080713648329791827613972605177378181404409387923010022810850277371597589175021188745032747111165067486009361970062274794814331536755918978510745287897985502835294344318268211949891742286337 -4.7611451105795513649731879628043633035332851030028384791571749226070828856188547999080792264238948337509910979530795137981712626745747218598206190412106799814012428219670954828898398322073600410042772e-17
1.9995546514279704661783716469771991160771696353761714639157195162509967500032448483355317702346381620671262846900497296360298779797658716387881140457504484678715501082553577164855355468822890493886781 -4.6178421153374378814265100890049899219533535475342930305687669785568734537526745046951612535949689116918609413165977180938134330894115509093975173690824367813686225777639454284955821769646994871971496e-17
1.9995638953684659513784696796303846297080273564657077020319747754096964816692969884035224114029308362043010127753447775937574354183062852170349805329267600937341841823357171470875980294635474863487839 -4.4801844857538416570022081232638831008733128739615300321211565451536540290283348673650025250708484936516711156496862496197604940932395716664342877989098206727975346915871118376926318957452385862076641e-17
1.9995728546135256653196166968935330366469046782414021612573903611051163470830716614354775840987036725350659556285628856360317584220668841841745351172753962049329146218928304064001376426115789841789563 -4.3479099125815842904267142340070799370780327027295112450999805735038750634530983849348433689907480315530002121175660054244671140914505230234459624184785714110539046566255799133449192108570160322516101e-17
1.9995815407287677871617077687031443283314143602977201460071506498588720715338821764294540247848285188002358458443993097815236271133655409633764978643956647563986782783786275644272685242639154320547284 -4.2207771925161690842333839301679241628532690044318059260408868879199774215966425441493969692096387352358299103675243691688299079048103554820130933184058270633744420127929575648893060545158903569497274e-17
1.9995899646987203642213206429387984862513674240150953421096532490708398096918773641496650888448152261204141539551420520681498654566480865439317372369222010884283840256831562120247380278515299999322657 -4.0985690362915437279352318609711485488527603778278358271123428179313944833109745056987050276363236539007109831009186024846619483080642504939955481879785370426193872000502736100043570549871145002473517e-17
1.9995981369614889773061023622848957694559610791673728932890452646883543619540860548874813039905029030576938815649938791985248998906378953665935392496718118336371136119377827051852751436421965315081378 -3.9810973284530095831566164804715390471118398437256659788885972022734231909455389753235395808517945043530151204414745303565788205806989824954343182408271889718837950122750130691964774965606547989309291e-17
1.9996060674410364546137591007244398196464689361852644236439028843284133873958019576940739492485037414683813392460897232976857827302374975672199389960819177384653568435678861045049262269716831874871428 -3.8682122756222804881928332530422637363192301710674248267024156494113137164446359999626931655974054802528160431893896752208100668694007028791716750529334562002441794483240787534789057407187783059349334e-17
1.9996137655772606878004232904256574805678853003097326523126830705234193475288070994760133770043238254821970553691271606488644908000244545494263245406838863977232272434056130978263231443160334933237659 -3.7598177242119742267065844406907813879197040583603973392787122734577165606860729183780850152832889319534311388747493461976995234641100346837237994794564238949480731865706600604267776776220869963926023e-17
1.9996212403540404614016587913108835901846128454768602657738965903309803847087875283699407410839416507998156236091687639856334247216772657851270048791923375722250202954650845990434158609467059429912078 -3.6558962498607190441510362977772309207850180360207807977274140719764909919262879542115229970388551988364715169427584985880292255786126503420590026268605204502755602449128852278000577381157902983579746e-17
1.9996285003254046048865256557579675539532539816744796026677716982677451786002546328064097406326615149815233692297543032113573450297046530650300124886162037568225949912083793616436494470188156515546959 -3.5565496807741640664434043730707646173312341678050699267403549299633884049485537076508814162468050069866879353800642775942290098616874989716513049269519655120103681344491737638492166715934638369859033e-17
1.9999027940664894651810096699967471170641087420780337148541573808965755002948919317981826234284024397059405674822913997730400306667328493601319976466739496062154206315245678717674860098731443571568834 6.0566814079446608449956585455084421729364212705077568004762319030889800784454767194898087236913986948828324559987178687097391147990582017099614586498253532564577481640104845162908410995083499091386753e-05
1.9996355536399665551333945706446942245994701807287099101843673858080692510970456987482684996821322041019715271060814557037420125983070980234315292106191062283691992279079011706094375094843100684128267 -3.4620639160316571840763200293526913446550916586784706202279667900797147465616172925428994221605593568712040700400733559705898136795253410886837401625820818403569985055960529754053208192318261843759057e-17
1.9996424080637544339019060537095957809554940679394462890385547731544263093381265300557696713084330395628955044821537105096144824833986506299957112567089017419392124451495228445253553056811153194670995 -3.3730118487993461955981835766690295391681547945837647436184453116520547480858016927573645018894439674319368962816982547389889032889123853073722183158967835262046243612822776823856311927185415630630996e-17
1.9996490710015558736142595248225680640801458283200317990649326428134749707770359910691616999898200611531421853659982323679478480951275579448683465210990005879511536866886697993520705020432617548019935 -3.2904158328453545856928968140817210896162912080564362284268652092438049160473568347820819964516956201325177334057148382074799452902083717972054334912343868483745166968685349338802163370277636749463184e-17
1.9996555495168869530493019253627577814219308422505551313461551768690626732841179955821469203917794696311717906888791655757215718275031357331043582922651299836371645996717614302004054725608082887441888 -3.2160028484817458098301913415495312811731608857358824705488417126293787868772156372725603203368958740401983836728362047896562121638211539961701647996427524330709906698819458857909980686000500961714544e-17
1.9996618503506856322694009322647588134434361600083349575628621867053596056266494709842932258488742695684489394765956938003541741753947941959209435654495519448424410491879641689443121249558799289507006 -3.1526034624565786948589124795984632935219390900574409998463817199477071965307357333696383838413635939770237390761551821630018662795824145902284442529989363542775004805727798640863542663911721318522386e-17
1.9996679799388219139551535356357634256192212717347715332992705394593234650111656069582703946350248292172979530789601881222246914046213379076154683904969051305290986843120044372702270456808860323659404 -3.1047730486176081317807263798515508402242793181587769996394607615001861771057463216562580757794177612030804870752045017735227170868615111545412321174976144550080195667082183260145954193160064451512651e-17
1.9996739444285095266076417157962592633120767614335539816062381810019873212164159527451421468169247703343636930635738574514133266556964595702041672390013792416837984660407134103023369170770855832692849 -3.0797553730264296684839998214165632758006608021201516334538914005704220960135719793621468319643437659227357456734892054805361395167031128432422914455897637901939486791874398978303115783054901884416147e-17
1.999679749693697152559131436153488717225277505968875826666313373152515077897850599517220006866911649972354155026889697160646572220891633190119125098026806261187451487858427894596246328613389190745044 -3.0889717913238050900933526838262612992985667969304844347320596861749118893182510718989775123082027927574470645218338759451452021215232021691898943642646184078705934624883531762968118574980439209266854e-17
1.9996854013495110466862838645049956074967026986260877239338966154785028010854400039300340776210714614935225094903064923260800467659320649664103597066858956598248963041889437327436472015032729129089181 -3.1503147884459591437388236418020614761252995118908889029981348141992396938749088536887050889263232048310023640092343721610300248603659407221084669510779663103403209631551221304639850625965669815248055e-17
1.9996909047658152530795924148259154309115688289737349479573312529567648452950372221325100164583076382929705366443148047116630938671624099780854166508056443030565723499822239613434517085503844250739522 -3.2916685673376504990543137959062400555260198496329168417388572453629701323188792398279185380159630612994784289630584835255877542925024741323554499305142074215913217943381833802428256427299452642454102e-17
1.9996962650799504755354637965613710736399452040969627437968436724818492449747656780997621065070310912633080967229844351561847704823486477250081595566813816720691785360883308693542267273473467810655764 -3.5562959047513056767060858391479197009048232941907734074176518012933013321537736156111349150186610732549339182271860927936236313543142927235919836352398330518369387357041423837012759629662709540376658e-17
1.9997014872087079477043643444852294257368325501811747051901480614778508390569638068477694123505373903023390085834252057062999554253072901347853095663892720424697502704771880241103913021536983789815498 -4.0110552269034411020577928059356377766845651850566423156063471939207309210106502118437864541484043479465660204288791632683081244848590130407584254380245568726109679172749352128509913024471267895065405e-17
1.999706575859590338826298625531838804323638654270874817343895377486670189159308969774987706215433397381456375781580365785959903251790957436228567143196001000641197296935572519348824674304253753227649 -4.758897672652567974582848335841897815844449156191797554388199823042629026063626069129835759277444915488454117882182863888123942427222517284864187931790429842959143902263232317853264737126690442299258e-17
1.9997115355414077841543723583433609286529196131961580402604991091848381084751241830216559663461030412876226749501242091866823643915271720674979904288338380391117743417400339449320281645878909639703887 -5.9578189150815970185081942119917912571195912097351763541570747992858401374016252239797192132215813543651578088493177840819519194451696490897407719744614620407108619083905901273924468801719152914644467e-17
1.9998824057597434390670386035745111674301687722113627515420469275231423953251234849743525525280833745789434865042916860688314539984801381687799661108228010326462057312071928364878851153538840275989881 4.5451997439722814597244737683377192083769627873574586734010197736193607952324168220595209449224140179378846640658138811972357664510891831397629013559188428320895825787101161926179742693648898733103236e-05
1.9997163705742535120621122584957289854912909823596885388541004256563575298127960420210645859774541933522268091840342321274715224797111946028060900677249245741358735529031191683414872188397647649597078 -7.849519870328154480857588970855829223721982081647649289695306130604615841112464809703998075373943450321026343548010772878823137601701693176420352382093882021882916467673075985940379847065249904925113e-17
1.9997210850989002224185690196796399192692555254598971125086711641243128214768360419088580175796497287899988510677463553018958021875289852554505600313528003082643846231066524079380933979973271892172292 -1.0802633570766365638638922398805536343243391748194938913015646023979748329533394400223506257437009546478621681544716977861242895984991600818993030649269342872763270987091878674659774874544968523330843e-16
1.9997256830856553260265253421036515192174844725800855936576468301687149148565254178087971045936801276362270205018562050115220802276242427461559844860436320622288480660283854520124146474571323621427984 -1.5377751155137840890048255549505822527797173166813634034558416486201425259728347648459169659479477418069131738729040615633277422778392428091581374450489912532406838444753991343846427113868544529721564e-16
1.9997301683427103583323420487823575593137032502846647967104232849803332195123271769598973675702571283807702736847960382283928380847867689054816486907910009197841434882131041077945698960179849246573923 -2.2424992494740993672363668665946277932599060604092401595955835155337225735769636881975261050208727304642278159553332123314233724668089519201707884429916883930832221599363719055729660547891195363230573e-16
1.9997345445240173101834552060319380284974996739714021574770984143342661005566955729569987346263206740183996371058242515490875135368725049413425710850897729832349713192672038042621351249598367306452504 -3.3230049012440656305494051938246532711293687205682379338689893121102763521609276564180205820451549440990473873550917033448322553027107262928591462554317161120534507996289948157591412837370353951886994e-16
1.9997388151367222542129410446937316125631031961235051439482544739605459401107154233880219874253831641035597088879689292611151110231819156966918634098957106857089133703868834237272049182126253132639379 -4.9732254503559788293525510738204370454989740960923966150372458851660768889522958300170596815764941570940971839811887257845723352316388627247574904038015740862509319821271456306050239980181574491902251e-16
1.9997429835481844694655102432318449856344426523035958127024655578636329374623012636972550432973150539555999301540424225275286127321221575725732076107607005593931587726601463723326995875890429595624353 -7.4849444531783597697833190814195546882655946343196536974853603765733369474974628387988810469601738507742137862919132624203204702912114907418337267390512326047175834747835522076854384572226493633772261e-16
1.9997470529926072628661786359766809562561343833483180228072297517531111798636019874536642463698409739465760107600584906423262937065790746176372387908176268285888895510065257344603870620386967071736346 -1.1296078721332642644670950644383665471723182233783326351756660171905364809359573698188205035411160944572153998175811853019531741719154984227750234140478958599543973938956240057049038372125366429377502e-15
1.999751026577304839352023139469136157664961286054344385103636904871214186069596122791884733308788806976048150019760247912900217277089523957201243544889653874829790231890222933272671580866314320104929 -1.706227845089344346745733168092476104127653099144292436876531583277447804441090547070781291375740728527237940334010608733066800902689997033302214742139665556586703561753999655089789065029023875847199e-15
1.9997549072886278696376616471404854073047761328276280594329613968632205565596686076994377545633661658105445813896440663469446082258166047912635510374135572689042879667214174256933370779203862219443885 -2.576286867294318375541370052499468459572007341341498468708539496044842901595583266749119878929371205122970684804748882001306310373252978885314416634597567621064820239265896606547141455824206557707637e-15
1.9997586979975688336656551680011007630445213863230643046868026718404777684140473189656039128782469533539626982610800483051975821622637505827703186233161984164954568327297767263686893207239270416932948 -3.885725799385982694605905489264781719759146165927959635907508352401425418055029290581526745066905148187474884004039414453390617376920239815285270617417674457530284733646694401764597860151784578876003e-15
1.9997624014650667680107296760549846257196246791000919207769663695777181110789453885663237665600963347185040224511671994370063614682847483214205538975500136188025853839381211935052060706399932211484638 -5.8515350103592743681324039093123537798726360387978325665777241673002520106158521007465986408990413247973897236892120741650557550899143202955241980222936718011862604659046566887842683093443535310815369e-15
1.9997660203470297072116645207684373938536653575687015610508497483933801788765830970747181907171410347293128898506203073205986736079930969205800678323187665734975810405655254591360908929503743758332881 -8.7956228104393436090304274515538117053122782416679366967478401212111672373835313406371101499906226209797899834104077701760766083954668214434261515338587891835101519965856697572948971909795577241388821e-15
1.9997695571990918736612722330189833640168025656920042690802895974394098938491693350009153573136102533179475268364685297104500281740869520153196198308770159776862485546280692585705743414822835717540257 -1.3194489263092475980422323833718890470268853813573079237239568577023287898521782904562704760585077508414735416026599910862413584585000628708137176513973179089793195427310518327930413737043504345232646e-14
1.9997730144811215308888157141809482474133092933723080684043337162406892277501118054285096816613427694996564609747140429034887141905348815954130262684073791805887299586554569907253080450051640571160389 -1.9751918412514237375139064361466200909146308816557247135016640879449808911705311119760686721952672452442214797530804144928176016654886072998578900370455523311600480198093648143528047462532730838781325e-14
1.9997763945614943646280823783472845239975486762006277217175488123571269114919290726575666099006723318573337172116838561001892467630593827253029075654859722899207642202371608655831974441144760611819064 -2.9505112403916488575255276858683629638753595174593760277530621125964123252229511709853670104726234371249642630265929342630982399661877968371735426075674649719142406531184586104234503142485660912328541e-14
1.9997796997211462901689340836870796034609837651891855201322226022001021890504953573281892769535152446681939429602909699145899927987640735987017213209715000502402561771353490517151487365875080146894229 -4.3979287196567339493941699285569184939498938093074854355231753052258807262274192951859115098732629116777458766615559307258322484732569100211672291024270717892156341376055260252879503531580568940673152e-14
1.9997829321574187000185616364981364897120061373670589335830501737643005851773044224785100173836525742331681396443659659778433719853838053242996723846727913615932191620900107630142846673854419132292596 -6.5412305060961160946133836371933876577057731129386681325014748636841060638886783628751939680848465854407759408200857766929312433502706525495811954181985966346118071348791004738902602545415345392802459e-14
1.9997860939877083619183048407460242360314526757612279752741464378574494591454897270847800352349672408585295332387699529150017388944063794419314278713677090976878165870321179708191591359729166287083017 -9.7080229298583753117807446808519990369967570113566331575882228721244634683177436599998570910723225332861667076071539782974362453427456858456814897090198088016517415840142822747538301096493276015949903e-14
1.9997891872529334558293172489491689569355793014162498592983900436836718155447238830804694187054324652029462396961957224907276960614113317725441990878155674264398989517328174042659088094395173015256083 -1.437678446899920081888839762318771301772247228785477076685369361314507721258308493935862635913887325534901190967639429051495026924301976616584087644358671086905348931179317313378191228989659549839994e-13
1.9998684083121117851631058800945345483863251684868704740993469017810453933604339514524855709606289649112994633578678698720315313434520851103841604437843668320026920663903529660258585075880442814674957 2.6384834914018784708051080071334545852857421328207874790337398659370446410987352371082824609441339060829319779723451052188577581212359726575666370096515133546194646401687029593273642393339602766216747e-05
1.999792213920826605912541375614804309787052871158886486186652216495695811606933565739283732289008005577552409654789764327314522280247900360467717818512269527489514425798690768281008589892951696262805 -2.1244667732047338232176221793697067468790534254340062177877139967756092479307614733158327071842302094805230649487922183971512670328126003260609297929362956524602947913082249544932864833675956833819867e-13
1.9997951758890652322618102444957557409559016930545032209002261282057119948195954076569838762448847923562221658106735006767002489221169337957058334295856166540740465024146415346045445464567505898846133 -3.1324885447111865933139208395431294892429980902778933753261990839126442140743362985693023135150752548483546861178685693940182207756910133809745918858192634485280122338635126197847686498375165958514537e-13
1.9997980749882491388497771434803183900747336254022585149487706643688836508549534796414753063773544900050276589469690234944872830878531950260818161350484330004745143079573878916184274764956256493566277 -4.6086086966183429037207232002678311876488585459450339141907588414186293216712734861157848323320888268721801432146561126171437267575922306900972307506179747555671967270640979153512702977406412564818268e-13
1.9998009129847350042344251775227219294637687462470673356881300738706941494950278061127805772025335847980464597748656222575308843380384419172100255151615303999703657131048681685119836112494768378904192 -6.7651027096480309183193567060010440785147422291850253677738970397126480735159804043038741865836448433825763111243897792204274306135003257300448968864863762140997515633135874708153086770299585806600252e-13
1.9999000797586493568045495776077670905952141897749666941386940069166766285206548494869698647043127507371615266759137088734062371535144786552489984898273479443076333110206194826911790058780483102824634 -3.3779608907863796325138725386298917239260356172576269424819313983055253852909380418411608859754965062993555102238361227661897718348243743020895958289799829322310840617722693413705845227831178932969964e-06
1.9998036915833374063250237596285360533272334192313544956988921133857108715261803287085881720694438722808767485618504888667395603060614935687784090806330590769829803819086550706436617529553636454109378 -9.9078451441664934082288308246932446233702529119499441808915570611334805081530526748373831940830660583353153749626014217703429635981856875789516635355693975623515399428809041838949761196571074605109039e-13
1.9998990592746528296193164854820848063167585716706902444814178169950150073043611427132405661775442888303665998285402160614026920822207430360199358883695071142182688227680707470027669029189490722626317 -3.1354236150791643299342961813451747358911452603425505565047400531877524173721220250225521177560053391619630223656469318576754861898580802989703948350776011941416227384740596161536419906817284045955513e-06
1.9998064124299062799579017340086506520352819851216822701251532392687854913933469126067002398448536640189065001143404687671641270105925485611756362426584436842017882609459411382994830357556990972729482 -1.4476093267825274679176012250723692885375216785594397880677462852225365955640318804000248817115822799323435106116159873262126337992606781948356501325871561476087320259234292206139601638137199938015364e-12
1.9998980261207264328907053829992200900018620128872404218918688501964148338258138278963214668906689063941155210422235353005092854062011308220416984370904147475966293892747425159944479550450000933200475 -2.9547418290354514704995310114795561100723192219717166375978035808560305749468188488261203012939625419822552960842572643193498153399621692023326374953158517581646415732542468221912048138811667888351372e-06
1.9998090771137914127932435263824691485838959158024756069801679793102453422072380153220744392092310426027628044905841012328167796356229918458048517302308237422877646443440399595784920974522223148579588 -2.1098285216022380777933231108639850627895964975631967120181020771540072285371697872153711671951593871789627739271425285715821226290870414876077900807380172223589800783283694222316943115422300785646963e-12
1.9998969792696949026519101579004820761139110932375969277525103945453894830167665482274868084479970456696753403227099888649841394567039085949642708222801210206876016246783153071447549951142907871710627 -2.8044911314160016066756015014187660102987210996265835442675689129764602947222961471990019392954920735241321585969523450568980311453826413014396894222001615921338678108480400669374044253476390172241742e-06
1.999895917852520363182682938291058364454447330077109870380272303632650233953344168542519036284802647207203314165505143799220936834510428183250678002588251755699164988124558539371146436447023340453207 -2.6724279729507441452645354536197393787072617736745684763488362420477495658981846928950789993198115714252625312570401004839040501521100692322062954220329967736253817528522052376593878035963827010980681e-06
1.999811687170205942249758905954164683550226834859098412348222929637297484634130022098143191900588514602228352973449141225491842612272434233365465302925713247080815479521270277444729976616035388793045 -3.066971619451697162896560704379077390862019357882846745898529430789338404444339265763333102646168776505369137293298549507335102971580311083894046473355972033330495250944202627712062373580446583750678e-12
1.9998948411886893806921840937879509104312295898721476422743172530375531559591442423159136489313842925991441764359368032393214742786209423892979747978657305992192205924637804698411891471363284648824226 -2.5523619957963043754250093199322721019713476108511907746372595485766517965185382206168665589981424704808341625253517339563372802296425267870491321243117646258029427199228978816325744272485612663250534e-06
1.9998142440825031496575234613479453172289973010225592995167535325088311675178269015572442629966174959161717878609862866840432381334869447050213610743266938654273399802429405749740727065638977885620382 -4.4459691038007964055492240517430937158873247782091775130442861989586231053727085772854894542456938758653383965826884029560292090398527474389396691046295702578709994934394392932155430916859152479540334e-12
1.999893748713548723823275173708079368783862420747425986595634208637459446197293745179896534462477036599174708393748445966698052011794297593372397496063730876109522867540153985832315653715972358495953 -2.4406702104246480924956124296834315571769935899514946386671518059388171988614174869222073124096299422973496065543471313902086385392156611229355839896491676433381652322732820456289387674501779921249103e-06
1.9998926399287786713592895819520769122319301982706307942477206497060064523366288248277579674087416751722167465987847564045524756804185869322140406165445005328738855613695060188827199578898682576699647 -2.3350192827936606965003970927217878928298709379442024005703021648621692094390605008762497327059329237818213966912252225731901790730368768025254909567030292090406444313552364633424828244628703295917152e-06
1.9998167492843846602663453894405269096258670435694073759692321868930228641168024434312427928020565061001730564238656786598890683888616424593147616001100527055234459258640899508143431798637378439415823 -6.4257676600445967584283832921858193811765004053858079975381887380388378513329854641774400287461253041542376816505605730136672137133643466711328297118129268002709474267882400594659308854938189041306197e-12
1.9998915143737251599943224454472940325673308787273019123985812518397104737174996150275359439455148974488403741840286253158355507851674178613740455838830196069412069255106676999847104761092791776853921 -2.2338001219889886246271814155864764997946197830345513106166242485478401841992652190620049511633283613767133253535634279748707641721842895698603282990519392659421590569419253955411365655951786496246989e-06
1.9998903716086459075591970232961857717228666191647615134258065007956340289622757477040558359889273919548977821011222789257326808895795289735332375551144019510484473863218570645886239378815093017648939 -2.1358439046613397761262359567084705746957254588760590777237375386441160035784999155075682467297357886024233530908011399131724605216435799719214644849881732792335914223509848880227884144248069917816852e-06
1.9998192041620642255839388575661667788582063366978600700094542253175170731575420684434898854426146063734306247116992593996095118470774799785076069563037016270773569808375124908474116637289173311838483 -9.2569803625333842998084406059331365306553531910683273977550475123114514283423301420619339158937537142802012534234422865077930594118285833199205435557979328597604049107009278980888785427202196658794435e-12
1.9998892112044892130475083211714364132646876132072132420133408500047421207331415868479989718498314495603973355832949174473507982230109870684867735928608555792187424451043669392277733422058538651017398 -2.0402657457411975946564764603627483172688759186961632091313419730141780479059256597135496589144332317088573015621532219847727346863528558203610228686769594680741405982738078834659274753318971633469244e-06
1.99988803273631172077297135072085320714621624120084009515335544094886077841250422314555402094772732398625307619034865579798216040410112554882800049442791616834774033686099820591010366482964722431384 -1.9463724094152371825558356801591379880400724409289285779183687583851906877706019684072667029137034955017735775071967371609857967688157599337190113067424796436603131065642726159656728764594314851980838e-06
1.9998216100564207884841845087376970589063183440871825152133584738142827819432601894568802520349453597990013947914123013607472612503605670170279407597938636976213205796119773909449159733574896051215608 -1.3287814934378282486662984196890276759028326740865810315637590797383514948859774900236730019240086298185065398134314303203596393882257184875987820437173063697619018481900119996359705785284674391054922e-11
1.9998868357787515088755203815468749492519956457280338333461036179655711853780307467578000398854970326748500508930298496118575817776900524763452764186292106072023593390813487732155358778445287375897692 -1.8536047293757272103772965744161106982105538238696810988146353171925833391239075540092562938343429697019931062487427727304323240042138559627258249896574121280239911991112224178371529468365439051113315e-06
1.9998239682651893722779253535970733151118979402394892027153156523710281911534807403251774049477315845544175084333735930555206001791065986967041444363789155092554921271644359375854207764776097922178652 -1.8997428902610310740834358299983818997820075689099735626695946969909909287559777964908768443802409106422272865415102027376442751038982367808900861539865680932743133988838687152911300044320956518033084e-11
1.999885619902630250470321562754592394610878111331314216129303423950938007922073649372237607149241031711191921157524228015977394553205162459324466755127425667943842204315635215727173559271997533001894 -1.761500022049343258495691392211023365088727489197936253315074637393451703533336705896605625472646199573937224031979118364885935441109409192332957388189892091407160313288534425365445081507472700042157e-06
1.9998843846720724511219098950976225606872801518456090430760326507030840509987124211300700704297026896094015978199403689450018586196364517679645127643061042447582446497233758403386682576012212277113607 -1.6696665883498021113659361373952892869013819376734839393279964302411101731200516748152631983857467956637342628893766429284770425800179863659724693745820417728040962812200182542391029717358639271946866e-06
1.9998262800452613825207587873700058187749030205760633859472487182730256096811081633801405709839563149354878166075893028314009704160658905215765506942700867618266823586569699763718660313804233756177184 -2.7037328713191564187737216431626486440189607527112177774493402895169206433357666521543079428232385590794863947623175887076657289522668063623201103001230893225082266128973005487992137368236335744073723e-11
1.9998831296416482528889175555238054651447742135797884636181413651816320782913988877652445722787600444011424876658554597596127300294580266805726133493409485615909241811626238476862996101074540051253571 -1.5777658051124348312179190050043441511133678200595649670485011773458954451235289528198236491407032503734024461333938751304263619935038180275570189157114256531580085659260492116031764310118267783236553e-06
1.9998818543530284141860118892065558078090944783945093086076401088630299350573528851200323317435406493432431670046052598566347426569608399139410903140786195482190602529065343918150860342384347567680368 -1.4854991043451067635152647743797900858070420700423076282072978837687311166633078079853113553382845071240823917743198405123912101148266130537665852153764166187187056629391456433958296685494767339935811e-06
1.9998285466152016664446083793567604583947219805890557303193675829772390633625141150228255684742007214868305174583537791054169119493113884237657862656688452189578168183058623251844053342796533903332206 -3.8280056926557976037638540863650742523316006987050157857948396454363570556912430729305775803554192236938355518254283127466247703823543938341245612222105839651988889453620811962157291160352237530246004e-11
1.999880558330494303749877970938668121790671686870455660629927185796257856628015769377126035928417545697551666552436656405104024210623165982805754008935873673575204062505173402263580241388750828660148 -1.3925981210105706764685034072075252720396343008838670319913803010681653448269074991771267393770687893826409769523192080575838099090531773892417793461134146107509822139544891650513860815264121750850383e-06
1.9998792410743419726625645785177280701495755994890765730700020873942841711356009134836818358263626420167898930225383533440938222506359135332725300320425287287708138426139980466584106903794239126881305 -1.2988168322276763627702565089750458334051958442936632588633372883849170337997123336438861897852421310744477720642666155741103928048486821390193764000383269939800585306072843597441859385259561880392389e-06
1.9998307691581451762599940569253916525992401162163592182637384320661460366965647054640631709488608130653388948908915814982688323276042634677321791848665777130983898729243666416008311636786320242895703 -5.3871554240139761867900312928169249287073993993883887734407325504596951482982629715140220003362579691429095381167551413375368778519824015616968118692203997465974835402401664639501805999181005059115151e-11
1.9998779020506850622728670782938966929599824541055209776853460731318435660126828860806594483303014986610008242798405384176420521931268922318273219176814734726631070128403178504565267536035411699053507 -1.2039248023252554760508792367028836196102583524383986354932425550264158823192502339471965425364257475825282829490399954104666771848073607187641321626376406896348526082582554588240699416830306307320059e-06
1.9998329488253223780545384263029104445963196805325773601156359252011473069716686678766676487942416606714947719512584848238283161889050142197780316036060834671628800148520829618670623179675716964695301 -7.5278327411937609795888566520761752191056323949764063438199694541443882818425775251069848022838859034757646155020607432650595021119274596056423936554636798375866143653826744540565210609119798330058393e-11
1.9998765406752619695412043251698768206902231723516088047851021824092237614245218272118619382938404650124150413457023003400282213624744932727294428500567778245968280427825849207245730554451855868344279 -1.1077008090830559259575332382960477043771236150117774669353894331445015030916455575322599286885376094202763404399634537078688548707173266812027643114265535371203502714627325590520161003425738997278534e-06
1.9998751562873486813546919940828239053135082143874429995625786451509117541114778706813930951300908702696967177756274584670676640040819396465021019190554718407233730984373419689341274668980841048776997 -1.0099262986133978813416582364945021476202271756752783648140433107385010239823901085513302510488931031753981320862165439398814214478958186728884361241285441945721335353268817957972184470060915642663803e-06
1.9998737481073397877491971301724140803060629498934023680160832332466123302557749287575831288564770200744767294655938671383957440875636883923592764842386131912957966826226525043576154208548133906252935 -9.1037861954928112930356975099825178891029232546862562438310879368249009320531697592733339662946778455678930823915099839893632449342114866615299854328429378483986916583337723862188282831739032983397704e-07
1.9998350867405970914543785877985351864134070247402948676220372374628299708613909798379625959096261490214596359767834124670392072439474122136071045954688934367688002795838804162383372876841637219150699 -1.0431188866857590678023734089631366861407683297852131209961291962175280793956788043109595690619614623168365049800084529575686659138095126583418656101906300945240964092146958452276188680583353062754512e-10
1.9998723151672116248302733085200002980926910507485883568305409129973262230861814198959831576881302437938500004801790429964290628882319050455107982115779908100882385971634354089780813879894679684074058 -8.0882571195921244615810193796286878771805509328503255969415000710695422932441823721385630973614616294686663472150423977689068511452603448644061241080719000455993082505246850364109247616921630579161739e-07
1.999870856195611503355703002878154011703852254926023287428040040948957125361923995538814092709266150335888082098812427583923757152491546724114841989158953464886602282204473527711086261772412281802869 -7.0502942494190500301946985250299592884122786208279118762508705058077620262985248425974727156586501742912102408473422477603976322036147644990862062978646130682526336331252797191862922555837855153772571e-07
1.9998693694271698794876350465678163974945176968727925102600844221213536316404151371747717474131905622479434597115286736877037033917297107786536020518724855974707672632552209625430683374236722014049466 -5.987812269690092890538010498899768050465353375534253469221815403138802201843754350365678853869212166343272673331365339517094206085900689155448310929670298393796342868628614008964956826270754406831018e-07
1.9998616251153129877598170731026600463024612333295770580411944404539299095845237258732498553786096711580943389261523831897651554617766422705505661429899822728620382653704693506323006108653252859824735 5.0545790510994363171380310505541978099870224802385127071969823972952537646035007329816586370240763731805305703330706947568445395656812748932551824198542682672086902597556687483577606018385856006815539e-06
1.9998678522912569395743916606280017501820709181815357563627338286578773590557387997573729976345186299222342449699081825555596866487696998061813054512871220416883193842905745544190755211784374380658541 -4.9004243039161746033325239109118634358659770994579825524076571155197880157349719138368468747244894231494701647838399383522867798699329174306109143594070503015397810603257505340806778537130488202555412e-07
1.9998663009521695787890543749367263062873023812422613448859713141286339272373894865890777800604489224028866829963467543563026819978546902793652822105260320732432134361006478336047869226367387016450502 -3.7939467204792413522651078557325267959387834933176875009230020900381294157189477058404632453167592108171086620580072474553094487545509496119335595081333823462421981429098989059642207727121168130085572e-07
1.9998371840066110408400335096268034510659355549823806308618699741949864298272626199273311471055672289236923876598287042272850951613823307921301352537922136214773663624977959022991531981453404697267656 -1.4310060594300212040478492974875243169858042557986772834164580810327032491809331676807566717926048791692392391880409957034016418327947888613941780080321693106647036568869411416814196259536164906776814e-10
1.9998647099159724828273857985080216268621485672667787781349809430750108728315542860853172382117228008290286414887128662956165343386294261675629503450307999374991696317953566983336568365303130434128932 -2.6930987467634563057049011909293041320860293345005270794003763583373397412824766789571823143742295059638414041097416912139257170023066216424491891546772472755837404503743336173345260912493137525042699e-07
1.9998630731149184947687680043615140770811168530916319656816206540271824776305390126581636830077902207134481361181155794786790274231618423520058433739234817442817196748974849761784054727748721776802017 -1.6689744487940195918100428711883461560902230573574035490730512850800368167661962519186740506516466174380838337056243304952355443795108240142350233463232519081308501954180599125160857649068827693070316e-07
1.9998392417134608632581115924559258199739315836301801041183982380690000835671384234456736449552095998687773790314288283774811911870034415275353561149797436048472352842551018669131050833049495079070834 -1.9396648949142908701838617139011922406807356340518492618328542290801845507247061074896495614240256990988275295373643736575424445201547640391121127884853135156513397216496786205983843314485349501956155e-10
1.9998613901018246318272731769539315274391157331615572624751898154521150184160922850338323041439619783499506703094194792130606777866466369756914981726481328007672128032616335506507004661455190951132169 -8.5726916835864331074096934287369543400855330490147772155803929061022312560512639345256770215952332765979247170061563964795045751891717375590308555981168963713049440941851674560670747746929476842385576e-08
1.999859673749870568496391452692609721186293090395639263634034807919947840598849068924190212253333568958671023929280539738433912837320249532191582493450060795948162536092093433851751870961053472258313 -3.6577673522094996655089273186084700089915941473377193090636229815683850863218837916118944486439095959675058794120665876609947303650888100616895917021958878379197905035241539588315185401357982870675533e-08
1.9998412609513590555085904481346879565208139667679746456091382049412284326312326068368227506926133232316361413731914192746425778171903166577322830778040011568254750533582441345076377750540534372090767 -2.59166913881567762470165625263616463710056247065340808187681434231399514212647874260545015116140300982135648799965732889008401420529225632375419228440121400315718062845114070324889106606028068539432e-10
1.9998579397819373063068823108725721253261421675512580466215329270186558901443833219055644519534194455313382204614436278083583163192240595290482547945111086798119981242745876796003007195306826923026309 -1.408387388809523428934465843432522716062350862704487135908640158534485300764254615712062516665921890046119750559823570876526947930979485743524104203399562868729282037691598373966671076151130335570235e-08
1.9998432428295730130171776288093984070908810442198157146894781403169775159477431384504421645920786319864994271089460155420525777047361067673737391985915664555052866818894376384856381117754446649961094 -3.4052931310018713064936845520898838913489496965780003023089895836304619244874284955461861977344987652299854104422523807678431951699756047040577099445048620217599079556194675014225130101819571062236697e-10
1.9998561919298404180923764632649663344520940203640389334661229783150040835930873413310358043079327637414351844369480998750837182739037706584333135387189709808660028135288542730107176079449624120828529 -5.4713800574114050666382377303859748826480520635087921154283075017816549478879114927109787913068769160226452586640224424268611482405322737682014892029304074525415756176669519458128006963446743356966858e-09
1.9998451885053050967577677687691162320059365351087853510692856451101645399654369664445010661605376267565875340307165908364306918375172571819306686020176296481849972554832454935303543444775112022189807 -4.3928809911052956339336701778854939887085341533989672063926311776100935571786847497992665798505719650241287227547577031632652655030740729855110568916340131548161621818875990873797973177897843619997838e-10
1.9998544261176317505064470297377869890519302269491228731587674858578298348574900891877818862187205434639098141323864285248405802620725896857705266413662855298260539729653667240275927800577627618195952 -2.4188617603108915334443878105373593225453918883383401280594849783575114052945236667962298460748333556076181474494422298104135416129109299050456016356153873855884365417958149514795437832044005419179841e-09
1.9998470992284313687265421323435583923480104659638091046965608961477888813280332566771985688394905000569793611279856230537929659461028200862471963144505847349360444769697376472890737795172652719680508 -5.5733747070343720005950088708813041484219117975755026539437025030711350298621267936759209567372197668890520071580701791508986801148836447789327352293477683789723089816552412780533486504458755883239803e-10
1.9998526373585919389122644939073079504726546246099521822791544084825342226357364100225214224695752101304177962239850378756944507813257877777116532082834093638347484147664411422116144446481077794628668 -1.3403653767136564009662728690962644758616654536484224822323053292086555706155221534513672198120463842681547837856546558121870388937710768201145273061214914345628080521727372731817660416899466185862518e-09
1.9998489764117535835960074726774293313692573777906870584998184803236532340077614975633043259928509900760208811359707074508714152618585051009566983392138768461095078752183704706644861427779436674573944 -7.0375658016281270666439373473905576721168995004010891332910062112866956064156765443142291692555466119168549932122714330869442804184297648214465907809268251411565785670153280029035920967740708915052434e-10
1.9998508217424400414582076719962296134555218646046223067847888774528990973321513648438221213127343616221078532147055134724173183895882666622908057435550049431299738433146622663158854385551435604872822 -9.1786315584356067390065453966445113187868701066827653620009460646217901989336460426307777900922548482245388250099185394636979495367270069453926673297780728792927005340230973374392144269490428316811803e-10
