-5.72286282888069667632623728158616885039155903979865558424741481590326461008591331320470947402905240448130339453350888729383256125291701968782223274575989025140376720257423288887964 -43.9905714675762772503721872322133360876554637649499555663397218289265123834710599207178104488581917432842060196047333905227474081626514679469573031125463630519350285446699793762193
5.72286282888069667632623728158616885039155903979865558424741481590326461008591331320678278055468753874038651737292155589299791099937941170557464798125835529906588809725072127356571 -43.9905714675762772503721872322133360876554637649499555663397218289265123834710599207171609593434230683304533578192413229399105665442828963030989094181261032548909056958143209562198
3.69729828838615792777350387307072362871527578345006995631457129941002324669019903319431495147240891573929458373184758276038361897877803740303955285135022119326801196562374101747217e-75 -44.7215473713226362673063097775683653582694165942570635001451239392944855181915838457297698864509072085569540690181135634725442860719387137114467508335666419349465304418331312282822
-5.27521614233442071665265102347871945891788621149963069552541711447503180832141228623277282080345408384815759624451000900505644181649702153412941379270911273392103413402301161348688e-73 -44.388768217814279473778308480981144062654896301619184243599995968578772508591196127093763919547681498683139559750388150592589366009465016577520584172061544037682506342162651320217
3.04161997201174928979542600644389008217273430686833900496953831355541396290781412242820684890764565530079573412861146144114149074244850215997574898993398437235106084671598153513799e-71 -44.0757130475344438845906903321414814597987634397674276852488337830437097398720187779408257466978444403182917710725715340884249980322005301015771398625208680811166393004123163314898
-1.03979410278322757837411076733189606348781378399863379186669691632531956128142370271615324803521147986173718562476214256155023777811458940001068695490520378835305755296086381559164e-69 -43.772024631236313879878061681565407597419951211774374976452016278558948823842858213615589366863801401340225712458355519633819775021284180395338173843207620735749715543107287945026
2.45491322160724559424935740548102144933530217611157849549657883414439569864569133520321955864726876871944381182516353053073058304564010727329852258543142777234038110444810616881971e-68 -43.4740206482961291784968014593131948599737972864092013413456803360357359346903927688159479878892596942817563391149901660346210258581965628562447855103153656778335636472674183630876
-4.33871977502637467736624975921816747463252507161204374044514732185546167234054348027571484574964135756965114040002199842001938497039978239624270396422379955940097727291424657778152e-67 -43.1799275656840954405045641805326541426836407629099334020320208808626872886451286348215628843134800289319033529816484275366123564053692514746947349091968014839405468882959890347033
6.02747254416705442523564985858111458105005867426539427204105205142426312415496228196777147645613911776962729749614966964446925297110101458768384969406540203712200571601456214381283e-66 -42.888762648426275789532775546978777781231654864083865742370810722517123735828010358742511702668705070770972819477425800153974069322304028351850959683036882478464816489824879394388
-5.70797677904760258006793015039357113284523993072551186283698418956611843354022625000163546884259112113951587939245313745773178778185334565694737203923872412389324633856246322076767 -41.5113595825263275436703442563880598127433935267623742166722948708958045323826418296181740473177192011258347480118675850542002575520416844016644884723319449023989910693658771304059
5.70797677904760258006793015039357113284523993072551186283698418956611843354022655287200624272187580290757281505150628143185255883054216481275030583532173606234402520690951988643628 -41.5113595825263275436703442563880598127433935267623742166722948708958045323826410516271191905256834010142153579297535368953351829937581937800868838605980838953380082917019142420591
-6.79590403930410172427609807319040917367030916863330255495152728583782193969877485795141002226811639316045652230287715772454735970064618884088735426239271467394954298597467282588828e-65 -42.5999474137828844697043832428326331334778878089666092663818660203577493410639399962329464915146234623956834208268609022659095199624336917111292428488510822129747689987999803018102
6.35564421726131612733737518530433440782372084160217153414806918506445407941127263418420056873482074291056935503393961540941336498529930605643398310278613030874151753648936557090871e-64 -42.3131455449552648970494998681859959379048132266532219317463603836363237849638560504351826449723844484760495185075992010190294027512805194161979622454132922260581521239852963461903
-5.0043109370258175104580244116661723240344872641116713669123695772707742651175774103875485642516497863327162243507401424513090373434303356617283643968963094142479775590745935923242e-63 -42.0281893807816336979530808175269292150737838698312840754173530621144266115265467455574940784530986511955128467633249018811753835794936488325743462880854461060468074768459051730824
3.34970198033179815597710106806228732780379937766402645510928871405974448155046689205208466065917603736767569160008796119554466848560815749293471164464192538202121840605225239724595e-62 -41.7450495402620871621147708473370117628036345753875464089209252594915844914162268217483916045250780428067434908948610334291248973315492692812032419053676693967106822306010684943879
-1.91587387729718606330476320717542052654859329148580481929709378655917565477502643507924175747931979105208948423358682036645550928924188407192847728811936681494999702480601795305732e-61 -41.4638312835891974591287455490809782956594724051146309543551116959821854616726299961441929248457356624592029240241217044726200494366418044629799025632261710085108592539836708722531
9.36644115770505964573182430414499922506504010903488083583254402332468349701386038149696510827651505039666495877257494956295373203676583915288149558125563393400078858703836165390313e-61 -41.1847927481115253025770403825859814364561005034493793540644707472731061106652962908787847002530255081705505475274730129771208427286548267334668068817585945621786302644949405214148
-5.63174001088052180689634861177306256169635480604825091246965115692941017232845175944838874607030715094088239710977392927335728480949125687136041397067071788087242471027440444828688 -39.5235773863792247307440102123777207667538708326279905615005231581059338774694091796223110298721040618442675649772416049249022882482089298063552498143511216407055601442210552148876
-3.89165286807229560591199940854662839344205129018520886725271970875479455672647675311000515755460058837145673293194938154420576324373260592250766886876769193816279765599013422631612e-60 -40.9083846581595697913140610575691746332903031551380310750571926047130137996604613937288579084202406552190102400949710450888567578342185374965809588105045478742900887801166318040721
5.63174001088052180689634861177306256169635480604825091246965115692941017232429315009293883055237804485172320959382825626312953605050231093634631111347446094059385688128693946228219 -39.5235773863792247307440102123777207667538708326279905615005231581059338774715783253536020585320338288644695300789078277193773650450002856524015883324571740191480772590212303801939
1.35360621827590377590086226814643749067519847722840652260775939912189418989297062262194439751122419110168723951349929129484081515859311254207640631098975605400533791197898110374682e-59 -40.6353069613704077826305019525145571931775284949804511089674163403910325460300934171838034639426373340109954174213130944024850822695778866722118639123542362246277001286029999229615
-3.81740431955530574347533334748509680041486700879440136350752160680971593239722596377564884301670300142414038694727411442480832317790665318552649691111312092054262465449226242025428e-59 -40.3665486376077430797744151482308896360210170692258915954287835136153996113030069384840816691386916975701692608734416060577270158303292299836833713383233956085651069110027564192043
8.14990929887881385126787172361862241604129078674955347344997328453945144440401684464364782936832505420202019334427181552198513040058895656762671642998400072595237241367502937694377e-59 -40.1032812246236086162725108602376248483214284695927145501888917675856449309047091931654903169354689529482852319497919758231340912629358447414976524991951439896261497621925901842712
-1.09379326949355310690162450907431888306906012675905601386609544248489350307768680307015998980905275042768846212451287190939348303015980738706628108018620973376556707920771596438757e-58 -39.8463075758850253278630576229718750094692264458838315441918250303333844016661452846658581233834510165039939596736518861253182708293215264330215030475497903189385071238206032642189
1.03596537652754277582366501385881344625490730257358908809072702000392335311429842864368626296804956867922018343738388588561501843424598789597938967171135790947391567432411721093495e-59 -39.5949181384078318744538710560549495775073937416504340869079362341247271154634499712052381135462814406170047016918270197426991551524910987937426614479310211983390587321461964741844
-5.53336876792684033508872001052360844523133959028425419168246986533965944668266699750357259738327000139905911867349253238245095643691899228760169496340371900714022923760359043005917 -37.8132003406201899529543858164566157099749411700427756886946339919448750766525315925352064105129341736311282511875746687577124551876873376972564370869756580524589323351021870981287
3.3526742652648415046812504251912181583235199767101023435024468911838357030508127836191138763159393180438117210299567401809425727521805283535223985108734023522053411800343823789975e-58 -39.3462905192408273390442433443409456951721124749059072468698660389951130627410970841493144274545237456257846450530718070909292841475813514938703108948573110758446026352487054148584
5.53336876792684033508872001052360844523133959028425419168246986533965944778259701094281776894812951465393045863518139598285428979009000270162044014615382645635629449815211898657534 -37.8132003406201899529543858164566157099749411700427756886946339919448750749381644405113161617886878645193821440186450366921956649732979509995860974788771717294318789514561386133523
-7.82463344221325834294713530624684098353230042603356487723589748858161384171077125568771310884313668833380763566313724189392144585606745361809784972978287732566988794203026669633584e-58 -39.0971737723152780609615476131396699091218622815368961797684267877909461691914631382958341288067215949831751702266392119709621964213425502792632580482151066317978390017431004818469
6.67146467332612323853638078048454962480436443978558534559699216443165690215752801149301152175770772833009230136715773066478960371243814060951247779416808228227014733376308431127874e-58 -38.8462101862379860572480833844842820721041753623006209352652372543113410714975191350499269191686596729336743497508074444864437135859854528133006235880234478548958947159332667486082
8.17629952019525861709919616547302142666910002897076039521108435044977469102926784487524215011958788650391697301097034339488521751565154222938005683013675669866818622147013103070788e-58 -38.5939626714505202689973420198557242047067434401054981665368815152384021663421070966492397777781081407019114845574319591826282455188411254206216747110199297945814045387433826911347
-3.1636495207147495669512761143471135804233571393418736175300053808713191145920117054342335345366572557154701984407314415833186559966730150636577546356223659068530739118687698651833e-57 -38.3415164175183353526782242237202023088645479865083090047018446168943465944877214066780335076300602049911317417713457364135224892480457941348372322269293968298971041455745047224084
3.25372379953319422849641101773019256073826554385050058378024716076918546304171277013940560266585440101663420664289443447988585227276220707668256212336365770922193974581589299157976e-57 -38.0894997655167566777778510883217749906243248917612645170727165075039112333668131623121829489058546786120501360377829422009844364822288890563622301028101765849045243866424775501799
-5.41648011992010682530798797151746133597079260856941256806891416708805414703716070965430996499849956422420882256933678608468125583657854940331891576743827888477099310358457014938207 -36.293871700693250139162043193333775048853996457888024056473634634591630117124752304871763556540090335228513152082517549984081345681060000803754678681259676462409245758076138821905
2.23857053907671114558739550460749336421459382082300342245189666455519284513277363546813331922193315209700874260056858897317059276446319342778319106582166782297340925209664106331088e-57 -37.8378943613552442466560671794040879590251133604057732299982685727600343484270113837239250143937645417517476180740253018576187194317714819866852858202595477295387432516762811675413
5.41648011992010682530798797151746133597079260856941256806891416708805429531219396059544786922307478079797816032708140908448194536166428158806918279862825590770514034394126372642098 -36.2938717006932501391620431933337750488539964578880240564736346345916302055483763857231247051740380965175448043875946246952067637856746685472110786230478331315718888394419682037835
-1.00273373401150556514357435343129351369896320332139266989357954790421015529211087657232723552210350576187313910772032324609854840457023629120119596987969548379554263527496744372246e-56 -37.586360240116538703629169435711204384638223297085950809116019008980872146347038172580387146022793514411589214237759835640072461064488500147073985721613474520158643592766135785544
8.15228974754563546944867360465663371975029127142119566448340210812025067819942432069278040800453248685007585051843918278129453283803868392263673684108285935243313085585054649439936e-57 -37.3346549422640020951147730903700608386810811569169708961971089311788866252413073931834934624630015700650934816684925552902558556484335876816267143601692235124436782931774133750934
9.83991746011625566249477195944908156904778226600063363709215873775251810647759787389033408452589114116564519568719265330115795081424777764162772302094118946914948695414784556846769e-57 -37.082789286643806935248458516684576414313610575535558490283369147939201123977341239117756694460646694195774252742842050154006474042643769231417567018997867611303850772271314777144
-2.5485457415701693253016848080839626531022356564577652061850841337997756327692529208489126322353718457587234655742932092142537007492310487461580486038309522815193021407833644396965e-56 -36.8308992168449954644759975169853135033356287692618019635771992656245599524155378164635978374522253692487871920081475942979120758939149638329801189666234029126973249429062246452639
7.76058297960048946265830548566094852805436469523749827719085682248083722909503936920665670631357437062168333074742052383468608638583226598637505130032420820222193829923156852628468e-57 -36.5790646728571844611734689214501948837811852647597107109149740983359203413184462640021401650318023115205729474511934362737384491553372358664404983183314637260214437443261314703891
-5.28228752039423355831629078289815957391210110706779227337700937054520647975232678751201994317523892663018875277771302598876407810871398458897921624706672514597841760935034928024555 -34.9153005846044178399781334573190443881900140578403057179888398180119358315079818518449231641252593734559553017656171861909141364977612085818413807385197530419988380579599441205241
3.55740024003047187117212766058515617284475063286369478741509321511267054313659877598659204981555683730871252045032173917780790217412480228310303862165601574075629761993117935696881e-56 -36.3272578978477256928903422681795105085197074476550635030964797386548380356911996496511223425211605480748138626635858986724043303197960843825300101250308917426886841125914550694423
5.28228752039423355831629078289815957391210110706779227337700937054520831066004641524141197592901413761070914939242464624905309179553477509526628176211438215668516919651739830368369 -34.915300584604417839978133457319044388190014057840305717988839818011940378971888682071368462006005047577964662296751264298187760964732817415002895222731168682509504808125262021271
-4.14514529292879374793099828657019236942381135858013345316709395351115853179140655595027263750358638091199389002389369090899207745956761623049542094014210324250411201375661478273458e-56 -36.0754168566449620706695567702329048754498753865836178078093554131611705866945302305610126393741032337826029771096096280944250173106547160934301149397067460983598915613886723455064
-2.33752131303082930966920837998080806456061149793681447044793375455007222146129496543216052318837920843667915344696795835384529659027482326817902403777155776011439465242145249736245e-56 -35.8235238950730820124871179876734306924861401135606140991877852185395801995376823039333667233990374132339641661126021259579061789566121165100303114542614875303065310855384535699286
7.63399226572153166694677996187440841972836301159527111273424845815402149140528444328174191786453461066767008837925934770934903039222309586449794867564191457353538329519983117591445e-56 -35.5716069474977818000851662092658813967645581665621951117765150922234417372322002094190122546516120692379002265528956320720506617477061754734216628815170839831651977922530293128445
-1.40906492618734748050855768337113298896405515115402857828844774914068029691620181310586052907472374216108705980725345326760228221951567699397062980706039220912455150456998286175704e-56 -35.3196900912242102634739065010840989696680917231124458516092814129667934413178326677506583937577942210085108664457287013138099752090656469571643492032557319501063580375152140132332
-5.13310123863518293725744969025063029467390975350785239111624844069092222344767733060581105374955083776158738214298067069259897854912296895651650618601128223141882204265474826926658 -33.6451964945314990691714652129738973070790327394017025460034934314140465626017577967654296419469468700343253658956822740169784413850926696505807112871946636518571426975428152211379
-9.45816170614394651059083223398409667484246775112063836531034750661315965627056558961372313535852185277419270140734120930841719937247411798953706595039377407763119919408725714518289e-56 -35.0677662389747107834868939063642710101823224517797860189711403605329809104395182430197758271896681182679426894892919501239153719632693821327066116787454484497200209168922647597012
5.13310123863518293725744969025063029467390975350785239111624844069094967069092191090468790326704889596991141766725262592729652384459342410600697748262726397579602333007158218557966 -33.6451964945314990691714652129738973070790327394017025460034934314141041169156845288668479132188909315113325247911504721757271264035227765598352473553668703230955076381161717302457
6.49896907508612164775819381959519298075514792323002201305585874323183574056479266578609449026608990367643923674649592962669231863920341835301741931018988966224707784400580743340357e-56 -34.8158163095200635715586565626869973180754884396313926367492297549921721573599376790364424187220391075230347762243234419968080001362002274303062057182087775283883251331334772520382
8.81295895062604255896969531205557912723220513463887306928532701917985548732009648276472912304496797862553181142258988288483257249309620352716823480400242987006803470652403196798765e-56 -34.5638370587917612005954919743001349717562076070729006518545581118978589614589185043972905205924145046918300945892848457091692116088222724465797960886852664616187419302310823123038
-1.11622569632277413054297171184082519085667618964791343150667673020261080558819189449170900548899881698648031898000931752879856045330628310007607758931527274968713510007595141681954e-55 -34.3118399706254118652275329580119551025288330538392299982278757370383326250360664821578874059643908521856577684700695111524064107589388655389342076995321723726680665196832948425334
-6.22134281867635019516450511230957341419878167961053080211916557932829716306216107255091803214803757289090454138935393103033044728716371271010328381027183357904175327768251156253956e-56 -34.0598307802220056113625490065526686042415782499023789152083720878712216733870305881814782631102255102166862388207228082843713818773185922972113131767759153156050050905634417036307
-4.97159362303039678801504670649658760309684376410100297401657861682603406288627572762347469972438777138673021799684512682799232171138331024834279584810293167170505758079466208735104 -32.4618034132675246295900796916581324206771242086705754220652592738142507979150030691303782233029926486513718018296738069536265974326125427535618279010480823422342038882370183905038
1.41016125380952683231005897800993875682945047456657049690668686941338819761680615207898772871298343409061964260315671993470246176445314540000949513819996993005105877778451487960124e-55 -33.807802455893553198761239204479825224117262556959090016157111706749185389868849368465074678591496283685584083893740257841650121777064138203312003880373015849902617949065069108923
4.97159362303039678801504670649658760309684376410100297401657861682643936097570939213053590063587512874830207323119762194129597301767986636068869793084330519613427222266681136772123 -32.4618034132675246295900796916581324206771242086705754220652592738144657698964345903854544790257295015762612908105737081025556706503845756717658803076778904944111628054076264471901
2.97270014012571229920894490248517036370882568130144719695409910241311871293888783282964412954783231703097025662571350686434225491461906554440135677377769768143733124330836057377597e-56 -33.5557482346804952444649472254462850432677354660181289453166597288594774326688832926512711467642153935382528676538702644409159702606330261714463521459446196629621797713259643670217
-1.49700342471879128063834600182618753535793508527934968862392043465931846099972800382020944672909763442123017336468384707924366293746842785401268299004600909012070217925623003864169e-55 -33.3036712601839164707647839036087241127446996599793744904522068730339219928323527428338781093742985150872131060019923899732435788663119098848601025541643968032788776083991558607909
-2.81798574413920733020944084635866951071636889670449836611184906422163089045633097519463900323927404898435220685696742156689580692299117723727863077135182534281302402435944256355508e-57 -33.0515769780371470040688681593077085306798397345591742656113415231684753682634571294867780480641623484233507983518578832992862059647653312744693017237394263583225036348276604868435
1.4156493286169556131953684382551597564090635557591892419642786374491527813874670452315372102393612303464842039048413576828090846205225740986880131720361303497103679393072432233866e-55 -32.79946328184914304720837686149064328584657577115642004048669031732274084202274549176173112674328592279083615202219556332746673802873240768095148095900682413642217894067375942263
-4.80026834839594298866611711547220681523405421621554360555096717014241969118033085583824379989056532507378186201991643003164716322911023585611926645012038711276714184443066862015186 -31.349836833203497978535280012895289615541036662474392143981871197417113835454459354115425519655424966015239054457543625777957151073646075582242539303675133349862371664354923514265
4.80026834839594298866611711547220681523405421621554360555096717014409165718904026743347285010621159453781435553570465249007054923391676449397972275324783680743631905402120425613601 -31.3498368332034979785352800128952896155410366624743921439818711974159113308072644482350395932270128516481626362491795256617594025723917208350385557734765190363082573844100331958646
-1.21264230590215727031663785369772464139081554090637943356805882744304036109667103021935532346967148688809579505024324393854840313536907196150789780473724822639783247555288379254502e-56 -32.5473246624730195112891285097694994442998307372851028765207326395107318377067417103453985436986071861147454692614661780068005721751318802703690574097338946600276885523024725662643
-1.23193217500538412204734443925332402474026040788320170657357257083508346466773268479117894007526187863805447098339226509221121677503651568021519739014358378332414228551438336890384e-55 -32.2951615173230043021658358642411375836003624619846018218449791904175246111067193155213955569706528399125507912520837146567923148764341214733901201590313917813324854149260334103458
1.50282320864683103487990835887556926333962584728443663802649083361852282210739842021650688412805848004088538123581212135040008580054407549675447464956546578190763022242594653777344e-56 -32.0429779961901426461421450341933362424845747548718436571990035838634493155369530591958356677690677833040783905506757329827146288949294383098297717840232792417965931482491622580898
1.00292557338523980752380475489449413885150636146492036711731228670414906050768683589034232745511050736714250955507111739241433659093620427414909315486017345449193554383651962693491e-55 -31.7907732599284287041211236739472333328143386652536792442561482507981006423324191485367759169747828770634695545633852340090456280871483513185085543564047338613979027686464528205395
-4.62128863173235228004036812810442913146102788893370683771211920487108247786973291348489296816441343883091757439078588377620905679960600584393078881998282570717614295459196606512179 -30.2981460884960141233132384198176564870465787100858783763699028377835504118179001686172338820926648070409854067900344879043857344615090710210378101019008701008461723398174037796341
-9.79865244239993480653640332594785837669765489075819649515755151291338763206717468116765312361738242156246160787434468325014581027721743724881351434889021716906978405263148279240523e-57 -31.538542629783595349135516529558765606975532147238822212444400061567507771745393794205797401110990163674036322829928144817596220573916472241840691774554535345840733458641868893091
4.62128863173235228004036812810442913146102788893370683771211920486776251926020512612486750813355282524818879903069251062496584152326152137836366783693793205792281314585444441570766 -30.2981460884960141233132384198176564870465787100858783763699028377782482753674382321700912518251044757618861870674971697055430537863737715076992450933770270839740740919310764312637
-7.66008382229102692978462519347401104436783194175858833231402429094570775439359123392764309023960622643233015329809316580783300163840802701743524680674449933543343579795520850691283e-56 -31.2862860309389328845900072340962697351597273349942964592302818764318445778735704544111809200990800556308214263588047623755376092850799682579156080645467079079370581671138977157415
1.53335850252877139465661201773863653062096457942307615342549234738484194701965274792854764715806262843164454499345361609364056798309190174016754453324341775838289191871079957590686e-57 -31.0340071287343324843451703363481417083120067543633187546398634187204941141195166653533449445798993702272607304021377191567303643720473204271948773527593079872154062285563942255468
5.43483819001198505657804478041198737739425118501918181931258619180390894943233138032243763199422780943974742126344956904902442085783087799588933303936112884246887486274675802117038e-56 -30.781704814214791637825096432941027955759233310158363470369907787185379691004654136969761599509634987168169232743599539946410631685127746315042634155125359691825582934335574376706
-4.43646648049315450151749685505818678468207193450581308690637390169869938486953545055663776460947305046640404854091703589032909320361445343846800696980783711495327447916673594497924 -29.2983248461667772189564705112204349821382662340032614699912464725722393421875326308688672760925119307390313540223439376535344475509143781723825208409970040674589516580013724577878
5.61015602782845971631755184870777354590284182945570114211663402846601931863060033135115588764070084694240190346556601343510954047106246484317224589676541183467926634118862704506682e-57 -30.5293744098789948571772379993675875105579993459076407137430032532222988172357116324243388533112699323070048387970390096305228512441389855324941706944300225510600081339780653416218
4.43646648049315450151749685505818678468207193450581308690637390168952666133265452348383110941635611722430187430141244734252017258598935453838549669063541505837010713081087917185686 -29.2983248461667772189564705112204349821382662340032614699912464725823033275001242421135442109827476466106773200421670202680457518651012096413626900793165385384359221942106855584124
-3.50509932026307846730126612023380674166907435309106078088475843497338743205878101090770280518975002630226155921795457476229241415601523936691840899295811976580686108729041998931676e-56 -30.2770166275776700240435907662006875268068504998857519731815054231142445962775917460037088693024461145435871598511196665867933981487719998028134129118926553626653430477846519454053
-9.42675341539785662936640083816473490238538434272677681736965197923336579969288703457224121290133070062075455202460807748376351804076632567232213361286120045085141708997507887336452e-57 -30.024635293814580374084937437931239979776112831344547185077712010522082001823342294098953057824681368905099673349259535909600835748184783549808064292618063505154844673228265872819
1.9817368994026580599852196063138148263601372976202317798248118851759470763097209882908954741271199902162192163009193042377862393774947040724549482293546175451236721303859930753009e-56 -29.7722276532160967902039914452229115436114674227990831478375384306949655091086031236722123045598204738471669931768575084641733886154956552223065705206798905370165774739092522916767
-4.24730501895689462930523624620317166510830795767539372952423628668682634865009569334176384405606288381416330061421097106848679539391258841946082751708268902572826195100739439072385 -28.3438555493840228831282759826559642350784453180860020837338544772240085699867614044004186068790208536413458348547536892921995393493448117487680170005825126528262389707285552999104
9.71992072081158363684864592414742343868806998061072646017636576557473083773228743331552998296133227688547355107863442214364625151813330631172588109037775814386185378491190081131144e-57 -29.5197887180934582365815892941427902325084402879295571865690611273436610441179220773303318586193013616209682430602932809084308167615044830492583738038283963244698070821343443078027
4.24730501895689462930523624620317166510830795767539372952423628670863742269814366935422811715187103138356533447951247466304020872905815645767614949556240733855345896991126420653025 -28.3438555493840228831282759826559642350784453180860020837338544772278975311486913345577594797374735273746526061140251945693475173642225987102135985570611051589444639824459740862397
-9.19527365766713083036139383511966975858027894365450934466452836874654051075788096013671556221457469843441569310472259113183792028553759329186686318819299480438709326765740880124291e-57 -29.2673217457052017197375910315469430029745347937371771250133916492255825371233465166561312009415564186237147255908684747578335969280425213175240825502389752064495374236546152652165
-7.64739161677122782731303692044485311144829072509417308559712465119392955115934081825594009314514432048290763149309514981563046253041764285843938938730286121874681066253988574935928e-57 -29.0148303182435964895421385535080056243424322172019008224427933312015063764133940347865249514441854267527143815971004603695319130331950571750534985114129252858546588345184081160598
2.93779025669203034837509444445503467085043260541148998106850559274388552384447530976517638470738442949411700442259754884314835553123558988022856312100458597075164912842378388942893e-57 -28.762307668283090995070800850484565440651427584141382882438488136231488672985269643486608201461983216127788984299645203533775203651764632327363516785888857340375209750796748148809
-4.0550510598833646005377236986104599900038103365432175459946825705893416698749806207791988376072402764989602636965861974612702412928956686696620536966911139425747089464796266900617 -27.4295633305458130089734711690391215374171284116231658115932576620921867730087561089417738968856208307580575673270792826782675614893095377771612514092172029106972061826921162760373
4.0550510598833646005377236986104599900038103365432175459946825705727203957921248818656863721606832001988721069584385920483706611599300566985446755253931654481755752265728987795476 -27.429563330545813008973471169039121537417128411623165811593257662069877195074221384544802197976476597909419430265562019904435088267398324225403854574208675821236672178954316579457
4.78567109310249712773793638109440471207152360751915507262224145540187795907072717209585136285297750001555768818874205148016749688419973529500261327717293473915643187646429999376564e-57 -28.509750286456712569773810684387694703276163070457459042730051011761720109822143597519548437064592107665195022134845270583579658638860157782476030990709194788482109742656958436919
-6.85535081340955232640396250919335376833510707655849621392122370304359935369938065780353821760376860129972647973868824662090736892836098956556885964500384311906402289851814767653882e-59 -28.2571667992818764597869119860745275656472747176220824103396377073630927344410194929508017243106151827804980179491287541037136220809962635935587211055294148486575580456353280788381
-2.34141725658375943348117571964259582007546889694099966800221752059992153404098174788128192692730939597502867890199397330648880695708989033536734357883296289653809873894269672132739e-57 -28.0045561070838403884460318600811677989754838364989664355150330547862553222464929323459126495718112591445805630999962286311748570721954959628997995771362829993891262207206654282359
-3.86074341320686881788789178727831541915328174563713386953330381793738017370144833965931288566798486232015953213216898968864077875337267923955233991616987517968946994000178876971732 -26.5512553628687806910828007204550454030417212827955386906456278147217867726247008157642067399614020168343270639735741963883435766781396367646370255582054430117958320262472867272514
-7.23747536801234991746066594233201362260685673751131138741855288424125445051444878022859627539262314366403333785741667938040344842172511676852263848868746595703734679696844081738185e-58 -27.7519050766649691757873186503434379573973825073322203189740866674171277762876279524770409467022711965464148626871081015412651553084154635886731048155051761349173200688499528392467
3.86074341320686881788789178727831541915328174563713386953330381794045085423385618902166680533911576405240940856903997858622645190749072796611866563462874449396924631742476466351746 -26.5512553628687806910828007204550454030417212827955386906456278147492603485103633818287943211330342389316419726531184494935839523763874138079527548033461533007801419497510720507636
8.17102414649164114454263857856446051607056177949737808727381956727567680723231576791234244036985018794412331194248966715323583708040513579580138249227430971667198722817634415660001e-58 -27.4992204615233578209604203085458479999722801210453128566157407743950887216112424081013427835440296301770125478017198476189818661862254379924373531690779926478664887821038423832118
6.02255568608804593830348835950085815075443997185156783948528828494634950819390594470016630726588162519106925961094605524128379317652717118920831184702127563948763736358814623846551e-58 -27.2465151176664742324323278718677675040444318494285903186740512040458841069440833530910911723298865858689511328410587997880338828873329986471550879140249746924113189733599759812272
-1.27935238625005629697144220714160070343344457297580470521078437573567773828666896827693068476326746147395904697081513694692370515938101654145375177922769397618907195478724999246624e-58 -26.9937687064016141783064067475754934020487565769378078760628594590535261066072806980009336297972647472912771574995238093693244318600132975533982494047540515272725064912200035843463
-3.66525323320960294275930206940049162293989769541256269623948982836380734938319500250769754194187094083302293351574048374998724277951832706565769882168020360327762948097073553052054 -25.7054751598069467575051456547298199171156583768713290612735866599792330399307095978789555573446605982388862534759886180327249101291648745516746641310962013265075163453581446444501
-2.94058169273486522794308118442277281187655818289748520890993239174202574367254995245478851298517387358117990350932073472073912988085166917045547652575927667803440567150434415474028e-58 -26.7409731274382834479305123901134599068823631247155136092384840481048612593078318287554366971046196578848923948723794989501672567795380242002340488393397658204141983851791964371139
3.66525323320960294275930206940049162293989769541256269623948982836856630486129898576795580375576699319506979402448785575511040164683131413412035374934414484497886188814092099222422 -25.7054751598069467575051456547298199171156583768713290612735866599575748125055460224372889745826375117194536839436030927194612966359875391873397573718682204270483053026853128546311
-6.24817845751147248041537908211903529616360754895676674556048581284138294055182859035008631355736618129799218415437163882327846941506138492313055448735733586175016528453759667246991e-59 -26.4881633801241983056853347227540441050105897217721970512720732804300242727874261131775228306073090178201186383465459925691650307323737043212464726588261746847765895173232870060034
8.76156938014233922678950134450621295677658953077930139283714984949493874960916986310003986172940509011431246762456863945080547356316639990474499957236398821592527784869713451291098e-59 -26.2353229461610653357105664804410806802428903426221304086380984385213880353412707934200431422783770267153089480077658892418226846470441729101288094138791590971796686037544989030877
5.85491019489594438568493933242886327917702393518092398720151620179768759157435610924957381769392117192856928622148697090847517286234717922670555977139367589926680939345346020653828e-59 -25.9824051551024340132650476177859133953204022023908945681996606034268796962749483229791310356233727537735362032952152657107524196600824383331459319933580470255484917466806720349091
-3.46931647186738573194644355515624537347180830878527614406796731307580757518858760923906573900406735416760697951670989930211502085610506049530528246402562747459949761089522846190682 -24.8893304620812482561256268782809886746529426677584237279933022942126616698755396641360413587347303414295604360640713734633838306513626184328625275313404085692675492049892142649317
3.46931647186738573194644355515624537347180830878527614406796731307064069270060644596669222434022781056337005582488693389923836522441195319002748082562355837063773020916641903156261 -24.8893304620812482561256268782809886746529426677584237279933022942263094308813153685738210241993378060045126990683989921300808312900926803811902265906120296998881526008198901487091
-6.97287859649264750212480634449146425668341422594473480635822835983433924682966093081470408200788603905246698413821727609545244851089216123849559843875298558074813813776645917464819e-60 -25.729474902604332771446979127823325768280795710800624159421810049831785514046535647438073300897533582650671494927241492400636373554779492554489948250338255527035186924106156853139
-2.31172836360237465932887009472650689073189382575977803182102540027342886548280620416428555265598734617151715460799224524359588061016145816822585200722020813418956073069223832472704e-59 -25.4765505313360312384199584660040942077973308134151607061654786335354096008670327323325153634266431518904156505450100456356869193012284854533832967595253603483901714968554025991888
-7.66731919352381590613837593692707353156271719542554402018212962622583305218903551138650040514683201228610100574455421057437785731768248765456085501727579872814170858168382171874898e-60 -25.2234965344791887361933991824372463870893494667677251756921256685621715435077527763456907567222553902247373907443051251696899242613766323054841735803907064662831639277563934988693
-3.2735596082712876651804254031262325530489284583651251787830773299948314943700370857538013395217947348905486348121028891921598730259853631721941993654329956963579917684512738733685 -24.100369654123318910786452632879075889635116634358663329988289422965072692991657624552981313031684320601428908986054013251037322442185308339106639238804697215047208485339912005825
4.05705676198394044273335933860026700206044764874040818294571929609208178438162433315428217186770224259498052970687325573533164379573028213285820378673660479553838996687076288127322e-60 -24.970412590032039300184138998263070182705543453718561718682864785855982598152729398591800686585486153405046893206036628326556160219638136012824742139503344053121737734719869912776
3.27355960827128766518042540312623255304892845836512517878307732999750709464312891252728543738536978879474702794018687346880081084524902601259266555213844964383902693958185688627332 -24.1003696541233189107864526328790758896351166343586633299882894229575495325926071563832358122450075331359189878973460578459560259093825537708577528166637428645626351917334726112893
4.19340188519952388504550880782718522904218531278492008717788734046380106857345918980144131509488991523605068380301957997650293412083180158389112443160591284311369133077656662912887e-60 -24.7174413116142278302630174435026297340926450350714764691523256377373275263020998972835373206012862737689454665467794973443471412415825196015668899633168647111633817776196004419018
6.90822054294455143544805327631550291312657710732676862343723546784208695690355344152830772593432937333932095646573652225902877629512109108653019321441634782619344754189774627279208e-61 -24.4642304535550224262049630781310862557390367352274635441799038834158143032505817834286380802338213432073647297530655076282331930821835169860522977022188487749462629030622698079719
-3.07851997316463961995225140728822114612376208380678762280277139551565461341350277626668877620450410713778905286779015715996141369760277249589070070141521766273584936871647770878482 -23.3364910583870469925207202846118592032135004813721811199730678250487341593059141031038975348291490368406628175148736488296728628433774940929497225900519295365937752924331916971291
-8.94918663326930494606709772668147359367700481857475043528176078236928721703614058986272674377901754059474565318554946406198910159200005836696504164940201529993634093858153551929525e-61 -24.2109067823286320217444494743016779340591245043297011669931148524326048958109162077715259603945785629134261922821090579628248816854845882905253441182996945019926364602241676079846
3.07851997316463961995225140728822114612376208380678762280277139551503612290756155821110141390742814986908934595348004667369924821162826097622496764814723597056550420335833022780591 -23.3364910583870469925207202846118592032135004813721811199730678250523549720988053116901354976897094869956184259295068015159012852639418731317908590663308622121957777447966493481188
-6.10477310357972815439576107909575785066557592867227073098044341753361286820141927468980383579494705279089842097800336778817857003605786351270039399610661285327763991445400776087229e-61 -23.9580177000301066749488514476421918234853291066353003165956152896415255272389437629513180724830220830100229747897938261502937479496560480541282455601001674923305547439001880759813
-4.78629015344165900208629388483086506766105324976317034695210169528613571341143715442129111217657245608662326411081963271756755684622004402842634001599861090450667716121277722416815e-62 -23.7046009426616322770909210649190272222104065072525591430646046352238194895886068401003580511465233361120071941870236580429541899560541937625097854059528756582069436883972224509615
1.35930389783791654418197135156382619817668536137302835880192281522075675071511214789972167541306038934197872247447113143249299079047150309804614045949417405029282875726448370098955e-61 -23.4507760530400516733491819192657866115690064164626086181287578359171951966701804656572607524562315323295151521405369631437073875929586883385798868956126583224670761417131532412979
-2.88466183292710636870335587798844206247578878651260737068445023935376971533986310939483507472202692335208667748920821517889673692990184590952562402894085869568948236739094704230608 -22.5958750512884606424546440640735880251327017436790778700614288095213864408102533902168221358696197531724029498703072838695734668280848250444377902489291744325843929302357969676346
2.88466183292710636870335587798844206247578878651260737068445023935356362654160879131574597603175852324764300780721169780357876285115900083782925153887920603925156061738671182170772 -22.5958750512884606424546440640735880251327017436790778700614288095199671664580221820295588614201239970457802247084632365269943619342969146734496401672507077967308469588091133876221
7.74876107821176658094241823618440495564054896388683928293637753784357815164026623560109470859723276186739128014894943608449545970290095416604059280689099466983265100303938346598334e-62 -23.1984539168352880414981423012497076386964025055876613319964151807273254651811928079622832436255615800780144061120187728583233897710396944657598877208714765420582039729405378765448
5.0280361268609767456809960323691347305397773982150803539080887964946990065913525668131021673208591495471949615805747302763697324694768606207370261913722061883470108180400100215724e-63 -22.9445996669202795916676372466868016325645849107929300369991161905557364052832862143632452349483967609011128774306646185535629405856410875951554632706333705665151075151075383637047
-1.56236790258282560769959139728855459893223154380838692391578255234168274875441742846064543795391443909791433149394916223718176141182805970113794975230836286341426158251466051367173e-62 -22.6894241478199091936881729404276693284557613380402318222782956383677750263178734644016699658244037199193004826823729315305255518913086661970177905325240032381558140160656094118954
-2.69238917667017431167110530709871881993906235448699802154615136433216441658617537978041870654662799679156395806732845542007164003129572706649106047376689751318695909259138278339893 -21.8769323703379271684393122888467571662076565534481102854797682114227169309161908521025197007140246472870960291460124478406112933940853716371007441957723854675044685332452385403888
2.69238917667017431167110530709871881993906235448699802154615136433243043398587041319078140485027707302140392956111653829713855352026465759448773526989461798614145103772138159898441 -21.8769323703379271684393122888467571662076565534481102854797682114231153313998723148252476304543987705225290680065188714076215265083661287832576862451818046695656203671503752295959
-8.81708266798181794889208931154876170923052367020465372196267123520791873050481132259089490915338375320710489755450980051952982954536918074163477704147901992388446141591879738192608e-63 -22.4396834343202938961168526409283823956450202735244085451724181399056430693773729551915116564492348256936707418910319434286947159768302554641409816121342706735028919313870355971736
-1.0643256308719026824552415853499729643531862504885560879892675280096020856044197289713649567582027094701240420672077369970677470132157604740233557111415420282587711540230783509029e-63 -22.1838535450320401284123834189722995168762090013864748326976360807696792111301814752227243248351493892403454584443402091680736256935927785431249401941130304031182818322786735373911
1.3125679709276623561761059460313309013222777051948164783884966940443038039544947503379672116493730217874601909493071486435115194868678331203823766857509959275588794609792679189677e-63 -21.9247394215117194714596376031013541099016943823461036079643989768180625524994333122088522952924540497384436790296190164128513002622159238230969992434574690066902925982739548665434
-2.50205594396769989803008422807976276883861157558072812955997286270251628710717429838813305383274759249459940035504745191517587435133924129202724655682764851173938371585397344166174 -21.1782641367437608414037670448652191764369667524435232097541410033803565170356115987840467396499115932156231750900228222611199126778836764429217734195081855802088138302371013484262
2.5020559439676998980300842280797627688386115755807281295599728627023901285736662126311174498792077336526666690409427245881863397625758598883046763177523543099332860504965069280026 -21.1782641367437608414037670448652191764369667524435232097541410033803009779646729280571160683227856627605316735951038120754676091687369350752342624531423532034888572587848894878356
8.69920463869649872193040876846672840764706043112233089937667805658394588658248423881305046253481383673823428467932841817946192952468164745376915354523134087484420266531589314902841e-64 -21.6864998262373455481448220379773591190520274369972735039094738382427050420675439306393257399166125494577446634175229650024465650058510240392691666831969676210742787733391963535383
2.04316685846248558036295900045835302600989884302947869044242931329997410658537912050814736660847551522387554095950972548120973145516137596738108506219034831852360265280978598258262e-64 -21.4180944632162758328144083736828830683815790879996381077618962829165150682817913132096138622164244780932079963467286219738256718737772213305799108917613532147387626952233393757463
-6.02299481648660811339825901547511555346318968501437033341320129218782588050514466295865883027079752037138015005817456954717673593220577200080960465039741719724518308736786026686387e-65 -21.1498403251221474837162630880904630301252114635951381517368604292073817210678127600925599741990349422949516666548107848703844472168380227170639651975217589623182803388337878155119
-2.31397426074604403379791148745476597736190293395473298996310108944213822516819978327621851695220219933382070014609298248773397121810937601041378972003835784708771268535476910117694 -20.498630507043272047160336601242593372785457685068078521581713006173581864575532447798702333676149427619460894770820756098703285745056726939361311001407490123702417079905836052737
2.31397426074604403379791148745476597736190293395473298996310108944217136479479648807438961171395295242375081538733167461144268337014203982701180412519082428419652118973691299398201 -20.4986305070432720471603366012425933727854576850680785215817130061735727506211965910394447257138127245816236705382565232216989370921666283699842933020817615491790997170265681215703
-7.49545806035993703790178771179024983493439735873845148346229449883020339285846392595075156633067554065810147820828429526042451575472418779559512836134632907935325096338333082150303e-65 -20.9600866725282297396868130957934777018925181511101770179965058561971616940427785498233741024965035874689865957379696304974923161940782937839220077661743002023616424873519924915221
-2.96677097746738801864956202990621427788218599076809626861344292132095790507552423659141974858844505146128305448538266373531431832754994588825938751501155562326165044509131037363304e-65 -20.6109781353302055171051359848788432561453265620241574172880587170187528276849719403291171985719752278414358717869203359332372799985606113084523701363755487292839785876693571861263
-2.12842111843115056294980264483458305084471078661528754702502077147173497127206283052167215892935618687409558304305011111323050159929536447616114388717595180259105663639683221686036 -19.8369257831573145821808306641477730236320422365943922567362092676190923769497417798197596677150788631643610984392565720770573599117559685331999858046448487984564308194199159613609
-1.0356780044540788430702173042567040299616762484460019175360400927723029326525909873792490022388411968032498216322225879324962628272855416126953875740991345624645161481072860475758e-65 -20.3507852052392535837051365589265785909677170451133928281771397978948481331148376285504333943444228333090145743713660187635612527202444429979531620153833226833910956220172314030593
1.79801763847905690802772917955170064376080407660120191627191170082170795984947099629952799583847570185529786745312991381952498935003332421436885683893071627160122781944309344200487e-65 -20.3223745832065077602527448084987473261668949500836488610398727301008265638833926003638176912106473262032605387853143726820255273280250885257575143273212641961625386227727339782978
2.12842111843115056294980264483458305084471078661528754702502077147173132895360532444405279839483518099569522507787205808857593017053373470953970118759251903591857985621692658298424 -19.8369257831573145821808306641477730236320422365943922567362092676190988924805068857468084147160718942504849983449694004609514433454076917393173715974518463545108491528140111301925
-0.220483475454025848097430199968453647765401571155201609109037664376929141033866144317759599094443652981046549992455435377625859679199158354379466334752450756607168450106937324641892 -19.7767090251514125883112949296761598412371688466901154186597522201939504804377557440325195572411404353321821971837789289241950392507446870718778614531437901452838882368089631055108
0.220483475454025848097430199968453647765401571155201609109037664378460182412078215879423188225302612861360618697394284364413265471415518023488832643162252437295008539482309587372923 -19.7767090251514125883112949296761598412371688466901154186597522201940603337523434240707086168625998120659147129564396675993064124871163878215650963636060243565104542242617321830485
-1.94564383861234887925860044367053406032604171987327908402539832777352282965827525795010923970012299069356218942053874467114158541864474857266003501508612956920929637219828268619218 -19.1921584114211588558751254163527868685852471772721714446706041379430790645855544569544543116417789867435050571314010526945557131358111593057699637541719076306823573953340388190971
1.94564383861234887925860044367053406032604171987327908402539832777352229404048539817207634588724689120023357723814724545284532069061460102155276224985540899575604751681393623609845 -19.1921584114211588558751254163527868685852471772721714446706041379430777512588803541134214900924778664543476057612668481429714486054347139112032780102812761111728702188118124185402
1.2815339391052969406002582098354799853331857984604148167511678042671278939921769798762838076354201126965010378606787173777038389588597387439399440906277852363319300242940401508982e-67 -19.4705633849964619646271273944140964137816409254581574506826237534318998353376586367479661987216711259225526955458424535352774708708489833455539110186485702925705007191522793472779
-0.383147321231527217668097825785788962972791092950564975604169530914515662684518110528398157445188499031741252173314781285302948246304110102187125990226061806210409237344394930071099 -19.1100493959324302599459458251432334721194604855661557659308810851632780477539451451445157542913372384378345643354272689954084492633326398762521222833665006914851232313862825905113
0.383147321231527217668097825785788962972791092950564975604169530914511225354705761386503369160536832624370181305178050478141679027287027418060265216405937057915653865377928315653148 -19.1100493959324302599459458251432334721194604855661557659308810851633445515380489532543967379575891723607935951953865784323151038057684914748517885409803565887741820840942672016238
-1.76586458491127838032521866923187344742143237616850010891337516787820516723326828260240052012631396924586352197755883371636485590099387459657109618960719545625684387224552837813504 -18.5634343522627147089953281139632509323334913914881644977550217958718682277963436949967687572237503787862126946694000013347289342754473631222131819773377701122213505152076873741918
1.76586458491127838032521866923187344742143237616850010891337516787820539982491003894891118914452635009867539291540274658495990585087495249048859730437833412101542028305059856571405 -18.5634343522627147089953281139632509323334913914881644977550217958718682717602969005354476152355954534000174751510844452960129076087497725905101794364490079924522198523316180985301
-0.524249116247745857935981261911678560182419615984304439991109973391250821662572718291889961285711510109987047632882332944163882001284504918808632192752169356752652846612951746285807 -18.4917547602197206346277755641479699714063127645441496367391536098918687973208442931258751624428795671025790302082338068021141599746570914260770605720011546228066065611397714247317
0.524249116247745857935981261911678560182419615984304439991109973391246810437798970849213014793084942902653063749245492535633666163134620044156005191981195156980248588655241442257134 -18.4917547602197206346277755641479699714063127645441496367391536098918702266744844315809011899480297587417651276520838666675765708511289510975507855817011008738920517071366452792788
-3.55978396599101877229075818648547427171442521982536927540550334095971935948445718637818407770245107273995159791317767414031528960796988757004464904332437026877303630377837464220925e-69 -18.437804597366562884156721999475162723644879419721475854420655711753076107827678239007160355356310688289152905193542922734732791466164748955067208276880700272664581366516904503038
-1.58927954013884871718282539917827381317041793119816440071234307338028445615972532694359175506724030865247055606943260000523777398365399609246069163338180613381771520279828942115779 -17.9499360651755748207543461139465473973296931850114836388853180838106510806210923308735629657891440868729352780235239406119464815162287084397641100219578780938435143340167720768508
1.589279540138848717182825399178273813170417931198164400712343073380284434669268653199004260988432663321272578577028333363226373092609272136445865624301631631553848248164521664921 -17.9499360651755748207543461139465473973296931850114836388853180838106511080142189826998160421431564738823832269738505083713643506874262152496420899050001002117668770676905995110449
-0.685234028202925360001706852463631564611539087014048327838947847651832784312846358101876976507238129015591830495848704568653451910730498223375853675942098106263863724665296525263442 -17.8837765955217457925159258266872783625484311577143576759868465640457088254361747533266128329916293943022797733916679715305797325902043476872497447883008370774985263429210253421684
0.685234028202925360001706852463631564611539087014048327838947847651832596493263030202681345553689265824508850245596136038110287208765716358985179988828990576885042356990234806976984 -17.883776595521745792515925826687278362548431157714357675986846564045708717880205586673245464444900370776357703850701650810797989001114899585467296352951340132445134617283835417788
-1.41587465523629549208982401917578007918596615743124285587433843635042788944801865835070654809373769427832110260441684901692482535011956192261702319977566301021817065900959154885893 -17.350838679045280412550804567221823135526321955078367331231348106651916685913937257117015309157030635804700442711339183786442268108094136102149417819565659351327735403599117214833
1.41587465523629549208982401917578007918596615743124285587433843635042788720601273456653285693187522769701363665328900802125875733308291409826045486296815709615554175287966700032567 -17.3508386790452804125508045672218231355263219550783673312313481066519166819626372870442449877073835154250262248111480012282732118414789180229065654436892758775105069204472191817671
-0.832477943284841436471242964289279415017032025090526316930246213097976610839888351655010481276586098153512151715279789719203610276122107106313935178857655471498005257283830984467581 -17.2870220220486085378559011379685894675589903266579035728405334071704029515818067035316297069169387022221992883940408873413324650133371267096741092875105264602581790535026044016234
0.832477943284841436471242964289279415017032025090526316930246213097976607271038333936112059714200646357295200581420749754575720482011067862865471549707929289346584471570077921486582 -17.287022022048608537855901137968589467558990326657903572840533407170402939923742652742460902057460602123531019865793797147436710996002238521427794908280063437718182071090090474582
1.75515753971861955985331967275258683176681692053363088607143350852769832069055112511473176457361908858424930688922201318620392414538613427169667743618000592191049716155549784732007e-71 -17.2490998771288931027596145095189003720062482354170113564554449362151952207885741572806797214013651180907827369854554863166331056056264898688521987494023464475863550270836457719593
-1.24056937222502408539635277745832589897470403796436966053917704985502581742934378430480439071110094971328513426432871782565950402798704211801911385356827534539706029726220107570474 -16.7673142749933953910989169950097550066013367762946261735070356083329699616921201703512768957171021246268170965038185170859569587580215486741735306607188880447743560663073410307878
1.24056937222502408539635277745832589897470403796436966053917704985502581801554934668215855366176487040014691701264325814597345271815448648883396841422082614922802219176082090887949 -16.7673142749933953910989169950097550066013367762946261735070356083329699615617344228500988282332152058438469251590418522174331752438912565411628415785947878773922850641885338696994
-0.987155121497059558471515389444045959996094661721694245466280854707341772960325164438259627691581685668449010434823009700210200752963563889408663490849823501129472508127886513300462 -16.6974331945942938063562937092505884520295504667628073149624034291845948378193433275759703569057670816684841433256415304373973122016085731825830275547484327320469483464938588580011
0.987155121497059558471515389444045959996094661721694245466280854707341773002475253908272564870657958424599136789813637975778372242704723323281332683270753741843337775510285290362168 -16.6974331945942938063562937092505884520295504667628073149624034291845948371528392782140917150124146179615656538256613331960588998177080901841234292471092343474563144706151861478253
-1.11400111194337366422145647221970942536802580880464993912725158216101198495600544579784118266972603271684918082361713064228115631992525413433857983680869665871640787908922549792923 -16.261206478780305956623280869036807214785945302592822676868136887745436113716174449494353779933042529065891151586506508566640177632871892102887976538394263111716524893389938070115
1.11400111194337366422145647221970942536802580880464993912725158216101198499549436971953948923949247038070847150250940323469811280830896957332696797712414818847465703807280376749643 -16.2612064787803059566232808690368072147859453025928226768681368877454361137290823114927586027264431281559793665991139062339989753561464408749105189795949051243948313587356274469151
-1.08620427161403020290472668593964729200221521092287399099891690702491702676224220575744759958843483586821553804282973797007803765015120591320118965177999661554804421240531493142228 -16.0306930575803444459127581710872317477574077200184021747348577196088322363221689978730099170943543177192128618046677142671059433440822420634893507353187088363486336412977383969519
1.08620427161403020290472668593964729200221521092287399099891690702491702676066511060817453550653512448168911989041435657529398792200674825280675887070141622578377954324761914677338 -16.0306930575803444459127581710872317477574077200184021747348577196088322363170547060275072772654108266037704129965589691830778132829114495285039825138597484398137981735368449299031
-1.09319033254954210485483827790183409057901849085670306643206850550274816453488273208084367589235456432980107893592379279486803285940005563512616409645704232630422032236481602749459 -15.6958907213906531188726744637344276808977278467671694007885141398724726209257213103749013911741177783023684981685894816368957230835097532282296492350324228169805471309095313499114
1.09319033254954210485483827790183409057901849085670306643206850550274816453526026917505477871057951942151960391455063512651271197911382212893307623134466154443151057471711457632093 -15.6958907213906531188726744637344276808977278467671694007885141398724726209266166761400396373290761800740455861639841049022476489841439546188837763955488916898936602693718369193676
-1.80168969268479462265115728536644821666559669861041072260148822901357008991982707583485121709279263242455973484359432485440616228940184864705413018488263550671874047193751408848637e-74 -15.8346848335075699974112000402226915905649833127213846266880110219622310326242679270753099575566842431448336247789115771955770092805537723619690323972605038406345373798434118886845
-1.08598414513050625683740037854369727862167066097009498371473448959464195325595511748239117632003598804082609583834004940497301692133514750895603686756515679785954898940448264728286 -15.411043679630217324545186252658658581011600512011675993608377787502235731251622923234663944945294264506164312249845696284070658413631264230901123524338374029935672549557946934919
1.08598414513050625683740037854369727862167066097009498371473448959464195325599206160157322961936749251623558010480235319309772072218155002234475607774944760935170217267798632131017 -15.4110436796302173245451862526586585810116005120116759936083777875022357312516869851117095433113361624324141815735168069759379987970945032498841115801350886119455855717590612919595
-1.08409431262964300451572355247174325025092250763019811460250396008677092854137600968139880306447251402302135100564367615216968421857045183827112759963835843396623392248120628769031 -15.1117457465510325958422497541185363733698144536480058273352249134029086240210243334811882364918959034987857222369272241513583896953590445694564222295552541266521092292072439309659
1.08409431262964300451572355247174325025092250763019811460250396008677092854136733856328507702430237593748004319654178919640769462734933256617169974976866060020266615163497497385324 -15.1117457465510325958422497541185363733698144536480058273352249134029086240210528846249353542371023579980782296616523159859856180665242398310109289474756990472964962884042734311715
-1.07917938233532534613951151683914508237233666318707085618299447880244190165558115470135122278577250067788695149321534933138281346093311599497443993219883725884934016868585037899157 -14.8234002012356462606322610654329633902909571605943471225803396509082888754832624579418232007371314974194676472157393792613406058700888780270017311067200973898329829408092544459823
1.07917938233532534613951151683914508237233666318707085618299447880244190165557851893878330940111626679562137930926398352158635235817061407798205403565933439025079788029377763341099 -14.8234002012356462606322610654329633902909571605943471225803396509082888754832669697334834092853193115280282751977887878491234096031297361516600879393508550891729914498993282537876
-1.07399959086750895033303485250243692509206838977445919329468691137321471680032586438166480496694846691842607589132561235815315794370603860041472101163903223023521724044852765394137 -14.5344577882713300332002206094622491836403485344691306548699874988744958920695787818259229898900092290347265474746947436861814129897920521265252632458544203508025042594213910619602
1.07399959086750895033303485250243692509206838977445919329468691137321471680032483866925543682297405104355593974648566305400378948306878820815268985082402822157743442283194725851319 -14.5344577882713300332002206094622491836403485344691306548699874988744958920695795685163861023793672556005963377852529859297537615305718933422151451204208507793657851032678615627618
-1.06812337468392683254837460659175080264909919789018752621998350955140185612277643051727412149370718162575055128809602651572593488497097696969062965123039291850276861261619102104874 -14.2483774032389642605170502474752770272745708754148194422627730610334320238069747065218198782109527942377621845627357860500924994662825418635814176112603153310623589163381602623751
1.06812337468392683254837460659175080264909919789018752621998350955140185612277617446716228898468021393645873940684506322407587067887472925239527280557293231793670656425893218147435 -14.2483774032389642605170502474752770272745708754148194422627730610334320238069747997051359631934050523492784130289598886203010074076325814306073575086421648210610366298906215397926
-1.06314542692759656601116875120695688090734907961857711329246405596209304212885962437838144177559121329035646035679262037662477701171870729056380539748536951031335537426512184480252 -13.9632685302199445006922811619016470042491216631664928726107836027543593465835115689294917924809968021902749151931940732360692462106946224168826840045007730820938831367878819514238
1.06314542692759656601116875120695688090734907961857711329246405596209304212885956599989830502539533498415567365532211631138505060355244686250089431640459093476357462764867885433283 -13.9632685302199445006922811619016470042491216631664928726107836027543593465835115698345279441773986763545587916808339498022682892142776013601859678847296206855148676177160078173792
4.30901323502943652355684885945886133585102031347358715929848793182258925008384509431147306988232334684596233961681429354521049177304929630966993445282425007184282136082565801527117e-79 -13.8761448348979765561009128019231316776845716184813706879985647788300253832032780410813523872481048994673871033984326957628449145093870347278509858095386680504372789312886478797283
-1.05988260202601892995705113109190394720458385277597241827033062951422445785469432679373204450350471689680055927345491248996626971004129199792150151676342516421213612431076236739707 -13.6807277539144578432291329435367061554915327232197021418005424788455482917793090827095686610419578345526893224494880786945398461442514968709550663168369716594347184364109655291612
1.05988260202601892995705113109190394720458385277597241827033062951422445785469431578034419582718513302127835102952419333751394609842774475611472746823953162590407244751429889750726 -13.6807277539144578432291329435367061554915327232197021418005424788455482917793090796435683220009103468682981263484465798970810685830501308931544294015346457623355582264667304230143
-1.05833070808538458362395489910962959261936593478632669187533329401405706468702693117839381989024422785923966808615828880201408948581017848308938482366026590836676802560915506998695 -13.401792436472523793333396955472789552104069210405750568993247039655221065367193135278611438973450626313930789001658210682020485345396817872602106618187598693394950907617366141092
1.05833070808538458362395489910962959261936593478632669187533329401405706468702692929489550642917911724654661919251848853192671733955915318935496148245774906083036468924497561755704 -13.4017924364725237933333969554727895521040692104057505689932470396552210653671931342608766634287733818029968203518027501544954284401444207286748146535012152743605294092544098023336
-1.05758793360464870718691811095011737581842807435873527913475350725152258408603334273019803574394932993610973315109595203956906471554561287081858231811451446719183558579892851429837 -13.1272391204403086777005771241334837293040448160576431009909488657694114930588185814988547392621397754546653105626473775587965269366208098183269427792059744833049714504698144078433
1.0575879336046487071869181109501173758184280743587352791347535072515225840860333424178688128133455527438064728556020196089231603389912324752436390816347979462132591320669838292956 -13.1272391204403086777005771241334837293040448160576431009909488657694114930588185812679723514279606133287884521225535948978024840445695883858727357996490437862513026940058029675782
-1.05689245239016309340529814404017371670846669100339934390045627335239745904366386139034035377476013527716266198242375942191892255127542001209016858226233928527713581512928593526721 -12.8569323425439002242114715316398184911630129334783383965590356505870404613260638226639384700107580997835502157300770175305774402578214424944618416870915667659822145599306577073757
1.05689245239016309340529814404017371670846669100339934390045627335239745904366386133696730588875560212146491672206081483682163206523304124820318682431653189251842988836454500548303 -12.8569323425439002242114715316398184911630129334783383965590356505870404613260638226184945237320448785011242914797981963245871732496941978899426533361352060459275430322992500460977
-1.05591284253155931897168450735875991416221806714450989793786103649002037181150753881450231968679147033058668389656202905554949165756783471016425750146648191746981126435544199285446 -12.5905022904823377570753576277954683484627673396681197905317318313799887728590146019809537003495175742308005920879913864487999488581336883980179618649332554878599373988485102287008
1.05591284253155931897168450735875991416221806714450989793786103649002037181150753880494443664777747700610294184111488850678714889875612286757191666557360663720070417464560379039218 -12.590502290482337757075357627795468348462767339668119790531731831379988772859014601972694332323281808342399792364334156757467304200091223756074458688976895292496160352242112932968
-1.05468373405631209424628784501420202708486380901699679439254300310720281578400468158729988204561775126439919007820392935455899486360358637510305411880242099897649245000243567713511 -12.3275735518753811237858855950897400205499128430100259845067331076571012916898194700496142480071234358747943154175674830831157997052222106190912655871107042145921566475918012622811
1.05468373405631209424628784501420202708486380901699679439254300310720281578400468158551851913220771854856954066190143888119775887181307114426857408636071899289785670635054805000454 -12.32757355187538112378588559508974002054991284301002598450673310765710129168981947004820812102943171160588614867270149612526965259601875042466756364121940927970350065706398935617
-1.05346282130877513054364833916765112851236291511035094236707247429520403462043569435737113007514896389736610411224719836652618288326206655348116132025450712491394808368848082829699 -12.0678490844771859728377165871105467109917623865371871895836739423139869727415384897056551607148313900280315435806090736360683989397717314571158293535960606030583265222597643995997
1.05346282130877513054364833916765112851236291511035094236707247429520403462043569435703335663418671315177448703086763553802548454898662243326302721774318482441461054814383161632752 -12.0678490844771859728377165871105467109917623865371871895836739423139869727415384897054350296031059962510512398583251649792957331404184364280239299631381660718182471018125168460747
-1.05264506372325678377193167168197141342923594717434670752058902405934710738120474132590473840660541629280787088589045154712170360926401853614488890662515688301711655323259261926893 -11.8110392421320311815101686115475306856351594797319229277427091389759888796052841007010508890416884700856246991325661148338481611867692903544890077297279962534325049309148193260573
1.0526450637232567837719316716819714134292359471743467075205890240593471073812047413258414899764124067950736923369818463069864657575367705516235761637602606575901921316377161841885 -11.8110392421320311815101686115475306856351594797319229277427091389759888796052841007010207159149235505487982240829256028328536049830106077195327419975341574405036381980208691269271
-1.05268002064822723741956306379440115840059366867891363611273570494372582263116607657673893582149571790856875858032951067363787294870988362063304438821703508576230359159876334640302 -11.5567666958675175168794859105148331842433347800210410445315738056280480720068636846227422236206040251019631284253108036666929324980199661515679489250940776146097526101833839791214
1.05268002064822723741956306379440115840059366867891363611273570494372582263116607657672761643960381998426808685432251225535485703684466012225411581180424070675945367287301851907863 -11.556766695867517516879485910514833184243334780021041044531573805628048072006863684622739012736668060423087254880513864139828464010792546274991936725895447841140450751560415912559
-1.05395229437490442108784079860528476186688989774471849967909550814070312008984508627848735965224704113895793213484516977407325086709148279251204331585474544588743434127255629803117 -11.3044909808091230280960511157536093927586264718661175624125851138089334943314657086152543138422247247541730921475365884970311017253202387726208437401744664887818872207423756940184
1.05395229437490442108784079860528476186688989774471849967909550814070312008984508627848548115237398637835543498055950036286778824955660660684270492909008725651776850431557312722638 -11.3044909808091230280960511157536093927586264718661175624125851138089334943314657086152541618026022214641709465240214595001740680937169984921695213730478068049254987337964925926106
-1.05664145361989056729969051974842588562245127912006281676691062087388045835553261078153543276196885095946549362272917195263432003940627236528387413796481907271524649035889692219316 -11.0535276443708590373501708912344421931606814234682280602517309289603411211532360682418770832026145684110268077894624179733492812764296211898453160263230100444205196481076508602318
1.05664145361989056729969051974842588562245127912006281676691062087388045835553261078153514979856115168987402275763625383721856035398875629963065912024186460236800607001898386728664 -11.0535276443708590373501708912344421931606814234682280602517309289603411211532360682418771196131170855991383007396955420375329050320481637969135781307977017462491412276186239860991
-1.06065210478349332685390919955782437572472167093771161937458483530915686471337159282939908841501925670136755897381597313134319495279728572969279880535655327354858252845527553176557 -10.8031702041915354250730828943859238366494663591510231772077032326740796762461781926694896356522111337497646984290021268456945589705322360493540985418219161196914884810896051105847
1.06065210478349332685390919955782437572472167093771161937458483530915686471337159282939904999596569263178605383288150325775327297449863835423176427545587865809279460506694364874228 -10.8031702041915354250730828943859238366494663591510231772077032326740796762461781926694896489493057044837594640654962389498604689949321938470038151784730216835978362606028884515087
-1.06568048358270782564355437220185615415001329188349932284637730456361262466394316336479499887337372108486522030962234912240805912191088294645812404404221961164166939058174522710234 -10.5528240812656125332682402006903782425431734196034288541166680832157827470223839059328651764459222079470867755675770331492016497625436119076152910188998335924652317462641598832266
1.06568048358270782564355437220185615415001329188349932284637730456361262466394316336479499413118747488361646497269924952663255064554417629351620706728354151430474876034217687153838 -10.5528240812656125332682402006903782425431734196034288541166680832157827470223839059328651791522533735655377363334655926329088770212663230105570770182281954978441116239523487539176
-1.07137154120923225542475504077047371184742597485965996837878509214696501957560002774759289772578214033042100426036803543211616183375712873190882195338368567373965100061091650485618 -10.3020502520052279047369753668947206713243154611213505622743078287946283836023663708271189945589721631606850291561431973465356490946804935288052249328843129573737697577559963106988
1.0713715412092322554247550407704737118474259748596599683787850921469650195756000277475928971822328844131518589808116719819127024876344535371270504400434087161796090207130016473694 -10.3020502520052279047369753668947206713243154611213505622743078287946283836023663708271189949896637198797237655064165465418816308240274535537742749798700027213071507696404092978581
-1.07747287815617673899948823588188002643322093752343869589706935169860003716613671824425777026321220843414140971382180916474003906075406207252094088675067757197427277267661159268538 -10.0505209332714722507304688784469320980386103025293372738947122035585794803994408715036169231391799159931601145675761577194397676001250241446589621926204135853573870389788040417307
1.07747287815617673899948823588188002643322093752343869589706935169860003716613671824425777020365452191161618182252458943131668851328076582862306286197204004018389816994486515353768 -10.050520933271472250730468878446932098038610302529337273894712203558579480399440871503616923197645444406737896304140951442453213746975668880252395440472237321146741013117735609519
-1.08394632962168738400869304151138693332489963024978671364410646658357731594968903469924056897516663489566755424202204843012762983651515143852186424464476709344288212640235511890735 -9.79797332217341952283686534237215624548684889000321197385711033042924744397636991618253705275550679686985051958173616487414267586381529355796949511017953300664643401325970124944012
1.08394632962168738400869304151138693332489963024978671364410646658357731594968903469924056896874917630389286208917899086696910429445908104247868433252624762441624329579038596076668 -9.79797332217341952283686534237215624548684889000321197385711033042924744397636991618253705276249492933730514744387568690399925717030561652309656061309771406033541298967943539734231
-1.09103133900623473463448518632633824604675697703175290201378780014930065169574404695526444643811094909948485700960828519886714239332623203875668157751970143514668210793423068669319 -9.54425476627006599547286085403603346175989755011949147186915750504188482478007693778278180920717790046988963621897914466895617615354353293365709903159190458312860636207007269556895
1.09103133900623473463448518632633824604675697703175290201378780014930065169574404695526444643742356248750676067141286624901912090160716847961580620575378492761885803293145407175174 -9.54425476627006599547286085403603346175989755011949147186915750504188482478007693778278180920791654517579498781571795297107142085569139861898615382359424833176956719204036458753253
-1.09918554209444252566155293618298611174886044520704628036510469706228619629546045444771667939125233921460529251137557177200202038952751309181149263825174943262076945871946804354485 -9.28949382042910781333773278808910407946464406543023300998074862414878139396014611612839348246711042548348039437065330761871054669937366497327971657809237274002898853720714860646694
1.09918554209444252566155293618298611174886044520704628036510469706228619629546045444771667939118070991219575426357958144685922885748872354095363446626270150072705651453333726145635 -9.28949382042910781333773278808910407946464406543023300998074862414878139396014611612839348246717874582404016422097020344173533692244237342022359697812924599937075280058033827441829
-1.1087753389508450917906800000319085356364308752441321066086188160179207995718371615902482731214509707398955619246932068976095015421580890392669707768260833526312281572208650769047 -9.03423322902639212559985971104766880505644750761437691462838970101149046199637561447293863107059426346938518817345039065734382514701245153588553783568105203815620470929022365982953
1.10877533895084509179068000003190853563643087524413210660861881601792079957183716159024827312144398817633057963482529855536949652888500926417544296111931041496963533637725320255043 -9.03423322902639212559985971104766880505644750761437691462838970101149046199637561447293863107059975439713241111926361856309261281402604827299357919227046960627141538508266311634144
-2.48621456298624753109994241499882226120736835862231750330541636449821215638409961488321861535635453461304749984372753432646924958588964608399246975261234775212512377404206089470287e-94 -9.11400635032430297636556293891346103377636944977711978586378274226753262584918414168493411380877223340179629460227633530168563890478236144329975510175748428363080742486739944514533
-1.11968614028803304332800978575409447983070202006828252725498288850982238161912431016159431721127194713346936540255606266379182754636628955504058839054414688747961996045402249311598 -8.77918541323309022346615050837032980588762105038284604783937055743876702462422686144306292058024402631021222710100628589562219473711919468369667945094359189101272515998447732710803
1.11968614028803304332800978575409447983070202006828252725498288850982238161912431016159431721127132257754488625187848109424861558560945815087522756386472644187378873578475663486991 -8.77918541323309022346615050837032980588762105038284604783937055743876702462422686144306292058024441265656316015237530686543893809051280642613734874483169363069339128414258435742853
-1.13136890762248822894380491964365543822330771405217519930915770386183693769912550496896337931283008820140449351193154547810095406939861806062415752552445675017610026433875001336003 -8.52471871677939776136985241746126984586422211117284123043413355549846650787010058344529791917410103297789646644661256424786253301700974126943269053183470640339470324027920063963522
1.13136890762248822894380491964365543822330771405217519930915770386183693769912550496896337931283003645851810511676602139331656617270723856143390015717166084594652079485385671495164 -8.52471871677939776136985241746126984586422211117284123043413355549846650787010058344529791917410105669165652108574397917122004574427015207665200718042457587413145868985651115832983
-1.14330641256232356519362533994549558514732723909631173228986080295847266139592401951357656159916046424545628091351059935314952773254420538844884343969657519475610022814622845510171 -8.27068165185778455477783041402311138191005737022019171437086752674729749734905920616852433683159668228641342314642164751184665864822234333351418411359074820663786407251368185942854
1.14330641256232356519362533994549558514732723909631173228986080295847266139592401951357656159916046022696809847140387437711062506579026325656843491444957179072751184811699900278072 -8.27068165185778455477783041402311138191005737022019171437086752674729749734905920616852433683159668345762967756485878902038752669060119686775187544164629914620821588261143098331282
-1.15534894149929457988472472281647518104188023118220587151625599218270163801365147858493542947059648575385294256183716261792582149460770469688266000696345183599206952215659837688863 -8.01667355487663536011705161628595664276427900500332285845300980940455249490044768335338227725266399592003266593151569225085035209889611479159785228389235427137072563332837405204468
1.15534894149929457988472472281647518104188023118220587151625599218270163801365147858493542947059648546360401574927520324207273768280734978355642157115226959067460163662408484753342 -8.01667355487663536011705161628595664276427900500332285845300980940455249490044768335338227725266399594952578380721831356068539879402750742404596149209720741930828057599973779380065
-1.16769697919101483597064018453645134620458784327100802116708592219052133543506080332036540663270726311819154170326725921029554890979470346542666013177727436182207181345056655577646 -7.76240783432337903561389314166063287382279858559679674418987865448827332275961766908258079944090022822996140664264572981089362123809427502596126879138723319226788344482756805778795
1.16769697919101483597064018453645134620458784327100802116708592219052133543506080332036540663270726309927250239441329567896562953109106661225970894205325102862080424547153328454086 -7.76240783432337903561389314166063287382279858559679674418987865448827332275961766908258079944090022822758262585467259729631187092036728772746599919092225674106855522575810278471759
-1.18063129073446896958182192911109694728837182496082633256565920532665937890626764058802505776775285993169701473976407498500023470259265402384526350881343171290983349822219121593725 -7.5078902205429056381751284883126231198477092123758989716536137440783040321794135279503531778325901496439762967550585935050999349477279933997607740625846773939748492302846534957013
1.18063129073446896958182192911109694728837182496082633256565920532665937890626764058802505776775285993062908608472429139819570673511358861704637930207492123987401808513370728875958 -7.50789022054290563817512848831262311984770921237589897165361374407830403217941352795035317783259014964353281689708822796989129237840928068803576266986788423570896284227858305087626
9.67712614313240171719024223079437321062902957700014103568578075271591398480914834769553746466678802558045017462728883604249268954582620250062363667300458041128560707203140713543341e-101 -7.60097902938804771179299780087743366114782348035716308739794219203162561309499490398054879468015660143434903533911489033105289410221141235294716805895074034488775147051894731392639
-1.19425173343746949131334197048447986249467078511947053607505959380368634818698267313282454620168443589509828508509689044163571434750593662539349701198971633752340418280204296090132 -7.25328276835618043734328850424710531997082620357264426578370159142228215780743176544108851861188629226435805461848919999235328790907967212601172785056845911702568507622715843623207
1.19425173343746949131334197048447986249467078511947053607505959380368634818698267313282454620168443589504866894381108591888491664334466564197443611784488536588762110091686788526836 -7.25328276835618043734328850424710531997082620357264426578370159142228215780743176544108851861188629226431631511720206156642587163799163334024838202488928623024522068928796862971911
-1.20850953466567284195514896468921235675968727688318830574193333173631973518664093316888007021909701284547991686653533518863789074846809823980785862490266478561802964496095641721218 -6.99865203911850146919833276382848450388829903743076686939701072577925153827131134260202305000479505617516329076364469535122693770695234207338914669734054894488689653015282001639198
1.208509534665672841955148964689212356759687276883188305741933331736319735186640933168880070219097012845478221245954605700472697552006403114981433932566939193680502316557105202752 -6.99865203911850146919833276382848450388829903743076686939701072577925153827131134260202305000479505617516038780252917737117719408903670094579867533628798618788728580084873493147653
-1.22340634361579714427551742746120621677592473226295029417454428286119180309572494145228025769505184479960561970706842910965177299740780499187864201068630639352991325531092934558562 -6.74394912747879287409389242909273560219288502775552311998255329798540053120197873662088862425871691142705478550962612575930746297675396997545658262205291040025129805884054856445758
1.22340634361579714427551742746120621677592473226295029417454428286119180309572494145228025769505184479960559633072386228371470360205172139776468395243989810518339702004063656219861 -6.74394912747879287409389242909273560219288502775552311998255329798540053120197873662088862425871691142705462647903279815464832122738219073195220899596644349649049090665426844752264
-1.23902663516352429321666734258644645683195448802478825679692144576505853106964521478137644033634083621491126206309299699683334089469618904870895256528694192369762520262053535755004 -6.48915004421735252591489870501514244996099146546484869087502342854535987654776184271138111898997236040259617175708095443558769568236648107796564493639885093166486125778610932541263
1.23902663516352429321666734258644645683195448802478825679692144576505853106964521478137644033634083621491126399740428484155680102727843783218476967517670946239036135785512362498375 -6.48915004421735252591489870501514244996099146546484869087502342854535987654776184271138111898997236040259616497907249524024234140656622978916539683958636353107667832193396434575995
-2.86289197371396957100100678950096796036889712878005106261692729315888619721682704203468337432682789212890396043824149376407584919066031001460457599865033954039590819917636009949168e-105 -6.62767792757072835916152410149507269169968919660626247262543388035145677372711038411907846972659932806162865051840203932383659541229412341968012248104309358571842181804880623634506
-1.25544501476823204178935418500366972614096375616171345839882087896279798591812121197822923795029388364588731245004867710908228257489667806673781665973065928916456188625208684343774 -6.23427869812148628691373664725886576660278179838423613499922361059481074717210892997671446763155716092553932508981695317887775768747398826320986143609479730830778047350952248644267
1.25544501476823204178935418500366972614096375616171345839882087896279798591812121197822923795029388364588731264096093339040894626543132860828011795602011195775094288958946774420116 -6.23427869812148628691373664725886576660278179838423613499922361059481074717210892997671446763155716092553932488201554917677341816139716200332631094887238628097150139818858556795761
-1.27271913348111159838248914408640685608918494328197057803290182935907021726144774378936315115149766012107578228045264900373662601028398155288767568266660603618185497208795038796182 -5.97934775643758007040717653405211440473750841139415885472441442158385232575656596400603041956194840365495880373476632184910639175874558417670612698584270576767017845275077346385022
1.27271913348111159838248914408640685608918494328197057803290182935907021726144774378936315115149766012107578229019877506784243346456975673447608401333471461177974490609869545567534 -5.97934775643758007040717653405211440473750841139415885472441442158385232575656596400603041956194840365495880373152662354357782557999790342914936926785190863444238823743426028142275
-1.29092557505957792863186637521751378594830953169213660328164984528291253994209253044873374391351045049309945997518000391587600766589127242028498843413777532726508647457639336539321 -5.72436249818078390220097354782398284584636610735887506065148820216790939185464470788213057372007087091341838922305593836383863987746516274124657878263162009881090449383972403943614
1.2909255750595779286318663752175137859483095316921366032816498452829125399420925304487337439135104504930994599755093613537747749864018393612976080074426508235343221165903524408943 -5.72436249818078390220097354782398284584636610735887506065148820216790939185464470788213057372007087091341838922313250319783475775482691858503476554372544906813611793684769262953059
4.97883209143685406967795489484712937861114662847773512119357858182779367444673194581506415026021911959221747646427203779112081718212309748109160772912810388336893368638322293621315e-109 -5.8765560328258113481439193422892080260610846351380185546550816476044966147680038856937854435991194934508612744135807736657480473643123963032459839661379947597177823881271717761602
-1.31015311388211030766442348848792346875809435492113575994781383639094346865003981025503590176966090044392283238300147248746693713650265060752473020268923065199091272860627081447824 -5.46933836436920115890190304671127725297406555842068006439611967527724660816691021702372520853568686336856679056401388002119490216525235828750871679106817071788446534650907666174593
1.31015311388211030766442348848792346875809435492113575994781383639094346865003981025503590176966090044392283238300830136745453652320091438924902443603079972350415631824823292980077 -5.46933836436920115890190304671127725297406555842068006439611967527724660816691021702372520853568686336856679056402120892293788271695821863940474008514455092299872934025116662209122
-1.33049901112346712425767725871095791905014984360786370325756289234924620376658366643306790497703715866375179669287953254698251955750433168410427055934621922378476116703489920377831 -5.21429449332215300781542151590970191573437213664303511697236074276868909657812488977853704608630544659663637896710127556928034814302959250456017558649803685386651577280940380158685
1.33049901112346712425767725871095791905014984360786370325756289234924620376658366643306790497703715866375179669287956285669686884945021782495609853576508514123091996318941938964165 -5.21429449332215300781542151590970191573437213664303511697236074276868909657812488977853704608630544659663637896710153939726703285771903932432447466622603287745369905032589363963085
-2.44194278373893281352071613741015217738240275081544274076539560648336764548497771276780864641428514746060663426267404827799653007347636271399082684928839460817059400313973988332024e-112 -5.25478134594741839591334818769217879302923886177680416867921505137470648834736803916627221500140040758084481634937599444149712873812677069174000193902675887056080548107405222447972
-1.35207529154367714522229222062624802320215362381367258353495577224207848590005533116270792597913806204073614209809741510091334774818284867361417901511198869771426008737977220422734 -4.95925500548071564851566626487180213514459153957296258999278219116362003827794372968067200944151534840015392605739386016755222914210191751675455670752127584084840514534117572047525
1.35207529154367714522229222062624802320215362381367258353495577224207848590005533116270792597913806204073614209809741174641644633545285541751748400089804603931926683728510736948722 -4.95925500548071564851566626487180213514459153957296258999278219116362003827794372968067200944151534840015392605739386545706848365625386228156120024848450630579791220657193939336943
-1.37501018235077722429829731943930734050281168458745118860346788542749571733944321378189229026240959726410689809708047556955395736165784068997721396650588294567521155062258492702783 -4.70425202751485780287043929378225146894499789490717748863072978258940240709000176434798443052112423843164557204784410742653325235824747198081044584929214880055838684078025754397725
1.37501018235077722429829731943930734050281168458745118860346788542749571733944321378189229026240959726410689809708047544407023186066540780500378489064132233872464107680176206919299 -4.70425202751485780287043929378225146894499789490717748863072978258940240709000176434798443052112423843164557204784410746286818734293573933573218772391843696962744892037083102592052
-1.39945142504617341027767692925262718558230410908825657743118636806485644915716942178772136107216943800912108493721679152894081786252548488173119963320395829917691886445662237040552 -4.44932752243184095865740712973193420339000455459915966011443673396009256113480323599356940770369482334295088817050360372284817783539647404055539121893405067703596790796018575111695
2.41304416608989808167083458771834435984481699217120669275308795835164692017112623362428344012628317645594984980017895648164747878005214600682052818685531699093095607906892272127911e-115 -4.71956390331576572522744929988403436716890850985235364143254593077064780631573383670817241535536051168918083085498128642714350332011648934827038337845271478407792478109565776071387
1.39945142504617341027767692925262718558230410908825657743118636806485644915716942178772136107216943800912108493721679152682417172541514200897844250607660442446932589259971413889958 -4.44932752243184095865740712973193420339000455459915966011443673396009256113480323599356940770369482334295088817050360372172858201348193070797545414150463660628279535957506956426132
-1.42557040798947442208974500640630464872152071446406351643350002876773530228024375789190157944874940203484576616890953331578810508534940593502093142873053427184333871292921279521169 -4.19453697062272159463803755474871600438981719852461759878262840441325443815018555779837114712882313728863815816768557908894318002931432405772551651582329088933797889129524533803998
1.4255704079894744220897450064063046487215207144640635164335000287677353022802437578919015794487494020348457661689095333157778535999390110974672987173600744565450887125039758338215 -4.19453697062272159463803755474871600438981719852461759878262840441325443815018555779837114712882313728863815816768557908890624909362066065755447879154053873294183069887193815450034
-1.45356712560630404933233840632089049584421895926892069557671584171223940285620790709544960199112676161226559687129772621120043354655511730408597057689470779326999595918396040699053 -3.93995433002750797918252885775263741754674692248634619265436505066134969346102459499700585580313944105198123494117861038549865991043434473330350885092955834731969972550827871109867
-3.9739668719289570746119381105439271743688521600605445960117981504055093680175445602058915754171762444196526042623062567744069753448383347437593581560488404908551609734171983977517e-118 -4.24678480568765130005352979553584251502325624572769232895349501037252455068958941272646300857665236634963000587140417316903130036130134361376293881604588360282649457095766052756363
1.45356712560630404933233840632089049584421895926892069557671584171223940285620790709544960199112676161226559687129772621120072910357274585791233000999143915611423089655953693053273 -3.9399543300275079791825288577526374175467469224863461926543650506613496934610245949970058558031394410519812349411786103854982171119405369344442787319910120190280492355698251395787
-1.48367630616577005432388644585420306067938021763869534171458264368706325011821799078769238341686272457819797543121969024152323631991046198383858947109206205991681283670087983176826 -3.68567935101134696650736271319840109925359112426116443201775894161348913782948020160635423820208334065563403328410612316130315197409857047607016534551820902850389904980704083758968
1.48367630616577005432388644585420306067938021763869534171458264368706325011821799078769238341686272457819797543121969024152324267987843096371721143071695803766868906640434148917822 -3.68567935101134696650736271319840109925359112426116443201775894161348913782948020160635423820208334065563403328410612316130315149093191409015185583045260779818765996431284064632219
9.64792210132110843648347492659054359918223243948315660847286282288207465536697898164666857433770910779952466195179270932586160596317315090424346975109405678996140539106135553263207e-121 -3.8210712566542349262688313476733641777400233154247569674959489798480384244052088379100713243831868448188959259979300342672337563909141466663066244409331937256625691414465212593209
-1.51617465511927590342537373308051587966373877558370311604038508261491898827127770411947772795505229270358778647248739182387467220974770869193704754037250012280877232497119227089332 -3.43184836964677586251155639982547546809893005027866350091220477909270476307167292202613836379423845796190657142075565775446792604897217870589541205675771254187870981252988046402895
1.51617465511927590342537373308051587966373877558370311604038508261491898827127770411947772795505229270358778647248739182387467225151057220530565178889869398161301844015691022536429 -3.43184836964677586251155639982547546809893005027866350091220477909270476307167292202613836379423845796190657142075565775446792609947560695709188588145481443673070172471437633367338
-1.55138894587157166815219666199567462838314814825993648165195941581715576270218272182781213586771721523927979219852522798063356157738680505013760365564565080055160583119519018714199 -3.17865038886978431110237030746715050087012721643970862945616339164762941626832832552375590571409076050923770289929695131192081309017796046788615446539402997219486579860756359120276
1.55138894587157166815219666199567462838314814825993648165195941581715576270218272182781213586771721523927979219852522798063356157720734944129001025021907879954118469742248328668425 -3.17865038886978431110237030746715050087012721643970862945616339164762941626832832552375590571409076050923770289929695131192081309072349467926613413083296020276950080967820905107889
-3.15694821604456190430452669080343814377449643591027380404092620893499137974601984497431773393893672734355354582229476065583422723977361294307531247467522153217381864625299999004545e-123 -3.43170350218145232731763673103714718354697572060221085689296483162532814653742872190234928321798694519747008508349757719821472427510695509342723598891293166430107841013532635147668
-1.58970393266223449079143626137810785173249633499016045864251442475076568595724478152849090159987295332052452877324804263427995704236590727678193255014258569231357740790409098926885 -2.92635107596911677180988747997570044880199417866063583675939855972493547925138177172495045541864647990290927261122086344068546944678024213653499989037608628469229828065832323109348
1.58970393266223449079143626137810785173249633499016045864251442475076568595724478152849090159987295332052452877324804263427995704236171201112883926704674074442922020326979655043286 -2.92635107596911677180988747997570044880199417866063583675939855972493547925138177172495045541864647990290927261122086344068546944678102609884091171633441910239824509372531297945069
-1.63156754557485745567038078368433075837320118879959055127301497016081902464012110707638296605936223729753165273044167986696239002570215368946615296448637290331089877640030034180488 -2.67532833136501024177440031580657666351120975553484291681323595401774826717268612733719242950623098826043239538108419985270119341582552228119328443889264482220584796066759198267243
1.28976871013241999097131394574175688541823229393945028716063390145041193355207657763806534438574332049017294731567737529769406249727839371051699734544547426080412092419240820005795e-125 -3.07060591544541496613431623634450225604537870563380808090779964102390914974033006702938899745197438610255014723001901577530766411177564785606106985577265014288941085138204954898402
1.63156754557485745567038078368433075837320118879959055127301497016081902464012110707638296605936223729753165273044167986696239002570213822887057932078145366209978981819365939726396 -2.67532833136501024177440031580657666351120975553484291681323595401774826717268612733719242950623098826043239538108419985270119341582550051795967303726427956496129263962431079501437
-1.67748787174877305490462214534559378920434367761770578691443391197525509789254514159924714970980237432737610360498563594625920761027516894769366522017073648717696808086486661517399 -2.42612398142990403837904418325869393916534724119791474187984395412628884644886591717269897883904228387885347954855532365251839233807331597665060644065409060434614514202190705745168
1.6774878717487730549046221453455937892043436776177057869144339119752550978925451415992471497098023743273761036049856359462592076102751690265664638077483550158073159282599166767047 -2.42612398142990403837904418325869393916534724119791474187984395412628884644886591717269897883904228387885347954855532365251839233807331586240958018846751014264039060211403835565021
-6.04482070234181347068376796199011208001152978124896233986962767910200918085706128468514626504034226233213534063755891604691910274333116921824129966433156789354051746788221486004513e-128 -2.7311993347017069106379592363932389960811673626352573655168508443800418633237413224804386386555237901340081039867176729792999220407697341660661878756287454494818796638502651530218
-1.72801112013158460836878809085679755363045049655724662602059749220749862031845534961861720926600941104435868124400985922152256085569967433246215003299045653063832778567815624464535 -2.17951592183575976151806485494405037835906930875408899384755438361887139025026992603762956758998376828082318054494014576527456180631927213765333565966136637679512113409921423087042
1.72801112013158460836878809085679755363045049655724662602059749220749862031845534961861720926600941104435868124400985922152256085569967433301222260124826410062215166520487888391963 -2.17951592183575976151806485494405037835906930875408899384755438361887139025026992603762956758998376828082318054494014576527456180631927213785890045189553445512478103954311142842203
-1.78366129905031202150259486774112708923034623747324337445553405255732938727212521099113738231618583245560790777672139407591394233258270083720682540703844464671998552491853827803333 -1.93661115009925598401784674401629807475732609636948157798429858437849240115904996466950708198115015607838071535361153924506138894879860434935204799106474728973171315190017337320511
2.79214615893797017071491022350681941577582598359517382065219136191517486348781166666452827428454261459149119959865367487076314027755713933696909637495765590553156267985780772117027e-130 -2.40760989600174039942464787984384410266050916872503673468599304597325264503750385718766048624742539107192469446919319498866804895024267069090307792492146763519656503205600858116169
1.78366129905031202150259486774112708923034623747324337445553405255732938727212521099113738231618583245560790777672139407591394233258270083720637589220133151245337976592948045264332 -1.93661115009925598401784674401629807475732609636948157798429858437849240115904996466950708198115015607838071535361153924506138894879860434935394310596481594902087858769329199876192
-1.84481172057314517034730855653609344685779350160601401810027968261240315657449012678912209630982207183230870744868156086712245121777161538850887416030762150367370026528339530004931 -1.6989473239439364042233393544755430298328041466599287982439198624082807300451901515994442849792785195636027033482058604845725911623286119987343034295096826334308867824496711003992
-5.73422065573040659040228485996302299462039105696627834192215602545285254920073306450805740271642817221884449907544977990338855947736322009910867456018732956726285156708529068446491e-133 -2.09394390955430721604826884526554716353368385538277207586966918231982159434782064284794149893596747600722835834054341324444480174688843961388713862990809417553506574360417089539964
-1.91145332111023512640409304834975763766462112239615115758145648444708252259693197573690487663422972229466909442496799258822625936978633200788895024234443022113157991685104183938296 -1.46856089711067733987237023416339146227994791627851073565722168736054834290296106626637905417147927637985187405972845964591787315272203130305265879402798856679813301622395423371432
1.84481172057314517034730855653609344685779350160601401810027968261240315657449012678912209630982207183230870744868156086712245121777161538850886951990605192944495228246921891068278 -1.69894732394393640422333935447554302983280414665992879824391986240828073004519015159944428497927851956360270334820586048457259116232861199873430226165484642358999883262166254568352
-1.98284765934007741797387854408696047866124948425517797188966983019051252615924307317121640160585191533381255712294578372285797613661435721267264661817585161422134049012400857471442 -1.24793068077158657263730920594721305762513436733455637780852024563987004845761282935951821165462241913106674708779472195579846034613409008328196824924653384828631126464584238932084
1.91145332111023512640409304834975763766462112239615115758145648444708252259693197573690487663422972229466909442496799258822625936978633200788895024552053986041568084631491193643399 -1.46856089711067733987237023416339146227994791627851073565722168736054834290296106626637905417147927637985187405972845964591787315272203130305265878665663855474505314415135533237718
-1.86014401559717993217706277548251346233658745646855497567750792750626756989811358352366841629685039806910912371441967045317863927889761302010344056093809755343929819199017522184435e-134 -1.78331586679254657882073820611812105888811278303157090725823182838879624296633029150438087903617364311748096151192595777450118633649563633016912197282640837659320796628361622104509
-2.05714014325104056433855904811550698664096774380552404784385221697955671065507133209927354141104015737140499984253399102506192813355803362388375443078641813864753492164351696026185 -1.03966534499718279001113395732567456995875331972544946857311865353482700497999682562172867668203323764886661517320479030535604095445924428129089898796306374109499715650090455193653
1.98284765934007741797387854408696047866124948425517797188966983019051252615924307317121640160585191533381255712294578372285797613661435721267264661818214798521367008293249588979225 -1.24793068077158657263730920594721305762513436733455637780852024563987004845761282935951821165462241913106674708779472195579846034613409008328196824925186626572358238139543043776309
-2.13116247240302215579453946658338841223566300198206027844906781084372818782256169167000397998558438143235600626709630978991374030919164521788192805099269071624768795501601680488597 -0.845864515052168232531873350860500260343223371409990552587991738561871877506207581965678527421340237533163883013847176319498428023486071392568094449479035284022723663065469304003733
5.83406225954317594805466235721541421909105811257627982756399781138501029473784040884632007598324496947234245325893166080820075986297622953063225240824385443469805713986063459442273e-136 -1.4659405499762355568605469184864922400493168489464792263081478015300506185498318188803771679652527862658773219613738946401607076164508255980708167519667171629893012794725414957951
2.05714014325104056433855904811550698664096774380552404784385221697955671065507133209927354141104015737140499984253399102506192813355803362388375443078641408497561301239218016384521 -1.03966534499718279001113395732567456995875331972544946857311865353482700497999682562172867668203323764886661517320479030535604095445924428129089898796306582374461986822363314441382
-2.20072525779508640498411129866590839793609672439042384640083321307294946992821590241108894978598165840224778132091253384889857297079787355546490423674232837973455340727661255374026 -0.667337576308731510816230302635694131758364487403356597053433686095212179846484507864685075402776247142048747573453643472001606309000957001583703037217594606397632709315870132059782
-2.26144342400732849285807284383934069443261919869101898634994468520715356715566941715347470997703548870750975464673918173148672566063029000736503688606088363950037608337062940703392 -0.503149770221502841704470996422685897590359546665615120859746711062068555997503226763001983524698076623613539636002429182468614021059140878858744968321332062923366824122823605454755
2.13116247240302215579453946658338841223566300198206027844906781084372818782256169167000397998558438143235600626709630978991374030919164521788192805099269071617538663126266375659507 -0.845864515052168232531873350860500260343223371409990552587991738561871877506207581965678527421340237533163883013847176319498428023486071392568094449479035282868073224907765800498417
-1.4076817498451780100439294119456866307526858333452835312698475828675391774706256011663237639537069438312601440901065245590699305110796180973633888798134018430669036898493123637441e-137 -1.1237765298051577635018729182642525789897876353153778506106896745977097313635207096266865636353028337312543530603824623275086931988155522949305716442613816931280449460309421744957
-2.30965510284004562168353053836016219765344173134666876824673709077487342883156403251154678175224884864828095862685875846782915509232625790226215834376747618282068547785994210252275 -0.350841734129892113571264881235536615761849381379393206598873889742285061097640852404750163429007180549661566942378068055028342773151792321271124276225700558326167387508585143739497
-2.34288980148082335111845161480546103922446864508084143265219113385936665467808691085735930143656335029966016307888874216128442518374025650602890871742925628284060309679431811794917 -0.207117687932885478194093097087808233305064558936039140207508243175292447961639229876157593197956921581858222202010553951210596476504971527252882061014380523530205039126898571004883
2.20072525779508640498411129866590839793609672439042384640083321307294946992821590241108894978598165840224778132091253384889857297079787355546490423674232837973466445956896909010545 -0.667337576308731510816230302635694131758364487403356597053433686095212179846484507864685075402776247142048747573453643472001606309000957001583703037217594606397660480910364041251709
-2.35978882993479966316033553616484630698536525648976461199248217666406335419416642042336168387559226528295187268298247475580345978370391561651617468499772150507038205396708825405916 -0.0684810575328501067409240035668279490801707441573027716358446533826992484493117166692544079406177161324440898707539254961098863835685743095355054371612023676349901977347279223185499
2.26144342400732849285807284383934069443261919869101898634994468520715356715566941715347470997703548870750975464673918173148672566063029000736503688606088363950037608234640282207963 -0.503149770221502841704470996422685897590359546665615120859746711062068555997503226763001983524698076623613539636002429182468614021059140878858744968321332062923366826775171986480339
3.56448188380479488060287423424089672463629295944448927059041667508705086246315702245053232395208240244849248016671095015577904772552852776575712277298503237675350861190225184612138e-139 -0.705543504869037423758473308121525933973524990186336817957192543633815636723897801388665946101751741365648775107797449646122756764987315092305876232153440895511002154873491628236422
2.3096551028400456216835305383601621976534417313466687682467370907748734288315640325115467817522488486482809586268587584678291550923262579022621583437674761828206854778599867243968 -0.350841734129892113571264881235536615761849381379393206598873889742285061097640852404750163429007180549661566942378068055028342773151792321271124276225700558326167387508615482517857
2.34288980148082335111845161480546103922446864508084143265219113385936665467808691085735930143656335029966016307888874216128442518374025650602890871742925628284060309679431811743871 -0.207117687932885478194093097087808233305064558936039140207508243175292447961639229876157593197956921581858222202010553951210596476504971527252882061014380523530205039126898572674035
2.35978882993479966316033553616484630698536525648976461199248217666406335419416642042336168387559226528295187268298247475580345978370391561651617468499772150507038205396708828514012 -0.068481057532850106740924003566827949080170744157302771635844653382699248449311716669254407940617716132444089870753925496109886383568574309535505437161202367634990197734727863468457
-0.41366449723582087794110631120571114274320321875325754818258667465510887635844923689823730319280586983380477756520533764853684533566516543278014632243565699501646259462942701834329 -0.0208731746444852304731340429759064989769519033992040204776655349372773112798643818362009426459063448579302019749495009030241011163057843007571059112834353961892135601785232446272345
0.413664497235820877941106311205711142743203218753257548182586674655108876358449236898237303192805869833804777565205337648536845335665165432771593609224725523491757228182642363723063 -0.0208731746444852304731340429759064989769519033992040204776655349372773112798643818362009426459063448579302019749495009030241011163057843007467181628800790618801056017038097565198375
-0.848712587817981572135364954317061711879711069024615678856497310470698700430170435140782976145140058828877072754303065044969066428914841748447149101140160875463320411839826633867888 -0.0170251708805235920177428489294828267049126693497618966341108964671925069813956908191617441156787565476795256280272624208493076435549214298850339017510849165056223030016287633996576
0.848712587817981572135364954317061711879711069024615678856497310470698700430170435140782976145140058828877072754303065044969066428914841748447346190058014708836208065840691813735454 -0.0170251708805235920177428489294828267049126693497618966341108964671925069813956908191617441156787565476795256280272624208493076435549214298851336567295439202796751015059002291199012
-1.09387031959874656088441709977963299719773285200579173485801886526754521542297801152770964873785598541314062340012205492617419209118622092477008049620598152333510113965101417607492 -0.0138707786197638122251097795703877725716102166319894511682934508857656478475260851974716743780021486116977088370665953174768676982365452983294570993202433067242722688723376726728879
1.09387031959874656088441709977963299719773285200579173485801886526754521542297801152770964873785598541314062340012205492617419209118622092477007581775189122657355758485748001515378 -0.0138707786197638122251097795703877725716102166319894511682934508857656478475260851974716743780021486116977088370665953174768676982365452983294554971742354587446568457531902412509331
-1.26866465070887775950525697607534160151447149638282132387416332380768727367797575052892557320498487070847033559078878485097856314183136976343135305504123074571069119739334899006881 -0.01128228603296822251434257011299174312445515491403561896647453677357696760951084852255324262823177264851294047264849092553943106189642059171592400737606953530419384963600750177877
1.26866465070887775950525697607534160151447149638282132387416332380768727367797575052892557320498487070847033559078878485097856314183136976343135316867703148419559919420052700530616 -0.0112822860329682225143425701129917431244551549140356189664745367735769676095108485225532426282317726485129404726484909255394310618964205917159240378440583260080449179462944033717054
-1.40267045012946064802300679312031969935739091754280969769678017797517298493965775994893882129524958338187244387258326953934869836268885046940359326023621013669471031913367358600014 -0.00915688488582890241218467522599813133194028512223400239632485029258234408724994118882557161375135946183855355855623150944788814956641301666196591372074610740416004671866869527504365
1.40267045012946064802300679312031969935739091754280969769678017797517298493965775994893882129524958338187244387258326953934869836268885046940359325744086755458632027186582715968111 -0.00915688488582890241218467522599813133194028512223400239632485029258234408724994118882557161375135946183855355855623150944788814956641301666196591306979918411835700913215045305284145
-1.50917868734359877939814467222608310333159059161139038133321244354619985834998347680217710813405892014880531795659765269196202893559957826871825082976102498983303755270332927288548 -0.00741140294634958258482961211147130782738406650566432959577794993123464572481557978108070252457747572496562903338376342405431320100810080720165424849746347522172089125866067424739222
1.50917868734359877939814467222608310333159059161139038133321244354619985834998347680217710813405892014880531795659765269196202893559957826871825082982974736256810377127521810134536 -0.00741140294634958258482961211147130782738406650566432959577794993123464572481557978108070252457747572496562903338376342405431320100810080720165424851262632556555836050341808975669522
2.63588904560833943368331739567988156672126302327852003630780373325513984293846767109675862298164188108150587929966387165783659306446995286916897470061150815579087851059604579995618e-140 0.654394837262051501464612219260790569802558323957065529046238135594285596422176943105633339873652344885116056074290046845254408901289246578735563245804778660727864556808898770981588
-1.5956472935721028186363747676044427633542709552862997698807496299798839506808275221166316160085800880471838981399452960047741577335297764324894745955314673301417929507231770848858 -0.00597825905243439200217923881954303283332061015698879386099300232281253227234106591281739139511385541468824665811488693981870207537128804731096149085574674129303467491608331050326744
1.59564729357210281863637476760444276335427095528629976988074962997988395068082752211663161600858008804718389813994529600477415773352977643248947459552980611605648191188091964031225 -0.0059782590524343920021792388195430328333206101569887938609930023228125322723410659128173913951138554146882466581148869398187020753712880473109614908553749481688550038269638509193635
-1.66680627647695327853668724195806561656566871714047641079620945138085596684350242800063623762910115231727282100726805795992189022365622039081528181267002223840321411528918892254469 -0.00480232896280077316766139316066988355098960419182047593140188554930671164501201339683561754143814917122155965744998234519354788044677576201832638850911988134405828432235989458936053
1.666806276476953278536687241958065616565668717140476410796209451380855966843502428000636237629101152317272821007268057959921890223656220390815281812670060945961498844672613076686 -0.00480232896280077316766139316066988355098960419182047593140188554930671164501201339683561754143814917122155965744998234519354788044677576201832638850912908473460646964356088427369865
-3.43129147417415241931552717103334745669830650107113124109796336696150450180431233450675292592326088634948786309599349352405908245887623457824623442089855813410731610339236664665892e-138 1.06111805194436489716230801903709158485525613774671680958220678885080852856317018508893289499185225076172148391947982449045588674042656792354028307451011002467966171814206269669757
-1.72589897033468788276289852924845402054364060756142819536135457033916612807653971023671289273703891608432178479391919710691854571716476411376728891910891339250044314559204334837557 -0.003838496949248356767839602517178973881429764351984312537355939133735437324278761679714448609590473083268974580594674003677058169883040481520206317696420648041771551396489274953002
1.72589897033468788276289852924845402054364060756142819536135457033916612807653971023671289273703891608432178479391919710691854571716476411376728891910891254414447120897661541428813 -0.00383849694924835676783960251717897388142976435198431253735593913373543732427876167971444860959047308326897458059467400367705816988304048152020631769642042810395746557976515138831136
-1.77527276529597616828775512213607415546557290982077368274771231536707157560660527054638290231351042121887759744170079515718125646585043969433452773687753313499387224131519434496812 -0.00304972872822687341762643122776052618962724729158807998872366321245046298993002112338744447291734337010610135663417288416140313596746982501664835073755597861372998387568578509882232
2.053255874710796837241145982761846324995592852445129015337790844532851075765305229760016307710971072253268138313452193360789046911448859831861607372630811444110425684093961728197e-136 1.38915667847905064955005015301359575975967405809607070682735676786738472166751417684531013500612380567730775064559415573245950890632435142132439816290524086946198695213372745602064
-1.81669540388406317873874966638950471340097229325753845335838105164428218482235850306193051014441412992038913062693892450414668343788520996252131021737471939424948306197943831066305 -0.00240554430462674042209601631380626677564885530477690721067349691216041173079574409312115263001738440891120423833617967759938826275980679445932919998048320228056172611226014499377044
-1.17273121763443845966275627579814399897144358345945112643171681986114265669364388829922010641386978313057135212331909517388021464415468265368883847371922507254591448485137161626765e-134 1.68914212480431834042008090812200843395499912765112137145163627002883925699633019199045044002913505149186633054339347356724287905683271650401987553195862853778606788943481904014121
6.90368893532662292989245744654031899476894788261750767308717310187524285023204528193483143719894698358718025581344812049942024517258115531975727740902108114058621562297124851754087e-133 1.97827909222160463022101241277381607843543304070963435747417615004064514905168146066482854556224869542119630378701890191266040495053811275585982195210993202630437297345919878719983
-1.85153971748715923139789447335430058760802443481907171713817652966894785189479598027551337230290485032776531592192058276606452178615086215069442211291392966859635689874618821964687 -0.0018808002099427111791182331313839824445137487540095428430881245977956200469863223042492351885446628833875777680964044975488584876120145674851085308865575766404771051333145324336513
-4.29568460600995775612813900001082830981626223688010361428104672183541292705347133212384367873780107565657996990845450739102138878181358724363849234251910165457663865016993399941651e-131 2.26526175290331424157569736855517474982216336844772546122167357753644797344203394612760859685929638861268002551852399722382644371594922570360928895219390593099778831332565697271857
-1.88089939886670853225180535402407006578406454121975958208387763728306425807673470591856858641589894432235334275901947881357366780003136485383708791311219316931174184099937254610753 -0.00145471330269967644613654797724269783609494436473062222221564487656291427495465891277632048037081475318349761802060958587210792604220054479409666057779328148909893053449681622505982
2.86200968821518592736770729185693595276709667020540696091797100004173126678229443732145328873210478773972534601081866419265475687710094165849818097624961649281983431150821726577828e-129 2.55553423720156921114386382880580185267530085597235555529428167246796040424972455906604345906718151459927896539875869927938610855615724587131701950645374698223089549651805005982309
-2.05999824422374857250764448877938128821231436060876682034982783626328822303559834897307633274748755665940651712794371760175704488537178282617503401887845918512794636598205241478785e-127 2.85305631091284789271783192763739043382548230523207863468907945015659212051930805207650293688499386774080569602925341044900890640302507767227168460614730812592325121459446273346464
-1.90566668524194626514844893187597354056988885196744185504094256491169073028516821013526970215978988190762838050826171407238822894010396761376657128463744257288672186804618726675447 -0.0011100758563006027708356240217752635517097567941667220323885571223019640546399012159988301221695850608715735448570019219421775390507256019883207220589919105462418862569006872557489
1.61389034572129083632912302486571718246342743305206940528022439690373990268725457836758866119533820249311374967104892581624697697489377277448743473918413802330228769722832970142845e-125 3.16105827284293423566166306734738997562267721125708627385960380653347378713447100287839512968011786695642851824594088908489630658912214766526227178809217975122091916512829924871303
-1.92658970379192700116617009658461093490136280673446526143995646235916421683070319743220573313345928478999638072106246549010996112625372275568197321935816906818451193424322982196744 -0.000832628512396084167648080922398485067708600585324765984529057714677001386734366784693010844080842536205880490792517708638829425335545240966161269716175108880920340201688946327719867
-1.944324338832375747269532925223905661146095108959582858284652850794089926821279467450910917351652104413704763246738213757865817179163292366621729285869230258825724093255587040032 -0.000610589905762145898606725139791371374357559690744638887161724185151057664468646755277154818398425924881204059490003294554382560997801069161062994593422159604498947154626821267526046
-1.95950966031785565440065704022673681248435905538494941077749396896059883129483174088499893852631002584011137224220320092097784383687725962644341695505556951046999300064015738448438 -0.000434503979358778658633980311489097949970679560946832830361031849031446980827060557464147940734975465169574535430340133864596885568931551007779886710002004353617103266312144457959375
-1.96356040846949795059736351065646055333078556437651642992759800005265830575878009166713301159362078934413122480019402336740982143766055086477143124922446459785609199827042842152899 -4.67448178216782308994860097809331346875116971586443046020708224647039785878066907489431090302834083679165657747445054889036842976163910362622869712500599202209276484745859689143609e-17
-1.96926634242812898629850799276033436986635268533630113921787923102870857309126162299198313861769330781310257794514833689178348408205832036887473156010595774062501247815959808926504 -1.70348162176515105971564888856084102631674571383612877979348940348353662029773937589663216343738819256392514665923075999933686053979281170281955822487291164540174252592425293972218e-16
-1.97302183004702968776371301385920243835681434896835779202515121351249230968433267439214335975479024111848986115423998514841320208747942378222283386401878447143004899973951062697852 -0.000299954874531804302564015558384849740311988778127467403502084481076199251902124215955245967905123339832080841542290970137998829021933430699917445825218036307217902873810210606259681
-1.98311440164513029558917428753085123041264180675578172724112285199815057706939392761641707263102544401704466568920931407021991753296940857742543826395995433773573906866227638792564 -0.0119915791395742984758065315280024888447481258853105277649234610150139472467954778360266328940993854233083087651842271701402278833987615684974178750163075278488764205881514733779253
-1.9813028071964463663063930631707185804489514988275422550174566609604649393437900674739400658020547830893004209402340624497329217379352825473863174362440317664714820125899272177735 -0.0100392755691797717046485635402391522566773655283365299260367170488965405467629547337686594332772736613942449195045720191951862801083756834381628758590737856119791654181387538740992
-1.97977109014325255580339833596127884086497414371545121251504688936444746110744326486309976384019932341386054281858224775986204702485101695099054653571830660365765914391229892287856 -0.00774547541091089470904766935331007225717352225607926758047577004027443051188516606850929596116071708093796326829596793572294603265770142756515321597317629609691533209389054653182034
-1.98513263749592205175356170118586460640069900922088128309034997679319131583010210525298134442153514859598157283692070736114128401797816724805772730683315030766810359580677443293566 -0.0135759619650142056252559920209884708882866142201775503089753996188532503148537963334043226996800227620261243658627621457897960617045530738038717529123456689198197298604285529723701
-1.97858117517390846158788396341644942398475402194539310998051663741580494990615272197700177384197118775453579974991645759929279682827419224686655058557737934403376677568462681819883 -0.00513743606784822409054509788672324887247792025646825108558059547333082095391759645493565719387353800090211053268715222627557547728141754007105721233901571248873123202390435331341883
-1.9872782828462404792855300479809171542816396960844372880120703155458630035780141626160259181071165636790979182719429707859262870515860404479503274671721954504591183080398429117309 -0.014777259739355371117857359078791068614255083094608147809058839810148656507099553351686416433972756842967604778930124616993542585781644966851398656537762627808886484629578136827747
-1.97781012925527080058617083857196588827541040892492472485880043550987369327984996572807950173583477155482988780923531759895884966031082588358425269626343117470336713828557347162218 -0.00221345061371552157812094269210770418003417859244555618299129492948719469640519914866740020288548074764241547504848012070110199550831229685716029846086182720726730369626060439368186
-1.98947425477590159429902212105844156192464453633694203936937274876982308742918590009700842151122968944695849606013242461727154405586440801931645428606710263444582466671864622177615 -0.015595967540710786983095035184373661553596478566293357507273507649887989548444878139232874836137803345678874421870190618723165120931422810950866542417774286044945987121456235905189
-1.99165067285288930545162851474848105591764349325836106039237301015255148168466021749940757059629455255924490961370082738999879929537186826282821314283886193145256465026316793126943 -0.0160495580947050702593758240477382044817270055929321193373605827406360716176362523593610435259957486518952518256836617674792755110918078673834440927861765320722215233986862474819029
-1.9777143597779867083872433885675349949709576854171549683223161412810945319303011260266772168699394067993003590022582618531286589865839103180391743188674364242281228385008450530797 0.000969079195950319834975365032794725707857917151493694439956395446189680446070188501905514325236423048610558047892015087592572702261003362769005767508587981479439316450444821486892839
-1.97377403505780270303385325717417897609242100728880733898408672408370290357613840943762729496086775596580744727344551915329951840322397022342004363275607335616244413859554537417776 -3.58732530153425943424324618640271488260839876024521637135218544492471174119686184597469148596021044594586395074111324573688043050379385733647003023294119193504402794926930500195118e-16
-1.9937470662876765596400899987494285918110154812339970651645732291665768360608724285801164357876290880057716211166867011030585556370920269349439778491661275549782770978604316321559 -0.0161697077855062457284006704266129805405683203069184498281411925223862707024596516031933831866550775269721692965264230895842628938088910328131971582392814756243457305253352260840748
-1.97834997719779587187225082512239578297966278172083611588593147459023480221735476378039989672991318463038987096818348271172276181923377419656090436909816742616002755946473391015392 0.00394441869245347557231725551684873660926442790650678117314045300077736671504173053153444555318976723425034641418821455653800547941897153193185012294640181474467164389142985684217095
-1.99571452794886371927843106344518816251142389570825532973926176801607500795719815422669482860739479130692823349284636301391679906662822930301129054141113372692533700379241135109141 -0.0159972670241513875635051766411494187545219651172980694642755480189567867351088010935450498392084213491507203146988761406514623225854483364349523295216067215810671571602168240516143
-1.97941512487391434296805507261497552295729159246441832351446973706804336698169609214764007769938603753590831255148099732230722429767902556979682237844844356617421511687751988839254 0.00658947344412215333652408185620805340275545517650933042930373034584499463414739858615443907606078015795707830087855551114638382615378471380928591592343084350773029743996072132961404
-1.99751721932553482707425115528554937468295588220042194412457782837006479129341583503369556469955551912649143100435413967830028889129048136809247952263812700820702125992382898993354 -0.0155783708819701839649180875587941673356808468291064709424960146746566091238004184157541324975400739933271557900843122757415051730042002876157019469616315780043797205432495521671252
-1.98081120591058313241863300229882741248020260280140653483707314911764062452391023914690527553224158073446339320270204522911463723464768288362688873800648061140182082861985943634273 0.00892670276400038768758616147834089523454862438666267437042355486667374221749905555385112489891656274257023376036308963452495560282121274831370471045385509000326609980470451751310032
-1.99913170451876197196346016273776434209205589583779306951630606024350597917836195733515557351783957292909807458150374489847338354808532303013232689427143011117147847488771318578684 -0.014961152241151960244099711532802063897763653813172185464151612248391424042524582160657413718817020762554857784723391335714736151630643244613997192576231265858483189199509524339703
-1.98248046983153820800435440020090385636132620771026734182543211984937459902697432627746645385233043781249321217843850894932444279259550476616476099227025915408605955447673042542746 0.0109420921089561566575566722446743859926441974619378973742127528635789534046973158196690073921773829556376558151849267888690121018300350756896122370256789355178283728692157625307693
-2.00054574296644596878260138151869095013618093400924161784148278192631320940606394235066567090979567896216016680601756654306231723759695613607291108632483652878820122274960528005475 -0.014192564743533332338081908228789380973481582220738720734572072673038241822517282383986072731200239548682292262083751001240590061746426774210636170168617770848709548871838890348452
-1.9773864584671423116823269348843279711867916853127859048917110130958657312110888068728663892881531263254365478898880327577790268442371376587976945179433697787607520527989821227988 -5.77084509427697427125897309240070732551568989608654807125359831843254190635089945220431279034535790151150804197447213310428553697551071574957568472760261674825542208634787694790753e-16
-1.98435905788149931079422864708311788158901224730959203228079575564662810480029752519353428699928309321904044526117528430945075753390723418152020442449423136233224256328339485362095 0.0126165493085391572911837548978463220402390398694057717964342747434472324851357708367530567829357019961439738613496543259062455590456930026428509568756437764241072930674735434813386
-2.00175664827204757755821196801446400961154926610157160969843155403044998411561164605883360331278650555048450703319389640865887378372736192283683044239711804092983374321312944548003 -0.0133164079616607425895956715090209197937806013663540914392691029428944836251023588136230063023407038053739841521027794146097574785560901829894449188339616870236266961744114764264085
-1.98637782029653145250257160247327687175061702239460202761420417097358679554986809489947333009099015029281269839932174979398737850189380344443532153309779092055409679697115435657581 0.0139374791237861001659773001077914999083218820954941405604480325914964203304095216018645786887986745687514432279335414800606159083874898760091948744664075953427716552370627947185743
-2.00276927486328352572683185320296948875431059188184388756649514185210776491521458066746562561295654507531228975554410867857319135832647128226826272021710885477968704642379206156092 -0.012371814712060515927831473418808069618051403137582276070836053182928414412056960585805319705802872780874846113853027345313392029356450136622065363695600965595933707377635718826676
-1.98846873084747448365698591476879663552449767877802652546531654351810213622456699307633666148419964945661334955284592822759302560232137096577494334217441336862832932292869176337613 0.0149027322936624945491995325332082407162184177075460019823255676616848827497471460928560480054023080183348438014200957939171560178269754392355120258224873192827240227014470396504383
-2.00359420337864024742463019631061291643066387890598890362872122198818091345575133636471210069236663322121282496256593813638735567499088607807830284917108932260678823049718264819468 -0.0113925589999004990451416333343358064314541813804072985302044761891393268950084274831343542936432255991398589706182076491034259432440135812608606680423492740623863526787877036624778
-1.98031948278905572001789321297759469375296646332185575422447705079413693981043554462170775096620471601454623128209886734933011543837082880590621605509509809981961176087698962575904 -7.90802442892608173431128431993072016759343779012181546048696118920002871995803573104837528442693767095987890296631785857689131503497514556777216648950049845150147499372527987814594e-16
-1.99056947167983145838274597214588742934675623552600233474496720122340807037054854444948568896582855373036479815144514404780056036756537916645849768012879289096799914345512746538645 0.0155228044015210605064960702734195418331934071030003563133013952208646998412681729487490224361775330669551139387462916486761576602580836565329774097176794294158920929714162009311293
-2.00424591159401850477148123787502685043129344718197027701338877042040283508978342678012977700496122180184847985825153063276090119777801634208119986248141029634347900287303839737771 -0.0104067260886409733379651641917720000117500076738021873046401246149499989436884996398932371393890442736273169883678475761355214908219298099587225978258139294947957420346444945019979
-1.99262476254215752445125498278065835005025615490866069848766392569121629511860770689616772203096343802009765246322060462679144407873518539104649251498884162211502709400162845238363 0.0158203857630891428298953753975410720830376302598349448132353717614421012367672988367239841387464569540970628134099248519323083958636255888639893068718881632472583031075637667141978
-2.00474133680261745228787278678782893036257823002949481957932705558794674837684706128128300439336219769902497225970151639156247613982467587382498573987999586757258403750633443094319 -0.00943691621756068304837411635505516569306530970784835112973617619531584663321368504799791851951193825492989912837080598601933963579615790449262342143032620772219466636725824790605669
-1.99458722696963281378069359468180884930491859182774176484377067177982296588296520569204876346894035107935893708862015415040145714801298304294540999391014116536275455542618098000263 0.0158268782228392409418952283513527303601800541674871616972548748830249976235437438078011301049148657974521901068329110435237886672005124823674850708064629894809342651163860670823627
-1.98272934850335501221748114855270290941627140160666663278764376693088181487805451090428072850171026196224561781453661108444783044290166819281938795077440363441526087879837543851928 -9.76282401617655201426313008761935996556082476015919434069341804192204310709639833816645674794457315067154060318981375179425704066132370558627293069338654024156427080513686499965407e-16
-2.0050985708062527508370458654190503127591018520440161567268800715519085490672244148695888443509287947046821862672725487712633367885424181231424638460799101035301884145645175483881 -0.00850050924374577655514047994059937352042033929867908105585524768956443716307358988852728310002465675294698654375441994591522250936113069673256190363731223926410578123974808895309609
-1.99641918911060004911793871814107701321558349434449840247752856053604462655173064218597412249093496100638466252413810172621106683661579153324459445854380207925864067241462374059692 0.0155791492801563636951347481612838429603130656083633863452975990889162034139385811268389685226247745071057352293300426744771870740067513732114208464024270488392630084720695280152335
-1.99809302756759614504157325030905387403399121752028381855630089248636579516765047765421631233851373311908618779931955125814947030349409059279559286816162096513618744656956310931945 0.0151175563442872003694795882521192489826222830014489273799338386409602252208748024172602457076809640419224067798495458789355956516379889406941609251690391932191885815694320217929341
-2.0053359130924121211342588723150514271580555667421227702260072932117640684004875240564321222370492037757180388836853734066737082938987762785773195746802453552621311756807054119533 -0.00761036150247544821999872710731131635159164758055783082342292134722313426726992619459722361511011291732825303086514232607814749238330460247612840595179785375712447341557072345493067
-1.98473086835314272469022197055875369982067880735574364785505111425580788295336940838935012528946452759066785498741467929885239346124654709819815523128847827236601571814214077436755 -1.12202679042787235362343505296849994321207524432057051500849010053140789598053673886484057145162351596925845313911236041908233387843866284231994640454271197944186875911837567724515e-15
-1.99959045707338688787981632823811633801019335914663431579420533170996745880261461706541051862885155787320219221524384147208559445218877030980724868789490569206861127591868424901527 0.0144834243030527937859752604204688658695756067044212307484834304382429726620685855135736880958255938110477956303135533729906923628859999122309197636660399276917299271351145188106909
-2.00547118200020012111823567392757433260114228937898745275970655963544116609217924981646124154292273512130736617203005832424484059859456859239785806953830832637537318289108126267262 -0.0067751937691922139309643434080291278079912002640393992031918799981781340255534705529053420709181724897431166733324138214600681418093068585289782538222595592953281891716038948604923
-2.00090198658413441543944208338210286164733104882517986300781192798783281690074245341718138047120603173460083884447954028548783142591927171434874486879735723538752454864988236859358 0.0137170818671954105621149174019601368541109713260849540880344679461739138211329570311323354452308314709742637497152605646838399073650242478257322460610413160059909640557810694257751
-2.0055210020627633399052005509060423366626241894616662005301351369010625653455598585238861442673958816374936334027259135244617721607547884236991470723279471445341257613846456963527 -0.0060005260602988944712278129247005604082609375176198212868767875139437272260326242278666239127142809035397144028821283593910488583794238702163875612525553422517591310907955027080738
-1.98640964033952959393455324479466934120971539790502512820584784904751069743746920689504323972003174609766831017453641129659962108628648106166762463003108556735961217156241087748632 -1.22564162814981650001141820029282479526814990056824052716863838245397091717271111530427070359565368675882024736482624157016679054964735115565333016698301532543263340319739889817944e-15
-2.00202560193494628841863240548453563415192908742488495498396026210110959752070134408727172266433390219911668606235629071409109177022977440121336289889046077338428085374130019587544 0.0128564496242140321610331819668637114799709699098470455510579380022370442835120852199089184812613977305161707960913524376395455407026436184268663722185089841373334327399360116607436
-2.00550098794331140620593398032097639928385029528601681718627269458682199213896271469452671247326068257851045899861701582415845556970739018685901195129145961930049590558948426303879 -0.00528898068096545572454966709881993491061544074816226375723616184116063868965293977720562137676001631899576813587981933079963234865660108833238872760324869078798673453825656703632483
-2.00296558521596426830475648261113299029149757725841684999168538567707588799730937481609853802026572248226701027443311897299008692606902882171237825838357117501532647580682842434678 0.0119358176602169579589518639307412453227739917398737318468898358811280577446516700439907082461894292743297048202168780770085378242504837077420796734970015039078559188035061179498867
-1.98783035612517222139928534995137437629679810480019602333839067092389700321906072762765464904492076058406353215013488040079881278155511488040831594627879106316662766150201846822549 -1.29021689649881287218133525188714723236592078635313817468180002312459654091592029805165596720141685328282426693565228000855308783369542767997400688437639559377125204758908072220881e-15
-2.00542446065796203631671262033675732781446083945625672422242662953869318350318834482906007017888243947611484567010127095464964908542250336304295276080388139158912081126482334576356 -0.00464095752403903813896755579506410232592165610246274605481752167734693349558023914984592307390574917771319102566810067061639307035526705617883257680065061147041698284734501001811648
-2.00373106637507464800875201548052736910695531223703042625022030660113651747878535695431340532039930487206769122520341656633971590679488908589194572114947578391581901887453412985928 0.0109852668398205199624076760720261131346915224406073839738932229095740891286842255299155464153898155142351467872723895399798888502438230328189635850459728472148245028708561769507235
-2.00433479919401263774542831855990850338634909384879617660706140197993716961432867703092295247922956759647117736292627898781144219119781985420488242791934740132122440864199526661889 0.0100302088742550414154282744160494201133406185211214516188547594660319871288910607368566114034750419688373368013988974185645522633143891474764104826596816666448278165629862175267151
-2.00530438035446881978388441864445293628881516269726086834231955866905516621243586360454756057734546849789055338305121240416064849226042382102226333478942758910472460889228387205781 -0.00405590929676477739016317644531098115184317785752473923802272066692161491046334329808786591884602078613333519823628869558051207585074527690846267837442061271521979970509282289112043
-1.98904253386159383945164476131770972172495000611059414372068694965702942552970932308734734692282898001029855345116550977121806524212220199236301211686270645752941580555428954600189 -1.3214681818926080494217318227471505011134751496899023386891194051199817407918935438857329337267706698341528599992059344013619102840921133555715329452816484903414574590868648876543e-15
-2.00479183552926084467971379869751218667160082969870972855677884594815564368231617120863020674526591402603588794010084328792694243531439228984671503091444979318293174816349472470166 0.0090914426201731614256376965120736235134351263253641246532488246691822234331949185316423490507678250712203628870892242800401547086560672827643859886256247604552410589097365757964402
-2.00515034156557542847666436441816311040342719021422352218427783797729356240398286898469546684532342743139262528469300081157763148315323382294347628166206802678207520665337982774339 -0.00352954416324810728051810399426546639810981629165600409825591757693382296707427518757504059935945913202545958924448027985980794623793029903857011730341311706594694169573081615476256
-2.00511862682406827992452356749593319513885273563126778780341781568399999878809200684045436735946707478325500935319202682650513667585641562418337705947667707749242492089561029373226 0.00818524569484894514248415160144439870048736794396672049033273908156128352384794618105451871754976064614823148061845568775630010958853622504876753115286537348797373172329068815603719
-2.00497148852202082157673749333968739233778196807252294548075351593648265179456964063988344310534338877885447359894677857146268921338783591391411535455445006058717073462081332510525 -0.00306334045768199120035799087721744451222896628508981660879045461768279322112361546552865272009706122660022688012936389954585253622654979996959380905777981810609370590339303099532969
-1.99008452993992871082437416157430152982259106852556396446280272017307932965973068063161019703084362914543189747485014243051460007824781255335773355476965208101065208925585482498411 -1.32587934137926013603897218814472086836935311621497191364614801175759443567990608378354553450623541367623603752395375000862662158590685336361619214846362853446085715898707156459577e-15
-2.00533190583782725807039358339557741012340647272988347329764206593904614974018076722898676075221822443805234713555561129872254516366549439189259218551712286987174913549415235077982 0.00732376955746994108067355380968258478118715090194557459077496459844264217496881356807278619294361351139744071283816489748002838102433744357042789899151922936769952110798950980989454
-2.00477948934321103677164036241600505915105786236700658434511568912007043672012576159859483755421288801288495705352288501750400905097717122380792914939770474568790873264912178345836 -0.0026435653041813295007305615932667955811900234855606748524780226357196593352354877959054647384146424811707396032639604419135482310319935763567002841284347544498955010667224675669525
-2.0054483220725285056131704168972411593959087941363183278248256235743747044085686653009933324278719384396831024042997809063589123732341148959311424851510706631813389251191093131155 0.00651555955377812964036484137095613139946248040091015627561089452781177689117252169012565776839191149514737486727500594070171976386457211873262888768158428492291907639278987928123305
-1.99098638507723661432198282635971159682618392549423541264430271964329347044529064251194855073805785028817310078724884033697029508147511569573112956785322972375993101443831858405922 -1.3096609251906058040735937422643261060933504037168278340413785156734927273534393364050844337819911932452255638291013827551952187796679786630390134681968943565027300333764234477748e-15
-2.0045625651292161595347060728647934082549903964328752149454271702890189900223202819194994940478034871585195194788811208715440673332066670569057594510543019905060728746579221703396 -0.00228396194220012176468637255641941389597916573974330897432446838868945840049071543188249043368449550311330433823117823856034410857299571166549636032301679864369000232157737900652711
-2.00548347819297244185984402569877448263621316488734840797393511223966368477720309036718529692893799982756033166149338056902062090375094425201911223495545926581084439786964132041968 0.00576576689153916601274873753386848645102039932267595649909920022557637656294563161898241503594682899745562081477827113985032792891288181137108484394510446505114508074319901188253422
-2.00438020745543607048093858035091272948643884959588282121452056640357871815243448542721376244004329769427956525905996053137073056581497511511724457094209940278462907308314183250154 -0.00195735446131566906569945209795535942684051959129086033986804512054682029357801076505257545320348363241379015196591818073636376095154137577666309159831546297106944586536486129661813
-1.99177187018372693106222574773891302742279062472386075560072149334933295391224433825971489616114824596033317174413103638404533833883721183493719406480014944622412303515143637148632 -1.27825944102653283077549563433346271838351636349337347610993145980215490354855033946422172397029200722341011085506776892953828720024011676825358001835410273552092756359466519282454e-15
-2.00545201579597684085874497187581384549113080294954497670602484212332870028898507488408014337266639084726825516681691851930035683419385535884654619015000904484648140695949576408499 0.00507746724661120186656203105440231200236289398211147184420057810897853332808444742562331264310965142158330544546061059477903165583218845144015973220721868744212592892281517160316038
-2.00536730644910835066316563717490461870791247529318137930395725058714780545510314190179918545329703086479786048144177403352668397415514806991699879537071473773594673879009655074688 0.00445051683779985719151688073209854464104444406303718399920715296357016716549509027957041907822569131064826920834651570426873300553003589024831176000830816874312801345707665614732669
-2.00408496249996912067097027510893533035903554203105147187667910687544775437038622979992334660864441987209201485485782521644787756242570509584600694171621523740749521302347890824667 -0.00166799375889224218967433558657156711250446849990287950952293942761951266539278215578734830873280527025705334732546402370905821369987183072587139853283009853089260941214057876202242
-1.99245997556290383518278586670461482522235919934261546166957282393312370113781483374613783203316539475506733578843404805518372083525680171918241182326104957848301125608924216578843 -1.23619661321075594408946645906862186609196126351719803714316977660054687474912840437538448483408158211997783865990775079209353004396239899790696326943181603212195182659536206666646e-15
-2.0040270873223535346962733672331646130007738180669229458888608392892959931685831296844928808958538852266265092726033612721437145515377556473014072294404860063162389081436262430039 -0.00147901915730709619886427792688631432828912583352263094856571204481708054978409898126938212998195245441120787365359428764248537087857051576670828455077737622579869667444090344722529
-2.00524001124512872036438114103967351658058219439217132693352242878551091151413644195045411850213272387488853964952329401498619745905735952435694065341224825954355587280970155283778 0.00388498624359771382210296620059555849586755332937628463567067414551476101745294237394395977330908741927337998471039475129611041743119350097508455330594364403112012274430406518835927
-1.99306600787433777560720362260906372910934397084094123012674687352294550186807150333392912503946042191914225108261143781954749152608824249485592384902122383051360178970630366953268 -1.18708605192205992946821044943992800870823352759640770865028660755826688156175972842154022547440349714835602575765143929949577498004713628908536794156651608130723940530416040800339e-15
-2.00508328623668244416293426489404825037223489376829362955597417344355401708259905718478795421169719038770078447505169554410010485805629611900382968037530350234222391747037149131148 0.00337738738168059801126730057327843774101628818968291071038161672667834934478118588284684232420076852739331313796501044279930286321126793837999480892205978473981083531928388217510602
-2.00378971868895357292752692311604009730492719652883410380425958351763510045155049865921313313835368709075194482684294424837517383296916624958900560828309137540939595373422642877267 -0.00104549848608300364600142506738008042505470795136358021671391376920502102870008855351016851024394144634724229885008489885506242990460860548733611982882790417932911113889710525672417
-2.00351080466367265517454588219181436169510417965690316266029593652248696091079899158788278604992396843513162708479611274015321190441377171389206741935252832877775902076038234362661 -0.00130318133394970448473328862090890135924027036725886336455686381356146453306943117145492693779707077480599451572916927362418347341215955036375029584040257205100114586905640938357476
-2.00489864131147361778805653721854094047627032919890911253364010561667064328785838723629416378871985109767870637900840298756276568024284743693881048752588540364060922767927707000735 0.00292409589742935523727081229739269845378199625611143935070295412557387170294951403775074319832257258497310415895266645398527439480816996796559370249903824945969086902275730087975211
-1.99360240729888734888845064913642974101679413590594338898780034974449305830870071589486390288929963462727800888068953357248545741773468921347085154195599754484857599550302297607119 -1.13373265080220930905824565682957380972122815021133093744320525261498063045928494651047420465906827141314708855164317644534669206652865069870636137391755759280116662099106445048192e-15
-2.003488854406015316613680434893580247136431442759348255151467322594469449183085334590814038675008123891871256823133367891386266656010366229241184378059708299296864449048065026828 -0.0006723202805319365239061812167329721293723460613421425724687135895467845224881755553629036083993133820511122084959660934433703704766521651765641157054764418836496448417722116654675
-2.004707739512436412260552265268676707551249287475031363676390337117238851987436176565954003921946435170434788265531701227238092536967274550475598284040792539719258514954857799539 0.00252925887364116746019600070352062539073399820772766448912117226699046624336888181184059292771885649721448903100461079081120239929551560867950036116614389723774341080324547042705424
-2.00305962332801944662925163074385360981197753859635574298731434963524688774620087593469398627265248860464018844576675858412277491470180415215610190955732597177414043349375408924805 -0.0010678185054203927799174747191457209531871679711980369031392106287762090939298642233686281651407621299231425097521277555517231563295193849645661243274728196420199592959423589676763
-1.9940793627579515351412461113700084501648113310770628477327070890396352937905701267321859447208847810742711108223667323751609081149695370894441432809520831277774205153618143361856 -1.07826063952891457348420254181562218988627877180703073859722014946521689013094209853712288022083341442462527915263972921844091184338744564607358109066592399385660406911505557759628e-15
-2.00449368697906999576560481936938207062759114930487738529962676016269961691219432135688944160483059249696069394636850468832310339078263310309265589896403729446278018448063798648414 0.00215815661102855080123609783507318612515943236965196461206897614417187385811427223543091812708453748661288411720720327172383668187844522169522248102771070410676519016926981749537744
-2.00317270239145586489435057910641370262022917545579057175776348453048398140166474390363715593055011143318998287096712883170900418217721760476686111920138068344173215982051085465129 -0.000380388606845684649186972036547119211251248446450349982839312997204377882195733867321836740374867580171366561884546609817400875240388202335697025746745760833647326635090903390094022
-2.00428567483395681527397436666137724576353334261962940235162771910271979238269859544130542450731139302552448376755184026402277013657449414142507293881354351544257222837719276914872 0.00189449310958079043750868847046856740308908469596091170603732651278973360914723852808585048978993501374118284544453756596959421656632872391164890877146725964037566193854550497007435
-1.99450527974165419385725629061106202968429545963966749633072835275421566671222071378236439295085263632702702388050469513677636109477756879658135362061287998536467534453302602384514 -1.02224195528749578843922778896946860906132086715976606691208048212911684128827649802657988991406549853568141483077328759519189239362983407348561169345257900590220203939593588377788e-15
-2.00268372066899430746684505134280108525632207899664043822723456858939056138217857028759812666751740908949416699490520717863970303143948458357235520375113309163296645739024304138855 -0.000887341647967593026557625944348050067953018218079613619772967715158547133101153466288372590503619091670273035062006348908292930971020415850422289679303902118998924909774940090325241
-2.00411771137196904693057224325074508132466923641763126764377601140580759194077583491286163598842316618064289321328824223050543335640149888749477809097087840087781248569838146404638 0.00153769169627211041945413626716547875161890160028756377546337982554935335672834948643326809484158605629924817239129598953510389265223282366896245878863508062656341481118769164130227
-2.00285143823981369128920461630438537422052061855114938881784957126381486595340840196793690845266774560004872931973683314392282234492045667981282310519164713123954291561555353483235 -0.000164613956630703327157648096047428557073626605319245451175915293360079458397769971936384113971626381018231387574584766728644680939160022783458923783075987077641089725578126911344263
-1.99488713941888213039507304720663611609523778608873553626456764959543511092009952504269763443700562172766579967165451252635031955071599851317704765404459928176346516921472857724265 -9.66811797439053842745907904767037966033849459801331515827561596029522800944305037451769899917675271169347594419194203778093999310054089117909564792824005206966120214669649515531512e-16
-2.00379499272438816854719894530913136426702313596308390808508544108364675217977737337845175027703200292670339408770930737310889102853412648088505986165878223475627435961280405547728 0.0014824615038987143559767031635605026699793338928889929517345640245024250931903762124954316061756507448902415582787216368317280772532389328592348531729766001099248747074548556045566
-2.00382142765651046076072024695057632041072779658448972251066504013686787249588945068649278162749628428034255955766085188850698666360905321715173036966534621151692199897436895760796 0.00107751466646294101820317686943958775003047125182624259168380509283400650032817531351764606064290306882954705537876029981493646706300724211910095862323791165865458537480144447503209
-2.00236709083884714849283138084514545308247387340885271430693532416061211647125405322670688034950391815118353668393092296538544021156745882701555984385382117076997648887783088906478 -0.000746226421163212415580405363870029654558365582282266272015069348451128730291549305562434187354886429333431855560808798790107020761197261939898862890434127243834708410322145101929395
-2.00253434498858703097159064412815697203705030122059606223071799835119181565485509623635517266744585695967578768336855615583439610772991531142975695667675638534721585661515945683033 -3.01738340917207887604603528275396683312833365105182457605040817362034298769565875453550262804124437973453778998469987813128213501799746744530669113015870186860465583632968268610675e-05
-1.99523077674732376029830903382008736807178246516432358683396815342991226969993738073439276653263971629493415457749229834899204800411892955935114303369188794326064466458163097014795 -9.12766659700779151346254010166456334338181628883372722016733392171220112592836945250265872657760551411616256809399566751292795292281108530884702775968827754989450276126330522671487e-16
-2.00329711248753766651083983225036057090057908342423051932896600847900613759766069743806117186689703366484479386730707505725943795394148834379541487657274049924829269583621995298864 0.00120041302301125591263616441436816638462522808010900318520700992499136313688766019498930856964521503796491465751422619763327318698809495895841057502963160843248635383402132394317573
-2.00352420355043013426305875204128209755728596257682365281974275036028270682401538059533811715293543439362768133443493872239592960478638813180124982761055537022001317467453945890566 0.000700464355299753583986001926856782801596380916761324813322336028106538423360633408727534034491495327169866368964232324596962523975382388600671438626077988453813399393903927534096073
-2.00209805909190075680922682079195847603457334629236709841714662258165600438743331631870041018678896466016137128857135898553726343811109017053224772875606218216489530400334261257088 -0.000634020533398656724768652805365701563118050283455082293232572431195961221339158755749792739519095990524700556136875133802713845119512030177152669587304756884224292210509824657332221
-1.99554109765966352950506649428819882168180491020560557699480980864138371803933652994748081920901378661885505287246619078093877132933642903891596148630593684022764017348542416797125 -8.60644482223405520105522282631612404928910485857610502342219048175024718871105769252208620113778716991543926208804584207367659229252839879872901639709714996544861856454188205618171e-16
-2.00219462956806029005936527584816229371218080872641200508266092729194761671713637332559834806428784989425986186721125411367640410211860054049443057138771339385549627400153845446494 1.26731790244607651598024504286262623446136056683663988064966063210416004511178951753352032579476242082270135853792847850705903626393601855191368360586003583313960069054538361253047e-05
-2.00320864506001931580041857001552363911529222191803792753270575568850568258633714518609185342147479510072428893955645082569711329611493185245167979098742670625967720149426139231138 0.000401411316913698938594282731397792894025917728814323806533058203264737257104484512070251064329282679345533889588688245718298107529505531488797107387194683219513678591801430156876146
-2.00287947771531811522158992922176463479212483977068927034119666406038014047683982027023951031218218635487823356391366779081756441266899704000343986744953119806759137830286300676966 0.00098803071358735695908881165356413676770942329014336650804843077827736032156939704152846528990681222042364476284091635451514692467986607887044499392114927348965186807037355431878258
-1.99582225001298169892033551077595782173444633729780037995156600397473531701493426198936765217736642262465161101144003497517312656380880223764174655541983004092166030737540329636593 -8.10788575509120360237912829481972654360555877915560556684878944110467956842456289693724762715409337440388905745138533775913319161105921687838807661906627107315030051129074176586402e-16
-2.00186768578318324448936582344711269092719834714292400013307429240789953887775306684462126297014952937927391020532477059077710364308939201228521205534097002149965162747991522426908 -0.000543496559864057112598843645454358424064658741818597505656019568690010224909288724596829783350359521346110604673546676688294258215588888194595623467601895435963567293843822102789466
-1.99607775914840796699860772944982657076420540378791258642346689437213299543967103886869198361613844162596587124070981683776997115988840322259669488158325599543497681444132083629799 -7.63397704611347842781735508097363946346529541893980978006192685367815874072209827134824364096897509456391950968213798956504061526284798140039276213335346744513333030532837217528838e-16
-2.00288676391633910844571093892849107647356593821863352154956137280651195976747595824379996443310212001610682811413164225348594979990122186024453373011675268964781825784511525019664 0.000178937244523349526434434378288443699996978095846866831688117239284473196088958882522366087514935137353917267956504478992542788497226779984898989153287703280355856050221093785179981
-2.00252977481945918163365380508601967656817706592987324052969334984602839609474695469010663165689502890690647706039044209227423462379447480579336058018388302952120816006193850152619 0.000824267315724470248728418908103447503312794931092766319113045574167583698914418988669360295792811233670685571107772974631753652710702106589372495539576199595680403623400974232873697
-2.00166898896554370251598420723770978676684857168445608143567487167034161637993371581545460788273977464235308916178755602406609678620553456123579673482288211171837086920362435995784 -0.000469559735389430879276238122565565935751526191723851873296782501384129759737566026268088409384200340928155900842295468579915629106155942910115942370797497562776377221368908721203661
-2.00180775337196991679597521018244981919918552805116832846040584144866481403473551724245581475311237804596939748053275696698305369898637912817765331027988052033676838164667137750111 1.49659498372075856460280385317741839613730070321125391066082994561682897897387430305456263818659958267168610490363379404861371178028618393018340868415432256205853012306761513498218e-05
-1.99631063614464600569625996145767247021158715401359994416932559636367674343091901460978384567529997204304123488402681473235005340615821952101826202309942121219850396326731723078254 -7.18564808438546713302728395416929382349612393812420470569262060149808718881881033792427888798292348749297159878057615442556178420608226606528213149816303309808888213822337771326607e-16
-2.00256862209115493419523877498711044849631236925044129839859816054971137049484944095171866681826506955218752065856674701375022375479019565959887829829875396249852268569616410918424 3.67846492586897853012424964024156211064931433279360186096348233831037285211921278540091366016809145508302661736982775904560129153589862732575092487322314355428127289249847229560718e-05
-2.00223429551631139937128801807663581390657009530782379217699639333758318991040144075707938823132026270093632367148474425254312169121311528423580564383472188911201712760038014747171 0.000695553175124352474527539486128973870837707873353449595656239425173821486811728675080782881126683951568304069127518448704117497907731853425989736555992969465749845977869581074728842
-2.00149662934000782006924997713225778754104493145531489972983090850721828156722078361895680067245400239126231427918921915941070728365832978760970284619891539030019058226671009242138 -0.000408477821010098715711564429184412011136783139628165140796951856296421508005795732545565222081231845191542822235528794176992253226977439451503623505395091070556200002560111992288395
-1.99652346484141458074554956280677837327225388538542184118217327770014409045423535441559972768844448097814320621976705000061369703804004165793566630186163109984761868144909058416787 -6.76306615263811282559449950878103462853617668718455285862703972461884831588486154793316854966470644953171330319473671897318488563485135241512326548387115105576077026528293147076835e-16
-2.00223127858059439324195347642185194031302328014069849876295544432889732027467130565780685420373961401814571398364436790601118924197780363511862933276149707735363973650596878699832 -1.22139760411053600750743182604267221961905074134327803704707833914409250246262467323789593676656594988695361910380273832847903811244224360690550238894769692499459122740959444686456e-05
-2.00198253959614486367255579819343442292047089632617990320257551744248144951494812211587304159035026281891130811523909834419166129740989635869988820014694572523960053904849529072285 0.000592738676730178521389478625293659739594066859876797016483067691876385422785121505274068515494964287329950087534499232338289367445911423900620006931465040137559596653517062154680667
-1.99671847223719243934108053357031955201288226967457852026188772995521332787243115154995892460290963751458547135252958791418236496715172945930421413238071173654422368567373340329057 -6.36586089992821837889992155745359613157491907552112686378556198474416119940963379305186861911313564420409873509762815412265865334578327348214878069678222625417465061053715842292467e-16
-2.00134604540158976818480183532469638702380718301959150420776903704248775473496725851058279277967292596625499737426746490033235106027227645178266493709470216054307852634869566246308 -0.000357457351969954039001975129900687549668513660305347201637591019693612492513199239650940240062229227157792937422665973443679932057281905625436225861498880472579287228011007574173361
-2.00140011267921051501540633224406041900125580821678585320354220529689693301745441316478552845138842030860180119677785189503884353527383453462091724299514140425505834244077613030329 1.09971538312466772650513708864163284361070692366582701484052766745972701773462420555237730547068866981273323610576264647632601127756389598016195898701035492757461252434391572220912e-05
-2.00176639504529045916463633811341050139222512171489512058332870995191644466694203273454531994418623362443753698238293827092833938917193071674918884310030126452058410474278142361443 0.000509450460562905280657032155084143094190568813001906350085221086286410832115261133373921803777580993551907064011733844078385128158920243024442341109461869692356586564160396718585229
-1.99689758577754281195265069601092130937504470967131680782167631038247043695810028559133077216255852614639697129798270462550791003231275896149322671970269643890453130730102597173576 -5.99329306908582658279224174347828758618965676226821998866197123481243679345207476990388365291197285337980555090969893367300586590205405282290609901472083280314593687945788389805979e-16
-2.00121399131537195761267594223943883191818856189079257837892667206008388491885320176834204740042311172710416463872846201608413719950566880588274658529375302696170173979460492546681 -0.000314802398072682624353869880596571360435418985145012227260858190391437858815095393239797098684680014670985376771143157474058800708948217736962302667605048246924934327053440685612427
-2.00184512631124040729414889248761038708537335664388437225847419698272712095601448248135523791416627362126882957973704174074911650174056653790155924250302841936385570271991743596444 -1.56864637009843337343772043639298950126336190446842408489423645786076102014896926544134953396424149557755749682629250329081109161687591349205912841477558933312377118996514539554765e-05
-1.99706248023915504655487267211005137156019377576028412462777000107149160822460992288160650309272262059112207181081967948594738395204959635443799742232412941206927567167793380846385 -5.644380275911422666670495908020735757811305941154481226300751738754719930670143061052268791810003892341160715740960261512028303417365982397861937994892294415735199142597839369317e-16
-2.00157961693139942549056670264190277633382459645311118848634409113965276625795018889646962308687209940193269822888891667155649229627861141261429633988924109134958701186292162614829 0.000441194828896928802576698927419353752263422204624351912463543020688283202055707364598755440865981202517038167840973575606658409314843092179485078320744859462364406179959745811865854
-2.00109793280545520540250070793975129415008657909083675706990546501269459322227898824725237540771706073586062774615473470567017475316512315714726440821699590571086986392488649797268 -0.00027841457461910300794524131009229928079465876261483566679946320189643691599132775427541233984098493547448620041684024860319491107466258921267999580854815129429532554832693529343807
-1.99721461630533640928638287437330720777022916067215004485387290964668822970313270719608070158755170008386778539417625270390558942282251499777410906223471780108444398016079946948853 -5.31798994146961806172846755022408750801107046361197126993359646330214445484140454815977315790981224336127394780830969846539392830058019967410211188767421441395924541190665502728966e-16
-2.00141714115308596779859545189142147684103819337723170655718110433066284887852532322948206088254381151977951165624719742105786293012532767475767928792025857451471391687500805735171 0.000384527471811690074991366214568346203985154959676540518066275736107091679234273655329728290631202188663095836726256925797088620951030131831823114497560680795245302594251067167648586
-2.00099482857101193911731998966109977540299489655146123279913529185756564731445778179129463931541036322155648907063693599864416323803541602406453557781829531409064844334561910954108 -0.000246949339820746331585338163932593180889742127719017657416239619006325077969968196129767441482482583864613602893851944009082616487331908611538452853340514791572336309323288365927519
-1.99735527246742456835906175423233665251032650705246731846657372169212221046311903645774046170695016189910586832458695762798456484123375596738645397370864155603349103713275414150338 -5.01290725539902572338633664875620599966224776466987986101131468024845643355265265632844967177713485655391290981174911403354594003148180326878643780244997517136144917873518682403168e-16
-2.00143510576211560058462945717667180333210999253266719941933971938235795192708095383528984683868713259458604123528297788180667109181493301934288917472908874704129992513914655068004 -1.17396747586743705729520623869443144212830242140308750890313017136308409763944215094217486447768456974642312053972085633651434486925735486617293651436024525306458557177821422778444e-05
-2.00127500137394172374038996685262404276493783886466608230203643004332960864543459970287689011385268275189126925812748509347697486543827684030356565924891555832435717411177071761004 0.000337334351665636927404859577841219931400615705855182600882837316815624115878992681468258731742782465194127202686239258169093442217758840291780558826227005339733509397904838335546171
-2.00090270556589285775394303101907957025715601935104396059661172605653999491785834059489991592524467158093549032225849682200826000429078315218074087534104761307692534561872902592629 -0.000220383327588479609281476164979541221003997219338248511892136788323996495114736784001761915127195323716637113669428478661131501729561392471223165920360017259282565794220027473951992
-2.00098103008297032769431753372868042221050500896909544715744453467977044945613081503294607544626657846840959063648749524478187937527500951089107721148765973024432532826081616938879 6.4064253832324344359626067286571198321054521948738765491893176509384589885758433021435437805125821492693435667384650014163278903398334128799779082916684366601022817760468562798497e-06
-1.99748557153497109210986431891773859397918196299781415324807543325073373884640889245562647210473294376738880144220246290124474597067080219600886553414630776215410914397607102665012 -4.72788426048918149849692241485711359909423441551001236114727937490740699610330604488592388721763572979620655307019487787974144100675949118780259875109812491957049504770707172336672e-16
-2.00115044220199742473176281186999397306171227319242439897693154838254107817458131523169009233543987685671631337209404820497005178297014543712298403718482031859207430823313422786172 0.000297461816143334884574968762075087618172577538392697324128397991453346389662815683726912732570650768494226545912400903481745927807788134828660646025800414837232781841729227100720659
-1.99760650276768397934211280939747555760368901329613268574140834994942067171814325817395723317168950625317706702485708261812418268567452148761193175384862849825313810678953912685689 -4.46167473598274974463691196958604733074175940433154292537652162235853221993440889852045473200616995086628765047766969855899531464250498003483361912134343562655655810666829761326608e-16
-2.00082099403298391480395717696729027168019130035968366133120129759568510877301965433246121140933679795937221784522039133718005660972558886928162068338903093971494940093257214524683 -0.000198103246241801218598730206041229512071140865841545213934794476928114352524609087157880040884039481911910041744170472356414671889724002726619777519217047233510512696135506460621278
-2.00104027569718409153446747604442740204673071716187470185649281809763657462645970306555443202064390719047424143879222666084851126129056505893309908561496465915893234871763515228676 0.000263132393387411239958770545912321352361345142040404778646698733504876479187347487302297765862702262362236184824942562426711415488342216249429149904685196828574292598219871217136297
-1.9977189404336579846711638902486386420697129520935449777348250373346538269027243475896433578546097530027926880870829306571332282433874676424367881504693196262566251439977003100847 -4.21305845383131993669819485112198250554751746610958175767434077881553703073850875763011694066754065612084158278901783781787249558945488273146736532420094200818982852777268863448269e-16
-2.00074866694799395276104972075823474962088136396983451069716069776988397754249401332614976729920959073298770462110158813392558348823354878253370167044873592182646588891730739148607 -0.000178692159755870123693766416440176672146586859740162698020155170857519438724912612863754679301191874203743350472573321587519476754136795397995447297828120847935865681993192686684913
-2.0009420683597126959538356274032215584606328928498155474294289567705103322237816086491184438612981689650082395794467487480314910479766965782250345515924349882330542042113602777012 0.000234083548359122790933124973474320202378602018221097586074874416528998841515452640295711389426147061097309311349206678227618201270383027740915939539455774116291540167628383978661473
-2.00101140888205370286552092105365396678131645340801829346709680400950950462242422357726554899040214809591365830701035597024157785919612520185388507540766282638852659224315899625461 -6.9739224734035659854240127017591901135027868548860648958260046314093851794855678909917233069980590926634367186236131205088893307737311739907586638916422748595215708867330396122568e-06
-1.9978236594363950398300350765712439586309995159778216826606901010866543942757735597515099594936421165502316936133049293164592067940461245065122261311872085862975417336450944246537 -3.98085752796468240958902057502982097662551363621896707310121991930180934001187543951760572148310558879025779727236858783689789911378061545677042333133936943643626958369315253814479e-16
-2.0006841974073431953646539346688083729505100872624946876850487126481582844344591850314119111744242928018422964173530150428854612440058881258826366940712670185153221405119239592496 -0.000161244629476321635590608295744485311601983259106142669231096858858370793714486543668732611704723893272452570015965050289734669099171878571057300710985402101665221959276306834989759
-2.00085502750481399132074564303418633571291710077322644183999441154700318755633251744728918873970128372993360182744925891445778634085347181683347902064843769482775305021931849456201 0.000209802430575717571763196261907351482542890745462068983628733993740174466051421247676297638112704829235391136797743925370266847596118618250557143540056029440660388535485227237481801
-1.99792134852643386421389412533152372634029928964646441638762175454569634887811118215996783364117775532788597115205929835066815515243214551209054546068218044719200358959228912539524 -3.76394691939015852035905600637209826054692924053551936956895403586339634753867968591786275246055930705695510334479037435685324414850094722409577336423188906458807964328174128137894e-16
-2.00062627278011123008661611458431453373833102741744940455961596586916772285689623858712998945932302708563432692698149243575218262713566791861178635204510572661131521466062003663794 -0.000145387362820318481818978173925875179584339420000774435685196586355222737503835988120685801071708732764152641577900463083909437224552639010431174144836573186220532088234481551847549
-2.00077814204244274844151781320676611738499237849208340417116335852647798083974780635175027603864879761704457520693867155578869848701856721924983037742491597471095282377409821356124 0.000188796237559119801126799250624190762495985205845924366620514549485773392673197331107252652793718838328746234178593054272035077920569281676145151040739653588007313120791897099980371
-1.99801262151379628748210736004851532762094163766593476065514347416801189483266624976947304671433368206630057184439653277359203073742687994719312735000483342133840045588294085548761 -3.56126065653479801032544782611493275455862094544151788788108793712577927543676532379435088316581398242470612979999699267024944421530337798878992043356672873854140427987441294233277e-16
-2.00057390448669436387913935508542327799267207132641495073939278372828860166133312612976872915339465132636860078187628361936556954160919433939819061869586136764594467686282915527864 -0.000130950255020768274910062377306926484892586300478585904191484912228031191628935259282770897194245859510164673332131904575771168495138115641233229101916582735901893682102813607316096
-2.00070978265763932562363320900101354091728158830613363649991458176348261530132125722772997576451595469714409987874054213964359464248782950574430279819036324208287631846500785610441 0.000169996942079978231246619144469495873413179179146878356636697873173697181104370387955893804051909039188988962929367105030764576682078040182103807391129523504375585652085707218799086
-1.998098026818707216539449585477964763350173640135620254671949496559321073074468966453693352029368039221566028565001733477945394930944711250347198416369890151646901650407277226627 -3.3717949460041858318595653921669068149989898659997307436451190708507082819335179243959804918840440608102114306296207512742641755815153750468561237553599249205205452665819143604445e-16
-2.00052634085666069503272908001391138853723514467966512860381896729880436933929885853667363886235307703174599576474561148351229209497374477494238156502283010803357972148276312766962 -0.000117820808976209371547530409182863110748522395127466650055747503121897493063163100699903877008941363805885811845339065326512679493164976774685169688221677223220334616899216647601966
-2.00064849593468647979420339388197959032976650110354503540109139992145099957162154438264056188918579188987982140198141649130051661136879892098769754186076929802459342680638810953046 0.000152950152401944333365410199528152956554617131550387049251838201512487183903684872816268539499933072943882463401942386118922801714350373063786181363233167881280771982100552998369356
-1.99817805563546269783864213978041330985855280818708176376529232695545745803776111907170080569113450287883364269341846283870234012285643972358187515310722654264425058172626512043396 -3.19460905643988113220166927998649118212087758230857177938860728488753858145760272117243978975252215150137932526007201951570777512222497896130261603726191905901933808767017133894042e-16
-2.00048298964197923526095744566590233919190530568081365233294922938457422458007801714303467698653477979512226005356419745930221844277135295671049272853581049252637868095787980540109 -0.000105900808401908024905863064698753763437078895272608234127612332522175248121467406299322046066518327519651734053796973882638310431449183063495720645021188944484174893133504711303438
-2.0005931842884321906741805066689026771693187388792055253151684448163748935174905742627879323311684660215731046885800345884598491454770154302574216403955989690646255213469916370283 0.000137453612793983089280886338717768752374494763459500920471892544853359986830746558476397850143911292040361998634686995334592243700493957061267416426651002374698032946429110561654138
-1.99825314893433849652287403213719250993633471268232261138689343187442853917703594539654799415356363532672479212508024802440481325907415236538056719212703402943038528415589769580899 -3.02882463599635434691463940750646876815244921145755673305788487307841318316735206263833808170262922524387640181024405643220823279720346615927035586960104539862963988196476149722072e-16
-2.00044336893192161807594671720372136370024788330886655514205927488994691633697781255757976604884032688683333867641048366267577800282766128936950833251179077716505116867582918078894 -9.50960197942659684091626321386675865090604432099089237252419099208587708462075238885767464948803444096084334126583115764271404472966053285531044276470689710568077970128426530309499e-05
-2.0005430184066618947530807177645782307077718398526262011625345635361615578828596483577771686195475528376349742164033011279139016362634439655493287626447524203227662238301970765596 0.000123378883242328843541268845126305999141627942954647847482349479071008649220713578213087013265477265234141909376096891096583647881151972763838069308535111304876947683544419751074377
-1.99832370348632189821266951372483076545800313235836352201035222090138042046848495374547331390164773178822541415053439407216784528763400856087217690817480131690806688072024986527299 -2.87362395554028324049556015681393580451640611592408828914065476534603118122474307502988502441597067338970536850165116235531812394632563031053015463828441932022312590762742119513534e-16
-2.00040707682976278002803383009179493262374114099471792366827864750832821034041913880418676235180365472729896237634149657743578966088094630376018426359450735045836359740394693823897 -8.53150392662277759424640981533361756797926881114380985535592775840354526276494975319630732419526559385276243489222932400781830722019543529547020445995643926427130456649784437270348e-05
-2.00049734944159668472753841134216519094003253100192007413884212647282010627575874720418532246395128663800399299951962404453753778604305242245303863424770351878154353609565827108369 0.000110616544867036100245440186368226342513875580010176263555201734135768504392659754112296967341966880479625692911123585063571040503543629095021018416664624095425016133422008377484092
-1.99839007706311411650741758546882453812944569412858936056011389397643295088024270989127841172944097402507865708710944934435550507678441952376411158550123820207892173965737501348293 -2.72824744223052348125899032434340527442236945303786026686413236405240225181405292886411001613858694299938643653947091252842198404079975858672475525381887435445016891124987287071237e-16
-2.00037377200233917672268587777263735010490860862574239535281280591009948669337188685555730932385560897172336587402444808540940528607260571707058756792629580179218556432727265078743 -7.64702003051483599310780556931900091619132404766842205575769128294414214479478217798877094497738589059270021206783437095242556004467342956846186981602251336692572221459527376638317e-05
-2.00045565258070029268676175671250372836542687158067959205462005950040803471653685149470557650663010556156212522368316845191631199059862977654376505227110848427327967235082595170749 9.90626605909448659337050425694742040762652926906927588965420835007900683933085697993904165460684502575603147314781221564735979910873600448272710358425978946713922736818247600119193e-05
-1.99845259293866773640482344494300132648128246406711276084589656371244195047278267836222929575192968306166804364673471850870223132405183919243325148289729391167212866528553239264885 -2.59199077187732185169261173156188997309930385467331057862743294520989026906487648174354217632322834736414714155382919032659587361772739842487543207652432537479690097621756416998874e-16
-2.00034316057627766854487332353964985798224363492371524457683037133688241591648907168206487283187511949622183700588520612723139379351817567512112744026924758492793675338783829131515 -6.84785887031166134877057634652108020025142980367710144838554008795084695494607009682088904054546617589650893566799500230483909634198786886053381209528777430062938843273162823433796e-05
-2.00041749227100130687015906073521584168756874859210039620778964841637915912568255450082779926954776927559834453534335153026196899410847335550509848738312716223845891184523039471484 8.8616834202479578486367773655994135718253895938800779643209114278753566607318999934216071943559974883093884619898545195301228008078614027802066484469289977555917615159613851876871e-05
-1.99851154379723243025826919561235444558749914344132988557222312949793508534422791370034913934917066224263527334503349294902340509800965526050180471629414731503792504148918713272944 -2.46420171592345645326288715389153182229341148506820524344193918993058238322900724458064457594473406263676930183190696498798797928235226575402122314434001263029713536537890677966502e-16
-2.00031498689209813451084872069708598477571076971199223284583093718536103483711873722874913231125584496806924528122133480692593969740698944651690371119816338516990156945750772670877 -6.12627207493993500292957657459684991203292661635438858237832569132257934277437718498005103015400670856814531497842026709261478427423306759130161678919163691534432495158159782234759e-05
-2.00038250005436672877501112889649830871237121321597567536753045636390628093761694845605846870304266883971618230085294276671753300103195139303102447590638282224998255039356915392983 7.9182993830136374086339406519978014351219722329018795443566330270154038952528393072638554453081008712219253437125500173232925564278304805664293644535555628855539861461366361724556e-05
-1.99856719513549811176966117203982330243981055114879260905780614630547786026763571365379057808168802514140497323338966221564743831530073881846613483013110738550595793323334598008251 -2.34427688433271021072177671060558380040837568757590052703110237786991525325989535132297828485593765477297475758538858918222147121686184877504010760759353687708945595015521609175726e-16
-2.00028902671629250265262992135368557325699031610196124871373636487505314971884762061138432447937399906282582855669651483269421171129970832165257617879552941474807268713881243918513 -5.47508654811319018603923973996427211080040387778210782535560671004952833494565173524234777593510299627188757460311368970355100862776029314016130864017153992849375214068020980027667e-05
-2.00035035973957676499188971281643352891157712528438070321735363784674744476737148966826853141378791606039919988819578365998133528128911429050032787009139023210441778851313162625974 7.06704299988721253112421875287137893233684420977375815398175367149834762890586660243153029403264073119267511787383245925691304786803275858980230000345049379817755270884198463932953e-05
-1.998619788232174953944005643216955655243544325402256484805324316711364361365828200129999470617306278717902475910996437581356183843564315666013176936645042709868372668095042308952 -2.23165846476761489380908746120892284390013045671254519541352801694414879021996829459881027268527955293125689185341286156579330672079537246663654783074868923902936119461268807524483e-16
-2.00026508209145700902763858697308534033164165840083386004096463162708719646002921057240587127334287353306931262068122539399861507886120367222768368582004678795651042759967717855924 -4.88770917278940937288188143668857188736084895474831495249582963639822081835253585450739535056578796969943699893176611448699696202252553037600487291406907593227644334445961634872351e-05
-2.00032079700988643773687385713620214960102563796071164146204544977802760468771140808560272561138784038443225222968189252225165802788168443742421836998676247390434381841035588494178 6.29945049697582020018054951062103003697222616555441499306875878055337123917551980870642777032958276996696608856931053746539252901072305503493238759317161198704165122900001239274711e-05
-1.99866954274662494508978283137996108229476816111263921931850512112317845456967421362161717570296787487089813064364065599180452188706252298895055321440210065308574485605404987222825 -2.12583102788319195806303273117578525128080345510272801432339855025302192229762395921019977695517046496171030664027059084358251720427809861793374747312892580174013608408179014846271e-16
-2.00024297732275775362357264217729569234074676296702680314715173388395602860848790801921329645694399173152371649249234982022426790527628239514756092068486402272328762201834841196098 -4.35811267825725828844898095813997957928080236720711602616023679416011513420778157828290125859286810635933846400489655903043477958569597702503635079086249510415444016532007302923644e-05
-2.00029357184014787754456448303601488397558820367803689267190329197243908399527798410899099521183041401090426738855186011365437367830662111990843414908657226897488354897858410350903 5.60769841722625318523721497942907039780548181627182240982261243345639473518994743067028170328894014075192257091489392066454296540015624166462673421757285340066082258256009564350526e-05
-1.99871665899847727340784821085078334150671472967596868490834814722762260201658683705693936838874050139755500292940637318286503843684722865581034477879485976170742055219471247693321 -2.02631844584318663293054180101987073863857610784811245474967367169988438028430370491487343140666703296109281184347516761442693896378545253666846261379903137245739615951185077676312e-16
-2.00022255578057677974196501937893481023454501349366785260646691640830842125367566388424745918436132844614720040068209472321906138878379813676826282903127841135653922350014938285163 -3.88080965581308868497652352957257712385229419639903183281259203269461597912569219559236413072555196688360086281000007990342424636835454537338372954832635553201103815352326180930611e-05
-2.00026847277572480281607240195702694576014235627016898953530474161828325942562256635507314636087363715673625849384882162482279908491011055779554691305477600537925534589358427154263 4.98460705463380419825215134716447893484995082162500651979747173109091207509899731781310102021109782483725484992906833706287894640132015830772528145187068495238369587239562230920472e-05
-1.99876131997213591354723153165881956813042635236827745165735642820203599201724168050414432596480111033446838348560154120376405969994553643230282454700800871679281921994492609008124 -1.93268095436996804304266267583037136657992916804246130215605033483431570080907436518803200748923617749032223004065648884958345694957851533278718837288579786607009235168136553710943e-16
-2.00020367730708639607697642357935816777980950786146456269977016035421284284782689907243188045978744121146467169259521059443715079817013365729706653083683435055819722443966341171191 -3.4508198082528064794471343456718051982535359550504781054963952822639472393899103334231628300118280189278205691108667034194224661225313882848524308153085774450975088506289264570653e-05
-2.00024531249611624968368545416048688835882238743412606693088925817713196814990061253829985758161399949106298415540697739438244201728295502051400453438453125401387321112333470206106 4.42362352865794393748860393215941597705679358756416280335677024048700107495777867349005075553932887901641862433608850512729984418864708289524737947475647036474144316929122102836916e-05
-1.99880369308341568742040890516941713925496198172658592097568378807344130952667259594053088837685497454610206050011962781292202903473326738598132284916762516566765197230636359628126 -1.84451237631766411380373382037030674724423960795648848021367719767473212354437739567924654750532459516637001602479566829088267679334408570848108641900672562645241825969714306667938e-16
-2.00018621608116880564064441978065647945878073625625820750594783378685753444503602635177880255437110145553213906821025173550222976649990268967695412637701094129341041002617135801951 -3.0636339555548251869462254758777651391554700355179337907431232213937876744978047745349217842815359249987366712905648316601805220118287329513425512034542292406232468426104251085051e-05
-2.00022392429683553411347404710103936185562823848169553264707552768002835831277643506350665272921126366904746200730203507167487743851254963180325669010449405860955814068522684429911 3.91879215069948362573799374805844705848364671626712447678366603864049585562786864139938408645419611365696521950374066629419123224071686792571246871312004058828988088813961427301879e-05
-1.99884393173997685638456786411018249419362401984152245848094385857330126696832887930256418940471135836151565870381295757186380097848525711040687805208330614045326394119691771467896 -1.76143751580798472943206681058722873315900167921969747140339747025900164993583076048211039690901660162593820212270188268943630586035578631357345388325337592800946103120836113060112e-16
-2.00017005883880981617618794274278926702722005019360454898091027000141375421516834282134017497293489046937558526002055873035215261087312875332712912834080197012859561993276831405067 -2.71517715879149810186414215459921076565177836294306197405913976875617414256240572121412735173081295729595400197616992027638097291683906106983043873463179866622865438920111813402256e-05
-2.00020415924774766148900477632786749943751310163687068026904577450900188196231592835427674022428407038230677869233252280863472979338245276864191412789524695847111806243585149024894 3.46471769002997437026004106522756605789136635258219970507602484681485910875652393037131238773836564777491843779817985832433032255035822558084965020644311789547157518840605070110938e-05
-2.00018588386279376254828206600061871824131517092071121300967252811252395569946633139329588239288492155006589484379176161916050505657103472315845042333629497915906488096633901127993 3.05652544761598743274558477425965117249091245341747558928392088521030628631859870147169661286830453081512725467155035673821904410420346665344265191084541763876060031224315288351938e-05
-2.00015510337439034789002092970640842259427510825313903280504857409151499588631941243134092122785267802069368778402057494953952862800255329571487593991032080040085885865870629723626 -2.40177250338353662422187062771079927305755572915507088167206250819547328528573695645171960711432843452480774529939857292009739705367774340329573573013170806793328618207923581300278e-05
-2.0001689781649980228121150898464316082157892916628674745711092812845312985309202084012266202676216717617413135426016279944874414699081297001868076999287765726887860792264770524111 2.68982079935402625617568716192024681481847432771400290687404558177611084693346312694800169857004676013752511828749463577275786251720240666537492247792211944089159934990265235639474e-05
-2.00014125726765122918944320093016595851018519413478765423244425902763560815287668459669002891836293028745861240215815728293775176342913110455785615572522154513595804018613335148308 -2.12010651967561328998064542269899752615095068983771536098970866700051582636168680442193705312082996616027003470424709114851960644542270114296637408947174627194038559449262450536674e-05
-2.00015333406291741937310918028446424070795915387245342302842866434826258912564315359664269393291415120798358898441033649787921085099416521007160273615370581039384272844006182868484 2.36065002843224221059387054450161129104306486420857846669767188614268032913890795840374483966989560183812619357978556761437039549864664829302745169473616685512539027463973109179599e-05
-2.00012843679478937786507554289332870495897530871426374205018540200178835787714525524907475129864806310971203803419841463388064596886455932453861516161479142177940045956425784719684 -1.8671968433320700046285662716226107978345620559658956292991457616721153900704132398059050925007153689503073536568179323437834234487412543300039967985976442560549305979863213651233e-05
-2.00013885397643021890729390885396989276286254054716972711746546091962822363120332951973985584048723534843737711157819264295502274531686253137020754203001324010677838231109242940224 2.06546377083364328832487772558617735077473200621312457839804317256762967730160468119504281630057425739073099624030372368270592895818404107312585365043816839699926280786379970822734e-05
-2.00011656599222355091313991242509503797716636685931563359408788967058352482887354866476257368472048869521328526439402693423877662655856655934415835566567687534714516338586473990244 -1.64036247533551821922679439214848230043616647162070022777667155500358737868247026070977598685162856188474877680455048299300326091797929413602496964417208180216924116112414024584802e-05
-2.00012544966422104000916674903297798890351955521483587557141085310042385317801268148709929223659284798490141563700256109556069373378047577250897718895838919228605057992126150574431 1.80108422404763000492539353719803807126265610320903425687641505609387352958428190989920091203353737533710272558913604639445207963796460166145387814122969946433208895372446277456716e-05
-2.00010557584946028308642267686653874154001737021875293984840317006435446929395613782336494558023412880483950024390141518534072423177232604556162130093473793135451233336092083345507 -1.43719684551531059189184412410442793304345542218425298728481799203300751114830848552816852271248601469394844354287656192759203998295713039151687789579441780841858826139535100432356e-05
-2.00011304121345833194304385481086270601819574151052027690496381661511805624518457451739827456251647698274084481891540015963697073637605059857313326600269914882373608857808860789785 1.5646774351713189494822355687854092668443723414401805902896769508487915013373824097431126664066943021223269411014094565013258570051515171469290255827196610007370878909491291854217e-05
-2.00009540361427963062940304514139238799138010148103157937791630193319288286592002815788695438494502464215852693438303991395551306724000285601911101277889990397968614642265491394913 -1.25554376393351848756909252762632267044843598101715282094850231232622942318066340854927050965689871015858659668662634999519630835882018088960282023074502387983095824162739354203058e-05
-2.00010155615210690829418495890072825835162270051779115171666180496463255771117520670070215114275422477066720953379371045043432186311096974005760506813005320269751148143308173842396 1.35373250104291631743217532062267161241172226841621105380637325356190847697578833312801794799778665989302085939432576909329089738585976768358179428024397911131720238006844943636848e-05
-2.00008599220003843429174049630126244118004279708020327015600007059243714705156163358460799737589209292475550165243294490400930733176980095408487688002976563676313943416429484636222 -1.09347618077398018004260285223043615893758733402363910226432320581365512007002453364422497439650078965662185590719551120532378534593775088812946211330747435306723275780234941605913e-05
-2.00009092862988343121257909712771007751296269807701512025285377345717086427692633065797043140726249790666057152824680304340142756531235230567971601766982020934449803415104113137096 1.16605015012144320476126754384691501611276811554488387950058867925571054250905348288322285196383054999223856538033443429643016060914141302405973392870642210742869164564696184666047e-05
-2.00007728969179723787458128748757968649326781075156687750389565282229621591267342678066957958871126381055108666123428708956193116622082488575672877411745388931646093062610693564448 -9.49277316006459112297859196492740207990606734896937384832644496842759920684384139965653004109796332006275416602508848921178566975073806752785948744704306580337990883809275916385953e-06
-2.00008109857377240846804519021017188734644474853010437143644282440869538816413597659454238273007452927317357935253474486100294823237252432030962819788304536363458623670827432926218 9.99742744182649358115345518454544294796921312702148590596691629282600719258447188536815931400640468789107251030286287578584905266205891330380431909120864101671008337849853184440526e-06
-2.00006924895456344690062158863039068462676896086753237242906017224021030979874852680496004479061981123804428195541647294831974141794170613241910371459540816364763852550063533928687 -8.21422893852640207751476688093842807728726251409595020523599301086535384979834856537852846389969176833081956695725029154785560203062591118209032581197290875703727424722525371039926e-06
-2.00007201065071255644207944117579803666497667389884222978852945389095562546970207684862284841209191922155407267585229196399846465893832028740888571171729236776452557476023404199586 8.53242476067375707755991535436944158619252937024346260835771102554402226349606910726935998514312935082034306908154957590582709610510879006926925684380139313907095334843499570416467e-06
-2.00006361280429976942641298446454849814997552432849001383369851779192750457326955806590193849017739663846456572436951591084911121394490880401498333354975794297581973400873786137977 7.25296482615344041146538831582828990927871320405666270765338647825920428384418304140482228709247953676881299217062849040790484596298653150365573098379573646930319780166332217371173e-06
-2.00006182734917408940220392086963447776848858237821574148297432019913209761959634998883578800337142855796417504110723201856513536708228374949209228773640758361801459700913814112891 -7.08561554347241901771090027061585230246619785808081138019375373651116721902474503630856871027773648778571341782813172268429479003015803070529710257090114323018834884459777437745027e-06
-2.00005585427278906178735379978063339097356291016154099641814467233075643541576160073199149176970400977746646545259068015425329232593794835164517775756656998395436723957042021165159 6.14890459978851350048533897800145992409445975746609571491295981874823409454001099025577736726299654707259021467574807169864768961156776255076412435881818616251301418544460415180244e-06
-2.0000486837301028566820072713625362092865355561225395945206918615311608403125358186563551720995309151499676968101528342167224563373953443398359604451043117923335274395855155811032 5.21013619144913107331264651867072633131613593767134343306945082427544763865647046814611163312188021983250497751047550479280078972779081349259546890304673225118433549854877798369001e-06
-2.00005498654819030240118792046771393169277272763402871432152313612877827468596544917439212539842364157658501664060825787951404593942285996086912921757289754363352561301064435384299 -6.09487887720579076992475036771905285279629415643495471558588095346818652895880228796189192186379891816573993924602111284934751680030425617085745024281110560864437407009853618810471e-06
-2.0000420494143130624007632834705452602853960906287683697948850468945838238627897530146141224920602930790137633823146388306791195146729462620966162956136765661877185237751547120625 4.4225980206871929606046310663361861752439098812693920361582210888109319595098428940947920079547300542228883721459784495702578784546967848793342922098875899105770576688350412707195e-06
-2.00004869239682718263747904846113556131161273784888223138463534148339083976290729535458544718456418576933928515459536096111918854831685712287758900637868760933383674344627656802124 -5.23100174490816936952164202685857330091355869525689866021937441250508700202511658065549190572759558023326099809131592297479270554524757913502970889875566952225184450433856549837777e-06
-2.00003590285863861271282569899759054543589754621704889367285991345186029232554496749772889418251740725479824077577643121666592579087228651864994098882895235047365731745326001033251 3.76509012294166269387485734301035321563206664000197787254850169217728672150954529407815246783854173621106392325339196808930968134514278431865904602608556898696738514041780657301795e-06
-2.00004291467303159097979970251397714549604772140626792757062242321412140716122549877063692127822904423022325907108939108572024813071579047719388657420490047435841646041476509321083 -4.48337168110892202736882710952081482935785720058381361018297673969162707775760793065813687367556488174227073384628633051147084724915209149301719376362747099059662627356198409229106e-06
-2.00003020423282251740740475820139469984623949205817470142593637512400966364107331525174684838270783896696709964655069408218986896801049971297445850305532392753855356296620142290943 3.21046106708388918784663642097371792457162477661597964488274064933712665568691424928588112913738860301027656760129399295998019918769255832352237703455993903599635971883204033387421e-06
-2.00002492433188918079355819913791130939156661322204455822751059435541907402830211387296430440915133596798197705110464071979512720324006268863254156264664088453380052329539809305307 2.73086266150497247185694605797484460674783259387412215147403122257016674499970635456125010311379955945449756373812225194932217894517469070436696780379842538534853946164980063187039e-06
-2.00003762651888223493843004795560871632656390409334736890903670451195496364573105598677654738232625470860721832470186324240115291647661895022881759100140300854707808218539691440367 -3.84101793693543867958304847827186988654415798553607794282710703174431132950095362758133749570287465113162376014159072623782197937528299379810468674507619902763985062376312491147874e-06
-2.00002004105765138301445954653042937505818780089013957437576907417016690276032665473384028169478491004988508912200655292667604871102263385602935840853742221416970540654582448985551 2.30248142322453014935458129173893036654401912318923219499250417745792247882729033557994330478514654507898997942908500453631403820283909038527772117953091884262491430104835227221866e-06
-2.00003280339440197457787120646322013563881386163416622020066202563124901227232051497574769458249141127627592632040765901422154764025700459950906414603500145476189133028623503685881 -3.29203294412945174371703396492618694154171030738698283536948333365500242978033296333448771964198414826396615037461226555704775871408383164707038162629394009625066924975499291467471e-06
-2.00001553191221541648672059810258315194819582518252658030017761219815212291599198969273256304464757942760464502146760307995166360301359686275580580100349936485403909498741296812035 1.90652942851614242760080138112611865910843049556870308086200144890566857336652600978576619118210722366414735156648726005195848307029639506249609627487338935341712088838453931312848e-06
-2.00002842174752882094636565906311392075810705424898370115558371358841632290107541308502981716849223542805182936441767524449560735258113708616682750604125124174934629747018961391807 -2.82360174206836393960977933747245394861635980061310513481871939139392440458209908009008003793999865387716763179331251953199862907716250730315045220226451388354187391981123254466674e-06
-2.00001136023349933064738967830950501435284613683165699774055327604018171933876422819356847461489823366941170588558826107352542416037686979392314979555407646026298098074792356868555 1.52641734171075073948313864744497963067077792571350600249663567919601596374390135957867553905789996322398511638133818003855384546656258105346036775355612597368822742367776234716824e-06
-2.00002445795023630337201074791592765783738547735686443649582690218584993723025139043692245110462820134385778697163696770336216719807830434068429646844987739009773537665519320809543 -2.422763896362144754327721174989211296136995872314931899010750909140158541829556750082507440083808305799781625841410395046516607879780141004239953974441508291855857967348470209373e-06
-2.00000742430553429870478055885276615456907349528717614561093835577158887864737928695252162175230941443496073734406977482882968773263860340844068396648061331103414309188125717179851 1.13805176509152998913436020081920862545671066037752269237507254678472364157708307904747428206830912927366055590836027634959050990484370750026567670215268561187332659625300508038879e-06
-2.00002088796086127980572938222074316564522696046722224319624952621187005893527357536939573325909578742297448761570703357097841011877280337816211141959107613325574578570564211488058 -2.07750625112081647487989414393167872609678949088662510956751088910854510808531355157320285215777085962854108581367313865600973057997849657266547656717916604084845399494249111357746e-06
-2.00001768766544379260610077653988316381084225886692515198073826374824681129138782806652380847260690204544216389177480272716476416988329290428956901812219690881312275404564230078355 -1.77760047783659397429861552353931822938931598152831149262129734346102001859865704894208154230891102414018965992038948940992592236452210699586471249070553703363603266311256315558588e-06
-2.00001483347933174714364352001705565228833886236736153030497032572898301250482658173153910620175259097433956086227103675593699091526795572902362456972977573336339916342965933245353 -1.51490445414889102553787818870501341701231293525074782658106399877718837654639739134436756888725486301581954850356144856118791337503488707462974178665991439302134387396939778471245e-06
-2.0000123028320815521302682014609647742771373177749305227619007704644798192400525687293961140273312704976654588729006385250406021147531605233703815112706007668622580426672950836614 -1.28322431962237828099587149440237708159342640243603921220927954338486096542916304919752135009569598125616186100138000516009921188638334091562551346087713518807393601203874162020532e-06
-2.00001007439216044868248919238786550710044592692905263513083009419710092671717328956723045771038985420920525802165205462773115624716922617560138683586678042002559951169357402541249 -1.07797127225338849157306714091585804507262888467105221181251422274929100673976291672464754377552566600816061556796289805719863455544390865340104762447474573496235317557476531669924e-06
-2.00000812805664551060224340699825870417186353881607872865397980779948022062510538900392570283467278433805319008688928620409139757674997504442569931363810442724660877215978822272034 -8.95791622589009044754875253466869934381666797716712195648731128900260788832437124695113006010326413828128796152348053629724447443235394761727810120488735716768972127489184173724071e-07
-2.00000644478319232464501674540859860981625111786665750100627722242870760420663139107851144597199582134175049558420066666587683152061849112440234893266289760344470147350557426203077 -7.34251826856493524639219662930442009100760924678241415146993753921130612387191260551144253849537233236813810589544324542796768927775384759070068183390885675831178056750578399411165e-07
-2.00000500633062389139211501020049969957306994839940041628251109343128273716560774066529990126302486389576428800785573630623403360427651705478711019362844133979742801978272387927169 -5.91595501745005713839715848858799128025822596266500473196162917642576166609007255738094160129669572251510890591057835793097184621777011657829126122092362841844288490666923224643447e-07
-2.0000037949493367240817417280949570622564052733848478679631864211645976897268294384968092837638721674492594313349601030850079754468409054296079176646470720524925737412939799202169 -4.66560871444282393228145049773060635949280541641416490307348476794339349862234310728011576097911706248361597970697533405670836180256978139705978582965450960783377183388019576402569e-07
-2.00000279304370994235365636198840770535883090090252774678400248906911332272631668690428371207588834028548271167490178119318501974653696090992625148429181199275993674373133669950711 -3.58239090412254658741260048309017598255325541720487573223682805324860228666224131275435007445361858675053505888341356663723375004161624015546806341171496053215558149240074166826772e-07
-2.00000198282001799861766759389749011975715244915092423079977138303842665872285041366629881884032395467358863724782821202008120501378767237317272640442505177135597536527513379399938 -2.65954013664620560853082851593163923050464986168844169134026432632008581298082047840665954822923088160621776431691547256994534104836105072965207132492646311296702064661609128691487e-07
-2.00000134593459139096413245535290439121213354902881449268965940611194537479577796257410117180306373612837177449405737845781351505137299808111056640301864017484630807186339162081654 -1.89146320135030130532762477178156969456600239305202389365376233624945886768312746056762367855956238826353309827049807553302443539376767394269846951501806379415507611729368792723951e-07
-2.00000086316811716717945432433681974771115815202105455914140276687147703104594816639665502514183679330836445238900081126494063170495579059722965090303233304037224962625682469144513 -1.27247960060871836530561961515154049110295757212473333643813383938207934238447824211305170327972151930574180711195671350028533970432990103346679428329827320774692441218761637415773e-07
-2.00000051417422043262635343787926174599932729911305725108650403041580232865456407230744874854144413773264420382136628349234116412218026083471065756650924639007592905372368594007723 -7.95380176141507872178669443961174791611659317931232035376766274627101291344570719461682406942965375702728594946868978008906259007366678828567850815800473206694265864562576228412343e-08
-2.00000027738458815208835174323484134070853863343702335507862826110820450339909341055034497110879363482750986845071413878697695881167163366974921617816662465640418773834838793032652 -4.49817061507031072086874837003689984659338910378616426305247924072150376041663084566560901583810315230332715671045011647387037647802629088473871045278098546547348472367639374989392e-08
-2.00000013019466771371717941378887794578380378430113696607925558625072076486012154391043744551964430774622267649843012667371178937184259098876736188193088110217400973867503152208994 -2.20749564502509313197709013414998994999045697332268717102809365608917926417590088158237501621635281137279248816072990232748943158101971965209519256822771682982775983391957524580385e-08
-2.00000004958608346912989422231504936222402564724989297212719856175163054851996178885975062207304494216109334179607123714040676521946730024356886715333940017313026382432919895985073 -8.74980730890361837031339128640978074306241400629298484806371575182649540703378135047561110843097810886870780454797550947570971154633345579431762034369154040109613516041190333018203e-09
-2.00000001332592765912618043748952303357147073979567164608417279141291607608176239332096374473915556242586386136037712552124782709810271019024628191663740495459386331724868180358446 -2.43019238766396790146752531499035898387672697047917691096665590206526118644347911558941639950853405323598670941127236260575353712351480174259659127372754019194851089833185446532754e-09
-2.00000000002205381822370431640348685428981061793948963942833113375343239549839256664862872288719618593045493215187601405783894334118813075527719539455329921908040470597073970881323 -4.16931519066695794787142685781671585276267243028928894742357187674966950494572606239316979991424055533594222620110132208616382329446570852464236762452569555586685935950581041306802e-12
-2.00000000176596991803134062417518025479719316098726477331662096863522768837122353793887941836579453184634551994215645664581365627685817162912610658507428875277428576042445934410307 -3.29753436726589822889865301230069854449939591654362523799444949823898059554556974539674870626548790134624775946171331082072581125224778648672768088319892129528371015937785938763319e-10
-1.99888217672256997209594672605451645864844501876763961137102574729226615369273499995220639867134240782525026404510047827651328461955295364449987444789152354646312296370173879579725 -1.68310972555264848569292950513364102854697202564957944222968314613171628045227344837048128832441622609920166928296673193536960443050038610649253299868831517927402606829727908908435e-16
-2.00002739404729724477568567881417262267706531567267588887962897900378464665605472588054439727694787885558862208237238942766274543049743249939706096652776854254529422385870004844592 3.09953489408641314029339682021925924987614468589584563538924469801705872534888192245229101241717783397021485712291460301402608783827817168608192972119721725433520943874803221358516e-05
-1.99891855741019225771712984506682513351936566445704715268909131320265116118227057313751364006414815598700199683535558733028821247800973763508044466815694508931150100170128372713748 -1.60920864547018958435047040251025275801309423143138121877638048246671626657926323557497544025208830057297744078042611243766505972663362252959747186367410236885110458775571066635088e-16
-1.9989531928689644289255009511200806214512706518864625998939642095098387464775195888782844720948536437359940416715540238214360907460661024395570160431056342357538431527633442347117 -1.53943810760641085417500989709626174443065848257128944538781081659327470011641107140099107997327484741735955384206038215316168163212992004867431566677225305486835798006666315609169e-16
-1.99898619282175696348173699491535717931816840805251461834609531882627624412488657674875973731383551566862873247331200064714866913109034294343109747185163353558666068256833834198705 -1.47352420032177203723794797739507939293146867794698575424265297077725276442941749413842540640676683260325153772254191366772053823366263268266408843059094219961700296256454365414029e-16
-1.99901765851324111989982721686856692578248477683582636914528048036834192390239797231512378197551440844657872350708320453274511252331972867093971644029402736011482286558777670621793 -1.41121348343921936327186787838204456910214255106756983290933143445764989072941800074149851993063326214538656662933868667374276449779513358814095064467558953418560130576572246724119e-16
-2.00001021449913595488133995166249290506260360175132697622935780806315202789622679484789812794554977217343864361163351496444751061066220793278578369459875430883637209807570036036545 6.06288794902871895992454069125549582673990184722073503139329917620593544477358691411254435190316776668901172576740922613168131578153842694642339566752550919320582293520794395719438e-05
-1.99904768348304180223065298842419630003985989188319763402073676851672912377730444906046615964313805509772330395306785827322799788753308794365219743514488292611803631418830817781963 -1.35227134534355406357328707164423461306333112186839596602514513306387225774202831911686398034341974059850604429150721750509152361798067620244907495157376862741276457468151855377551e-16
-1.99907635425796856351649224742449765306149438579546657112360949270948534259348081512186940317163637011048996136443064729805375939233327744644414303159768082108129415361339149912004 -1.29648049273095217706741054326604186318473877747947635494875331419909023780323606375631691172085689601140746248021363325940883045735216648763175597309943162469760795502629163511152e-16
-1.99910375097284972426185820579100373132799738902402501956753159963743691087415826153889903635538775902000014068653172441745017725352811795317581981976391849261904531430038248882493 -1.24363956370630790320503591159975083464580432610740696139442628842563402627877032241833227505875756667734983214861382861957259852909413299667664783914966791991539822144710260122069e-16
-1.99912994792825313100566248240184732735644783116160985190531833478101330184011082637999991533112867687977824480386376985555758946079316489548243325459868131388857346633297123811774 -1.19356185512801670920351524120852396270697928507957703058635906823506476944823544935450716104972796821194042519651836612506694187638329337501013948093816719719974028129664792733084e-16
-1.9991550140923126290715519433157628736370869380530542246972482824359110061976250503303032757960583575856095279179335997852055800814553363062884952263083297880400620275337567755819 -1.14607415543857906530187116241191399228652050174731266374659572671988613790775517191862344737594152144463838423649057418395906436580656591402234407355441885316708401268203795938518e-16
-1.99998086619376787930871032224959304946486874863007910202378355347089972794705096826400253293814351663561200352478060796422367410498056828960798568207586173742476875826392780620076 8.02667634362030517751447742984630875052775880091021625173697515664265563960868665196401558345381077479143013379664578010963188197011322744224092833402986938982830338458697596114067e-05
-1.99917901355296453689005360906914606910795660910500213993112960654563426842531450917604804898865567471928725451637728919800960193857987049116324180332900164653386773020242279777363 -1.10101567464611939155244878976723026774058891616017947444121986032368552009843841113430171938468905494245153175496177202829223738820989513580637601205726268463867372941665271865072e-16
-1.99920200592611048732276322492163398642995345207208910664656611059397104107969228871499734707237824294344112223957929634773261760770035366782516037930758033949424640835700470095859 -1.05823706360081333093755091527777640316962635392295195569812491198447341605967368287748870372576718035328071574006287646019097041579063180911293127984654498448792802506886206460654e-16
-1.99922404672454287745337079753128978927829827592330702118014737850248716565471587815483086198629642125268465290391769150024891214019756811292696485128151197183922375267686058325156 -1.01759951521559829274237429413244569801338529658470236330326056408462951981790152647896921135806573787294336793928844056613112193043421878633127380777086400966431284973661972682298e-16
-1.99924518769188085607165068719186954422935263500424569921327268540423045619629255678663338545189594400002093497888477840568408820879189116591319653647121398756865169092281089458841 -9.78973940794574225321264259214134418444756229446915350710439753670783138556420754504562661934902607140477440553557643506858423932902400776120433850638873277000216922097960782854997e-17
-1.99926547710525484034716725423040522816980309062529931327385981492153868259073804449427659859289296865447633942276631909584562263666725063368465400885791704555908276392035798149368 -9.42240215143776702833050664130456773566448106554559608634875050456000516618189254386221711449548052864710492325630269718593716070232106027341279837249962457617786249584525817805323e-17
-1.99928496005003466772814114195197341302537435985415912236187663844338583537964671487824894656669070490282828233423971422514923640285026758146468302483234604735423815057964933276124 -9.07286484641854909397758626356668612070559047917786590338087939459320931767305234011356239525276888254487347041364386876181086385046608897671328747355315864546212618766955389440652e-17
-1.99994612376205176708841225141729160291250640206456983064850345637841090766919671007593175390225953377719140583906687568659256788771187896452698734843592364997180903111643875739649 8.84543391228457693943664719946739208174271510964388656289534064468833625172992294390864753820296661196391813735438648950247036776971505957480483674497379004947703779770130617314761e-05
-1.99930367866951109305618086925820710622359947752673643236204632838277152756512618978775081080900658911941154379373648651406355442437967334935219015831614837023679040325777461410405 -8.74008532942892345867352580022198112878339958171810430370423689498910305023964160516557815115244394824989658979763725388080567778988432682928010721886959571050587891056279748336453e-17
-1.99932167239210433870524150359180943925030516335482007920252936165031486427454546117227971280333074844013414124306083590671342232000932358590026614041773861380892144917465617452887 -8.42309199477834903283453960647919408384891926941658042105982585051454171511143046864685949177287873473490271787299998940637830121609127909995572707000957243524244833728888276019093e-17
-1.99933897813837992839618871400539708002991336478788392237371389655160437284540697779119109790406028394451474441770909798550348052981272981870411290682931128962188618027498683177573 -8.12097846433118273455510018035211214467055430380581880424877371067303325207137228311461616741621080514118993048124022432319435269372939771611555468312855995505156113621499354297202e-17
-1.99935563050989524241621001153013423751856176433165492919077852149825452892278233135541320601209760349579462695817413502397031862726446572278817988786878027290078139996001198590823 -7.83289870450573848941728714833977511660681318146409490545366707363975491751674797494917041058027344993023041664825564804327365042101717981373200732305086640052596145464185398814199e-17
-1.99937166196167514606152644017888344933462945538925783575929521369850833686997402881231205806960109948203420307046593030480239302343742260923885375042116428971092971997090263283606 -7.55806255975481174324655646133270220087001618508117605488868269289078988466165570103694528179794693665738793338493909460125755221356935679313188778071239669459529033524977322817741e-17
-1.99938710295991741405543953937064049475985229757028183116812011880438690182517203736495913565942769949910397887231674406225637592342380228712012503880598355676972188982913055738687 -7.29573168091936733266377965723506671835573736451336527579794204733468117509113704494087348333067325969606466383990584587489783910885224851482584532555424358907612650209237030314817e-17
-1.99940198212635486478986604732762180621313964657884270275080164992213907275847496768865921216719761929137962626473914701936237614894561472381851863117315096971919757340972780650543 -7.045215840207484035735369717326790877761267659406036515079607587778405639209826327775024505767416592485616677898340142203292860124582273403761428338004617755161186929943145939258e-17
-1.99941632637054801159087468157791325757410350330444998821404006994738149946932607867203893589019028709428561623538172027283647477943037734837055098125618574518365893978928120682196 -6.80586964547971660809044552694166945456219330725682643961561626456763727680442676076404031789134913478560315484802032105946277806508812953136106515112741716264377701989078835140848e-17
-1.9999112254857645831754324364019782050843044384731886856584145807576617296757925961522142584222397670319762158774345375156416540547814150759023236833820363836420222450671568911321 8.58376363746943252527239607595875712998729369841786089580258760056908496845403141656722743611861732084344383153602617365481702910566864639667164466214721768498961095516817091125601e-05
-1.99943016101124695552473954540812574729436874816217794077505518213790493373205481836202858656769790713993756528122205692599089181872801936710019045184917580576617459052374066071271 -6.57708970069082268982738612506107894280487522389927813130182836654609821127845058845092316012357291224274125838595789760320462991366698602340690939177916463145508782264089333642448e-17
-1.99944350988784188054697307011564247801099097387265148059565989571987337154365166439701619128839415888716382062619396922745239504631040905219663040903700967076944775103916085118397 -6.35831231633406948970855778679100329421275028642272335690729312637690755848687216756807197996816258426409559064936673057624424026402072192414796306328774280553275032974022086609472e-17
-1.99945639546281587968381244483026608018124781466914591908525075261099299175301132435483142544323659918743248416264066488618591557537509335633411375937962135967501105332758773592984 -6.14901196966087034568816250871485380838485044132950472484174214912860873288185120013272443497402539290419882365537201061314072566262027679037425457454865399643520181672270162929647e-17
-1.99946883891602022383904876684984497232294264632458037666364284060579606917695624713321052561982252904412174181220416633474611078095976663556712933802894582533227390034517938187515 -5.94870087617785372885625352502203243375998255490797585249737849414884018571920667220305675130602303045600049728868124026175510571324323485238319220802292801213086460569815528260944e-17
-1.99948086023150909744774864435407181549908014762551195039590635416184308740870154647983386501680188791503516573289719976462026690483677652352133919099499358294185229792855395206816 -5.75693030602463461418390307454102371506660745158638974554897909477829504007208368475993279477368701365479775378250951689863312540310691120289128568027799037625768762530303363661131e-17
-1.99949247827759698019276696460479146055540168814955604692013775291634518473918713000651018359108535553985549654433902744938595881396377890065168030811862669787163828968037209563053 -5.57329473478844685961125615176131175246957918880938398501920592442063153078270199449060827635531504719533279296467760664393797575698094787159951409067974487160329031791615298069758e-17
-1.99950371088073613369178172199235810650302704930823916821763467106422363336753266615716993314654602372554538877772244812101888031399448289531162239889900193301833533525236627345434 -5.39744067856830912437687411283983692005402687414392877039070748326599095767019003132438962608044314139582409346236614478231601877748336447307298692270516033722093546879289624377419e-17
-1.99951457489375308452376160092808275873667515457711764097072613795606694191566169441259837321207923395987239216819379811037964856375100935521467938346264485489902199923524132252312 -5.22908332402702901450093444495618751319248673800590225672766257327028624528428251633252717823590756508187689260790293988387922901400821551013186364027922077077088097436232284854706e-17
-1.99952508625893073365399818558725832448401703478404548359923669794960531405751667099931360126180520110419230592240072186646985500796134028862947833892642850304089292016319300035766 -5.0680361441967172787365101055238833787489608898128380733653612861133163853055674685255212247035034489279523218836427005925492164077827588619925225283046755328140629801554440628122e-17
-1.9995352600663760287575357869287557528008465010607453235931559369511999101207801440876268868019866753955085925837329884891550555516951506889157413365930250635565318817421103263594 -4.9142621036935982909734315277092170605156033343354976670400507204128065548530618794184902352132124329954526416798749588271272501151655576804053990103603184511225793739643977057831e-17
-1.99987994271802518096366526284847941151892693819718225260092490706817142530669881856831084540949075264092077532536476552666505414638643161154221960139444454251865485835267868056637 7.41383205103382233602464370070039289281902277703667804073733051018625722175540152153210134092948180616323562054432565000643554473036437368074877275997454643870512308839386994665169e-05
-1.99954511060807136493856388692599344265172239523535936086130858339823745913149150741582678828464767978574612308046854851519755361327132377995429222004883612446771596134846783508558 -4.76796062761285301096191434839847308101064280107572152515448224625225200760754920267243882732555496602208292282625580268415885203551145481744752017067173327359291111825847844575415e-17
-1.99955465142797046636509399039828855602090477657177095269330072342021806715819042420441044913437280303369770333886765148576922662676229536446479944113910632490397271619782417431743 -4.62971355484326539428112428423920953828940703178168623330439321813804488892142592751095288757285462149689147368937650906153782468167080964936822894466489985670472807386912078283204e-17
-1.99956389536846595170664746999203271323088060616426055268176540081126603313836128284971058669254674933619964077932913452851107437512401163908326427135614158961125191255868625214656 -4.50072791570359946117970924788178913217573664268003205430014240260847305680972920961398384317830431491950729161329878497472932303483549994050246440750895511769297167174750690573798e-17
-1.9995728546135256658930008155336482305871598157104042182623028434289942089225934623720092325233519225065873223264495740733729485117690296020338267361625378149454001344674223429659 -4.38323688667036286014004194494421178056044080931779278259944257125035805255270083194928000097637502074361365257734563908396434367987600218104797582736076101854377506444363078553306e-17
-1.99958154072876778815781880299933493476023698878292318127515851874804554513558365960164896871908620399182214011983019439101712141908264760389011607319853880480565337099862377546696 -4.28115791918125227145590509041849309647562492828385514962626891268170121487936905955918369518494404080624416881667300435618933449599456852112756987639708054928924550356981625345029e-17
-1.99958996469872036594237197815685004608390607522136403256053937557729557938333327804884920954033600239839183247334990917422530639539573054282352802995837207535780535301499636012332 -4.2011670415727943735334549851403668011646572000787481557367243140988892774810461438245243466403399776830899470246404034273709556277374285736655499447931039081225363977867307865679e-17
-1.99959813696148898026410662039511461134803606140242115425243697636992719473679249510911989629346190629021075048114957355023496582674142767803317424335571656669376308163379743444579 -4.15444356255167950487818598010274695344891602661545332506945913927933959990740174677898180864907002396417752798365368941455098654172422408211815137158987971109464933930980058093599e-17
-1.99960606744103645967217271788993755498254462488550619676790966491875504983287604278892412711196275172272036790172391636745531391460724601218502657017645516287882500271813794477481 -4.15948991537789050296962575758949068641624559221848304584893426190805483305928625901303805275333177112333882036130708712238392072833939000495145768169185913600393752496469879800441e-17
-1.99961376557726069640895516748607089333397063310883520916435677080916290453582454198345937973979218656104467606641539401813254431183119611824602629586634311858487689223384684302987 -4.24666830471988905949030476173593825755161747389628813310638397861914702068667058890617475500453049078654043745021052396115694356442178072667381806653758609973110962354848920933875e-17
-1.99962124035404047598405337019581885504889188637980398044178807372415439249079780483387983025178201369328656383469092114212355802321309376293260638905841227799636810055958071602829 -4.46546729553233758092764697066264488330221016661647665971470770064675684824750192527575940357369177917186991761618858697322984004940658262551720609797693165529071347520435334581351e-17
-1.99962850032540462947868786181996453949058716754181068926186696635255940603541654528681473351639243711121474415526764262667755171701853992289272416405616904084668092147385606785917 -4.8960916885019738481726126016285804079777062133132316250036603893902874068792084764367522936010000799097275696156991176129056051031442297959454327148914367403473700216641798400069e-17
-1.99963555363996659642990089598053883812095136367131189921227639213914088180563064364953258580070300173152059307016217587867237955260169838681460882269198391977531892256717748991039 -5.66787181225566689049659102416766730938669906057723459766035360404996189121025022893251575570702554352029586407023069186833633175952362994820084820702540746365178842172940200814032e-17
-1.99964240806375450296672927111268814836091532686281209191373235545122107735531367026762066477191989696209164104119965440064584542568964842382731220573252076624070133212380558745486 -6.98838783298585437420827896285012002886686967564456326048818803169151572541868352751393451033824276319942830360861229503248393525545909017596215355557405546972341521373256460372446e-17
-1.99964907100155598866874779743931034176743057960030208523319161060712784789739981996890537275323948940009940811143424654523760925782701372291999401212612332933114341265317952268477 -9.18936606824503580401278804920523090739990303962195918979477844982636547159068481160443350130532760514662741655699467766361780900387923841804945417982360861260384045247824915146747e-17
-1.99985485664196235905644906511961385473397784285721726555162129052537088386296300754117676527342558579201308650805104593741838522100659466960663398232239546956837035222376643768753 5.54487581873665796894740171063197582978347751900328851431576477452429289671843767777250660442228262107301623199496068143764260902787380790688740876103588637926838972765925190611009e-05
-1.99965554951688714400266698307064089738960590076574672971878338419402137792205716045043360793436827753534644506744693449970994510777951702151080678149578167299546603770390628530679 -1.27987300758509365178991863387701395012994464999391170022205697429804299048723938037975842458929429167103327400799012804553938414521286245104914790845357243113669564171908607900229e-16
-1.99966185035068594806077669130993172639318774528272739052574727561409472877865312011510571612020392252514450595959084409256093434708599314411853902677867392952823823854513736739669 -1.86532877732948037394870058722451119527634718834070695033884178752757913165810040827767924927750986924840062883742892133686082924829593058651268148703938153264924352392345199177594e-16
-1.99966797993882243442160043207521447130956783427597239561679294225212124078837986804951898171263599868375679579574596847414039320623375714877625085915639990855729710685988975975829 -2.80743225265865502007005611296833286820511155161044256538317209727945470782060340470709311229757029294279414716803738820452585440576242225231888660793845016447543916952601698924579e-16
-1.99967394442851038162197700730781547390927627260174344600852215837394096796777332926448131231131670926145316722532484605156586615996722361226079016099417487857689747450246421147739 -4.31402026977278371930077420436747721540815180748215087092273426250916197762774965769771459750620250627139774757309411357972241473720312877035674136278865859430876164062773281675597e-16
-1.99967974969369855282134385537084139668510569823176493167718949476690553774427647385839577822361777082531881809733138615227578000956534973704528534860173820121442393427008245929279 -6.71080757848099733783780869566176792206661431644782792955595225046710609903631543828243937877195279255635891902388149628930301456409539478265699199000219475617954172147611883874483e-16
-1.9996854013495133331607559638425371240797663621986422093567234046152858180453445849242223591336068996530192737827703280704653417293989089255841048003670157613576685463281274351633 -1.05063803480419714080526917633247014673468669990735473031449113631664189676105040137776450650192855779446865218232660771563037453849663044662280040709790472821048632170620743432781e-15
-1.99969090476581897621428377642775802315591101314782128125274364805113700784683723625462474573014519248333319380744060167334781843299300692976799898604655760504945909835286093050475 -1.64919995452010835738628276277522001030436660472041020288353351374973710050708248723226495085506117228803119414406993759390708466869426850878734427513247364897887633735683799789151e-15
-1.99969626507995652197512789010541700198585200297629699085588307695601655392918573776911263671224261129178792706125491477232341875635753721044899663867488141098254286963648614684662 -2.58942863383149692508746968946888623086929854234692024430767780629795246715276087486834728492858344998932427445396646062640710735880701433340926896159630443651943431707875105255566e-15
-1.99970148720871774263494957083292538033272685154876299149857166006664504572689702622303726352323599974997361583750418447638569133442788445759908009122800795869639468560914209884362 -4.06079163620633072769887311567584086932607577487360293295951253073806537181834834610881376327212905152900648984279783429261652725627465759370424461057296846057452231497353245498827e-15
-1.99970657585960616860129839689466607633112663160761363086013788349646647953729953313182710526746734026480920646944479045472038164914692038940468967217804688238619704510347081449984 -6.35488437336486221320154548220142992426200053009128121204153357641352879358454504157632855956578832441944251156573676391069674643310757778319207784720460275855654464168338978613438e-15
-1.99971153554143330999389916585423416378631982984911456129202635888562290981489648227290110748522622646465927750702143086853961707896778047509741860531857863268951844929701774682867 -9.91882617250851771395784544791195361263427033721034822858969163780385038791092118006253975454747495876187325779273834459415652896750224524194285669066456488317798390882122177121144e-15
-1.99971637057429458697069931827323721610958568240782735037345728979491036682809361423957091084118614367494347648077456848362916969588150319470245754418752142955362290886949043577762 -1.5435622730528410808130269616629365464152739765017555768678939321024540349921074845197718049479026247880056060655279913912933575607165357717548033125944981068675285922097880083267e-14
-1.99972108509896618886744992205565958285982835779474850894680080233155149945401790716067725338741394042376454113184116335971827742544978800450213578455363791934509329399302543692246 -2.3944541436223754860690037965711236977585588590183448742574662784365292517906260815272026059536025657630183273098176740157568019541482526650465075909050833022365281273622975307216e-14
-1.99972568308576107534179793568210672829945393693193036852301025655472608837923651924346473068065054304300626589356231720782889552224800535118888676054425597699841199988619743666247 -3.70204909251048060233562882346539751958357093726662703315740543109565603445704574880959067417893561743170495157739345851412923506406486199122261208318612559958684596011987645399439e-14
-1.99973016834287959617424945991933531230131623037892100857825751758948040066963597692918493608620940976434498571634934556230096790357264090855271323350898575825150821713431832214913 -5.70397950095788550664683093327486259142485967455670550137468370707265319155126472754621504309185136482485100820396134750562220140672028321279109943782300690572830533154398898477038e-14
-1.99973454452428773086724476659445568752406388142684677490114323856235784714005265371301823963012643846012851141996739872766040751180921735791245058273800903007276514943564935371491 -8.75714219257143897062743907731654541123800811321601503054287706612944974208679537548518265437352919651848776576930936648105854411479055716988337717042405022915365411108811429431141e-14
-1.99973881513715373508990848531395530968519686109952147367050591599492047676828610168364569844578562577483438636379192405689908394571015719802717607254563697672382315912360710839721 -1.33948594997604342987016629299648363905847655281249809217208967158920552719181644749602196844275618946397530436301984658477193226526501423841505713853962473150492891003185852509339e-13
-1.99974298354887204253482701219578395352827572597271629767074349900040923394077619554462333405990781481016565674478448170056406899478927519329539295559427528716469722580294027435502 -2.0409662705217875574237887086181222397634307485485710205131201007987097685733774931956019374410673944454104402430509415125423621220704265336562124406041639465088847171227815225138e-13
-1.99983765434039268756048512098540562007524668490810191218224601615343456417342626658702537024139454693832194892269372857778965966040615287058395812936891729653463457744938313015019 3.19085584174632609070549122099332376048042988737709565964535950325700225093484608558246425505548098916063569131070150342215354422265469640986432454801961583243780006560226898331116e-05
-1.99974705299370164271458496997973677194350284774756587428591565786123257095681722631496520149069786950892990470621288510055578924608394105883770624564725865095517516166356971136284 -3.09719164128908036939580399810590910806541269675116778554202832723822816194999539554118544022663867753374296657523858846655484554615342148994426676291237294408330628097341751479185e-13
-1.99975102657904490413693537909451975417188922449779195026826020737229482253421240360498996946975894640254341464658738028750133488745161537902665973604849619897512178820599554229602 -4.67975790162974416400930391725554688113296208159623710561210189339500941400859161360165664250048964271352184347934844722009676247631386412242393951488725892252102400623102161419289e-13
-1.99975490729139205412654277050434820616008483474364169475562500807993663905205417438427822395097663147779312110847769702574393897687801292758624122569637123919483686941296954651339 -7.03814924106014661438904470304836846330803233183946458111771383680061789626747887581460528612403497813291356024679453075166569451391613439847780858539605817513304608770790462313642e-13
-1.99975869800195645534789297926590242995933017815212421102292833971364563777909912952213353761342949781059942371610966483395243858616300568682274490029083469964569566011073234917376 -1.0531461605395371134518800931463742421985119513723551225166105188912410977724727643406417617535857510012247667171036867145720012255161549976982275034437864343130919581514021523399e-12
-1.99987669864213525948219773732146965408838727360291766384240682593279358598404459468055517857131285195992185389227375841437419611681520386021859478067556615818056537568990352546503 -4.58946862612514221308427046255671907837427079463770692701403132337666264984980663632988733359131634987573213101342804034682839378627941410605064163263609914877593720358078715889955e-06
-1.99976240147202675298660189873922377614723942680820911773693034781832742452752929619238672641285678007755229133094299883451446660844724012976312080340493382002202050539025438543632 -1.56702117166498857719361778420473910930534689472460005418857145955849960399249617211736924271399361456439041181640463076677253850056980093796100064116830001810075100756134716411623e-12
-1.99987529616971979535057009715702099703421921427298668698255543119272762683406124117139344561499135820071230795600869741171104325612327712192313314411239078671596773675374459962148 -4.23876251010827939311398527165656676483695712300628985003037163897036039023576497690797388364553505583067036404265394277306311520141610647569437819994130289957878144536661156570689e-06
-1.9997660203580644220525073110176728130830114011090028167832768308056605385316575973197462113613495193888144846515286437404041684818118012219629393352411262675644081960600727690039 -2.31689142775757564464070027404044809701988236338813354742021662033407562054829568607071344894408883440632019512768572362669581596869043115768495104476900211372530989146520474850155e-12
-1.9998738739722541735110940795457303515069218760156187315816350095476436130803817607279052609203974199255414920498834443950083614466849373749720248840095013964282475172853313617194 -3.97807398105680803262852143409601484076574132837473005300656672445496779251620395001546347860484922427101633645868847180828158861634948941849449672452179953991621068458595278244464e-06
-1.99987243095329007086231105125689686738490220757670120474794505918538708842391089310517198184607848556756925776362374959965783011774203355243985359269538559234870303576814615999933 -3.7609664999572708263597850226343021366553727543284007102845980319530718328103502904187310854036488155170813285226778860900852368056459383702451536554572281554398406850843707906408e-06
-1.99976955721658005602873018325050056085947814378508417597977892451997967619189980164156517491489766752088697681322778966997442972622154861204830359872928587522989300171892738630932 -3.40072464001852045165852495079032938844107289915406265213723063735000329351502651125685514836755314187100095188961577794705706681977431197025130060253266835374994962679248845455213e-12
-1.99987096570822758284034775577557541804346460643323632361304237415685360380948125729018087761111441514635659120121129232051673454086829250106920999817346490810729511137936408996975 -3.56956239097824538470992292746803612474269345778145310070426142695040771763071685884808628446311927897395622642074258739742550874038203999866072491087252291186874143266617577406587e-06
-1.99977301450883025290732674242158654567098551948829309534317977435033171082144474664482334669213765296166987081779533162804363752387335826674012128168039404591197301672992453819139 -4.94909965399096210835063132009277921268610262393097728412045998003884173203298177919840520615997499602599075974433726925110527200400933666393389677625976673628958678120823193379413e-12
-1.99986947710736707930770993327676867084364100903697966522807418826531032315881747076540397262786430697102513960146140195255605856135294584029135506446699760588754237808658119771251 -3.3948774754736799881737181270183048177331805934720273784895608137410600313193911552382255558084866827036075598549410603151308451976405351161546113637137501212725544658520719566851e-06
-1.99977639460539134643182518970417946460200951106008356983753987776458787083782467454611693287459691093343845976399849417660948171268272599680737820056108055115541247528033335052905 -7.12900634464983361519256219256649754184404211160155124073155048212720057574998239490745084682412849745801171639422619088995172871073585804593914749214237040719225156177362487796914e-12
-1.99986796420705066715592420886904623727591471722574870119278708619691426236503311935065468276783333198318806061998475133345490349562460813268527492249837405763090308921169725181985 -3.23166628423265366968159476124477684659205363137595647468451974891023041251097458915817893121672311276136506943200470999010589685000894162905973840874499612006997347801598153846567e-06
-1.99986642616986086695404471629368884069444548919513049688893673701680621655914320327910436795278674159626498029010343045179728472913160888433961507995071794829587925634331254075457 -3.07655056070359319674706145854426300497070528706837550139139659316803082294638977367111580012530609063763502985953680811752229224337350970493866148288739807136332773139541103150215e-06
-1.99977969979069001333813114517113454057039808923985388905727900932946663204310338537048783354645247566537178107012219100230239925631328673058143748615687134670667610873135007511979 -1.01403022978356186496405805811039504662818293074044072413136134328493691468068512507577112170970885661777290250479388353506986998770814888877668968430495265263050224808394323090539e-11
-1.99986486221721767494904698882425829110907793788289007460292585374853983827553431713527363968978560262586395473911288891668431156844693216012600219106869891491556578558642939139511 -2.92719615131608115483819359490301381989122014516106133148453898712993676478738203732741279108383630352383046732978110365109103751442387584868961136243795680411540407908204242184804e-06
-1.99986327160159758074192939504777207829815779378119170714048155008843133201745247437276372895258972015294824614495157791557045976842391830879583555077335072610381051496349114913738 -2.7819012571480974088923177197625635031094157802322859273330181656837807671310389441054342029904884175114935746235355523188705277737413655847544338259985301545975672945953773574842e-06
-1.99978293226760965617674870403633488406766588230986725566812511665463650745251051733865846147093553781467849210115216220503960668537854957743235799638020293593415979519625514132465 -1.41944497873787302346818500399204126461527748555730722419916565931304213959467098938123375321787569206367725036182125321495994042889733983520478554748308944634318788252884552659552e-11
-1.99986165358949937771200090086751864499958587754894406219795481265988801815417351589853473208410892079143902575772587409364229363755024422097190805849508408681392503991131311979165 -2.63937034626381967182121989714317061386563972762166391498746725958152621649756476649401476711125581633526267542188082663146310853493696555032642308815543577833528114170551210015813e-06
-1.99978609416235467438343176976024043825362865726155001405120168424453808138925286879578584860611539175959029290930575615958031631818373933454485431341492874571225210767645728569358 -1.94551997446933867042854597039720430790921383788280941831276685240207497997357316325932008973306375615690969427593039291522610780972189880429211795915981786275514780140030830438676e-11
-1.99986000745025030911496773125344719655581178519193095770901277173944210510505569041440286792001650998538298582357384178744478193728558315246079452890868278073275929972453943684492 -2.4985808466163847528697930542640066793816365497726130865049072755982070221301782390129228607726119379336732300731142242866926149756579572771926381814053389532451623280209437963223e-06
-1.99985833244787663535945708635481538794859373804815493212480300862453849434909578671502844232155904699332577817244326220754966860312398310749343543360928355400509388579766723832791 -2.35869991193996768534541788929433714141735943625358088763343674784459997149170585327226957895516915508527876192290261493646742504632794713127863267471530789496203326504313765410875e-06
-1.99978918752985741351461267453735842258692181739668237289417514076852535193765827437863406622137248932996149632372959867223003438289813607673663998585679952668413505961147797637964 -2.59027041902476248662650891118777523271178650201440253398665428624716687790335252049854233611269986243597510373294800315355436759136739466325637432482104422292333871524847906379654e-11
-1.99985662783425658036279191114197541344469745720538220157793863015688307210180065322581880458446033676408787195606538285147055749935760823023643194283139612113533787361216286465667 -2.21902982322858492323810241903412626616134240023623431032137234676458477233924278915630851734338246446944844356562024831741161553837774626181063817991649476248304438309094172318317e-06
-1.99985489284210535661502403241797003775444325892568181129185003320725626081587633212314715887210501240592420980537943509392312853315824664909577916319036418783347784504616665855521 -2.07897041392473863898210267416430175593773057481416675684162111115084976802518467641076686659331468612525070527060138794118603727248586169538558810403269190820386392488849812506555e-06
-1.99979221436017956818665812386238503456563631025480508132269328276127853357006991926955852347983871590484527711028750610829743697134005640294954892525681345036207973790600738774571 -3.30500512217047027114776299844452481845059215774741625167187933926523051577213154795131793726751417490012199315648582620585092731012063542957437099623808594435962730379151673113817e-11
-1.99985312667619878726005047965060151161528651127995998301699696902763280371773944173625645608811227939319361103189134779068783113603186269788729565495580849576267408908699599103769 -1.93799171145755391070868375152392128692230795815527470047979431304459370882147067588520478654789427261600075041200842575360106162821075882249578325545381939472843229032133567787946e-06
-1.99979517658663229183588768012360465984227906859698441022612769331151844689141115375337713714487017476266162714008087850735373700865576313379813089556793075528107458204458039941561 -3.93846136333166075414186040714857968457846584490530213153927134107498756661175933384025147413795269344518798567639172539854115082825075296566387499398834067398746136717275820281534e-11
-1.99985132850061470827014344945400106302765189085306029100607025718767753671946181913537618518592645524368925166210889632631379747014218402734833879208836917887626856866059125462079 -1.79561236129447369973256937705470612643022917809699802452692083294927947159649943604481698366118361911902926932591630714887382928426801732478112217386858535342537367077581234323769e-06
-1.99984949741847461064214779439405567265008963693004510610978255711004136838233858336182821679941042724680046110544558576133674775366202324733731750301669105858368941408008576753436 -1.651380451417740911732905404669961464885513219121742578417975242455846221166129865250433040603118297520270395738344098438180359800956495586429176869402854163700963140828846679779e-06
-1.99979807609678639794562287903170102908977498685265550940367064007342032328669201697997253128584022802336345591608587292826499683725038220692252701271724276354924584818369567780237 -4.13112093361262459943735273455239218768279978370789404548698669389283531807249420710390133443280983998280425371492415666491724131400017965097986649488553229020258969571836723370849e-11
-1.99984763243827406523338606552976170746252479889583139285585234675909045879841185668924985057369728810208154888379761991650055695273973946358787677455370298694233784365529727241731 -1.50485359180902794031791734147351602718656939566742601794335324018313030647615921582716015093703407736780125853979103330208844631698411907847515642339227518303522619407076699521727e-06
-1.99980091474828424469857247215580251989065366285258589237727780682908557700283765965349550831368103936380896941182290263508077225896461103475480957871543018025748117622792883307806 -3.12214007069247623133454038431798196244351508468904443685971672269038480890052310261661846924486282803318324872252521180403216646417942572246989660879923757934023728615822967790382e-11
-1.99984573241652431040109154149366566475476268135277948878923621734747398209995915972820123525038553438690969740540913384661518591451941858172148262737433158425575566424533818928055 -1.35557487735361242343002317704200438068147850542245713658684782082933141223330219157869452575638182475065057279991252144053946800816932283024046292055064358690137656685721775247899e-06
-1.9998437959582611960893913877317482532113080182205111955859192909149101642177187984177141759756862549497669542245648251039452173488249071173429348127686398974363936440217127385466 -1.20304141876951476313414739402904744377436869431159763162921007859782439524176703061070594730311279789001081107721502913969653510728468506754623519137343268381538984138133783192385e-06
-1.9998036943926067825212937614344455209275424692399790596502099252162593474764013334630689755764985908866409867550574733104921428309142040855585385717131315385303261139613151639452 5.90885969033580209694489187716003700419071342408753058483019930473034177263989758019990489620178429012043584073197730256143535851596564024635788095621802391386298423789160776500722e-12
-1.99984182124102045268589532372527863606469053944777962580391679001064402429718698785781212681054719902315449111626560228247030831940712182827538419214577616398000510093415166198115 -1.04666507718153714750501923004162325168276432554946654373716193532447758830771855116711180673486535294266616355579355531425541832014841109408585975179386627455031537852266672180643e-06
-1.99980641691207501049678928940443729393363813939362233597633923445545364464822919702582696910164916996173989659092173150097208851058694815015137631164060493486088879053802882694198 9.82474677794839443750001736896082417424766073081810773251338609993283072943952077584791881624760391816860868308766670261756588580131701343091635928405918985585843880890399843368682e-11
-1.99983980569530623274769300696004553644789926108284379904759094361578954761158706811959776018311940935180943670112943495731386116595044572391965262097382063877436656381194362852508 -8.85740376962546658398369590370187924245414665849468372247868952133065421161022358665034549250987715798207309286957992388815971156797980877756222696129458421957846774770031212259266e-07
-1.99983774540801153688760676697210093848765089196211280952220173967334871067581139228943312549294223908805374805994462699349715552652012984128516493484697144227640991921167787478063 -7.19497019930856085416259612964203772512222919583457783520729118951029622814184229230611198097768693081939214799653456397584252060589057968896271748102377770229451867792865025269329e-07
-1.99982934450098253974215580706822056624120296338771170847617276515684444298520234182621739277657130814854883075963821272017842298635349205370474514363422911214010868092013508967771 5.59799702116515920644266219727715454135743164453063349226282943187958724231532260882795306900080738513780377353968835874959969936807259328942729865790952191924003732753722674713893e-06
-1.99983563400331242069613120687262352660078035479466626459920196202060662611369956251028210402410312819409603454797110589592066952229545244190204459496103961907621434081614862566554 -5.47552720700670558948589091973409949634763362653125346582925294084913984888265180663326602180982882673958866075460007474468015662440818100315221375542362435549707100685425856693474e-07
-1.99983346081347489191652479199796327258968737925742011915143368223493576300927634554504425242773158538307549423837281554790072920853426072083489355864242719588190021285713012422137 -3.71940037937469760983220770950822911648078725526059861857060103040415815522047562343940940271048623424762932001445587874756623388990782627838869680582255932256842674466816090935129e-07
-1.99980908427911026061214089247081611503982710242865535179684407646557806878752179195961931284832806738462772904131694492221064372280293053063657197085908553693288916985884372915494 2.96084053922927697405160164872582390938115403075196051646797652697167322980949051917536388912520588445900087895253850515179000977275597974489861533550563681060322593857369250440805e-10
-1.99983121045855389569149258738013806165175902523581698627046057764322855866116862782339604512289001515708015675423017653335690317358557247961806829729403304216428446758033940448403 -2.04046701554063164635491264064776140133733258744958699313715708128425713939403741005065415273923414349458352781898696769284752805846502402092484412606996935507972472824078508115326e-07
-1.99981169865363251040943985961365105248654708886921270653298791612276910926394266934904728872006893153291793636453526070080366569619761883272524132772632040119786564997143228442458 6.84011173479680843975876627096244739637329767893368597553556901482189878844999923643897489367741559158286127477754528182674325452491311601719612240292189640791748454127905040785852e-10
-1.99982887729697361507272236375649816704186652787679783733613326100307903862955202369169732594248630147226745027184634801125829861900241428666107809696597337361953519267020728626429 -7.5403426449526014317315876554368587697449478490597721930295586310389195247924554689463839115637305836960919655922748062388529635798218789164901009892844141823745812998236567543832e-08
-1.99981426254756908205757500320506027960056952405515897109622951279751535556751444365035264173024721575591118381815342116309538520809435410320833766471894996563750122357472492013199 1.39133864693689908310249953317140538753588261112094165834547665425913690205089209403327742683131132712571841141432018447474373153576039656399988097809123097868044972503427993883625e-09
-1.99982649496565063507186292298107190532087436568629520103351581491456078782090189463384982451342461211183342950978322113351492120583768213115693323346967218430736219231565506501292 -1.30082201159492280172707094678325663334734647191842537404377845569939610967513531681044624850261591285227942169037085681853101578538650654710465293716941713879698444799682088566075e-08
-1.99981677911121181441819043228976243912630809362389039611028234823891683159983256406443870863826677435479353014991863008602711824549867590766403911349716127598460164393217957219864 2.57717749495484368928412039098150217710336584126817076050962112010526605881246103339332185523528246560320776883282496695890871089506030272605689568896424429126787089640063199299726e-09
-1.99981925264511139771773431124492728459907035395695869466568071245550570029059229982259818180410507568694888353702624092170736949839837914547137940489152959340446247607471615563993 4.30142429484038381802006016482228063202809698698927735670350035476011542506183822944547220905422345729013725190770789398339314647189404991754918298909653190419060038478283631697765e-09
-1.99982409942119940362128579097516533853946529257513063228614380581250234821458451229652115502554920842067200323996839077929638761549383130879250496165784405586041560054895575675357 4.27739810540069366099530175260803938549135178989740070774709378427365189136766333389021433601332395568074170188823081163074122404931109333199539236998678262564777892918919838968787e-09
-1.99982168950647009318819980034773477330398109027385953926722545057131957881366386446429950604474763186715631305293164101902085582230310249775935030843636395209619098763673521584914 5.96738840527589060754894030376397136424448009889072706078501113935184080391806178159299045277925371298461754478099878019855402983441008427315060591304252930073350322979961893691291e-09
-1.38608721450888455683736673163030221390718881584288444418059915973697163609744730464959718941246595270121062134955640242349683515084753829390326659870563872911342057250660774998361e-123 3.4824222836083959747104923513976923056071026706888549576826267677116154665957599071023392877873964523615413849771142015460237502180035943140725665335374201478941718681299834677406
1.7752727652959761682877551221360741554655729098207736827477123153670715756066052705463829023135104212188775974417007951571812564658504396943345277368775331519499885379285092860493 -0.00304972872822687341762643122776052618962724729158807998872366321245046298993002112338744447291734337010610135663417288416140313596746982501664835073755598345712780542987147044716571
1.31454465735256305055220242767637292642033542937254866326137871694646976670967269178615877173895524477924483386728797088207496577619427353429934404669318650514769376012456959566957e-121 3.81990372295615346990425289276193498400947628375789260642076900144560681901594875362245202706408549693408426686354665638718262336163906865747928089651226285745050581595931076098732
-1.38728400621468747008880338013784501614127021953787121974669770026604797156848413748068801140640691733752202318206719129084593670323967028248803049078351609493876989692926516750339e-119 4.17627803216054372680325307066671986518261788364021138509827281407258273903119673913486318055381840326260208668775463491394764077906924967417125318333574788889702025838796814495907
1.64266313871088860606144673163496109895159198053713329866810705508873749997420532535082843202589426104088618360032988992042365130463848665378828477003064459485997498877575345864141e-117 4.55445223048712824179378328740859196215135325724839852520080217162134802282542643941075537701514203784630460472437882729662188604616902067212899036292903332818818316925249823056461
-2.20200030837301941300113298524482363961839013802154603309492230363962376387976430596731522816723766880859995438245670511756131603806105036462926189229571850925758183346533353496322e-115 4.95756146914404871038248111046816265581249746437668224421120124706058446914464617578866244940272391866655962074444489745264367955747092100553010534996708263555290653825122734740624
3.37456239144573078781352426723886849285989512797734945399237544808153091228091839337220864901650472739152030920284401342193512937916341791448546880904056503384644355007357343348016e-113 5.38906275848734728455229528220024243404309059155505815643468132144813562467174775647718551496213748717178943557880616562406399902104949206891017562291550160172487655709191883916798
-5.97580538717430996224011527113702159279495209956575697607715847221628492373880660342642673201347975220564316374355241502853719396773888549420964615664854554913452623848453815465579e-111 5.85283439389674070748686472758925988077924195842830106490527779261593171592151397395820044925728390223879847430738527323712398922477194219294079491239338241293797135506016209785202
1.23725440586973404164489307932430516834403389079389497816544898538921399558319088469552938498730665221369391541357139476883721751030720901663559011357392587456084902078058998335041e-108 6.35328827702992098019936354595143180311252202823136298328833618419816773872043533002047477341172610873649771263768379451757903925936169156109178000994609496293632910855205228054298
-3.0341010981005521403946179486534678032827394107842255853716683952971984283571255295792676401077217326599511857091026385154540339735784212153256288794032185334524209945633620453674e-106 6.89550232864040057616329144978851943796663440259376287071676269394105997706605491432670097033009528661926668697213757538965845042095133857906166439268898816915006897189582080996298
8.93981504778882327446857818922613539148162340618942844395903613758324220693772212759969894966120517833380147713628180115014293198778499617491205895249363370944659279281060144483499e-104 7.48538115512633215030996580260192383277165726416478317947464272444784658420089246085890602975112878261345853952060825891270407572895987521048019544146867201906483265701679448464853
-3.21554224547946341216709898547929871126960667898455371945966056417788377397012214582290593638939446373231984072674521987722343567792081725620826950383291939621102831516325870438236e-101 8.12985499970075887469670139992645398535719930656027131420665438544996689973026708932483986760650097395137523198688851778227159568139426982662512568052756462701579741478660099107276
1.43710836235432415706734698791399122963519871562939461237600838320007134633065249169331925306148633063656239131185620351708955872352460614710175523396567646223015608137867265855703e-98 8.83712991039860233890215306014223900091189481203676271879815949267118375813264349125177078616741566693992674038217033407308987687319661627509251587564052311895715456504784591214977
-8.13990418236565799796393862762971441942387298179369256449331672431021541194553545849807803961148876950540772672098010687581545747016760292943315550265917219046854457635287814001749e-96 9.6170062964154641323329749352001869120677431749599544983277027941878989789781782677112846544006241250890932176897852802362066965630451907739671178970935623679507383258419672075641
5.97409217648267776773748833240969762717524496146959516326420214715950960512427402397267081429083070234873341710497599894049285998519103948378450906690070447139672983386691358874706e-93 10.4812891377609584475647466308662490864326015404285970268629316919935085431818588388795025470644611873230779251630451972081281844474815977672255396251972799747633116987830447409271
-5.82486318709639467117021367533089544680001539742238864488635781093955629136887696092171818815526186679561710257214935353370044063638046394122385598895742928031333522986994918217259e-90 11.4443218748275195117843275327623211443737489169189305899993501607779173771418371831907262959699110890284757921684203854343162258294970638119583391875255697609303610644416851209771
7.7607947203499303563484759866185514937212439663538482667967597679640847147063603761820675679514456671855905198231857245614529645411396225389443978021868267111487540440577120581706e-87 12.5236887017481406347135615276394694764545778067140659242575749662043947767631288869466121206267133374918797649723588103808390388815095950453032665211870743924103519325675418445007
-1.45888385446608540488495443540720824334634849183553353326830043581328491809680467444014837315054648758078608174529050317597514522948436485408395336153380155542010275311939876489095e-83 13.741148606921729534316683529646327009580570457352690145727401272659431970975048892676757130763397447564779468495137047284328507368099044637772967593464962888441290538129811880088
4.01273172078712804748974482169208471175650686539820476841529953187991217848625617767259321082770909277507598237216964061819813737859137581895288955882333700706148476977051760182301e-80 15.1238922023766422905035240699396750926314579335675490240369113433178880118143560559676170830874573598914030007520126204411919208586156795791607907033785675912000776543453943482568
-1.68360115377060331765720836582099618600632962964423057768491562068268360766631888430632974233794030134083548938894841325148471839598761606403064057567456489461757521937704974865457e-76 16.7062542633684789098937921889113290328672272435180318064845518952990628239039653703569232258215746875569137946247773240383226077315282803001222439215034874722058348220891485051273
1.13024663062104968052458780817283518589773180603839934506925283051226725824193331156658807220525098276460669778916061544648219234746188912726969417307570152025681395912735089117858e-72 18.532079371065045285431209682048329640389608720845512967542668256333615429241387295535008550939212999165259225283757446846760539100564429058578270921856330876795611397171880322386
-1.28290306425811719353994876629731109963219029343911721759946723619490603060573917685182883613433720219516414075679761966074376682374392783804904285396242719795284813792446802858526e-68 20.6580392751041540222795880775861327392224968344026106329391966802055388231119252174639525280725361295437156633006503722018008861760745255164346753036370327926861379576260755599913
2.62481256180332212029654989041650017566886296971931213354416287580615339390024447717388330585763444492896790262778540357788724587824853973980579051742560746841691603428078840219044e-64 23.1583629751371721768715158217971574269754884232994227424567006483044829951205684482928984975796620618796594646297353010730555750486128596966264813204679997151483988384208493338679
-1.04318039420787471196411408535140275053255344928198017161733436160159570128084678344963877723305708605617832551984554485694802450277436760305793011723617077625575116850840273356674e-59 26.1317072181605948368235828085053794198777798771089941979161347529394808323786504384954136770800617224226012455898525632158204578374483874616460252076383640845718146351248086231588
8.79440554649259299299113865083935534214626150291371833106227798276792446189317633427528497326422998475299174028207363085082869642131092903096381521282354110770725133909479119836977e-55 29.7113446352447027518259612282559026786676623694601581504967324220889034872113787473432806640566516111133393242086295242961547330538106501167814469115811027251963583469054709791146
-1.74605979233665418539664066101483780040647088820324220426822545674990863314418139474297458143318403298736667213278390497630516345931391035658279472241301960976994644169892456545014e-49 34.0806265245556047461212574424883503169139934754260791938147027047684832904419873531141199925588334701250940842000271089572404876410270427270655494887544163157154845861256709417963
9.25691070038022520006992293805189326973095462086773602050505308815737584500354689782135689536385922678100468839418385028927861182469980498501879585851670426071641164871853462174014e-44 39.4970741293945753968127363162512922608453442855760162963113436985879938379714194557577471825512362072828042220682733411996702232420865080271408355162675960985280800428299857066948
-1.52678463177415183555483028724366351614047917531921444264044602957823639809554843944049191106925893419273909083106173596048460825397682607433882882524813258416664992543655409875637e-37 46.331046763297532064858313277457282026316083705807783703958823070468601977553205477628443939930663505218129011032937218182088896219679962798264346856872312619611554294088649339199
9.46016908474085783037968751839749287659975291563960882356406928643500650202907807569970542709477061657042228893740330714533684576895148360190911517491859915969001594165348917839359e-31 55.1299568904881762259817535753892787096306927802781716364462318211892462307138560144475142112522318051931079134546688862422878895253839399463336724913145945431545928656495655403055
-2.79026207573415897580712023534705187058009419486479244949654473367690870748969577748009147473292084191961508901550171992529741159918339191681089743702836033149464234211704162197714e-23 66.7291929506630589224253184478763826693657771381768790009629825163701874886226463278701708369126327001790368850267828172240520310060083309730036273233602194979846436165265934782924
5.30216621119768935267108286757761736239904447518038451955803709207377559062703471452328347904608589895548517363579738171640131658391865155668696123892572976387815345008728628693529e-15 82.4527582550964759000780682615581679507582350960407120721970515086032444669766286816949928787317772398875499688366431386919440151693676991218157521094413516011367959840638854886397
-9.62442204462257713582098100634636912155274365394425684386259842042284165548955294288462702369564443708228034100122014753774280246107808820261350372321678099972998609809897050159542e-06 104.496787542590668719928435994993632654126677271210802508135744059149152231352651433247613237991192532837057211169506890304383294366739633318370697940966283193233994502563983020559
-8.24575965423203567335600782981721255514488265368893121127479390360761647967295650973167047027440956714892674436492582500797314691566327537325211197661359484174035931519159881857194 117.778997136059160353122258224157059176334478494430265783921722997931489089456457377276660571758133629519549880006444919356675192352519435177019271062395385702730739639412584309798
0.0548574643671378428657296731627761928634829858355800421425813289806644309373753041913034624094585819528231689257638234964281665698551681962050033864216764860666763180602687839783308 117.665789312925387143830607921381196934389995080128481632207506607968096922050758810822562916152490222541253422041103643459307437105366598898655687919188403821934086650833604630407
8.35233512861079314726191911292675050215816668044139854541267681958994115701840898495296353740073460973556499452410470656483179195431955232978426791254759658144638104189664460970124 117.795068715461463775158847784558300358111026505232461005716121853385239163166896984797210181367678555371876084506177730117067134841994633451646801987571183673486572693611854350489
-16.4292730788574638532009205327630164319871281469107509945186037228798326765925807485520050056721063671074093918142467852082566834416868773760620554732104179305061455747844518867391 117.792908471905696851215628038323830477023034498841406310225607589770474480113692617985541005624291417338004991753311236136578839849054004048581360914194161708153012311928970543154
16.53315720790030002253059245616390161034387005521240991210012683760951840922444394380681581328770702786157443952248083810144477288657226967816660013338615464722297843198761260578 117.818183281964862880963247844387858548940229581810910982227777593373498461921274221994859005251907725601500100297892061265604222580702082903612752379233719724465531750556858024652
-24.5922750461824335211576624873821218341424653097111789563371549566198976470664598607432742989234662392475570429436838357135522588957648190107009011389659637122142533314688765208359 117.375102773576326004839379948541698391406396165215517151480931451050511864702988439462345444730300364888866847027533932095630491385016840900453999504421161155893739654423391125043
24.6951752754315086685590344352402170085063468084120388561902715995587912605908890714598013916578055892687927112114420645076022062970022576882512289122299853733422372793181218013745 117.407246820021465139785671301644775976462934363464527863958004729127303799622913680353355103047347707596481912202317556039777639132839307449081315334353209992871379114092015871377
-32.7431198776477828793280229490965577213387511799226932231354829887755464562899804562115445320311344602166975257732121647649352880059486483488801449968788646122849738979385481878646 116.420724365628642383430834294892185997718322432492820296755248799597179473828100363838770934805989121439481879251281991425172014638240305267243667531536817424244765389110432713203
32.8458295647105902058284284702129987958777519450864645130716110142967931932136903877537705518517794596694453662742898140448468657227642427822092041174379914648419070408099472601586 116.459194315851987890253913377288753302770484401926110693562407670801006554948447799691710402042564866719650820240954040287456633813089231280600556743177822234970705576103162264312
-40.8467977918339333173230227759850628419754302001071290395938463661700219660600204737275944827385755234397229485148476767200173972990225624937767131353525821594831338859283551238172 114.904740748758885614329349072632300136137602166020490777532879702561362289048502705486839928630127906229926024979300329553716455964437210135587647925457791254005836547350272413497
-48.8625472637496616334381346840554266923930499862852127453069120558315989267506715935941141899923413930125879726101429272890183368705278254193613856816869639244153595212487787467332 112.824912690914093815748446117305954890741160524692217169659673345273245014456191655555005388677362578899760534410231760828318707065688998379632992775637847418707654862842030917039
-56.7501475152522084787821530011469341359882924931262996564164054129908328228233048668181622602075378988609586796153261849047479367987721919252953970324738871781993168232715395849481 110.186309362024887313525990799721671663351121956561246070576710100798141736588717698002191810942634993670179171070117539041956004024637001096653814264226966730315975873392100599727
-64.4702819698430587840169881779332937764565294844547238661545440108087353777361576517277687711618163947039160217264223204815080774559667833338613124238260514280919468318044840722735 106.997652339107363963892359150835883514740081150106588489666903861229777051262928845105298158013424770866275669147251257436231719771278923089270725309317172434010340878056722170211
-71.9844703041079804869736477322401577010585908672792721296684816944111836438810074157541842384268595627083318936743332872749728453433977891017832347644711785247745424787763014530619 103.27053093160283051141983288925505747590531452294859872988423687029460160429029398056680374432881368358432354279273123663355782379563343551402251048030737471117694592399097882026
-79.2551376191766325154225083335441316509557304615431857419696640378732778368391771721104278399326054829160038269886225045282174432591598535062126470096475226888824996888358146637403 99.019223856657173887458556401744463645415491016390192632395287830063425170004312965253169389177100674144220643294847004857138686593188474460587300849020532804895095370353018519195
-86.2457634680632120008008894706234391364106820655158246409604571861195135065543407229724823280106424670828075003864692479766683161374338324651356168957393271169387713847591097996162 94.2606213303712895958635448623591570309702261125024123382883555570009811521036518888252043707730111225885569699078870861740208818564076184598047862506123242001267880982950799436992
-92.9210545898507463009294551653052516111961734867290016212767508892173830208227367237001539622938187021178398470976130778947023705825074971195417028579465252645408679232781163874443 89.0141490982580281071736723507607132102883308919841972835275033595292895662531708249912503055308803112672146255840755321383379765625897033571642158596038339590244603944358457257562
-99.2471194217424069702266210439212946563761394296119775940414553205818095143254297200083914422025494910149555932639329614293513689944111043770052512120125634749985323710816369066153 83.3016797288000355684315934602357608618081628487713203964644420298759016999911237780511553883654603527451200799787450768407035660129502753672994712693924940771308697821412311539853
-105.19163748392068420469088680841385730951649479410109219601007291206209428066715361540738384891631149143677601272727948362202887077575840735140488080426184986216010190604645481526 77.1474307478351258288318648825228496261383731286606916264331644147038884411560673903386929746168749342759605593803601389247619468235721122537727782381610538045019105108621976199768
-110.724021415592974031169808354210456087753264681986332945905129723864994934005554756520686763417285600813298661005471379228656361696859119506461305197294650569019890241007574084219 70.5778506548745032308617195660704209906758498197845291910660720044460891153368010248683288004149235417930872172381401693471801222518837102300456630444181344719173325099678847074837
-115.81557063091717397601813843198085683214579762190212535227599944707148777444860190583734294028624502296442534848744171499420346433232271705993817202422788729942348054440750160239 63.62149367447235763612614189792883990872259961814065604900506812200439748093127070211650945698194850985003703110210362118480244956182065441440315015699467586497362789821691256947
-120.439615820856557121749157394624229316331565265177207322338628464515979586809669940489424744279389626827904698577602510437329360732643760832816672852015559354642322693843273049891 56.3088839497309893067529335904150436530769412723761950660007559664785957853749878273798001530159716867303766141441734751164860367593297634558939999007224677672668977318326905801248
-124.571653590678877242624184899358361737773018786546284487328315154823672441661227629422328197922773786136440710541855728356229822347289741922551189805185044500547071749173417450244 48.6723698633417600180750972702024220833315528719963801161406510050143812214777809622186821845179099140733807059403276964326744806869288178869611308336055017209496219942577757227608
-128.189470564319745641920433036564629261929382697474382124349639411635320726156005199948622031440071431482728951317278611787948145212140425116888732644931522176088298706761776872977 40.7459692017356201460029966950635086640741287151338378273859514721671659670987602074449425194841848840818063586389908609784694741978200401942371591209696399107180420024756967641328
-131.273256334279757091187709273819528444367211028775726508345331319544068766649139542512860279916715466855754237258165535948485451165006501831671375640658718170857935383758649690611 32.5652059206898242273814242014063140825017024389377670991253534443917213888699900039518403281438641783348537690123732911507647210824552522688573937897722553476261403253409017241267
-133.80570468950688206859413443897503868081007480644712192998337606568209020799450951534069857649340852190145729163221043168580388029049104843102180282753762105757279663985427858134 24.1669393129915583852882286619768524542037872485565465004272238956502927032021546395125499551385806528397850955451475881525456422248965228385450691646323819170813587640079716430166
-135.772102611648920718612481110232282179221081662791662252256488495746269831139346097907056539185926262939658946405931831311963630405167602764562152729492629398595353859652261151688 15.589186417255798292028042563099691955534338884464647520873537291392823298444005198734821414670554734783181027424113243395032509481692882646710758653542561973810374486162859785489
-137.160406590887832752927134756707548005424632297005209429559091166356200050603603984433979705845740433097424750368813227596607578281831980201229059722282503320151256419065925594384 6.87093854117190313901133903313229070522606202865011960651513131714513178473415308175107216626317977397105763762704581224202662268854501945928920728469151782192399228370034355053166
-137.961305875680834163931368005609119353654178263173575223150169857765343140692150257582794404941582570256210789908978088415468595671570173866263282283012338200901753525918099913813 -1.94802719777105933636044988291126957264125533401074296126813589704418987966862279965826991466423550547399024111177788848592209792257708285311108972443660237246487899998814536668114
-138.168272335753191869053039448357485614138384086111738288099255320988802959729691619905244251311630472813149045129778615620937669129144177572439494708856166166114628857618819053917 -10.8273403857309865966886119774358415287842261378436701709160564447516147219344702720127736721998642194426062346460241847729777365776093941805451933464528267980526180283196101127541
-137.777596684282422663802716907636676641249493518456282717064763279178255093479793357440892745552471265356139721086103201274250859687222749288651025499027559217221370051975756186927 -19.7262329310633288301627634919739393778000010452607390620183592996554771899348315411064153587038005298652251365842710255584723874491932267050567167376477330284615998302088219879992
-136.788410873048394687782012701792493981979099017535309455839367481011807588548955301661931667150622837323791578138670379142303097466818086337394946937778009268752438671849240442706 -28.6037368228764655965770282342793043839123348981296050056646803104295264949792749057309955795763149218874094681867646082444589408698718584552401740698190516195218113267742168034478
-135.202696543056238925235378412770671437250476556194252269029018714249626959395459739017717391059041203952981525743802664372634841901294127075975072899515678344057480454702449260611 -37.4188830532417474605648862161856118935998295331654412339611014667491356664152250236416276174172231381873205041487682607705317134814773984032407894832095625403263520846747981256546
-133.02527948242281607610240285011136413379506590874298239892960224526318177637520310251483104106588563121524424426186016710904401474137074365376387527421854390322568116994990804803 -46.1309007203070949974061400754897671405418372867311589946647467352458679824174344380518301293290827787466014954828044137827870166491434236612104974033480399244881650216418955305063
-130.263810112806400871054824948620998844855329673416608542949185661266231569412646596636214957443309505051129133861478569667668418281487206900905181850821417017164574959766126559701 -54.6994153280573452227896351095650542880662682647304345454116940991639468813059489542582241022523148133915275201417316849001321786431339027242712869832850431342691377119938657781049
-126.928730095008978794647380975698389474441169129257158923083070132819838786790566119760017015252215693475980813822621673771676208636272222008450504575208191754285598910857142837494 -63.0846453018736728311661006737284825861726512610096937645330830202764300863351530845880164639585911520023725811218430417903067991770703091255404334024507115808406995118100201038825
40.9498761265720469547282482209068929161952206988087838415720196404713109037731029992859382367146965166820397795649725390777504159840646005478999214854710136770492636575195552850697 114.94940954740611370359168765797198865757255257682352078352258905373756073005518415148808245484180010452798461982256795439238141965859228083254824981293920699914751557939937083157
-123.0332252132503110191117591049199915540721069827523688372728699770057245140541058277964789135187322781142579164539837641332795173007734041198100066229958234105537872522992215521 -71.2475957473616033098319719621115698164487789938212796637290233631138408665116182772548924603956738336301809706924992594967033087474023743524506923656514115308436916940972087469897
-118.593164765666402928744981709638716231954116599436497632100933809789539169474975653670825346897858593494056422948367669697289381409666654166479628989389398397727489302782141424168 -79.1502484931088308511393862180030608460517794013220490174480467949624078268738873486427378313995431918304989640984777959043754269363321400195476930045489972192556964887228428701887
-113.627027755491249278723677068822671656415871306214429018259354165073585281140158133186551041750678187137101691716723269070614958947297619039448752391031622288448667591042237854068 -86.7557474760398435128781392149351601739118664160643819077648439061718040346551743607717875299029503704907696473013953286677325845518806201868395256718409908299504334300789996871285
-108.155816242814967484544664015710703814759205307693984085621460749259400305801413992207835699397775888598906505482451908488523900605662119737231112901789407457126556409187999979504 -94.0285785507672135233379830156886654979230185769228770512239221134304276718038507153849356913744666137385225707095328937679967988734787826704536107301247952809529423918595789207457
-102.202956280456023613616133815186785988776751128490640352590190422993924150861314810441856813811894512344784338765957191228272516500713577992762701307007824068600604002370955287341 -100.934742831686291020893159909508102541894800598422820167110163379205507028998831497221793008959855235850760647876301530385595058862699690197914995088678848239840636403094007888866
-95.7941869190306719145099740979670697996971165989301616274592097928926306405230174788588032290768707516667506194855093388133937062466130551031292188430210758226376314406140045094537 -107.441922708382795348505598666487199889117499053150479292488389470415754206177735975701071902181455473377601977640262882269997788641930376738378787167527961518487859136749941696601
-88.9574378254486732310190759116377703289592090668576232345861158923517593817290671933836686750219277099068577953241749348079022040670965189794598432943228491885002333046151077563741 -113.519639711059312605026642661588041873153156688189245210044863158933754263737914672585036987474958432277490585263172448872665761814442288607078537101415467957986411978929535948939
-81.7226961155210134991675160291980610881599683295088121902007344917305717452844895282930827108831334278889661814767112300353856919791950391028273062640250947310177104085269423565954 -119.139403442952207918158433243249710980331611452578820448334285645663699843981450719334146499674079270574555463184853459891684667986286825414968833019804519764825350373215578882803
-74.1218630548547160147884097880507813424915409727104335769753622996152431864759587166740631685457802342497651852367405029708011001652776845299960520544449383011833228323307760904257 -124.274850840898934427689584442982677076673278760010353816072084363608596948552679319932854527284574194006818165435702253719569943322666393743732237868435021468178461807600611655435
-66.1886013324671734444986170026012874228044434921398585895700081766553554815366726500045185293122373333480255524499465911362354990358477949418586053778304593917559870189840121716098 -128.901875073101398980367104129197767723335315736768168660987580640829138619898122661019750034846992702053872330694446183164197280542745557862905167028285750023416314087279857488193
-57.9581736583276466572314331238378478256299668768673983114614880424299180213658994095093169732976721597983283535600967750362307845164648417790451094998637276687166249490405503209657 -132.998743434469907327657251886277365360346084781757577908612823646333230280066806746707824873033940750848318224337083347749572982445433843477331628071100838909841269295307796742897
-49.4672734790927414318219848377862614129081523306160308910879326596103405204205228798374268140456607570481733820631165728598258953373726162902120672749602578270812384388145184385986 -136.546203654463504075933156452685316157714853661806467248091320921269803481162711462649598867231253978214911434704657652606578344432832447643108582406816382827756044939774455170033
48.9665129113385273573762930143833933996336737936417994135213572930461875592364280979881947418603639825027965589057143366059107919655554846957579951948744581531139345698691793835641 112.875727386654387358527189952923573035589034827971279268709205275109370147307575644796224482746711140828612826866761056577394501871468686982732552781342916040488325454803925266537
-40.7538486454293518425949175029644659734680818384095161930401216328754903138541971086430600980688380615008014320333783875492999044268341212917586395384970196572330233618863727286773 -139.527578089790268965752430953089874334119447557912071426886996932758963469206282513368492930852581576488406267147960402269814221093803593429947146202568062211689018067172193892733
-31.8569188993151502677729348254895367508271068723228125892069241135115561182900493618974536253730446406894244364344316147588491168717179975588629624034498351231665003239710979954136 -141.928845334405650103753775706924999574692499221298858159673659657127924159606550934153221048448515729856681941791804853162555743114287568413640214757880192851995341773772279073345
-22.8163880803956440654800819615828825969666703577118988031881707979056482369136543027346497025710162335542978031516568913414883150825891354440751235537389471673836058218614684108047 -143.738708841646342732575753237440009386895051680278086927701680882612494771219142743126321576458853481298236796432795165510171078279652109700862953734927507463140648302963559970402
-13.6728519767016655906495652016053782537017704676667862023056768891216072155829548363604781230649716585910344198304455512541284828043138994301747094213723101025864776380060115910141 -144.948652217749051964039904929371951514225561221802093850626135616184822515738597727685262832004877420302548680834616669020838247135180733928940705710695615266779561848418241318887
-4.46740276665755155483290148619177788413807825467085270290993183270988503841250019252205712222904775452430674704558588196843583982065565229235697434824687495730134279628792349176329 -145.552980912106124835138010834107670855084909614478912736347189122532397902263462997243305520912500484933911522376909263299173924788688566341981518167432116883417061875766688699889
56.8555062796294418590228528620183158097747906439341878266465660363735507111419774196071100921398189662414547381488471029730009995493286394147579386075718485560973094716970926452246 110.24321005272223503209950992710945649356008302690687224176073697812194779905829031915004760268846015690289855491409675469375150487283263063494592016071051558561244638466498320586
4.75856898377325957894439574176735004114388391510724879573537707940189290881579768420603531270559939360150371058747527546756193331472465733532998336603461470932890942094464791601871 -145.548850097074437175136517333070283106316254648948100184559215311690153220581351496241491396278557013029083518539464317364362157934456383493064720979944317085718366174521302460664
13.9635737928397823754055864936457057836906578502675082933271548364781885356732025273638999636312230696566071678332332762441646610824109027753883009999900932374606447240348078975201 -144.93627859864516595716861021052944462923049601628507876761958923890434968055474819522270876585788916816026225496117146706487531862824481303365353248617927648023927574493033785345
23.1062232204294995733160429364022741182591684997004382078274564615751488233743068852206740011670373727862332027370696387843019464793430917291077476515273608749672520692286949102885 -143.718148808461084594960996717893498486387660332828163583556431533802691569640260019315894617484565034182799573244322853138458724522279873843394624189068655324150015882568827421242
32.1454293255893246082410900696606109613891963350795511620377690528332352786416636158132922515943000717539864677494547797319503761803481124919983426450213685768145639124404697262884 -141.90019257719322267645445220103253990292194488272385684220598583208618537701581970127482460192929234086233214859480579083395132321913428822059677693882089988061993388570670184379
64.5775267471827079426691703833932414372759692313511512481414183116128654102240715818675905506347679707092910493399263412255174783370575607954807220292693310720061686859037630424084 107.060553311195687164858840021034014372669491974068742750624863639395402402850397163404162203320298711779493921683876480521765343586854525139452489083862394653666189500363346956958
41.0406026411195676616510888053642167724485119781634370254453331667942693521817642097366897356984468316312566885694219292980870347114238281431625137672826897174909078653200935160971 -139.490963158817791805322205219698178308138719958753167315794108419977260771992991516867695464556159147093985530884421066493667535896990729515008479349598227511603280529053782785391
49.7518476896795114745759461940317775510493222104889383050048394511095858241419030618432337322426776712429468949532506743139515428604202772684157423471313970533802409298486672160807 -136.501793344525768114379136398036374907265528591855406678389442772016518653138111215321154715142609225923808197220987383903825715855412302209440252059964256959647988498108893496194
58.2401550781697312769177527578774393538156749102242968704631247402249454350300523059192820189428259089207266370341397824926701046552555575288020249517047758230633229029655843372261 -132.946739993512570892813934872831833366456846543779381134830963293783642734398705513165291080057301970743443051050951237286498532551516698190837466032459535202291736587595375075116
66.4675892242860393451273421504827626453734417129529758219451152330294007896029198655449454217613399447187743136293358005168089182294827578327465930703787252909420486941674362469025 -128.842515235399135990629606692139963313147811091324361726660348346494049375218050914398142900245748733168844103692257713308962731295757523254976226517454531177273350376532421937968
72.0940782070133198370722767664477488716227384521817369919896721629660839450929844344366841294242960029455972866252619989327933896277757125719719106806438967360378281287177553941108 103.339316248059566245803316204274874160308696820826538165279503087530538852035079022166965561640903045246816582590678560056224827232841894757026353113678928750028261113468781507878
74.3974707909843000391309312442397980336422952754172115299942102848114847058373946233331709377613627613382058659604330548391169164113882335197063533990424707542976466325859929136554 -124.208404685199151757829280707632608609334246561428049775040137336543507908316221134685733249847393659136755488181261216714921915528258302015965651916383014840768699407645750400531
81.9945529310399340004021828698809245415007645806086238269500502924995548571511521030008740000797511035535737565482915816470970718689606602987313941869306102150089993489586217129486 -119.066173076247903812095157186299809495974199763486854552799492249150582916769436825289867093424865661885828828629265097542144435356521313608110642702823225557916454883658009573873
89.2251904747906666038207768733761859810366833811461454641130572629824077298032844060017828439996916182167855394404937873323782135318869345732785445093331226457456033692066944634888 -113.439957779031487374189285135652901800119531021880591831684656569488480372476662011170275598334441170560113867862862685621291999104909580313341160106392534622626714119916234837315
96.0575012293507050878752576558975733173343561883890341747157842267068744492618880280834211880709881777044573915361861809201985192267728139475346958138729874341263424067312735008004 -107.356150734095104180973467741447597033987253986160242934116399194609822640546941575923882994019635258077753879603704373547266971035487945999761142355333552625902220112563065502866
79.3675674201067700588793460353511087237652132793027428598822295827068676112207957653199935367558344366714926527039990068808523572524908813413787874804800003664599656724236522999247 99.0937463135770916263181607814908467660295378645110277722191228730109574653445139988502145349933331645415788612916041799841544799437469953593357456392749409306043880118599276686758
102.461518596889279229052446068686347304941295063257933983250040568014457112142530703853470547203643994900444199998061717608814397987027651118852001064916620386583655236702224823171 -100.843269384868850612136118481351045626867404074438793438335708717715813313442905616095606126780141531351340346402893376690585371001104587824249345691972918200637453429373296429733
108.409334762763240994649933963310870741014910089764186967121128538132860513299006592582330956323458044041550599774340587009723071925454433043697695809865106867383606748984634495708 -93.9318172510412164097032834563217875068133559005019242058299594274938452283189727741374377455028121517966433435967175894641135865419507030447002778956658525266228914213780467795669
113.875233751147463970816027544186473845240976212848760334160095141828028795912726617919763544910416647248592570675403604657240856603768609648691071973049105877311880018453216158063 -86.6541348347562022300887860964832818582504811926804033213838336646056184920782136405199991443238443436029195449840883540618058242667775121668334728448848629653768196947050524986204
118.835813696064177706007638331298675888483257296075098726785529232931070746183706130054509264161186683759281007102672757066248391088232464523036975135710351103124315606755353166136 -79.0442416001406645155525023817239432171087431769994976346858529529730537132988979707099523282944082710938049377726446198382363674768139831473006693951548741051275032556157659736607
86.3614534454298611116324365096316025280994758627163105408029913817429768899723622554677540748879241924452276394278281413329231571732402058425122492628504042770258243373917411267052 94.3407022706247509144794670957619133574701879759660318563024405622317751479563030080850337172230472587203300958455371493500144891140962508566967971450566711543151473767922481400287
123.270097729103126975686874788666147105881936992722216412117672896491486059273217028436659484322861409385962014373493239090884213250638917078064969086086392192539037974476864769585 -71.1376698112249316896443576328286045110600689070706111266423003581446727091983492018675440870249042472327482650968526262752500286283736698332790607913174506314494335174550654645179
127.15963294136642518268762237631131125934991829549038851005646819730463229937629059151550063144981136887865041865209098603611015509746247391294067205694207554356281839257223341134 -62.9712910539529003545266070476560964493833374021012488778556639639788518113121596458401941906376520382704508703270286243988717333859112035206530520445927771826545846322395722829256
130.488576935975409306570724645261129772055312644185495303384845886675858668602081222526371776250932953692486891743359382345269352598784494079417923820102477725134759813142145931603 -54.5831363044504686919596404346103910331536658374652151543533765464762470526751417954226777153306729861958351372433503464147911884548566925351303237649674772685862552348012139619059
93.0404206434061371690234688390163221213771538954703728348705271794085066116292159445773009795934369483164676092608844324576296510613094866403323734667643956438616068564531269980379 89.0995785368817278587747633768488291907265504744918007487545378117733255755047815389089901453261054193956063674118570048819270760843762682899462685939865327933595959390970908022464
133.243771548549139530347705088467777017553154530201395306117450323213494671413009034587579591680600307390155711443933507247186416670487651004306562062400494871430743991541309913586 -46.0122104378104394476829343190359508971664375880784101890487822293438894136257836683017361155376011016512001645106586344172175250291874142063666672555810339539787091352834047462232
135.414803376114726641827900233760220132959007985997463510878200743077289091818814625432982800614081462789098940137878030162345729611334181458213415063786173337079735172561995055909 -37.2983020991534619087311504344580675259666446748156655881905549106387682709938397110680853185272718603795442424677509726800527253895418290920188911507901577566020525890118661677134
136.994050819653437377375157278413965437903083636622944559676218644483103298357604648776988702985127168638739300924052082103539968345385744814118866295594926539433612267407729790132 -28.4817898814575448158331492767751429441897618872731872748948141636090788090941748598245989465583000666317294235155190615878574475806153419842316937655233327086519913884045409002998
137.976717411646553094648230096850253069509450666928414237809107102660643736080688198975857781992844523481275894140637973887251879001507839184135527947466797019156773061267293108271 -19.6034457724629888160113237372910238467169833802216693550372730866223440908450401730803986761283205480792616978407393412928699036468081482756068346519659660341144933921767642393956
138.360851267292316704208287762492222117193565921016459178132378196930026380628628500041860287743383065706116091134059959984785300636093530100164987152015471084996384440946769693969 -10.7042368457427996687187371363084621677201087974252907651381158645038772301643824005385590921791476803469396168469869915471437386180233195749062563029784816596228732491969412258608
99.370553394991299423323510537930554877294089205111877344668538646192512657048301332477623144309129724160515682872975750843040533759750860335074823570393541453566170474938183187934 83.3922166851237426183662980005436263952434943259440516777382901961247248018371957837202997521335324446778214706964776292808804591674472474782699552919731069555452338541818260783826
138.147350566256419670829220459296311209781367502017911382608677266473313734317624503028872838460939506419950430075366825379611167214505022145164378557149899085729381160200969837991 -1.82512617871291583115140456136782136196453424774034914011119145282631028051316831160340560923324338832617853221262685450869818715865813427675183018920035244521350771305288268835545
137.339955040629625748308883824619476832147420406553274479299008530047988572357988376390074541244429997771593378633886876344902198480095470443936021573541215678901058844996881586063 6.99312601707594508958272557595984173265296551731509655017921374260973367834701016676136990398248140283888912853104465031322059172696335369946232739849157355076460022003615328208063
135.945223513925631875682038853990078386895418585476210953185553916239329361348742087127190439813862112282677218226876376362489345901159365864447388220522797814678547821071006920974 15.7101600705377064063152134567172673810143779898957829314861280585114397710567660067592976902091907929625122884293030554896905864489537274949273486152086715204522866136873943536851
105.319505676767066898173617405674600674991942799537302327540960333121397110977980945428022621367663329980072729537989817154400008360408289003669487083697635878577790988977192634039 77.2428037730399317421854307346019845439424944287548738617721584850063547569541840040161820347333113986220938220604987417187248997822244534889674020391183972313393883810829008648536
133.972497605171624429922991070639288912029461298073942921957322346430826943822946517060787963329220713149983983633080525435735077084941585815777641455998379281238585482271593590665 24.2862123552255300680128304028775284280820042915615358359698151070787925832611919834995962967527484512068726360405924586768091815822255982676126488427636743496298828061895056366864
131.433851781109684954475645796699761221593555644171976123151746492875394469863607587355050825807257449021648384374170319728748877101020443653957723230464809588172180129773969403688 32.6823076601415083442649550713727343685537861469271584139876981106380747903393153962385266166188329179591325429525734951922958268785178866047993358545194596371332806754457514686205
110.856663285971327259185554032623595581867401710102033410327601626993386132369108658075351763301139060107406766803247576755187025154440065296192764165972447295610035237315282515475 70.6777585614215501456074147537297238637747571876471026131647937614100397816502845285886972522549569935558991348233676219285906742101279744411439983177807075349881096759200002368001
128.34403000789557187921225028428751730635626070235678239646696860582944756188114871346609699128061715943164838343523978778444530989012598249316072539376938395389794770198914190273 40.8604474813153839296828539938215353323018847708392644666586522275364065206839207644039375343222761223984457442420644569138078441600987653336275412556875318425201162927022407677815
115.95329768638747237749506917011923251502430553603812177239510228496619813414621954159804235020167129139088300172493001176555383753901677012025652110319132531359954062810475764362 63.7256064759065393119092783781363251825480780837001085248628596674021885278130942206038783461328233150697027601817184766604038549078554985625726514666586061672651860036605292068557
124.720369321078785524978637102515292786913982019640887011534733513688340762859287351842055130645086458985940730326944245397223411665557851673574627113225794281240920569994861499567 48.7837933098698843306007131383063539476943133932375185753808421111237636004360785870922987809439320361379583750532764201331432197932071941160352194798040019590741573928803263816922
120.582710698675976849540823581586639537181972864369962089067096028790156449220938140749763841367886143355961933293818822193445603868889272065759307544581114110086115021150756463162 56.4168440181938277694439428837705870894482040169522796939185936972426574495076328171706876151054219048163447926171150831690510277590028049515489145910684824307054134710748287086232
1.81669540388406317873874966638950471340097229325753845335838105164428218482235850306193051014441412992038913062693892450414668343788520996252131021737471939395271328073584713499589 -0.00240554430462674042209601631380626677564885530477690721067349691216041173079574409312115263001738440891120423833617967759938826275980679445932919998048320218723732033066133997693896
1.85153971748715923139789447335430058760802443481907171713817652966894785189479598027551337230290485032776531592192058276606452178615086215069442211291392966860065953481489617235407 -0.00188080020994271117911823313138398244451374875400954284308812459779562004698632230424923518854466288338757776809640449754885848761201456748510853088655757664195105518171141890438284
1.88089939886670853225180535402407006578406454121975958208387763728306425807673470591856858641589894432235334275901947881357366780003136485383708791311219316931169413906339348361444 -0.00145471330269967644613654797724269783609494436473062222221564487656291427495465891277632048037081475318349761802060958587210792604220054479409666057779328148908157726986978012344307
1.90566668524194626514844893187597354056988885196744185504094256491169073028516821013526970215978988190762838050826171407238822894010396761376657128463744257288672222631361421594613 -0.00111007585630060277083562402177526355170975679416672203238855712230196405463990121599883012216958506087157354485700192194217753905072560198832072205899191054624201539656270454894528
1.92658970379192700116617009658461093490136280673446526143995646235916421683070319743220573313345928478999638072106246549010996112625372275568197321935816906818451193273014323813591 -0.000832628512396084167648080922398485067708600585324765984529057714677001386734366784693010844080842536205880490792517708638829425335545240966161269716175108880920339797138344496840668
1.94432433883237574726953292522390566114609510895958285828465285079408992682127946745091091735165210441370476324673821375786581717916329236662172928586923025882572409325844365815977 -0.000610589905762145898606725139791371374357559690744638887161724185151057664468646755277154818398425924881204059490003294554382560997801069161062994593422159604498947154204646865026141
1.95950966031785565440065704022673681248435905538494941077749396896059883129483174088499893852631002584011137224220320092097784383687725962644341695505556951046999300064015306933908 -0.000434503979358778658633980311489097949970679560946832830361031849031446980827060557464147940734975465169574535430340133864596885568931551007779886710002004353617103266322841766163706
1.96356040846949795059736351065646055333078556437651642992759800005265830575878009166713301159362078934413122480019402336740982143766055086477143124922446459785609199827042842248024 -4.67448178216782308994860097809331346875116971586443046020708224647039785878066907489431090302834083679165657747445054889036842976163910362622869712500599202237699150853746363757008e-17
1.96926634242812898629850799276033436986635268533630113921787923102870857309126162299198313861769330781310257794514833689178348408205832036887473156010595774062501247815959808929352 -1.70348162176515105971564888856084102631674571383612877979348940348353662029773937589663216343738819256392514665923075999933686053979281170281955822487291164540251643812517349076629e-16
1.97302183004702968776371301385920243835681434896835779202515121351249230968433267439214335975479024111848986115423998514841320208747942378222283386401878447143004899973951073514915 -0.000299954874531804302564015558384849740311988778127467403502084481076199251902124215955245967905123339832080841542290970137998829021933430699917445825218036307217902873810308706606825
1.97377403505780270303385325717417897609242100728880733898408672408370290357613840943762729496086775596580744727344551915329951840322397022342004363275607335616244413859554537441165 -3.5873253015342594342432461864027148826083987602452163713521854449247117411968618459746914859602104459458639507411132457368804305037938573364700302329411919350446287719900603414814e-16
1.97858117517390846158788396341644942398475402194539310998051663741580494990615272197700177384197118775453579974991645759929279682827419224686655058557737934403376677568463767319743 -0.00513743606784822409054509788672324887247792025646825108558059547333082095391759645493565719387353800090211053268715222627557547728141754007105721233901571248873123202390920941597178
1.97781012925527080058617083857196588827541040892492472485880043550987369327984996572807950173583477155482988780923531759895884966031082588358425269626343117470336713828557227536062 -0.00221345061371552157812094269210770418003417859244555618299129492948719469640519914866740020288548074764241547504848012070110199550831229685716029846086182720726730369626320870050794
1.97977109014325255580339833596127884086497414371545121251504688936444746110744326486309976384019932341386054281858224775986204702485101695099054653571830660365765914391223857807704 -0.00774547541091089470904766935331007225717352225607926758047577004027443051188516606850929596116071708093796326829596793572294603265770142756515321597317629609691533209378637774347174
1.98130280719644636630639306317071858044895149882754225501745666096046493934379006747394006580205478308930042094023406244973292173793528254738631743624403176647148201259026178339539 -0.0100392755691797717046485635402391522566773655283365299260367170488965405467629547337686594332772736613942449195045720191951862801083756834381628758590737856119791654187429349291535
1.97771435977798670838724338856753499497095768541715496832231614128109453193030112602667721686993940679930035900225826185312865898658391031803917431886743642422812283850084844462832 0.000969079195950319834975365032794725707857917151493694439956395446189680446070188501905514325236423048610558047892015087592572702261003362769005767508587981479439316450447633558982849
1.98311440164513029558917428753085123041264180675578172724112285199815057706939392761641707263102544401704466568920931407021991753296940857742543826395995433773573906866069216657211 -0.0119915791395742984758065315280024888447481258853105277649234610150139472467954778360266328940993854233083087651842271701402278833987615684974178750163075278488764205856530794640669
1.98513263749592205175356170118586460640069900922088128309034997679319131583010210525298134442153514859598157283692070736114128401797816724805772730683315030766810359581200557992264 -0.0135759619650142056252559920209884708882866142201775503089753996188532503148537963334043226996800227620261243658627621457897960617045530738038717529123456689198197298685851529076846
1.97834997719779587187225082512239578297966278172083611588593147459023480221735476378039989672991318463038987096818348271172276181923377419656090436909816742616002755946473379630519 0.00394441869245347557231725551684873660926442790650678117314045300077736671504173053153444555318976723425034641418821455653800547941897153193185012294640181474467164389141978889599496
1.98727828284624047928553004798091715428163969608443728801207031554586300357801416261602591810711656367909791827194297078592628705158604044795032746717219545045911830802874658810346 -0.0147772597393553711178573590787910686142550830946081478090588398101486565070995533516864164339727568429676047789301246169935425857816449668513986565377626278088864846087374216366915
1.98947425477590159429902212105844156192464453633694203936937274876982308742918590009700842151122968944695849606013242461727154405586440801931645428606710263444582466672936380011078 -0.0155959675407107869830950351843736615535964785662933575072735076498879895484448781392328748361378033456788744218701906187231651209314228109508665424177742860449459871616936722387953
1.97941512487391434296805507261497552295729159246441832351446973706804336698169609214764007769938603753590831255148099732230722429767902556979682237844844356617421511687749625038902 0.00658947344412215333652408185620805340275545517650933042930373034584499463414739858615443907606078015795707830087855551114638382615378471380928591592343084350773029743995633082505445
1.99165067285288930545162851474848105591764349325836106039237301015255148168466021749940757059629455255924490961370082738999879929537186826282821314283886193145256465028570080872913 -0.0160495580947050702593758240477382044817270055929321193373605827406360716176362523593610435259957486518952518256836617674792755110918078673834440927861765320722215233471250186922013
1.98081120591058313241863300229882741248020260280140653483707314911764062452391023914690527553224158073446339320270204522911463723464768288362688873800648061140182082861986790391305 0.00892670276400038768758616147834089523454862438666267437042355486667374221749905555385112489891656274257023376036308963452495560282121274831370471045385509000326609980480025622818195
1.99374706628767655964008999874942859181101548123399706516457322916657683606087242858011643578762908800577162111668670110305855563709202693494397784916612755497827709772129123796882 -0.0161697077855062457284006704266129805405683203069184498281411925223862707024596516031933831866550775269721692965264230895842628938088910328131971582392814756243457305271381004253005
1.98248046983153820800435440020090385636132620771026734182543211984937459902697432627746645385233043781249321217843850894932444279259550476616476099227025915408605955447698219250748 0.010942092108956156657556672244674385992644197461937897374212752863578953404697315819669007392177382955637655815184926788869012101830035075689612237025678935517828372868989086356054
1.97738645846714231168232693488432797118679168531278590489171101309586573121108880687286638928815312632543654788988803275777902684423713765879769451794336977876075205279898212309353 -5.77084509427697427125897309240070732551568989608654807125359831843254190635089945220431279034535790151150804197447213310428553697551071574957568472760261674825311671494573803932978e-16
1.99571452794886371927843106344518816251142389570825532973926176801607500795719815422669482860739479130692823349284636301391679906662822930301129054141113372692533700417544234078192 -0.0159972670241513875635051766411494187545219651172980694642755480189567867351088010935450498392084213491507203146988761406514623225854483364349523295216067215810671574125487748081395
1.98435905788149931079422864708311788158901224730959203228079575564662810480029752519353428699928309321904044526117528430945075753390723418152020442449423136233224256328238612441139 0.0126165493085391572911837548978463220402390398694057717964342747434472324851357708367530567829357019961439738613496543259062455590456930026428509568756437764241072930676466508844471
1.98637782029653145250257160247327687175061702239460202761420417097358679554986809489947333009099015029281269839932174979398737850189380344443532153309779092055409679697358992576968 0.013937479123786100165977300107791499908321882095494140560448032591496420330409521601864578688798674568751443227933541480060615908387489876009194874466407595342771655237183457994336
1.99751721932553482707425115528554937468295588220042194412457782837006479129341583503369556469955551912649143100435413967830028889129048136809247952263812700820702125927941177547592 -0.015578370881970183964918087558794167335680846829106470942496014674656609123800418415754132497540073993327155790084312275741505173004200287615701946961631578004379719553674208003473
1.98846873084747448365698591476879663552449767877802652546531654351810213622456699307633666148419964945661334955284592822759302560232137096577494334217441336862832932292343665413001 0.0149027322936624945491995325332082407162184177075460019823255676616848827497471460928560480054023080183348438014200957939171560178269754392355120258224873192827240227013592240665379
1.9991317045187619719634601627377643420920558958377930695163060602435059791783619573351555735178395729290980745815037448984733835480853230301323268942714301111714784752726741295871 -0.0149611522411519602440997115328020638977636538131721854641516122483914240425245821606574137188170207625548577847233913357147361516306432446139971925762312658584831916484910999542967
1.99056947167983145838274597214588742934675623552600233474496720122340807037054854444948568896582855373036479815144514404780056036756537916645849768012879289096799914346688628670224 0.0155228044015210605064960702734195418331934071030003563133013952208646998412681729487490224361775330669551139387462916486761576602580836565329774097176794294158920929715076795091133
2.0005457429664459687826013815186909501361809340092416178414827819263132094060639423506656709097956789621601668060175665430623172375969561360729110863248365287882012241185648322102 -0.0141925647435333323380819082287893809734815822207387207345720726730382418225172823839860727312002395486822922620837510012405900617464267742106361701686177708487095446747680205433278
1.98031948278905572001789321297759469375296646332185575422447705079413693981043554462170775096620471601454623128209886734933011543837082880590621605509509809981961176087698962584213 -7.9080244289260817343112843199307201675934377901218154604869611892000287199580357310483752844269376709598789029663178585768913150349751455677721664895004984515147399775524017383624e-16
1.99262476254215752445125498278065835005025615490866069848766392569121629511860770689616772203096343802009765246322060462679144407873518539104649251498884162211502709397815281533321 0.0158203857630891428298953753975410720830376302598349448132353717614421012367672988367239841387464569540970628134099248519323083958636255888639893068718881632472583031020685376189975
2.00175664827204757755821196801446400961154926610157160969843155403044998411561164605883360331278650555048450703319389640865887378372736192283683044239711804092983373816063322609864 -0.013316407961660742589595671509020919793780601366354091439269102942894483625102358813623006302340703805373984152102779414609757478556090182989444918833961687023626700703680733713721
1.99458722696963281378069359468180884930491859182774176484377067177982296588296520569204876346894035107935893708862015415040145714801298304294540999391014116536275455545887436400309 0.0158268782228392409418952283513527303601800541674871616972548748830249976235437438078011301049148657974521901068329110435237886672005124823674850708064629894809342651429567250296363
2.00276927486328352572683185320296948875431059188184388756649514185210776491521458066746562561295654507531228975554410867857319135832647128226826272021710885477968705536075702298907 -0.0123718147120605159278314734188080696180514031375822760708360531829284144120569605858053197058028727808748461138530273453133920293564501366220653636956009655959337059798767476225936
1.99641918911060004911793871814107701321558349434449840247752856053604462655173064218597412249093496100638466252413810172621106683661579153324459445854380207925864067239793105095931 0.0155791492801563636951347481612838429603130656083633863452975990889162034139385811268389685226247745071057352293300426744771870740067513732114208464024270488392630084075065218161842
2.00359420337864024742463019631061291643066387890598890362872122198818091345575133636471210069236663322121282496256593813638735567499088607807830284917108932260678822118818798784343 -0.0113925589999004990451416333343358064314541813804072985302044761891393268950084274831343542936432255991398589706182076491034259432440135812608606680423492740623863479247777719810468
1.98272934850335501221748114855270290941627140160666663278764376693088181487805451090428072850171026196224561781453661108444783044290166819281938795077440363441526087879837550389778 -9.76282401617655201426313008761935996556082476015919434069341804192204310709639833816645674794457315067154060318981375179425704066132370558627293069338654024156887316072286819119063e-16
1.99809302756759614504157325030905387403399121752028381855630089248636579516765047765421631233851373311908618779931955125814947030349409059279559286816162096513618744652526825282845 0.0151175563442872003694795882521192489826222830014489273799338386409602252208748024172602457076809640419224067798495458789355956516379889406941609251690391932191885816602765886074863
2.00424591159401850477148123787502685043129344718197027701338877042040283508978342678012977700496122180184847985825153063276090119777801634208119986248141029634347900708987019028387 -0.0104067260886409733379651641917720000117500076738021873046401246149499989436884996398932371393890442736273169883678475761355214908219298099587225978258139294947957516021536017850391
1.99959045707338688787981632823811633801019335914663431579420533170996745880261461706541051862885155787320219221524384147208559445218877030980724868789490569206861127604157604134433 0.0144834243030527937859752604204688658695756067044212307484834304382429726620685855135736880958255938110477956303135533729906923628859999122309197636660399276917299270781569336793402
2.00090198658413441543944208338210286164733104882517986300781192798783281690074245341718138047120603173460083884447954028548783142591927171434874486879735723538752454851718981795259 0.0137170818671954105621149174019601368541109713260849540880344679461739138211329570311323354452308314709742637497152605646838399073650242478257322460610413160059909640188863541179029
2.00474133680261745228787278678782893036257823002949481957932705558794674837684706128128300439336219769902497225970151639156247613982467587382498573987999586757258404045367420153523 -0.00943691621756068304837411635505516569306530970784835112973617619531584663321368504799791851951193825492989912837080598601933963579615790449262342143032620772219465780653630181082328
1.98473086835314272469022197055875369982067880735574364785505111425580788295336940838935012528946452759066785498741467929885239346124654709819815523128847827236601571814214637757192 -1.12202679042787235362343505296849994321207524432057051500849010053140789598053673886484057145162351596925845313911236041908233387843866284231994640454271197182221037713838850025602e-15
2.00202560193494628841863240548453563415192908742488495498396026210110959752070134408727172266433390219911668606235629071409109177022977440121336289889046077338428085376119020181962 0.0128564496242140321610331819668637114799709699098470455510579380022370442835120852199089184812613977305161707960913524376395455407026436184268663722185089841373334328275376883410102
2.00509857080625275083704586541905031275910185204401615672688007155190854906722441486958884435092879470468218626727254877126333678854241812314246384607991010353018840835767328035329 -0.00850050924374577655514047994059937352042033929867908105585524768956443716307358988852728310002465675294698654375441994591522250936113069673256190363731223926410578402558213979408797
2.00296558521596426830475648261113299029149757725841684999168538567707588799730937481609853802026572248226701027443311897299008692606902882171237825838357117501532647592527361293708 0.0119358176602169579589518639307412453227739917398737318468898358811280577446516700439907082461894292743297048202168780770085378242504837077420796734970015039078559188230947534763719
2.00533591309241212113425887231505142715805556674212277022600729321176406840048752405643212223704920377571803888368537340667370829389877627857731957468024535526213117964962325075361 -0.00761036150247544821999872710731131635159164758055783082342292134722313426726992619459722361511011291732825303086514232607814749238330460247612840595179785375712447543989117897945674
1.98640964033952959393455324479466934120971539790502512820584784904751069743746920689504323972003174609766831017453641129659962108628648106166762463003108556735961217156274307463996 -1.22564162814981650001141820029282479526814990056824052716863838245397091717271111530427070359565368675882024736482624157016679054964735115565333016698301493505952096586267959140321e-15
2.0037310663750746480087520154805273691069553122370304262502203066011365174787853569543134053203993048720676912252034165663397159067948890858919457211494757839158190187781951993738 0.0109852668398205199624076760720261131346915224406073839738932229095740891286842255299155464153898155142351467872723895399798888502438230328189635850459728472148245026407224286198329
2.00547118200020012111823567392757433260114228937898745275970655963544116609217924981646124154292273512130736617203005832424484059859456859239785806953830832637537318256573775060675 -0.00677519376919221393096434340802912780799120026403939920319187999817813402555347055290534207091817248974311667333241382146006814180930685852897825382225955929532818663792350483707824
2.00433479919401263774542831855990850338634909384879617660706140197993716961432867703092295247922956759647117736292627898781144219119781985420488242791934740132122440851837793903172 0.010030208874255041415428274416049420113340618521121451618854759466031987128891060736856611403475041968837336801398897418564552263314389147476410482659681666644827816885519817776145
2.00552100206276333990520055090604233666262418946166620053013513690106256534555985852388614426739588163749363340272591352446177216075478842369914707232794714453412576036472582311349 -0.00600052606029889447122781292470056040826093751761982128687678751394372722603262422786662391271428090353971440288212835939104885837942387021638756125255534225175913187162114329912254
1.98783035612517222139928534995137437629679810480019602333839067092389700321906072762765464904492076058406353215013488040079881278155511488040831594627879106316662766150877983199033 -1.29021689649881287218133525188714723236592078635313817468180002312459654091592029805165596720141685328282426693565228000855308783369542767997400688437640036622724111583206884403781e-15
2.00479183552926084467971379869751218667160082969870972855677884594815564368231617120863020674526591402603588794010084328792694243531439228984671503091444979318293174850303568889262 0.00909144262017316142563769651207362351343512632536412465324882466918222343319491853164234905076782507122036288708922428004015470865606728276438598862562476045524105874539670498338107
2.00550098794331140620593398032097639928385029528601681718627269458682199213896271469452671247326068257851045899861701582415845556970739018685901195129145961930049590609565868962859 -0.00528898068096545572454966709881993491061544074816226375723616184116063868965293977720562137676001631899576813587981933079963234865660108833238872760324869078798673478592082241270118
2.00511862682406827992452356749593319513885273563126778780341781568399999878809200684045436735946707478325500935319202682650513667585641562418337705947667707749242492055833912461724 0.00818524569484894514248415160144439870048736794396672049033273908156128352384794618105451871754976064614823148061845568775630010958853622504876753115286537348797373161584400050336087
1.98904253386159383945164476131770972172495000611059414372068694965702942552970932308734734692282898001029855345116550977121806524212220199236301211686270645752941580526088068455771 -1.32146818189260804942173182274715050111347514968990233868911940511998174079189354388573293372677066983415285999920593440136191028409211335557153294528281251329442153585098839385954e-15
2.00542446065796203631671262033675732781446083945625672422242662953869318350318834482906007017888243947611484567010127095464964908542250336304295276080388139158912081127178357466591 -0.00464095752403903813896755579506410232592165610246274605481752167734693349558023914984592307390574917771319102566810067061639307035526705617883257680065061147041698263380747174590434
2.00533190583782725807039358339557741012340647272988347329764206593904614974018076722898676075221822443805234713555561129872254516366549439189259218551712286987174913564042423098975 0.00732376955746994108067355380968258478118715090194557459077496459844264217496881356807278619294361351139744071283816489748002838102433744357042789899151922936769952135436372541468681
2.00544832207252850561317041689724115939590879413631832782482562357437470440856866530099333242787193843968310240429978090635891237323411489593114248515107066318133892514123590591676 0.0065155595537781296403648413709561313994624804009101562756108945278117768911725216901256577683919114951473748672750059407017197638645721187326288876815842849229190762061894161670424
2.00530438035446881978388441864445293628881516269726086834231955866905516621243586360454756057734546849789055338305121240416064849226042382102226333478942758910472460882930629263753 -0.00405590929676477739016317644531098115184317785752473923802272066692161491046334329808786591884602078613333519823628869558051207585074527690846267837442061271521979973332351166776145
1.99008452993992871082437416157430152982259106852556396446280272017307932965973068063161019703084362914543189747485014243051460007824781255335773355476965208101065188193466856193799 -1.3258793413792601360389721881447208683693531162149719136461480117575944356799060837835455345062354136762360375239537500086266215859068533636161921483426839470895013556027497765191e-15
2.00548347819297244185984402569877448263621316488734840797393511223966368477720309036718529692893799982756033166149338056902062090375094425201911223495545926581084439781909197094865 0.00576576689153916601274873753386848645102039932267595649909920022557637656294563161898241503594682899745562081477827113985032792891288181137108484394510446505114508081543348379454679
2.00515034156557542847666436441816311040342719021422352218427783797729356240398286898469546684532342743139262528469300081157763148315323382294347628166206802678207520667087256036449 -0.00352954416324810728051810399426546639810981629165600409825591757693382296707427518757504059935945913202545958924448027985980794623793029903857011730341311706594694170518837205928357
1.9909863850772366143219828263597115968261839254942354126443027196432934704452906425119485507380578502881731007872488403369702950814751156957311295678532297237598878140160119854016 -1.30966092519060580407359374226432610609335040371682783404137851567349272735343933640508443378199119324522556382910138275519521877966797866303901344317210075204123961248387576009992e-15
2.00545201579597684085874497187581384549113080294954497670602484212332870028898507488408014337266639084726825516681691851930035683419385535884654619015000904484648140697008533831275 0.00507746724661120186656203105440231200236289398211147184420057810897853332808444742562331264310965142158330544546061059477903165583218845144015973220721868744212592889509161095604068
2.00497148852202082157673749333968739233778196807252294548075351593648265179456964063988344310534338877885447359894677857146268921338783591391411535455445006058717073461821300265039 -0.00306334045768199120035799087721744451222896628508981660879045461768279322112361546552865272009706122660022688012936389954585253622654979996959380905777981810609370589656554039504138
2.00536730644910835066316563717490461870791247529318137930395725058714780545510314190179918545329703086479786048144177403352668397415514806991699879537071473773594673879213572664641 0.0044505168377998571915168807320985446410444440630371839992071529635701671654950902795704190782256913106482692083465157042687330055300358902483117600083081687431280134903721706568305
2.00477948934321103677164036241600505915105786236700658434511568912007043672012576159859483755421288801288495705352288501750400905097717122380792914939770474568790873264692559081596 -0.0026435653041813295007305615932667955811900234855606748524780226357196593352354877959054647384146424811707396032639604419135482310319935763567002841284347544498955010688787683880008
1.99177187018372693106222574773891302742279062472386075560072149334933295391224433825971489616114824596033317174413103638404533833883721183493719406480014944622070658790889459332313 -1.27825944102653283077549563433346271838351636349337347610993145980215490354855033946422172397029200722341011085506776892953828720024011676825357778700570385593802386475353027845239e-15
2.0052400112451287203643811410396735165805821943921713269335224287855109115141364419504541185021327238748885396495232940149861974590573595243569406534122482595435558728227167573929 0.00388498624359771382210296620059555849586755332937628463567067414551476101745294237394395977330908741927337998471039475129611041743119350097508455330594364403112012271534541221388397
2.00456256512921615953470607286479340825499039643287521494542717028901899002232028191949949404780348715851951947888112087154406733320666705690575945105430199050607287465824561469472 -0.00228396194220012176468637255641941389597916573974330897432446838868945840049071543188249043368449550311330433823117823856034410857299571166549636032301679864369000232260866651909005
1.99245997556290383518278586670461482522235919934261546166957282393312370113781483374613783203316539475506733578843404805518372083525680171918241182326104957873412066100032079380627 -1.23619661321075594408946645906862186609196126351719803714316977660054687474912840437538448483408158211997783865990775079209353004396239899790681705474043400870622279565346710141035e-15
2.00508328623668244416293426489404825037223489376829362955597417344355401708259905718478795421169719038770078447505169554410010485805629611900382968037530350234222391745052911811095 0.00337738738168059801126730057327843774101628818968291071038161672667834934478118588284684232420076852739331313796501044279930286321126793837999480892205978473981083532886698326474489
2.0043802074554360704809385803509127294864388495958828212145205664035787181524344854272137624400432976942795652590599605313707305658149751151172445709420994027846290730839590298926 -0.00195735446131566906569945209795535942684051959129086033986804512054682029357801076505257545320348363241379015196591818073636376095154137577666309159831546297106944586591989543909037
2.00489864131147361778805653721854094047627032919890911253364010561667064328785838723629416378871985109767870637900840298756276568024284743693881048752588540364060922769232307852472 0.00292409589742935523727081229739269845378199625611143935070295412557387170294951403775074319832257258497310415895266645398527439480816996796559370249903824945969086902675738019574982
1.99306600787433777560720362260906372910934397084094123012674687352294550186807150333392912503946042191914225108261143781954749152608824249485592384902122391147872483395817450028517 -1.18708605192205992946821044943992800870823352759640770865028660755826688156175972842154022547440349714835602575765143929949577498004713628909169204640239359923136132635866144230689e-15
2.00408496249996912067097027510893533035903554203105147187667910687544775437038622979992334660864441987209201485485782521644787756242570509584600694171621523740749521302397604320898 -0.00166799375889224218967433558657156711250446849990287950952293942761951266539278215578734830873280527025705334732546402370905821369987183072587139853283009853089260941072656468537718
2.00470773951243641226055226526867670755124928747503136367639033711723885198743617656595400392194643517043478826553170122723809253696727455047559828404079253971925851495043323655945 0.00252925887364116746019600070352062539073399820772766448912117226699046624336888181184059292771885649721448903100461079081120239929551560867950036116614389723774341079695894373206992
2.00402708732235353469627336723316461300077381806692294588886083928929599316858312968449288089585388522662650927260336127214371455153775564730140722944048600631623890814312606589031 -0.00147901915730709619886427792688631432828912583352263094856571204481708054978409898126938212998195245441120787365359428764248537087857051576670828455077737622579869667501204393696057
1.99360240729888734888845064913642974101679413590594338898780034974449305830870071589486390288929963462727800888068953357248545741773468921347085154195599718214901573354521496299954 -1.13373265080220930905824565682957380972122815021133093744320525261498063045928494651047420465906827141314708855164317644534669206652865070398836945690973626847225810625455943903987e-15
2.00449368697906999576560481936938207062759114930487738529962676016269961691219432135688944160483059249696069394636850468832310339078263310309265589896403729446278018448063914164553 0.00215815661102855080123609783507318612515943236965196461206897614417187385811427223543091812708453748661288411720720327172383668187844522169522248102771070410676519017316153702966103
2.00378971868895357292752692311604009730492719652883410380425958351763510045155049865921313313835368709075194482684294424837517383296916624958900560828309137540939595373423144340341 -0.00104549848608300364600142506738008042505470795136358021671391376920502102870008855351016851024394144634724229885008489885506242990460860548733611982882790417932911113894622120136031
2.00428567483395681527397436666137724576353334261962940235162771910271979238269859544130542450731139302552448376755184026402277013657449414142507293881354351544257222837775878556539 0.0018944931095807904375086884704685674030890846959609117060373265127897336091472385280858504897899350137411828454445375659695942165663287239116489087714672596403756619369380367326461
2.00351080466367265517454588219181436169510417965690316266029593652248696091079899158788278604992396843513162708479611274015321190441377171389206741935252832877775902076045599568813 -0.00130318133394970448473328862090890135924027036725886336455686381356146453306943117145492693779707077480599451572916927362418347341215955036375029584040257205100114586905164115330825
1.99407936275795153514124611137000845016481133107706284773270708903963529379057012673218594472088478107427111082236673237516090811496953708944414328094926201944460136032911512200155 -1.07826063952891457348420254181562218988627877180703073859722014946521689013094209853712288022083341442462527915263972921844091184338744682085823716301026902063094725990912366180826e-15
2.00411771137196904693057224325074508132466923641763126764377601140580759194077583491286163598842316618064289321328824223050543335640149888749477809097087840087781248569813992080982 0.0015376916962721104194541362671654787516189016002875637754633798255493533567283494864332680948415860562992481723912959895351038926522328236689624587886350806265634148116038855934634
2.00348885440601531661368043489358024713643144275934825515146732259446944918308533459081403867500812389187125682313336789138626665601036622924118437805970829929686444904806528236142 -0.000672320280531936523906181216732972129372346061342142572468713589546784522488175555362903608399313382051112208495966093443370370476652165176564115705476441883649644841775047491773034
1.99450527974165419385725629061106202968429545963966749633072835275421566671222071378236439295085263632702702388050469513677636109477756879658135362020698413989522954020813651862616 -1.02224195528749578843922778896946860906132086715976606691208048212911684128827649802657988991406549853568141483077328759519189239362996237610038616514223282693140588978990863637125e-15
2.00379499272438816854719894530913136426702313596308390808508544108364675217977737337845175027703200292670339408770930737310889102853412648088505986165878223475627435961294023184133 0.00148246150389871435597670316356050266997933389288899295173456402450242509319037621249543160617565074489024155827872163683172807725323893285923485317297660010992487470731524216045679
2.00305962332801944662925163074385360981197753859635574298731434963524688774620087593469398627265248860464018844576675858412277491470180415215610190955732597177414043349375004218769 -0.00106781850542039277991747471914572095318716797119803690313921062877620909392986422336862816514076212992314250975212775555172315632951938496456612432747281964201995929594905748529932
2.0038214276565104607607202469505763204107277965844897225106650401368678724958894506864927816274962842803425595576608518885069866636090532171517303696653462115169219989743756862069 0.00107751466646294101820317686943958775003047125182624259168380509283400650032817531351764606064290306882954705537876029981493646706300724211910095862323791165865458537484813422532282
2.00317270239145586489435057910641370262022917545579057175776348453048398140166474390363715593055011143318998287096712883170900418217721760476686111920138068344173215982051081666931 -0.0003803886068456846491869720365471192112512484464503499828393129972043778821957338673218367403748675801713665618845466098174008752403882023356970257467457608336473266350909464630454
1.99488713941888213039507304720663611609523778608873553626456764959543511092009952504269763443700562172766579967165451252635031955071599851317704767612060979213312729742850417128335 -9.66811797439053842745907904767037966033849459801331515827561596029522800944305037451769899917675271169347594419194203778093999310048064624613457892566528819466723220646857543023479e-16
2.00329711248753766651083983225036057090057908342423051932896600847900613759766069743806117186689703366484479386730707505725943795394148834379541487657274049924829269583622823869517 0.00120041302301125591263616441436816638462522808010900318520700992499136313688766019498930856964521503796491465751422619763327318698809495895841057502963160843248635383403104006678856
2.00352420355043013426305875204128209755728596257682365281974275036028270682401538059533811715293543439362768133443493872239592960478638813180124982761055537022001317467454118846789 0.000700464355299753583986001926856782801596380916761324813322336028106538423360633408727534034491495327169866368964232324596962523975382388600671438626077988453813399393905876965505947
2.00268372066899430746684505134280108525632207899664043822723456858939056138217857028759812666751740908949416699490520717863970303143948458357235520375113309163296645739024229590798 -0.000887341647967593026557625944348050067953018218079613619772967715158547133101153466288372590503619091670273035062006348908292930971020415850422289679303902118998924909775224844317395
1.99523077674732376029830903382008736807178246516432358683396815342991226969993738073439276653263971629493415457749229834899204800411892955935115560914621035499297564540184852732992 -9.12766659700779151346254010166456334338181628883372722016733392171220112592836945250265872657760551411616256809399566751292795288507788055013979646089549562811748523904157375690148e-16
2.00285143823981369128920461630438537422052061855114938881784957126381486595340840196793690845266774560004872931973683314392282234492045667981282310519164713123954291561555352110572 -0.000164613956630703327157648096047428557073626605319245451175915293360079458397769971936384113971626381018231387574584766728644680939160022783458923783075987077641089725578123665751996
2.00320864506001931580041857001552363911529222191803792753270575568850568258633714518609185342147479510072428893955645082569711329611493185245167979098742670625967720149426156069782 0.000401411316913698938594282731397792894025917728814323806533058203264737257104484512070251064329282679345533889588688245718298107529505531488797107387194683219513678591801553560367204
2.00287947771531811522158992922176463479212483977068927034119666406038014047683982027023951031218218635487823356391366779081756441266899704000343986744953119806759137830286412913156 0.000988030713587356959088811653564136767709423290143366508048430778277360321569397041528465289906812220423644762840916354515146924679866078870444993921149273489651868070372988987516305
1.99554109765966352950506649428819882168180491020560557699480980864138371803933652994748081920901378661885505287246619078093877132933642903891673927426917804858348572658202766202113 -8.6064448222340552010552228263161240492891048585761050234221904817502471887110576925220862011377871699154392620880458420736765894800753947916875159821812114380855404784092283721807e-16
2.00236709083884714849283138084514545308247387340885271430693532416061211647125405322670688034950391815118353668393092296538544021156745882701555984385382117076997648887783089865408 -0.000746226421163212415580405363870029654558365582282266272015069348451128730291549305562434187354886429333431855560808798790107020761197261939898862890434127243834708410322197049929661
2.00253434498858703097159064412815697203705030122059606223071799835119181565485509623635517266744585695967578768336855615583439610772991531142975695667675638534721585661515945225333 -3.01738340917207887604603528275396683312833365105182457605040817362034298769565875453550262804124437973453778998469987813128213501799746744530669113015870186860465583632891895937608e-05
1.99582225001298169892033551077595782173444633729780037995156600397473531701493426198936765217736642262465161101144003497517312656380880223745364958465866541064736639049873804351719 -8.10788575509120360237912829481972654360555877915560556684878944110467956842456289693724762715409337440388905745138533775913363809173455713129985845235377839239085511105223883098747e-16
2.00288676391633910844571093892849107647356593821863352154956137280651195976747595824379996443310212001610682811413164225348594979990122186024453373011675268964781825784511527515394 0.000178937244523349526434434378288443699996978095846866831688117239284473196088958882522366087514935137353917267956504478992542788497226779984898989153287703280355856050221097643460181
2.00252977481945918163365380508601967656817706592987324052969334984602839609474695469010663165689502890690647706039044209227423462379447480579336058018388302952120816006193809841713 0.000824267315724470248728418908103447503312794931092766319113045574167583698914418988669360295792811233670685571107772974631753652710702106589372495539576199595680403623401149270636021
2.00209805909190075680922682079195847603457334629236709841714662258165600438743331631870041018678896466016137128857135898553726343811109017053224772875606218216489530400334258107626 -0.000634020533398656724768652805365701563118050283455082293232572431195961221339158755749792739519095990524700556136875133802713845119512030177152669587304756884224292210509804591800142
2.00219462956806029005936527584816229371218080872641200508266092729194761671713637332559834806428784989425986186721125411367640410211860054049443057138771339385549627400153845340602 1.26731790244607651598024504286262623446136056683663988064966063210416004511178951753352032579476242082270135853792847850705903626393601855191368360586003583313960069054558134407823e-05
1.9960777591484079669986077294498265707642054037879125864234668943721329954396710388686919836161384416259658712407098168377699711598884031976327022596367635929362876864839398927231 -7.6339770461134784278173550809736394634652954189398097800619268536781587407220982713482436409689750945639195096821379895651097667180401836326797577815183605912592816771758914429983e-16
2.00256862209115493419523877498711044849631236925044129839859816054971137049484944095171866681826506955218752065856674701375022375479019565959887829829875396249852268569616410451469 3.67846492586897853012424964024156211064931433279360186096348233831037285211921278540091366016809145508302661736982775904560129153589862732575092487322314355428127289249853272710712e-05
2.00223429551631139937128801807663581390657009530782379217699639333758318991040144075707938823132026270093632367148474425254312169121311528423580564383472188911201712760038022596138 0.000695553175124352474527539486128973870837707873353449595656239425173821486811728675080782881126683951568304069127518448704117497907731853425989736555992969465749845977869530478401004
2.00186768578318324448936582344711269092719834714292400013307429240789953887775306684462126297014952937927391020532477059077710364308939201228521205534097002149965162747991525223978 -0.000543496559864057112598843645454358424064658741818597505656019568690010224909288724596829783350359521346110604673546676688294258215588888194595623467601895435963567293843842279965519
1.99631063614464600569625996145767247021158715401359994416932559636367674343091901460978384567529997204304123488402681473235005340615822179679988505598397472336023928110981823504076 -7.18564808438546713302728395416929382349612393812420470569262060149808718881881033792427888798292348749297159878057615442145424796010393679951959898412091968714285294384052605320724e-16
2.0022312785805943932419534764218519403130232801406984987629554443288973202746713056578068542037396140181457139836443679060111892419778036351186293327614970773536397365059687881478 -1.22139760411053600750743182604267221961905074134327803704707833914409250246262467323789593676656594988695361910380273832847903811244224360690550238894769692499459122740912569691194e-05
2.00198253959614486367255579819343442292047089632617990320257551744248144951494812211587304159035026281891130811523909834419166129740989635869988820014694572523960053904849529972651 0.000592738676730178521389478625293659739594066859876797016483067691876385422785121505274068515494964287329950087534499232338289367445911423900620006931465040137559596653517074030415924
1.99652346484141458074554956280677837327225388538542184118217327770014409045423535441559972768844448097814320621976705000061369703804047095364373498285833562066490785157863584004305 -6.76306615263811282559449950878103462853617668718455285862703972461884831588486154793316854966470644953171330319473671797510272786043001530163957538573625817118771777999390523677466e-16
2.00166898896554370251598420723770978676684857168445608143567487167034161637993371581545460788273977464235308916178755602406609678620553456123579673482288211171837086920362433008171 -0.000469559735389430879276238122565565935751526191723851873296782501384129759737566026268088409384200340928155900842295468579915629106155942910115942370797497562776377221368923650328412
2.00180775337196991679597521018244981919918552805116832846040584144866481403473551724245581475311237804596939748053275696698305369898637912817765331027988052033676838164667137395275 1.49659498372075856460280385317741839613730070321125391066082994561682897897387430305456263818659958267168610490363379404861371178028618393018340868415432256205853012306766378295931e-05
1.9967184722371924393410805335703195520128822696745785202618877299552133278724311515499589246029096375145854713525295879141823649671161505145523415414300095929325501129502186106971 -6.36586089992821837889992155745359613157491907552112686378556198474416119940963379305186861911313564420409873509762820700638888403349884182046639194721433879475548020312998968781772e-16
2.00176639504529045916463633811341050139222512171489512058332870995191644466694203273454531994418623362443753698238293827092833938917193071674918884310030126452058410474278142039647 0.000509450460562905280657032155084143094190568813001906350085221086286410832115261133373921803777580993551907064011733844078385128158920243024442341109461869692356586564160389986173836
2.00149662934000782006924997713225778754104493145531489972983090850721828156722078361895680067245400239126231427918921915941070728365832978760970284619891539030019058226671011104483 -0.000408477821010098715711564429184412011136783139628165140796951856296421508005795732545565222081231845191542822235528794176992253226977439451503623505395091070556200002560117600238311
2.00184512631124040729414889248761038708537335664388437225847419698272712095601448248135523791416627362126882957973704174074911650174056653790155924250302841936385570271991743377816 -1.56864637009843337343772043639298950126336190446842408489423645786076102014896926544134953396424149557755749682629250329081109161687591349205912841477558933312377118996538291974879e-05
1.99689758577754281195265069601092130937504470967131680782167631038247043695810028559133077216255852614639697129798270462550791002718424014243959619088161439386053650533511859216546 -5.99329306908582658279224174347828758618965676226821998866197123481243679345207476990388365291197285337980555090970997763793133173232256695746793589065485810109542413735798261837351e-16
2.00157961693139942549056670264190277633382459645311118848634409113965276625795018889646962308687209940193269822888891667155649229627861141261429633988924109134958701186292161817485 0.000441194828896928802576698927419353752263422204624351912463543020688283202055707364598755440865981202517038167840973575606658409314843092179485078320744859462364406179959759393102224
2.00134604540158976818480183532469638702380718301959150420776903704248775473496725851058279277967292596625499737426746490033235106027227645178266493709470216054307852634869568025615 -0.000357457351969954039001975129900687549668513660305347201637591019693612492513199239650940240062229227157792937422665973443679932057281905625436225861498880472579287228011016886266988
1.99706248023915504655487267211005137156019377576028412462777000107149160822460992288160650309272262059112207181081967948594738463921166847430494273203774881578347444590652569889494 -5.64438027591142266667049590802073575781130594115448122630075173875471993067014306105226879181000389234116071573996724657937608825238279622662718167117460764886484761731095877239628e-16
2.00140011267921051501540633224406041900125580821678585320354220529689693301745441316478552845138842030860180119677785189503884353527383453462091724299514140425505834244077612971828 1.09971538312466772650513708864163284361070692366582701484052766745972701773462420555237730547068866981273323610576264647632601127756389598016195898701035492757461252434374934170609e-05
2.00141714115308596779859545189142147684103819337723170655718110433066284887852532322948206088254381151977951165624719742105786293012532767475767928792025857451471391687500806219151 0.00038452747181169007499136621456834620398515495967654051806627573610709167923427365532972829063120218866309583672625692579708862095103013183182311449756068079524530259425106081305526
2.00121399131537195761267594223943883191818856189079257837892667206008388491885320176834204740042311172710416463872846201608413719950566880588274658529375302696170173979460493774968 -0.000314802398072682624353869880596571360435418985145012227260858190391437858815095393239797098684680014670985376771143157474058800708948217736962302667605048246924934327053426848304154
1.99721461630533640928638287437330720777022916067215004485387290964668822970313270719608070158755170008386778539417625270390561150860709223265254795640772885053302603965657868298758 -5.31798994146961806172846755022408750801107046361197126993359646330214445484140454815977315790981224336127394773773628337418793714647335708623378912318134612047156382943527947076634e-16
2.00143510576211560058462945717667180333210999253266719941933971938235795192708095383528984683868713259458604123528297788180667109181493301934288917472908874704129992513914654849006 -1.17396747586743705729520623869443144212830242140308750890313017136308409763944215094217486447768456974642312053972085633651434486925735486617293651436024525306458557177792256010084e-05
2.00127500137394172374038996685262404276493783886466608230203643004332960864543459970287689011385268275189126925812748509347697486543827684030356565924891555832435717411177072268004 0.000337334351665636927404859577841219931400615705855182600882837316815624115878992681468258731742782465194127202686239258169093442217758840291780558826227005339733509397904838972031682
1.9973552724674245683590617542323366525103265070524673184665737216921222104631190364577404617069501618991058683245869576279746895544432649008386727954271310700607423204664232077648 -5.01290725539902572338633664875620599966224776466987986101131468024845643355265265632844967177713485655391292555174878218018237481673317139406013978581704954808015418544887518780485e-16
2.00109793280545520540250070793975129415008657909083675706990546501269459322227898824725237540771706073586062774615473470567017475316512315714726440821699590571086986392488649667925 -0.000278414574619103007945241310092299280794658762614835666799463201896436915991327754275412339840984935474486200416840248603194911074662589212679995808548151294295325548326921810750059
2.00115044220199742473176281186999397306171227319242439897693154838254107817458131523169009233543987685671631337209404820497005178297014543712298403718482031859207430823313423227992 0.000297461816143334884574968762075087618172577538392697324128397991453346389662815683726912732570650768494226545912400903481745927807788134828660646025800414837232781841729231806305304
1.99748557153497109210986431891773859397918196299781415324807543325073373884640889245562647210473294376738880144220246290193879584918036099631523584684940558289717331963864234468443 -4.72788426048918149849692241485711359909423441551001236114727937490740699610330604488592388721763572979620584638025621447344983219920334075384350391060834907162934955530028972999316e-16
2.00099482857101193911731998966109977540299489655146123279913529185756564731445778179129463931541036322155648907063693599864416323803541602406453557781829531409064844334561909779402 -0.000246949339820746331585338163932593180889742127719017657416239619006325077969968196129767441482482583864613602893851944009082616487331908611538452853340514791572336309323276067955112
2.00104027569718409153446747604442740204673071716187470185649281809763657462645970306555443202064390719047424143879222666084851126129056505893309908561496465915893234871763515318065 0.000263132393387411239958770545912321352361345142040404778646698733504876479187347487302297765862702262362236184824942562426711415488342216249429149904685196828574292598219871050235603
1.99760650276768397934211280939747555760368901329613268574140834994942067171814325817395723317168950625317706702485708264710092808105107315992717765633076467866750677003325703972566 -4.46167473598274974463691196958604733074175940433154292537652162235853221993440889852045473200616995086621261439963243562970106772937953466552184632412803452555890653062265187857653e-16
2.00098103008297032769431753372868042221050500896909544715744453467977044945613081503294607544626657846840959063648749524478187937527500951089107721148765973024432532826081616887604 6.40642538323243443596260672865711983210545219487387654918931765093845898857584330214354378051258214926934356673846500141632789033983341287997790829166843666010228177604664937255364e-06
2.00090270556589285775394303101907957025715601935104396059661172605653999491785834059489991592524467158093549032225849682200826000429078315218074087534104761307692534561872901185066 -0.000220383327588479609281476164979541221003997219338248511892136788323996495114736784001761915127195323716637113669428478661131501729561392471223165920360017259282565794220026224955955
1.99771894043365798467116389024863864206971295209354497773482503733465382690272434758964335785460975300279268808708291967824770223440722634389313208484315555260959205908602539564855 -4.21305845383131993669819485112198250554751746610958175767434077881553703073850875763011694066754065613638594424196904195908142880554485804253228964970001579881248091837674313695815e-16
2.00094206835971269595383562740322155846063289284981554742942895677051033222378160864911844386129816896500823957944674874803149104797669657822503455159243498823305420421136027461966 0.000234083548359122790933124973474320202378602018221097586074874416528998841515452640295711389426147061097309311349206678227618201270383027740915939539455774116291540167628381312358652
2.00101140888205370286552092105365396678131645340801829346709680400950950462242422357726554899040214809591365830701035597024157785919612520185388507540766282638852659224315899625644 -6.97392247340356598542401270175919011350278685488606489582600463140938517948556789099172330699805909266343671862361312050888933077373117399075866389164227485952157088673290724811149e-06
2.00082099403298391480395717696729027168019130035968366133120129759568510877301965433246121140933679795937221784522039133718005660972558886928162068338903093971494940093257213639128 -0.000198103246241801218598730206041229512071140865841545213934794476928114352524609087157880040884039481911910041744170472356414671889724002726619777519217047233510512696135512322100621
1.99782365943639503983003507657124395863099951597782168266069010108665439427577355975150995949364211655023169361330624078759266611773012282892550001856200152587373949051922624078838 -3.98085752796468240958902057502982097662551363621896707310121991930180934001187543951760572148310558730124085939368440232597916062070345859265501842017530893572320194322247000219727e-16
2.00085502750481399132074564303418633571291710077322644183999441154700318755633251744728918873970128372993360182744925891445778634085347181683347902064843769482775305021931849485185 0.00020980243057571757176319626190735148254289074546206898362873399374017446605142124767629763811270482923539113679774392537026684759611861825055714354005602944066038853548522923079517
2.0007486669479939527610497207582347496208813639698345106971606977698839775424940133261497672992095907329877046211015881339255834882335487825337016704487359218264658889173073868423 -0.000178692159755870123693766416440176672146586859740162698020155170857519438724912612863754679301191874203743350472573321587519476754136795397995447297828120847935865681993205727603803
1.99792134852643386421389412533152372634029928964646441638762175454569634887811118215996783364117775532788597115195258885506238730681269629467780715382077298090977171771022521715411 -3.76394691939015852035905600637209826054692924053551936956895403586339634753867968591786275246055940709528125328945197998812540616426804204685587251930258597550808595271170741157403e-16
2.00077814204244274844151781320676611738499237849208340417116335852647798083974780635175027603864879761704457520693867155578869848701856721924983037742491597471095282377409821172372 0.000188796237559119801126799250624190762495985205845924366620514549485773392673197331107252652793718838328746234178593054272035077920569281676145151040739653588007313120791896219660941
2.0006841974073431953646539346688083729505100872624946876850487126481582844344591850314119111744242928018422964173530150428854612440058881258826366940712670185153221405119239647591 -0.000161244629476321635590608295744485311601983259106142669231096858858370793714486543668732611704723893272452570015965050289734669099171878571057300710985402101665221959276314667401491
1.99801262151379628748210736004851532762094163766593476065514347416801189483266624976947304671433368206630057185120111857548616279752025218126172807348614832377381542561415895189842 -3.56126065653479801032544782611493275455862094544151788788108793712577927543676532379435088316580876512134459749688303259695181475255991445575692687746083795094511277636003269401806e-16
2.00070978265763932562363320900101354091728158830613363649991458176348261530132125722772997576451595469714409987874054213964359464248782950574430279819036324208287631846500785889835 0.000169996942079978231246619144469495873413179179146878356636697873173697181104370387955893804051909039188988962929367105030764576682078040182103807391129523504375585652085705163784805
2.00062627278011123008661611458431453373833102741744940455961596586916772285689623858712998945932302708563432692698149243575218262713566791861178635204510572661131521466062004398239 -0.000145387362820318481818978173925875179584339420000774435685196586355222737503835988120685801071708732764152641577900463083909437224552639010431174144836573186220532088234483387716482
1.9980980268187072165394495854779647633501736401356202546719494965593210730744689664536933520293680392215660282045134727959105021396583784974490605596447457487576136129871540087965 -3.37179494600418583185956539216690681499898986599973074364511907085070828193351792439598049188426344784145520628614535246995236783861246685124079624999110058780506310909830402847491e-16
2.00064849593468647979420339388197959032976650110354503540109139992145099957162154438264056188918579188987982140198141649130051661136879892098769754186076929802459342680638810736306 0.000152950152401944333365410199528152956554617131550387049251838201512487183903684872816268539499933072943882463401942386118922801714350373063786181363233167881280771982100551004780754
2.00057390448669436387913935508542327799267207132641495073939278372828860166133312612976872915339465132636860078187628361936556954160919433939819061869586136764594467686282916086851 -0.000130950255020768274910062377306926484892586300478585904191484912228031191628935259282770897194245859510164673332131904575771168495138115641233229101916582735901893682102810256696429
1.99817805563546269783864213978041330985855280818708176376529232695545745803776111907170080569113450287883365907987781586472164610658045523217709134573051308469729162984531548901222 -3.19460905643988113220166927998649118212087758230857177938860728488753858145760272117243978974503078612808214620380855311659682126965906300265577454776632001931527201381957113319295e-16
2.00059318428843219067418050666890267716931873887920552531516844481637489351749057426278793233116846602157310468858003458845984914547701543025742164039559896906462552134699163608631 0.000137453612793983089280886338717768752374494763459500920471892544853359986830746558476397850143911292040361998634686995334592243700493957061267416426651002374698032946429112668035053
2.00052634085666069503272908001391138853723514467966512860381896729880436933929885853667363886235307703174599576474561148351229209497374477494238156502283010803357972148276313196966 -0.000117820808976209371547530409182863110748522395127466650055747503121897493063163100699903877008941363805885811845339065326512679493164976774685169688221677223220334616899215898629612
1.99825314893433849652287403213719250993633471268232261138689343187442853917703594539654799415356363532672413960239889516065387011129102286891896079048701163365329934818851855718043 -3.0288246359963543469146394075064687681524492114575567330578848730784131831673520626383380819045801502412898270534672174889436030535147397865018861672701042229157473778727600179065e-16
2.00054301840666189475308071776457823070777183985262620116253456353616155788285964835777716861954755283763497421640330112791390163626344396554932876264475242032276622383019707685364 0.000123378883242328843541268845126305999141627942954647847482349479071008649220713578213087013265477265234141909376096891096583647881151972763838069308535111304876947683544418123082939
2.0004829896419792352609574456659023391919053056808136523329492293845742245800780171430346769865347797951222600535641974593022184427713529567104927285358104925263786809578798036002 -0.000105900808401908024905863064698753763437078895272608234127612332522175248121467406299322046066518327519651734053796973882638310431449183063495720645021188944484174893133503554931685
1.99832370348632189821266951372483076545800313235836352201035222090138042046848495374547331390164773178824851241480963438329975827648418028370106496573332917157604764216834468307468 -2.87362395554028324049556015681393580451640611592408828914065476534603118122474307502988502063324457194387611719352726392599845292374589139896574408027688967459400243772326045508458e-16
2.00049734944159668472753841134216519094003253100192007413884212647282010627575874720418532246395128663800399299951962404453753778604305242245303863424770351878154353609565826843312 0.000110616544867036100245440186368226342513875580010176263555201734135768504392659754112296967341966880479625692911123585063571040503543629095021018416664624095425016133422007296864058
2.00044336893192161807594671720372136370024788330886655514205927488994691633697781255757976604884032688683333867641048366267577800282766128936950833251179077716505116867582917802673 -9.50960197942659684091626321386675865090604432099089237252419099208587708462075238885767464948803444096084334126583115764271404472966053285531044276470689710568077970128455568007281e-05
1.99839007706311411650741758546882453812944569412858936056011389397643295088024270989127841172944097402434379499760944647713522854671337618073148513265930047589836399162066353143044 -2.72824744223052348125899032434340527442236945303786026686413236405240225181405292886411002994830572136463170976083147628358438015989415651577880534682478015396646091208848395014758e-16
2.00045565258070029268676175671250372836542687158067959205462005950040803471653685149470557650663010556156212522368316845191631199059862977654376505227110848427327967235082595585493 9.90626605909448659337050425694742040762652926906927588965420835007900683933085697993904165460684502575603147314781221564735979910873600448272710358425978946713922736818252563636349e-05
2.00040707682976278002803383009179493262374114099471792366827864750832821034041913880418676235180365472729896237634149657743578966088094630376018426359450735045836359740394693680399 -8.53150392662277759424640981533361756797926881114380985535592775840354526276494975319630732419526559385276243489222932400781830722019543529547020445995643926427130456649808758032512e-05
1.99845259293866773640482344494300132648128246406711276084589656371244195047278267836222929575192968308286207308377212854192110905796247395567385881759702660030363152140720817012203 -2.59199077187732185169261173156188997309930385467331057862743294520989026906487648174354485326033904361368536414686331415032944192160285326851307928476680747351298469355486676456832e-16
2.00041749227100130687015906073521584168756874859210039620778964841637915912568255450082779926954776927559834453534335153026196899410847335550509848738312716223845891184523039892075 8.86168342024795784863677736559941357182538959388007796432091142787535666073189999342160719435599748830938846198985451953012280080786140278020664844692899775559176151596179128701931e-05
2.00037377200233917672268587777263735010490860862574239535281280591009948669337188685555730932385560897172336587402444808540940528607260571707058756792629580179218556432727264972703 -7.64702003051483599310780556931900091619132404766842205575769128294414214479478217798877094497738589059270021206783437095242556004467342956846186981602251336692572221459495743245875e-05
1.99851154379723243025826919561235444558749914344132988557222312949793508534422791370034913934917066168464232300874337050529996778770562088495647031553097005230067940341890735686824 -2.4642017159234564532628871538915318222934114850682052434419391899305823832290072445804926816659234537280556775704545219934835759497893952394073845389416646565849171261444311342226e-16
2.00038250005436672877501112889649830871237121321597567536753045636390628093761694845605846870304266883971618230085294276671753300103195139303102447590638282224998255039356914876097 7.91829938301363740863394065199780143512197223290187954435663302701540389525283930726385544530810087122192534371255001732329255642783048056642936445355556288555398614613620644879766e-05
2.00034316057627766854487332353964985798224363492371524457683037133688241591648907168206487283187511949622183700588520612723139379351817567512112744026924758492793675338783828775236 -6.84785887031166134877057634652108020025142980367710144838554008795084695494607009682088904054546617589650893566799500230483909634198786886053381209528777430062938843273142705407752e-05
1.99856719513549811176966117203982330243981055114879260905780614630547786026763571365379057808168803862986004675304013989824502332680181361593590810338753801348009177590807715001969 -2.34427688433271021072177671060558380040837568757590052703110237786991525325989535132863678403842915879021027731619786006096731889507513745335694062946631603152685799235693135044628e-16
2.00035035973957676499188971281643352891157712528438070321735363784674744476737148966826853141378791606039919988819578365998133528128911429050032787009139023210441778851313162100193 7.067042999887212531124218752871378932336844209773758153981753671498347628905866602431530294032640731192675117873832459256913047868032758589802300003450493798177552708842143070774e-05
2.00031498689209813451084872069708598477571076971199223284583093718536103483711873722874913231125584496806924528122133480692593969740698944651690371119816338516990156945750772834975 -6.12627207493993500292957657459684991203292661635438858237832569132257934277437718498005103015400670856814531497842026709261478427423306759130161678919163691534432495158154314304303e-05
1.9986197882321749539440056432169556552435443254022564848053243167113643613658282001299994706173059778764451677461518761072817920384137103117074427935312408224798662201316517050773 -2.23165846476761489380908746120892284390013045671254519541352801694414879021996829442772760853997516750734587702155034298452042712287242113378203318201714106663118526894466995016802e-16
2.00032079700988643773687385713620214960102563796071164146204544977802760468771140808560272561138784038443225222968189252225165802788168443742421836998676247390434381841035588972895 6.29945049697582020018054951062103003697222616555441499306875878055337123917551980870642777032958276996696608856931053746539252901072305503493238759317161198704165122900004091699542e-05
2.00028902671629250265262992135368557325699031610196124871373636487505314971884762061138432447937399906282582855669651483269421171129970832165257617879552941474807268713881243935443 -5.47508654811319018603923973996427211080040387778210782535560671004952833494565173524234777593510299627188757460311368970355100862776029314016130864017153992849375214068038321160381e-05
1.99866954274662494508978283137996108229476816111263921931850512112317845456967421362161717570297409184655421156239069716433484341462653430228709535950538268911204810546406019412217 -2.12583102788319195806303273117578525128080345510272801432339855025302192229762396368762269016283637539266614203193718527121620262480387670661054912210321784491965899391385814893236e-16
2.00029357184014787754456448303601488397558820367803689267190329197243908399527798410899099521183041401090426738855186011365437367830662111990843414908657226897488354897858410937967 5.607698417226253185237214979429070397805481816271822409822612433456394735189947430670281703288940140751922570914893920664542965400156241664626734217572853400660822582559349969444e-05
2.00026508209145700902763858697308534033164165840083386004096463162708719646002921057240587127334287353306931262068122539399861507886120367222768368582004678795651042759967718240022 -4.88770917278940937288188143668857188736084895474831495249582963639822081835253585450739535056578796969943699893176611448699696202252553037600487291406907593227644334445905029903627e-05
1.99871665899847727340784821085078334150671472967596868490834814722762260201658683705693936838862102749773681570523117926932252791419593442073866211226926918841520736927818100567794 -2.02631844584318663293054180101987073863857610784811245474967367169988438028430360043760160686713063651640867344499413611128289851361881568353685326810828529915826782651452037094297e-16
2.00026847277572480281607240195702694576014235627016898953530474161828325942562256635507314636087363715673625849384882162482279908491011055779554691305477600537925534589358425913264 4.98460705463380419825215134716447893484995082162500651979747173109091207509899731781310102021109782483725484992906833706287894640132015830772528145187068495238369587239649315331599e-05
2.00024297732275775362357264217729569234074676296702680314715173388395602860848790801921329645694399173152371649249234982022426790527628239514756092068486402272328762201834840933738 -4.35811267825725828844898095813997957928080236720711602616023679416011513420778157828290125859286810635933846400489655903043477958569597702503635079086249510415444016532004059391254e-05
1.99876131997213591354723153165881956813042635236827745165735642820203599201724168050414432596694307970168494406232362915185134428814781229481950065755240558210650767539509194958438 -1.93268095436996804304266267583037136657992916804246130215605033483431570080907657561181493105284270498389548272051721445466540415849558609030985090270575734603879054355154126820906e-16
2.00024531249611624968368545416048688835882238743412606693088925817713196814990061253829985758161399949106298415540697739438244201728295502051400453438453125401387321112333471609898 4.42362352865794393748860393215941597705679358756416280335677024048700107495777867349005075553932887901641862433608850512729984418864708289524737947475647036474144316929027819511087e-05
2.00022255578057677974196501937893481023454501349366785260646691640830842125367566388424745918436132844614720040068209472321906138878379813676826282903127841135653922350014938538855 -3.88080965581308868497652352957257712385229419639903183281259203269461597912569219559236413072555196688360086281000007990342424636835454537338372954832635553201103815352278457966438e-05
1.9988036930834156874204089051694171392549619817265859209756837880734413095266725959405308883409267972581640719759540308912230975747306916569892044047207329344450214432246228641633 -1.84451237631766411380373382037030674724423960795648848021367719767473212354433453112284210349457481254202976470526267201770237349454030424263183458104281108762887444506740069487007e-16
2.00022392429683553411347404710103936185562823848169553264707552768002835831277643506350665272921126366904746200730203507167487743851254963180325669010449405860955814068522683693722 3.91879215069948362573799374805844705848364671626712447678366603864049585562786864139938408645419611365696521950374066629419123224071686792571246871312004058828988088814073260856239e-05
2.00020367730708639607697642357935816777980950786146456269977016035421284284782689907243188045978744121146467169259521059443715079817013365729706653083683435055819722443966341439136 -3.45081980825280647944713434567180519825353595505047810549639528226394723938991033342316283001182801892782056911086670341942246612253138828485243081530857744509750885062966254002212e-05
1.99884393173997685638456786411018249419362401984152245848094385857330126696832887930256418996996257043768581625574462230771719912953846402996683657877616338112625450072985610040489 -1.76143751580798472943206681058722873315900167921969747140339747025900164993659850085285297877097910247632448758931479335965790507009222444657756240287283054343022057277321557575461e-16
2.0002041592477476614890047763278674994375131016368706802690457745090018819623159283542767402242840703823067786923325228086347297933824527686419141278952469584711180624358514919371 3.46471769002997437026004106522756605789136635258219970507602484681485910875652393037131238773836564777491843779817985832433032255035822558084965020644311789547157518840544229232169e-05
2.00018621608116880564064441978065647945878073625625820750594783378685753444503602635177880255437110145553213906821025173550222976649990268967695412637701094129341041002617136310299 -3.06363395555482518694622547587776513915547003551793379074312322139378767449780477453492178428153592499873667129056483166018052201182873295134255120345422924062324684261050150645388e-05
2.00018588386279376254828206600061871824131517092071121300967252811252395569946633139329588239288492155006589484379176161916050505657103472315845042333629497915906488096633900545268 3.05652544761598743274558477425965117249091245341747558928392088521030628631859870147169661286830453081512725467155035673821904410420346665344265191084541763876060031224272092935887e-05
2.00017005883880981617618794274278926702722005019360454898091027000141375421516834282134017497293489046937558526002055873035215261087312875332712912834080197012859561993276831370547 -2.7151771587914981018641421545992107656517783629430619740591397687561741425624057212141273517308129572959540019761699202763809729168390610698304387346317986662286543892011220056549e-05
2.0001689781649980228121150898464316082157892916628674745711092812845312985309202084012266202676216717617413135426016279944874414699081297001868076999287765726887860792264770675636 2.68982079935402625617568716192024681481847432771400290687404558177611084693346312694800169857004676013752511828749463577275786251720240666537492247792211944089159934990280596419367e-05
2.00015510337439034789002092970640842259427510825313903280504857409151499588631941243134092122785267802069368778402057494953952862800255329571487593991032080040085885865870628649118 -2.40177250338353662422187062771079927305755572915507088167206250819547328528573695645171960711432843452480774529939857292009739705367774340329573573013170806793328618207863885501792e-05
2.00015333406291741937310918028446424070795915387245342302842866434826258912564315359664269393291415120798358898441033649787921085099416521007160273615370581039384272844006181356087 2.36065002843224221059387054450161129104306486420857846669767188614268032913890795840374483966989560183812619357978556761437039549864664829302745169473616685512539027463995702209726e-05
2.00014125726765122918944320093016595851018519413478765423244425902763560815287668459669002891836293028745861240215815728293775176342913110455785615572522154513595804018613336877732 -2.12010651967561328998064542269899752615095068983771536098970866700051582636168680442193705312082996616027003470424709114851960644542270114296637408947174627194038559449323909768511e-05
2.00013885397643021890729390885396989276286254054716972711746546091962822363120332951973985584048723534843737711157819264295502274531686253137020754203001324010677838231109243993281 2.06546377083364328832487772558617735077473200621312457839804317256762967730160468119504281630057425739073099624030372368270592895818404107312585365043816839699926280786413779708061e-05
2.00012843679478937786507554289332870495897530871426374205018540200178835787714525524907475129864806310971203803419841463388064596886455932453861516161479142177940045956425783894258 -1.8671968433320700046285662716226107978345620559658956292991457616721153900704132398059050925007153689503073536568179323437834234487412543300039967985976442560549305979870870885471e-05
2.000125449664221040009166749032977988903519555214835875571410853100423853178012681487099292236592847984901415637002561095560693733780475772508977188958389192286050579921261494587 1.80108422404763000492539353719803807126265610320903425687641505609387352958428190989920091203353737533710272558913604639445207963796460166145387814122969946433208895372312246641897e-05
2.00011656599222355091313991242509503797716636685931563359408788967058352482887354866476257368472048869521328526439402693423877662655856655934415835566567687534714516338586473747514 -1.64036247533551821922679439214848230043616647162070022777667155500358737868247026070977598685162856188474877680455048299300326091797929413602496964417208180216924116112358473875649e-05
2.00011304121345833194304385481086270601819574151052027690496381661511805624518457451739827456251647698274084481891540015963697073637605059857313326600269914882373608857808862317579 1.56467743517131894948223556878540926684437234144018059028967695084879150133738240974311266640669430212232694110140945650132585700515151714692902558271966100073708789095031771268324e-05
2.00010155615210690829418495890072825835162270051779115171666180496463255771117520670070215114275422477066720953379371045043432186311096974005760506813005320269751148143308171954482 1.35373250104291631743217532062267161241172226841621105380637325356190847697578833312801794799778665989302085939432576909329089738585976768358179428024397911131720238006734530624014e-05
2.0001055758494602830864226768665387415400173702187529398484031700643544692939561378233649455802341288048395002439014151853407242317723260455616213009347379313545123333609208259568 -1.43719684551531059189184412410442793304345542218425298728481799203300751114830848552816852271248601469394844354287656192759203998295713039151687789579441780841858826139475971319386e-05
2.00009092862988343121257909712771007751296269807701512025285377345717086427692633065797043140726249790666057152824680304340142756531235230567971601766982020934449803415104115366825 1.16605015012144320476126754384691501611276811554488387950058867925571054250905348288322285196383054999223856538033443429643016060914141302405973392870642210742869164564697995083681e-05
2.00009540361427963062940304514139238799138010148103157937791630193319288286592002815788695438494502464215852693438303991395551306724000285601911101277889990397968614642265493039393 -1.25554376393351848756909252762632267044843598101715282094850231232622942318066340854927050965689871015858659668662634999519630835882018088960282023074502387983095824162755292490624e-05
2.00008109857377240846804519021017188734644474853010437143644282440869538816413597659454238273007452927317357935253474486100294823237252432030962819788304536363458623670827433141105 9.99742744182649358115345518454544294796921312702148590596691629282600719258447188536815931400640468789107251030286287578584905266205891330380431909120864101671008337850745150824151e-06
2.00008599220003843429174049630126244118004279708020327015600007059243714705156163358460799737589209292475550165243294490400930733176980095408487688002976563676313943416429483337773 -1.0934761807739801800426028522304361589375873340236391022643232058136551200700245336442249743965007896566218559071955112053237853459377508881294621133074743530672327578042832209299e-05
2.00007201065071255644207944117579803666497667389884222978852945389095562546970207684862284841209191922155407267585229196399846465893832028740888571171729236776452557476023401761304 8.53242476067375707755991535436944158619252937024346260835771102554402226349606910726935998514312935082034306908154957590582709610510879006926925684380139313907095334845132947056005e-06
2.00007728969179723787458128748757968649326781075156687750389565282229621591267342678066957958871126381055108666123428708956193116622082488575672877411745388931646093062610693482941 -9.49277316006459112297859196492740207990606734896937384832644496842759920684384139965653004109796332006275416602508848921178566975073806752785948744704306580337990883807547743162954e-06
2.00006361280429976942641298446454849814997552432849001383369851779192750457326955806590193849017739663846456572436951591084911121394490880401498333354975794297581973400873786369729 7.2529648261534404114653883158282899092787132040566627076533864782592042838441830414048222870924795367688129921706284904079048459629865315036557309837957364693031978016250663808047e-06
2.00006924895456344690062158863039068462676896086753237242906017224021030979874852680496004479061981123804428195541647294831974141794170613241910371459540816364763852550063534984094 -8.21422893852640207751476688093842807728726251409595020523599301086535384979834856537852846389969176833081956695725029154785560203062591118209032581197290875703727424721967804422563e-06
2.00005585427278906178735379978063339097356291016154099641814467233075643541576160073199149176970400977746646545259068015425329232593794835164517775756656998395436723957042023215618 6.14890459978851350048533897800145992409445975746609571491295981874823409454001099025577736726299654707259021467574807169864768961156776255076412435881818616251301418546503257930731e-06
2.00006182734917408940220392086963447776848858237821574148297432019913209761959634998883578800337142855796417504110723201856513536708228374949209228773640758361801459700913813881982 -7.08561554347241901771090027061585230246619785808081138019375373651116721902474503630856871027773648778571341782813172268429479003015803070529710257090114323018834884460949773975009e-06
2.00004868373010285668200727136253620928653555612253959452069186153116084031253581865635517209953091514996769681015283421672245633739534433983596044510431179233352743958551556319265 5.21013619144913107331264651867072633131613593767134343306945082427544763865647046814611163312188021983250497751047550479280078972779081349259546890304673225118433549854567558266269e-06
2.00004204941431306240076328347054526028539609062876836979488504689458382386278975301461412249206029307901376338231463883067911951467294626209661629561367656618771852377515473045984 4.42259802068719296060463106633618617524390988126939203615822108881093195950984289409479200795473005422288837214597844957025787845469678487933429220988758991057705766883524928781369e-06
2.00005498654819030240118792046771393169277272763402871432152313612877827468596544917439212539842364157658501664060825787951404593942285996086912921757289754363352561301064435483841 -6.09487887720579076992475036771905285279629415643495471558588095346818652895880228796189192186379891816573993924602111284934751680030425617085745024281110560864437407010261355334592e-06
2.0000359028586386127128256989975905454358975462170488936728599134518602923255449674977288941825174072547982407757764312166659257908722865186499409888289523504736573174532599965353 3.76509012294166269387485734301035321563206664000197787254850169217728672150954529407815246783854173621106392325339196808930968134514278431865904602608556898696738514042236058235794e-06
2.00004869239682718263747904846113556131161273784888223138463534148339083976290729535458544718456418576933928515459536096111918854831685712287758900637868760933383674344627654652881 -5.23100174490816936952164202685857330091355869525689866021937441250508700202511658065549190572759558023326099809131592297479270554524757913502970889875566952225184450434748664030891e-06
2.00003020423282251740740475820139469984623949205817470142593637512400966364107331525174684838270783896696709964655069408218986896801049971297445850305532392753855356296620142748031 3.21046106708388918784663642097371792457162477661597964488274064933712665568691424928588112913738860301027656760129399295998019918769255832352237703455993903599635971882995176056418e-06
2.00004291467303159097979970251397714549604772140626792757062242321412140716122549877063692127822904423022325907108939108572024813071579047719388657420490047435841646041476511196569 -4.48337168110892202736882710952081482935785720058381361018297673969162707775760793065813687367556488174227073384628633051147084724915209149301719376362747099059662627353927161875795e-06
2.00002492433188918079355819913791130939156661322204455822751059435541907402830211387296430440915133596798197705110464071979512720324006268863254156264664088453380052329539809209121 2.73086266150497247185694605797484460674783259387412215147403122257016674499970635456125010311379955945449756373812225194932217894517469070436696780379842538534853946165085184762773e-06
2.00002004105765138301445954653042937505818780089013957437576907417016690276032665473384028169478491004988508912200655292667604871102263385602935840853742221416970540654582448947883 2.3024814232245301493545812917389303665440191231892321949925041774579224788272903355799433047851465450789899794290850045363140382028390903852777211795309188426249143010482228375553e-06
2.00003762651888223493843004795560871632656390409334736890903670451195496364573105598677654738232625470860721832470186324240115291647661895022881759100140300854707808218539690419466 -3.8410179369354386795830484782718698865441579855360779428271070317443113295009536275813374957028746511316237601415907262378219793752829937981046867450761990276398506237828814100014e-06
2.00001553191221541648672059810258315194819582518252658030017761219815212291599198969273256304464757942760464502146760307995166360301359686275580580100349936485403909498741296776435 1.90652942851614242760080138112611865910843049556870308086200144890566857336652600978576619118210722366414735156648726005195848307029639506249609627487338935341712088838444877455336e-06
2.000032803394401974577871206463220135638813861634166220200662025631249012272320514975747694582491411276275926320407659014221547640257004599509064146035001454761891330286235008628 -3.29203294412945174371703396492618694154171030738698283536948333365500242978033296333448771964198414826396615037461226555704775871408383164707038162629394009625066924973067819139004e-06
2.00001136023349933064738967830950501435284613683165699774055327604018171933876422819356847461489823366941170588558826107352542416037686979392314979555407646026298098074792356884664 1.5264173417107507394831386474449796306707779257135060024966356791960159637439013595786755390578999632239851163813381800385538454665625810534603677535561259736882274236775103351552e-06
2.00002842174752882094636565906311392075810705424898370115558371358841632290107541308502981716849223542805182936441767524449560735258113708616682750604125124174934629747018966919675 -2.82360174206836393960977933747245394861635980061310513481871939139392440458209908009008003793999865387716763179331251953199862907716250730315045220226451388354187391982659542828801e-06
2.00000742430553429870478055885276615456907349528717614561093835577158887864737928695252162175230941443496073734406977482882968773263860340844068396648061331103414309188125717232661 1.13805176509152998913436020081920862545671066037752269237507254678472364157708307904747428206830912927366055590836027634959050990484370750026567670215268561187332659625312396901528e-06
2.00002445795023630337201074791592765783738547735686443649582690218584993723025139043692245110462820134385778697163696770336216719807830434068429646844987739009773537665519317140575 -2.42276389636214475432772117498921129613699587231493189901075090914015854182955675008250744008380830579978162584141039504651660787978014100423995397444150829185585796734999345556252e-06
2.00002088796086127980572938222074316564522696046722224319624952621187005893527357536939573325909578742297448761570703357097841011877280337816211141959107613325574578570564211772465 -2.07750625112081647487989414393167872609678949088662510956751088910854510808531355157320285215777085962854108581367313865600973057997849657266547656717916604084845399493049882132822e-06
2.00001768766544379260610077653988316381084225886692515198073826374824681129138782806652380847260690204544216389177480272716476416988329290428956901812219690881312275404564232036245 -1.77760047783659397429861552353931822938931598152831149262129734346102001859865704894208154230891102414018965992038948940992592236452210699586471249070553703363603266311543495085081e-06
2.00001483347933174714364352001705565228833886236736153030497032572898301250482658173153910620175259097433956086227103675593699091526795572902362456972977573336339916342965931300901 -1.51490445414889102553787818870501341701231293525074782658106399877718837654639739134436756888725486301581954850356144856118791337503488707462974178665991439302134387399037820384478e-06
2.00001230283208155213026820146096477427713731777493052276190077046447981924005256872939611402733127049766545887290063852504060211475316052337038151127060076686225804266729508551218 -1.28322431962237828099587149440237708159342640243603921220927954338486096542916304919752135009569598125616186100138000516009921188638334091562551346087713518807393601200709658003552e-06
2.00001007439216044868248919238786550710044592692905263513083009419710092671717328956723045771038985420920525802165205462773115624716922617560138683586678042002559951169357403893132 -1.07797127225338849157306714091585804507262888467105221181251422274929100673976291672464754377552566600816061556796289805719863455544390865340104762447474573496235317559725478974383e-06
2.00000812805664551060224340699825870417186353881607872865397980779948022062510538900392570283467278433805319008688928620409139757674997504442569931363810442724660877215978820857506 -8.95791622589009044754875253466869934381666797716712195648731128900260788832437124695113006010326413828128796152348053629724447443235394761727810120488735716768972127481703431630635e-07
2.000006444783192324645016745408598609816251117866657501006277222428707604206631391078511445971995821341750495584200666665876831520618491124402348932662897603444701473505574270133 -7.34251826856493524639219662930442009100760924678241415146993753921130612387191260551144253849537233236813810589544324542796768927775384759070068183390885675831178056749701277170622e-07
2.00000500633062389139211501020049969957306994839940041628251109343128273716560774066529990126302486389576428800785573630623403360427651705478711019362844133979742801978272387203638 -5.91595501745005713839715848858799128025822596266500473196162917642576166609007255738094160129669572251510890591057835793097184621777011657829126122092362841844288490664697863248113e-07
2.00000379494933672408174172809495706225640527338484786796318642116459768972682943849680928376387216744925943133496010308500797544684090542960791766464707205249257374129397992931394 -4.66560871444282393228145049773060635949280541641416490307348476794339349862234310728011576097911706248361597970697533405670836180256978139705978582965450960783377183395886787786677e-07
2.0000027930437099423536563619884077053588309009025277467840024890691133227263166869042837120758883402854827116749017811931850197465369609099262514842918119927599367437313366947764 -3.58239090412254658741260048309017598255325541720487573223682805324860228666224131275435007445361858675053505888341356663723375004161624015546806341171496053215558149233727862289045e-07
2.00000198282001799861766759389749011975715244915092423079977138303842665872285041366629881884032395467358863724782821202008120501378767237317272640442505177135597536527513379592157 -2.65954013664620560853082851593163923050464986168844169134026432632008581298082047840665954822923088160621776431691547256994534104836105072965207132492646311296702064661719713859238e-07
2.00000134593459139096413245535290439121213354902881449268965940611194537479577796257410117180306373612837177449405737845781351505137299808111056640301864017484630807186339161853965 -1.89146320135030130532762477178156969456600239305202389365376233624945886768312746056762367855956238826353309827049807553302443539376767394269846951501806379415507611732122812628849e-07
2.00000086316811716717945432433681974771115815202105455914140276687147703104594816639665502514183679330836445238900081126494063170495579059722965090303233304037224962625682469183641 -1.27247960060871836530561961515154049110295757212473333643813383938207934238447824211305170327972151930574180711195671350028533970432990103346679428329827320774692441217582669008447e-07
2.00000051417422043262635343787926174599932729911305725108650403041580232865456407230744874854144413773264420382136628349234116412218026083471065756650924639007592905372368594182967 -7.95380176141507872178669443961174791611659317931232035376766274627101291344570719461682406942965375702728594946868978008906259007366678828567850815800473206694265864542978723188514e-08
2.00000027738458815208835174323484134070853863343702335507862826110820450339909341055034497110879363482750986845071413878697695881167163366974921617816662465640418773834838793037231 -4.49817061507031072086874837003689984659338910378616426305247924072150376041663084566560901583810315230332715671045011647387037647802629088473871045278098546547348472387203057257848e-08
2.00000013019466771371717941378887794578380378430113696607925558625072076486012154391043744551964430774622267649843012667371178937184259098876736188193088110217400973867503152065762 -2.20749564502509313197709013414998994999045697332268717102809365608917926417590088158237501621635281137279248816072990232748943158101971965209519256822771682982775983395942296653568e-08
2.00000004958608346912989422231504936222402564724989297212719856175163054851996178885975062207304494216109334179607123714040676521946730024356886715333940017313026382432919896002441 -8.74980730890361837031339128640978074306241400629298484806371575182649540703378135047561110843097810886870780454797550947570971154633345579431762034369154040109613515966773409660275e-09
2.00000000002205381822370431640348685428981061793948963942833113375343239549839256664862872288719618593045493215187601405783894334118813075527719539455329921908040470597073970880852 -4.16931519066695794787142685781671585276267243028928894742357187674966950494572606239316979991424055533594222620110132208616382329446570852464236762452569555586685932903744430878239e-12
2.0000000017659699180313406241751802547971931609872647733166209686352276883712235379388794183657945318463455199421564566458136562768581716291261065850742887527742857604244593441283 -3.29753436726589822889865301230069854449939591654362523799444949823898059554556974539674870626548790134624775946171331082072581125224778648672768088319892129528371016142132744554953e-10
2.00000001332592765912618043748952303357147073979567164608417279141291607608176239332096374473915556242586386136037712552124782709810271019024628191663740495459386331724868180385519 -2.43019238766396790146752531499035898387672697047917691096665590206526118644347911558941639950853405323598670941127236260575353712351480174259659127372754019194851089833099484846985e-09
1.9988821767225699720959467260545164586484450187676396113710257472922661536927349999522063903110332516306320372852998927900350309877144614262050101552291363469780207053509904079608 -1.68310972555264848569292950513364102854697202564957944222968314613171628043949957054627493589612457367255668333575705084891910514076804769971823707334986358707800805238985278693214e-16
2.00002739404729724477568567881417262267706531567267588887962897900378464665605472588054439727694787885558862208237238942766274543049743249939706096652776854254529419865278908619839 3.09953489408641314029339682021925924987614468589584563538924469801705872534888192245229101241717783397021485712291460301402608783827817168608192972119721725433713814381169829135298e-05
1.99891855741019225771712984506682513351936566445704715268909131320265116118227057313751375654947229030456518809633571786559344963754408346220235926968806399403725639719256964012994 -1.60920864547018958435047040251025275801309423143138121877638048246671626677759442640079904119834734162860451521452394862437189181718942880824074684150454791983069770151135577110012e-16
1.99895319286896442892550095112008062145127065188646259989396420950983874647751958887828294030989663111558350261347150094707006949542668307179560195556508663269900767084362113655445 -1.53943810760641085417500989709626174443065848257128944538781081659327469723222802187306588388072164525752767551165534405686500584032130163243923502864027242954079009081906752385011e-16
1.99898619282175696348173699491535717931816840805251461834609531882627624412488657674877878044017091557566784226281098917127768503701081405169162746794548538761867737436483754273973 -1.47352420032177203723794797739507939293146867794698575424265297077725280383523081714464006022048109912389896471461005280152507822368405483493836796739086610804336858008707945671963e-16
1.99901765851324111989982721686856692578248477683582636914528048036834192390239797231489961914650766054794486109003419717738494508825934432301636260950387141597965598193368941317211 -1.41121348343921936327186787838204456910214255106756983290933143445764938356351454005007424608094724099008861311539867714872475376071394571361381406717166299997583654983992903555217e-16
2.00001021449913595488133995166249290506260360175132697622935780806315202789622679484789812794554977217343864361163351496444751061066220793278578369458578506536418996628289905291286 6.06288794902871895992454069125549582673990184722073503139329917620593544477358691411254435190316776668901172576740922613168131578153842694642339580367224886761194369805459827530272e-05
1.9990476834830418022306529884241963000398598918831976340207367685167291237773044490629681560714487516761563638201916009953754204764223608616815314724299257160575699246004609102265 -1.35227134534355406357328707164423461306333112186839596602514513306387842067771900255420146403779732902649749811181163527309553537719675810861725998719056742632879491834578295577889e-16
1.99907635425796856351649224742449765306149438579546657112360949270948534259348081509535585802248482718198445112841140796308619057977348887153508225005639499321665040994296176319667 -1.29648049273095217706741054326604186318473877747947635494875331419901938635841260593195451695084057352529694299570758339535499662955674567330480721057987715269455521353160405341647e-16
1.9991037509728497242618582057910037313279973890240250195675315996374369108741582618059654914425078943361555975574174187894086519227862328101820168351144251694843635944451184990021 -1.24363956370630790320503591159975083464580432610740696139442628842640601600938862265320085604228494282888175145357250505048286073264984656619184203679801975402330575842641360274137e-16
1.99912994792825313100566248240184732735644783116160985190531833478101330184011082382017906303368231226163634414789398243087839830658591649585321287955179665910055854878651329227481 -1.19356185512801670920351524120852396270697928507957703058635906822707979325032535331893490559888957787964311787553069415881151963800104875395918444597613239395864720185197508034799e-16
1.9991550140923126290715519433157628736370869380530542246972482824359110061976250737006759805242103598198681361841901969390953388295463529859421381924311714986458343245025749195725 -1.14607415543857906530187116241191399228652050174731266374659572679840329564921577214788761898428251629470276103602981236343751132531490193474931047672396258268338174281892745454487e-16
1.99998086619376787930871032224959304946486874863007910202378355347089972794705096826400253293814351663561200352478060796422367410498056873497308619793358326088141410631067457215987 8.02667634362030517751447742984630875052775880091021625173697515664265563960868665196401558345381077479143013379664578010963188197015333054212923321023219837367855002640949787576744e-05
1.99917901355296453689005360906914606910795660910500213993112960654563426842531430576437186394501427683972055803793855663573869763859932112551341636824466988384935723025727668407271 -1.10101567464611939155244878976723026774058891616017947444121985958873899072851883019627543095465390864968780787690368885527232657963181285088892530469780087900896926874392466190034e-16
1.99920200592611048732276322492163398642995345207208910664656611059397104107969397795550169431067129547867057025616397322752294332639842172826455334169515258048050500150242047461447 -1.05823706360081333093755091527777640316962635392295195569812491854091393041251503595305114171649142829143119798178151983919031905196482306736291893298263295075622266543802178438652e-16
1.99922404672454287745337079753128978927829827592330702118014737850248716565470248362351388372511428876746766228312329564118863153036999994424274967804303038204707279993432330618344 -1.01759951521559829274237429413244569801338529658470236330326050827893888010350353567280984836590672610338373118103678386651037144279020957077014475572864472288509787130364114102217e-16
1.99924518769188085607165068719186954422935263500424569921327268540423045619639403276487048385803890444833847966100286251603187531809887097436428773608912764449207120399512954163849 -9.78973940794574225321264259214134418444756229446915350710440207324430744434689255405198239318720072818398343830477946800663952031614396400924796727921868875235317051108629543399396e-17
1.99926547710525484034716725423040522816980309062529931327385981492153868259000312171491214076690416015780665020637079342540418609999342915668692422330569508350075126307627600717521 -9.42240215143776702833050664130456773566448106554559608634871525056311352762266472403278762246984893192870548126563893044850503626971216053395926933663475719111779658652625390553492e-17
1.99928496005003466772814114195197341302537435985415912236187663844338583538473730887450454469757363498346277142376573637024557585999523844989402373229165129309311566964497741256181 -9.07286484641854909397758626356668612070559047917786590338114151515398065602072609317132986047677204055166178386957462131908248047205675802281511819312234324183532689496275745916327e-17
1.99994612376205176708841225141729160291250640206456983064850345637841090766919671007593175390225953377719140583906687568659840929370667902114148214249122677742530033274414412083942 8.84543391228457693943664719946739208174271510964388656289534064468833625172992294390864753820296661196391813735438649012970008632972960815532591882014928436397508648109109306592634e-05
1.99930367866951109305618086925820710622359947752673643236204632838277152753138897593237450880272491053430867903910715726492435075847211291652966539808411613669509320861260851921411 -8.74008532942892345867352580022198112878339958171810430370237075442274165065066515106498796866184733887089747964840884653357668266738749748937293407582404851814249413067677027222011e-17
1.99932167239210433870524150359180943925030516335482007920252936165031486448853184311341444132916308781035428439155102846113502975410920812261031875853723612407677852159201232350397 -8.42309199477834903283453960647919408384891926941658042107255657841230025216563991186660571416358567324485522097702923775684128267583621453707607865326848992457653192633699528698571e-17
1.99933897813837992839618871400539708002991336478788392237371389655160437154621793450666461620241479123093934451121463362372502753821288380490944226748438238788066438986966691874773 -8.12097846433118273455510018035211214467055430380581880416549806833257012744043251634157432580195192164579363622964963700384807656406918821778874351484188268517376436080302146890377e-17
1.99935563050989524241621001153013423751856176433165492919077852149825453647342570086392442356666173754064962407796463823817875111707252003473595665787587219192058025739936642043151 -7.83289870450573848941728714833977511660681318146409490597631058736579707899827565707185257012507553554088909327286986103297361630952872189758546769501440855716458682518043226142095e-17
1.99937166196167514606152644017888344933462945538925783575929521369850829486811067837991979968433763698579834330658946365602305982088759719067697675697891475237979265105647271020609 -7.55806255975481174324655646133270220087001618508117605173976884758696654137881687922452047337329301969842291210197759622087746468680857465412440848820919691933907087970751210066347e-17
1.99938710295991741405543953937064049475985229757028183116812011880438712538233418249140178463714361787738800984867508960719276194343472458535253830472279359184337165896625216457487 -7.29573168091936733266377965723506671835573736451336529402041116099198066149424698964965166396124234720835897727252895909655259036340029920965686852639837495515656541138912153926691e-17
1.99940198212635486478986604732762180621313964657884270275080164992213793487742408013322428495906399120159492570925591230121970895056688514995327861133265743194070752600082117022329 -7.04521584020748403573536971732679087776126765940603641374731557104908744379345207260181108354628057870761628013580385502495301871672648965150382533275810640560663085569243273530738e-17
1.99941632637054801159087468157791325757410350330444998821404006994738703296787346815585300539138493710438700320621001262164450217472872724863144893897847373328539045653877547648011 -6.80586964547971660809044552694166945456219330725682698132377309102740979217483928672778163621279461398460270306043789262266065297144152325519031129410802663378504388302999570250598e-17
1.99991122548576458317543243640197820508430443847318868565841458075766172967579259615221425842223976703197621582953968475094630920619339412005716630727813375185057726355490390769151 8.58376363746943252527239607595875712998729369841786089580258760056908496845403141656722743611861732084344973854181995615680733995777001439253066896337395811227068597352571103333833e-05
1.9994301610112469555247395454081257472943687481621779407750551821378792593237124965230224251521745346791283662540984735738507130904234589844704397523054177551918267859290436512481 -6.57708970069082268982738612506107894280487522389927534632145482215289075706990016526473145734783285479828527214658130504972631390815935696642304545867548973916076380186991070780438e-17
1.99944350988784188054697307011564247801099097387265148059565989571998679604044741687374479376278797722501062512048670983847999965554225085482865067557220479745609581433548008988912 -6.35831231633406948970855778679100329421275028642273713090365035515331702347143652545638843616706102092419366654501300930723087136618599029102355553982762478883042079302523639597534e-17
1.99945639546281587968381244483026608018124781466914591908525075261051735277364219934551823046376546106960564114525090060512842159365330663463155459941221170672711440622101774627134 -6.14901196966087034568816250871485380838485044132943917081186305479436504562508933444813223777469372216177632985658451754393584736396137679437681606598521674806594894106682628673048e-17
1.99946883891602022383904876684984497232294264632458037666364284060768033939030870270419758988847825949351856634002171714872153484431221251064558060506878288600419854661756717765797 -5.94870087617785372885625352502203243375998255490827614092371556750253905098863079814763387496706692609220625086556747109567107918326034897520589977418419298310401767095763393119713e-17
1.99948086023150909744774864435407181549908014762551195039590635415484518760279234551302429110549470065548786916831793447009696450382624282631023094871661217246943934502950660878875 -5.75693030602463461418390307454102371506660745158506555136838639369664060593828471468614389196369460256715437133133068210727546312634319903023709309503298420951216248370747016908392e-17
1.99949247827759698019276696460479146055540168814955604692013775294038758498603744046205591747206918502236338066160976329997589095093722593113759240177148068839510329872791834427487 -5.5732947347884468596112561517613117524695791888150059268384405753265465852037864059306723460844292582837773233705046439419682299461953671886090276177041666810632341457546665661962e-17
1.99950371088073613369178172199235810650302704930823916821763467098974884385806494224913286306635209828397842343265894429972373850107782777600876980706095768895045037672660566894861 -5.39744067856830912437687411283983692005402687412094820744605601895787079693452029063874307229543086044598700762926451934603838028563235961122602246978075536650600328122396003477808e-17
1.99951457489375308452376160092808275873667515457711764097072613815195002616753648289747676220741864447186636751387749764046773000426524094571875862488926281156652889102708319283487 -5.22908332402702901450093444495618751319248673809634184442460648539952843663676307009534141514296420354557017928620074820856558799952127369686822345866987865849817725756787935681043e-17
1.99952508625893073365399818558725832448401703478404548359923669759394787772544778102971336496487375959395330730327662412096655907771649990743143453013808122999917421567543844186526 -5.06803614419671727873651010552388337874896088947020929307043857592304842168377766897384110313124819036819228030727186245361088615727155701289584421864261048063057127850990686855125e-17
1.9995352600663760287575357869287557528008465010607453235931559367512193788236195228227333148831370903799569928458454790735513512516394343635056460173796775088754634071151072113036 -4.91426210369359829097343152770921706051560333558475428853629893565013038402699025158114631348360344365465452478135888353873596241653403769109151870844250938537984393677368705142534e-17
1.99954511060807136493856388692599344265172239523535936086130858975375918947708744911930240654801267481618605543866985438858204960971233401423873705417209007087147500999194885112903 -4.76796062761285301096191434839847308101064279669367485972143092444706401364659087489139778754613892900015011417990936827067315995558497367889967752407781117766654352387511059251753e-17
1.99987994271802518096366526284847941151892693819718225260092490706817142530669881856831084540949111425489791534461688524753918030117293973869779787314691064890681764549032981502565 7.41383205103382233602464370070039289281902277703667804073733051018625722175540152153210134084217065533466855625277301391157338167044485062165924215263185277053378279927684700737789e-05
1.99955465142797046636509399039828855602090477657177095269330068112911815154621181873886727325620353723737648150492766296117453423004677059829914834445530708847202150173352385327665 -4.62971355484326539428112428423920953828940704656112902948835740367968982856765575067289815313345437409274834003150901301166868311359270058193369914029591437545554115746287953107695e-17
1.99956389536846595170664746999203271323088060616426055268176561306437940983378512234979069267005509859015703795819623949665229147007548894417529824013604623149391016184306958190358 -4.50072791570359946117970924788178913217573659478919963987768458570906338432321081033180106647013699597808496789796248730456623740201586229549398714323993554477583446832206381176389e-17
1.99957285461352566589300081553364823058715981571040421826230191776877767230716059379590588745449186569006327210640970954617714168922966396816073170160081261526906545202969213326678 -4.38323688667036286014004194494421178056044095824749617247846410917310223788862023273471461515232506931201596735365700628368739043224627078097402131127674869607081832855992819600559e-17
1.99958154072876778815781880299933493476023698878292318127516219701960076232889921959763193140720423592529493830059927273886638697941704737177730423726476466235200982944101174827922 -4.28115791918125227145590509041849309647562448449584848708870590989325560115440921075868946561331799173332261200317916483073371692134317936688327959571579477927547211908712223354547e-17
1.99958996469872036594237197815685004608390607522136403256052576376021955970495375323548009397335842566853606161450616840442096350338598487082279743880923147504640802771699186493173 -4.20116704157279437353345498514036680116465846448953963424985854341825652307902497607651206626633594994779746599294539312428079689290992651510088381301285636848248965280455077202457e-17
1.99959813696148898026410662039511461134803606140242115425248444887726789606964512984584366936036149437199595505356036757381176948761482572699019850093162083583253957610156024520279 -4.15444356255167950487818598010274695344891259301939961335803858384731275408214447879108987507264471529182010134365356557986027372078814468805791963966388939398392785907826521777483e-17
1.9996060674410364596721727178899375549825446248855061967677524968363376145255264014542787752737766466524065835619737651585514588569689745026366765847453260999604644705382261246305 -4.15948991537789050296962575758949068641625443739608736853999892382805513718449429559816628248516928487716066539860528004843855298271491119674147606555689129057385295893402997936673e-17
1.99961376557726069640895516748607089333397063310883520916485306518549884178285685603070491264260542358333580858579249670776499390907191190002503043532876243130597954925626089033616 -4.2466683047198890594903047617359382575515960189026870897918336122628442286704557944568347241127977381619109310798948187161369911749932166443971134801622576933733883234817398650266e-17
1.9996212403540404759840533701958188550488918863798039804402884269912290533624152348756029274498467810354177448574916859488086011442731068762496317440105714390733265203642995734776 -4.46546729553233758092764697066264488330225855493708604146793726587680942792909864753053600838656496547848380623181594335287511922779327756026216541026213768217369557554413993615139e-17
1.99962850032540462947868786181996453949058716754181068926621344426693889264417232380156956093465927508269063439157673352432579065885160317248334430468572527443162136619105358381618 -4.89609168850197384817261260162858040797760713021343395888705898942664736822196994224065177202510546496928306274843580117101852625625627805380845223468158492640624626336370964197274e-17
1.99963555363996659642990089598053883812095136367131189920017190412951520053084827364596707072463883228143745530070317078307217353443194672619174811252521547614662146589480094127484 -5.66787181225566689049659102416766730938687361445522166957742529814565001645582093980883652545574665657965349722103653729143223542874377798657664327304410829728669316199005156823309e-17
1.9996424080637545029667292711126881483609153268628120919461659955552866998096454810229627536870100071449046950538340662625676698474959840196699893941816222952736237659237469154779 -6.98838783298585437420827896285012002886664721085342072261615144719116155211438103970952308944993675685456949407170732554751534409029237805098937125950777485964355464021932779542473e-17
1.99964907100155598866874779743931034176743057960030208514948983746045218631979557975030116209095278871134895653296887687395217381212630499535219957500069295203231214351825012424304 -9.18936606824503580401278804920523090739989524966507113397090389268994672081119748759932074402601908416497665005172928152278938903880900674571144587951097479272968915714146005501779e-17
1.99985485664196235905644906511961385473397784285721726555162129052537088386296300752148948113833005395047605397459883836605614771732521925582132985972489869838582490515681108830095 5.54487581873665796894740171063197582978347751900328851431576477452429289671843692740943171940924155431313804627591795820876866348257928951557150972062312370940813257053989111080859e-05
1.99965554951688714400266698307064089738960590076574672992700013546878581245266366561587291238956644856577711522730359702971334496690013029286007051718366491616170909539388972626427 -1.2798730075850936517899186338770139501300818698281583496187250795726369594689803169203419764539551031454950521495135504990183361077405902314667639787208143195543691619185198788592e-16
1.99966185035068594806077669130993172639318774528272739002615394809815448655610815228586259202863781824628423848468860669687571529660481601695656910159761499463349285934315856557859 -1.86532877732948037394870058722451119527571006993952518633110487954112816629510356702945738682217401780874066530001818419388089387907160363507839866390749463905477334247735019232217e-16
1.99966797993882243442160043207521447130956783427597239677358856431079478885803570089911486423674876039059872044515638364221113885871841753386792965228637137709964435285122233704208 -2.80743225265865502007005611296833286820727214729064499377119434355187168782109817321371095828221506139160545881450388818646535768541065736993490637371617856773534361064108413423123e-16
1.99967394442851038162197700730781547390927627260174344342265078080307156158391033251727711212198548865412405700519340787979641453269093477173782173401339493952193813416037716081484 -4.31402026977278371930077420436747721540183065848987325465691909220955381229494998909186749381870405985692732368337335013291553658034175514969766331803811990005153935799383356332804e-16
1.99967974969369855282134385537084139668510569823176493725930259463547123055363647243962929054699862282811188289625782139079573466318840299225978147541874005678007349669803630563825 -6.71080757848099733783780869566176792208343042404208542975110554403976814145561915729508839877962148354787800293955681312153388965865125735888145969135340984722030928521097348632233e-16
1.99968540134951333316075596384253712407976636219864219771738330304325204003714819200817724756446654930749752144166029654679256887299778975683352613461773714291418872854644098754813 -1.05063803480419714080526917633247014673052214093777707485194783713347723988204090479250108690508436661989865787048282895613154173604091996331887645831321548839512826910254074477555e-15
1.99969090476581897621428377642775802315591101314782130469837590168238451325281963911052553010295276885988358082034154821302389908941691433003634151209693107981959757031063465265564 -1.64919995452010835738628276277522001031408913672311789951799359717822870828688300619317540152785882563112606089188772029090325606676418484516636433087749546235634229154054424724231e-15
1.99969626507995652197512789010541700198585200297629694522729226898512943951301441479300256504761268355715012794173943397211049975903737316678203368681065004433955387675548977443431 -2.58942863383149692508746968946888623084774045799111208907417038678052371772854557640045607011446256438827883765008180242104013908251372668241714857784899381198873058722921970639206e-15
1.99970148720871774263494957083292538033272685154876307729409500265187312903378969969141041915467350171914274410553134113399907638335298348557497418521244342845856949555830932153044 -4.06079163620633072769887311567584086937169567504955053672586672491324093125429504038061064494698995125308324881917518880401249742711562282701714208515971409730074364670545129844759e-15
1.99970657585960616860129839689466607633112663160761347500200259180162917414212575253595989767892174271092549693912944833648313586151607273524467203948041813605051263533500508798791 -6.35488437336486221320154548220142992416956637580924219236312312307357177750468206830733231335378847345122843317089169312882873130139010978746043917836586845040358520265953540778118e-15
1.9997115355414333099938991658542341637863198298491148348125965295178483985106894253147820053286039870523242310343988360621480928383662362527107254363378292591666707094681052415703 -9.91882617250851771395784544791195361281401142598129679723044324289999017057296858813359604982590709431030927912081589058449822006844125524372609594260625869248369709118838830088442e-15
1.99971637057429458697069931827323721610958568240782688673763106650735894417662555950486535170308802492106448160264796801752621477421965474419317127801211553147952334763535486896429 -1.54356227305284108081302696166293654638167490125448988205375088352819932245696534338461011813761687430647054000594421019227162034030022834739088115224144673705860059207255630016092e-14
1.99972108509896618886744992205565958285982835779474926785903133992413793808778734134460886929816757244081268532332666580745560200415769327415837894242987001748886711716828807728922 -2.39445414362237548606900379657112369781901103117142619087892652421085517691895535752893383869234680220758925237102322976142921182513557427698361768539265315525259944970578928588689e-14
1.99972568308576107534179793568210672829945393693192916929495478251306730927526886893877027335342027118915501035311965885856535271081258034656386899083276426508163600335033275043713 -3.70204909251048060233562882346539751947878433654350959857509364132869459017832945747493819309374742683919771856588460094890669106580009109982970408739103145135303674649533415356733e-14
1.99973016834287959617424945991933531230131623037892283725959632245858505140718107777775570649475576057896925353171629583577050679466377885265610215752570279470048505009067249888162 -5.70397950095788550664683093327486259159997075084721579563183945943035286681973734236642606478318220345278741728254206504046888961172177310021911443887479594123568671463559685715223e-14
1.99973454452428773086724476659445568752406388142684408530988820849756363896232177172825422636679551177872423459151614544849102052598992544061762262287892200426410773287003586579704 -8.75714219257143897062743907731654541095573856088760050739683988098161882037404530951679241674986307830098834256507519253068958243837486938703732979710668941712955568080933923707552e-14
1.99973881513715373508990848531395530968519686109952528677596839450423783354910334778167149517631520473198839034477849370426045622992273215096788922766863399740462611287868251636447 -1.33948594997604342987016629299648363910238272737266161546225080955463507789761752444302456382031620417568926430657624690727156877464040372670028642875112956291110259526537614865686e-13
1.99983765434039268756048512098540562007524668490810191218224601615343358934343069688275703245248462560318663277281842002788830762422124476369753423439460888954178432054746803993331 3.19085584174632609070549122099332376048042988737709565964535950313232784194857781306569312259770198133077301229621607018978259944130832865758660732630616998784192391498877209378364e-05
1.99974298354887204253482701219578395352827572597271109074784589470681292008983376500100999057662655668654155514958083041314295256752669044938715859968551664392973157832975158690294 -2.04096627052178755742378870861812223969751055654317705494567516838973515500068369184939325168914332385295548647613048796193738306282711574469453515489750647836198816425675706544936e-13
1.99974705299370164271458496997973677194350284774757271613291207560788133931337228336287977688947933400870110657684012045791886957407365089292089275781488063646137311771727279127957 -3.09719164128908036939580399810590910816096090267983670736769162498527682796707939594661599232611928543998092861000003978784768135852749135382251240348406741997314961757121327374703e-13
1.99975102657904490413693537909451975417188922449778331008571314585076902799857440665271862919357899213402656829373225946869452011679401366811012917811578838799478106453128145092 -4.67975790162974416400930391725554688099924607504666034887717153530554435811604555953855316728288548857511855410171405997685138379973353223966453699376733131221345784684052895186548e-13
1.99975490729139205412654277050434820616008483474365216469027464794664788050551674269322998610248514137011242350391691647636032351857122099517385862175294519452353535845965890290048 -7.03814924106014661438904470304836846348871502025085595041837763336530394418030688488020752518477519743081069481615550987696140082887510755182165834476776069107301276579307177922326e-13
1.99987669864213525948219773732146965408838727360291766384240682593279358598365353942388968281775668218779580203350562884008302405867017365659725785433231076977319180809639976742291 -4.58946862612514221308427046255671907837427079463770692701403132337666326073252375883870921864104521637208981770406280211385763732912275661631443445472855568297451302018511566278929e-06
1.99975869800195645534789297926590242995933017815211206219820078486474842244041189038895827723917618316570871464975242942106086730976322287294985172554864490710989914923596617123502 -1.0531461605395371134518800931463742421749391926442450764057558894329125813004998524578113564103737554224916558538708714674540834657305646382567078727574046232221376290713624227448e-12
1.999875296169719795350570097157020997034219214272986686982555431192727626897575302716261185338367835703440550420587391853785722134122740159608139267726880330485134252108563320643 -4.23876251010827939311398527165656676483695712300628985003037163897032895157582821389325782229005488267698456666644901872103283028719050580555808044048439712666849470389276214064594e-06
1.99976240147202675298660189873922377614723942680822257861108065993126026044558829916159235610129276982211860838563748537316333412244778937343522697327271291016417044157321505737283 -1.56702117166498857719361778420473910933503814236626923699264138681046764098310343440216579261829492951436131578177773953742863441670723370836929462729192567542079270139133939500739e-12
1.99987387397225417351109407954573035150692187601561873158163500954764360975931376861361188828375732583453614445763897622837071168875393687573588989288553876742370924777856414052783 -3.97807398105680803262852143409601484076574132837473005300656672445533867442750001153339866226328555638568104272857715419973182739279982523012187900736431572686959018102907997963925e-06
1.99976602035806442205250731101767281308301140110898863115094712670832941920712959849791959141224756383991469682339478514980996503432166091764794897916742909596905406624155597565768 -2.31689142775757564464070027404044809698378209535998351247088332038745225514859498863465252298183270025982138676258214652921161704251606608201708691790987982285975988952575852887728e-12
1.9998724309532900708623110512568968673849022075767012047479450591853871898340251922142568124363938885939301656190450345400464118518129219691995816316131031984794616140304670161483 -3.76096649995727082635978502263430213665537275432840071028459803196716348215538834775094644495969350354960700737069941743425051770634680882027058011579313426254433923467812358021658e-06
1.99987096570822758284034775577557541804346460643323632361304237415685141858999125512209189378134848945783811219147333369028406759833992045292250133401493542444578732774364555240699 -3.56956239097824538470992292746803612474269345778145310070426142621065069097081848146690681614759960063961643328855061428849146638618089667739885935059447361205468843874672271641383e-06
1.99976955721658005602873018325050056085947814378509831246303746078879152930187334916317583909540855356326016107784838848236735502240376199699223679483228853780759877901666761789696 -3.40072464001852045165852495079032938848343457440072832150416873497480332031123193954351269226454538432704787583570340675077156914741413571215011947960650934926460296172677821365486e-12
1.99986947710736707930770993327676867084364100903697966522807418826534674865641418154635668648926933574193030116708794082913567285855135504702000671939320937198448509791688348269543 -3.39487747547367998817371812701830481773318059347202737848956083239023823155680612870878133713993131122940379488464024806578742475430025987812689167645970210121519807305827376771077e-06
1.99977301450883025290732674242158654567098551948827989450872500617855164720965941293024866274599863432329198898184956862151834267990229611907406841374952473624119148142751621804629 -4.9490996539909621083506313200927792126381391712060655181591743059338830788018227087024736621104030489374635394972671966616354080190007914733802261394518791483361631678862026490502e-12
1.99986796420705066715592420886904623727591471722574870119278708619641852744184492590505412532930030500303535247520561803291744883211336462772855432838003271129433259085080242514863 -3.23166628423265366968159476124477684659205363137595647468451941727561295150019463251007500776531033448073432614666187417893463108559276169235268854911550826242943550998269489408618e-06
1.99986642616986086695404471629368884069444548919513049688893673702251368241062798510032612390772876003586614358449258484524859683156879728905951620875767010921133422585019714980356 -3.07655056070359319674706145854426300497070528706837550139140123467586489039920423967245770307145576453452658311671974662980189853054320731916674821104678341940224089981181875392587e-06
1.99977639460539134643182518970417946460200951106009494250475656953321451649737641764823824900694921093577202226488740675318182942338983370388723970099273042750187095730350480669677 -7.12900634464983361519256219256649754189642542114360377062584152937959185307874397635551150932566666951155240835374296166093455559973598593491470681857540084287319071538470662906271e-12
1.99986486221721767494904698882425829110907793788289007460292585369153566635314780881028499375015307311415858951548561344963618986571132640889458449747772654974075757267872733908061 -2.92719615131608115483819359490301381989122014516106133148448508307962187870584778698719250347825922312072422598024675548655522739250852574409136638630688403602669601146568096909107e-06
1.99986327160159758074192939504777207829815779378119170714048155059167529585324273263228517134328908029483963686987865941300568678976848448092754605248258903386104801276943662055619 -2.78190125714809740889231771976256350310941578023228592733355433797354991916186249499379181085602805046044171497077767059809039913621082862772513586582367100567026294200294930886351e-06
1.99977969979069001333813114517113454057039808923984512099776749742834406804358998241737625993160228450980976675455919392653300528877589375997631903581211666263957279382753454316005 -1.01403022978356186496405805811039504662266638960034603079202622815132958375702679260181620609841208394930930505260694846347203647120788247445939215485249203494027600531933479655932e-11
1.9998616535894993777120009008675186449995858775489440621979548086756666252594715600597048488069565727456210458984335993402055869021901976732094583068741100279144334951892081675645 -2.63937034626381967182121989714317061386563972762166391498280098780565185669783225734446477883525179772378373486935314604765637267545813506815974947058615962497967834687887886536671e-06
1.99986000745025030911496773125344719655581178519193095770901280035287204519326330172661834888812376857684597835131609184047263266720820817090816935136863854477815572001232884690607 -2.49858084661638475286979305426400667938163654977261308654099166441707525171262433274114283301581548961219892369411383429389121625835793934826765108733672335613447104307584457882157e-06
1.99978293226760965617674870403633488406766588230987287304704400508020682599473123754675540102449027441242717214976134818875251384580823768303257377278803034023415400930696588752619 -1.41944497873787302346818500399204126462087702783572467434446740276802971623637410353424137471975834960818262097875258564341297352629083865945384127573578801758170384386799437571014e-11
1.99985833244787663535945708635481538794859373804815493212480282049995672866311341682282925677715080837756149917999224122930982894296134656758954822424725013039087653691852542461897 -2.35869991193996768534541788929433714141735943625358088738257145151453192208598772768528105473993629744204214993012928922341702231677775679846878610778776076105108160139740595761896e-06
1.99985662783425658036279191114197541344469745720538220157793977092920203382162755165127804223015575886128272593776359078790145594760095224878473579159162936823885779173926282530224 -2.21902982322858492323810241903412626616134240023623431190383272227900293644951836528282930817061177049504421776378571229618239012152585170518871399796295924923048936781010137572632e-06
1.99978609416235467438343176976024043825362865726154778068307286417966987243470560262456322934923310167354567654426539457476753709326418591316565753728834220114459977509160403494828 -1.94551997446933867042854597039720430790373810948537476997512490397291641922086464793906584257033952781422324225337934135226972309666521802286752274589873584293194997059448170381438e-11
1.99985489284210535661502403241797003775444325892568181129184361433198304410489415616030745991559707795003364872795759564317363960220486893655505475735728993816329739019429439506184 -2.07897041392473863898210267416430175593773057481416674771687629330100213068454401886807546922387219864017607344145825588545596621214175946091659319532385078294135828382353111980317e-06
1.99978918752985741351461267453735842258692181739668133369232024887968223078486560880896870517157298089038484633340287770341969223222859924475160341820029182979025992035886879067115 -2.59027041902476248662650891118777523271694229175842482835055250048431041997382879923451433570892979090018954652691440108939060504663434017663263025641230115563371398065948507947082e-11
1.99985312667619878726005047965060151161528651127995998301703064954244821481958452271040873709936680073012753558230942359225652814896918800221272410002237544701874792450018384691782 -1.93799171145755391070868375152392128692230795815527474886979326530521486550065224785822600030799533126481271640270968604243757539145161445425163867866122229425753077906377015609505e-06
1.99985132850061470827014344945400106302765189085306029100590477826650747720285393996954534882431063689510748768454710477619626774245781811431469318502722024330326590994755604964446 -1.79561236129447369973256937705470612643022917809699778730737850166820141965983048706389184845348560386446615509771813944375919933238932393729766236133573072672075447616065724270993e-06
1.99979221436017956818665812386238503456563631025480896263560898889468335531455857015186293271872896853902722681860864132387133523452902765706380815523693627254658165128994077887535 -3.30500512217047027114776299844452481844592087552031894881661391901077595280580528875246253225847420201870451056547044886391043799245827062117616283862722415257098863931166946728906e-11
1.99984949741847461064214779439405567265008963693004510611054650771774815854048702958714606950619367384890085644051751580604441324784229796631917493611082698398304745107738354129447 -1.65138045141774091173290540466996146488551321912174365804219759573937682636862940048481816801219352672060301407256186616697195652652019925943087706566901867879006615390284089803538e-06
1.9998476324382740652333860655297617074625247988958313928525281207701015650296318561375081662285651789409866116598877502752432232638856594384603426211079003969608465425960356328771 -1.50485359180902794031791734147351602718656939566742143961458232206439269802773940282724389947247162566718587083254064702372981782907260446098442283914239779540169565251202410623628e-06
1.99979517658663229183588768012360465984227906859697835864857614366753324681489337225768697134990178479433463690687379176551561073144560097897647068570911919709941830615818630805896 -3.93846136333166075414186040714857968458253538049115575304801940347308731623002938365342117655407026441124560378276083260694930384029574529447821096688968092128837460337497710660786e-11
1.99984573241652431040109154149366566475476268135277948880291035881982249727198113450522298037131690581797522650890760517368734756896338415042249083710881099524724493555116086800251 -1.3555748773536124234300231770420043806814785054224752831067314788719913807939179852413765695574449840845310000543798937257388323225816656611760311826874030500307704509272037800203e-06
1.99984379595826119608939138773174825321130801822051119553258081224412343909444253978169173287514130644688066965779560300765994053754086657238568077825050665902565099590713958459356 -1.20304141876951476313414739402904744377436869431153023611604548352233650107427471241467988219002431206490837862292827330665967397358869961337931969179692077079075162574975779966323e-06
1.99979807609678639794562287903170102908977498685266292982343913233774649617041180792943447594882115379055488343729834314513232293872915164696439103860982677462994745815713338058551 -4.1311209336126245994373527345523921876793937575725479176236376426996286622673590876527585543039826839787321425665100703679240343269247943702700849895059878954047974675732437464561e-11
1.99984182124102045268589532372527863606469053944777962600192641181724389422203316949169729531089515103199526539066860012075345871604952112656145994572020437406795346246283893401565 -1.04666507718153714750501923004162325168276432554970151796007768998484352900994110007861563773302101343076644937474062229721859519898667131584427297089341956635668326358999940653733e-06
1.99983980569530623274769300696004553644789926108284379834476029308137868223742252878709044457080868075103942792959500821171037039638572815759093130835906355945994086544248346646546 -8.85740376962546658398369590370187924245414665848698803708442517063492501137026984694886241504641065997853317075671634023559436886916739495476338370904300263011624536351390229071283e-07
1.99983774540801153688760676697210093848765089196211281192232157987426508242565916370189414774039773105773459009203972851964093531455379744479354974278199356945474038027197278421326 -7.19497019930856085416259612964203772512222919585820504444684430090001213571408334708710535981884506659852679505977032586259330471369814459696436643180575453841858371180520324778129e-07
1.99982934450098253974215580706822056624120296338771170914992369997126664199167782191133732958882288595845591560291171062079874195975122019000076263988411062692968501515993894686808 5.59799702116515920644266219727715454135743164453189794120994847848182900328514506584514844674992692365548059122218852827730826338365290433829372742989946795009959767728916305631646e-06
1.9998356340033124206961312068726235266007803547946662566509993177332371236135734476082988313212558482178220351182126691486722205671837449974561105191551844889194365939474434208541 -5.47552720700670558948589091973409949634763362646391594836574855702423512882287750105642012525388573994488553415026707778399680951855834582155133065245203904010437105374818891525525e-07
1.9998334608134748919165247919979632725896873792574201448330024027114272731394392319401492988150760034107028503120917577848361405307056298775673943628139263319305147867615083180636 -3.71940037937469760983220770950822911648078725543257505969451312899946835526390382813999955062628627149066743816919403504998623607180663458711030089651131089969884465985878411477799e-07
1.99983121045855389569149258738013806165175902523581690664026212939030299586259572801722510677083062810454372489115281598907604906355164756199271531630179289362128379490059723488063 -2.04046701554063164635491264064776140133733258710364938702759869154254132017314581532573377197190278079248337543899250607217292865094798479990719907154916174701914351377068759368757e-07
1.99980091474828424469857247215580251989065366285257791263530049013782418910776814642400213742706453382534470263171984997757744551371485374562688652127238708371259041902813691728684 -3.12214007069247623133454038431798196244625099975693217314855958596365164131469409807747302921258877691984836903281560509571616009190801641654489996789123659577131364871169069164154e-11
1.99982887729697361507272236375649816704186652787679805311805960514005170030866932390898144082194182511200569653913018532093205826856029681025211148049125453670903728715629953074178 -7.54034264495260143173158765543685876974494785219972960548330062967426696857349644677723987566554398867019238666250509113762831745839630643486085485986762592284728487873864152036732e-08
1.99980369439260678252129376143444552092754246923998688765402143981326144107301344916808921265800135208800855932105720549238323932264352872286883872809709316455054875263179517152602 5.90885969033580209694489187716003700421177888978868899924050133217228268441021614750059750495469467067765845622862525970723082508318923553423107910054275717644063570245748233507015e-12
1.99982649496565063507186292298107190532087436568629474385517210952631512530422817135365505582180776130471269061476309884230023273770002062236250316486296273298329021746439957405145 -1.30082201159492280172707094678325663334734647838218838771705016250932125478924069927879886032075426578947930119909474087333070486456976237787896918147523493147418659519531385467637e-08
1.9998240994211994036212857909751653385394652925751314342571834929196244200546648509836170960068003292687752552813647283621733123001288002698559628938983870786726085822069775794574 4.27739810540069366099530175260803938549135209946458853499292836422298115641309432257330914677655941216223924931300193838223293720887818710719353918719197335020131366190553631178178e-09
1.999806416912075010496789289404437293933638139393615199060704043659767116867882263971065558070390753700860588479470734303815931481440082731014726573511566948849903335643622852376 9.82474677794839443750001736896082417424610842372044946765250625114982352873372746425169603725663722747790864210796575521474828942453449663714100149491260710355557892044586581821527e-11
1.99982168950647009318819980034773477330398109027385825904049161150610528486895498118760111923226261326830724534898765659935508793248208589943841213868317508485538885402345860076435 5.96738840527589060754894030376397136424447933245447292876822953207255280098784473784691781206883566073983248101903037299499690569575557404112413381644995525062200612474696850380731e-09
1.9998090842791102606121408924708161150398271024286614616187288211882272949817892457713986975663712415873286403791933296778188513607659953503420970164835613562898226890516027939699 2.96084053922927697405160164872582390938126328312866397670952719333809030518919318683843437778535647330968365128475910928753017556748577815533507100894096659208181615885299384661791e-10
1.99981925264511139771773431124492728459907035395696062436303693891065376241592128092441597775306233240494642146701526391942330282339836712219947007180833647756828991086864503836203 4.30142429484038381802006016482228063202809852958294980016605005504566656609163616461431925843694602837344490096475384016886795687961498555242372895477116890222645829268913567183768e-09
1.99981169865363251040943985961365105248654708886920776415741160615959036468774910098521554024537124693509065233155684952634468611154185744064083710994923432553278440321206170432265 6.84011173479680843975876627096244739637322445140615885058025016754393222167326154144710724143201259576681180686652769160769801649525211278112497506887604233071153173647709735328635e-10
1.99981677911121181441819043228976243912630809362388762505980710482663441094126288501481259198996832708763737119304681177816646191210405140510970107536672074712944566378505819285471 2.57717749495484368928412039098150217710336305870439312674187394563645655894862633758035471921563129856017597608739409811665310257189588282231276577160015991360641090095695086116744e-09
1.9998142625475690820575750032050602796005695240551627646841603079188685317802190387162687966650909640681188168493373944251110126165763030851169833743295643911181548962940265392266 1.39133864693689908310249953317140538753588726460756145774065872276589621656909661099785658821994942604558116416838064538448451565350704817257118367486402660392594881232099985201035e-09
