-5.922436926015219902833038825502156974730826287217542894009561155745559540352541066857304055522298925266188190821219615265389257401851648414988469806898374924287985190600556126502328148049360094686708 -48.946757393125306909102195320941609096059254276016442532877924729515247756701553765425121513553256882153390822321156894869648974973339517766022296321409827362776597621591775578698455242231854647579069
5.9224369260152199028330388255021569747308262872175428940095611557455595403525410668573040555237740696770183966136572948151373053919727615077796697181121121372452872067489467821696305836654591740232487 -48.94675739312530690910219532094160909605925427601644253287792472951524775670155376542512151355327721273911499413891741013991896982617250812275009532625143163999038577930193633322887244625078414260585
-6.1657519497753371501640405430580692405656102110056998317278007794759277021841125524329677632877964651334618930906035966389301778003348497066162205308891437675928963486152130413343699856875433658741382e-84 -49.736324789018990687224925103099663156272635708325039911893280364085008892235920290200999614974331686512038776582322659536337971025523252643054920513231470553273700099896521007953562018021852203503708
9.6131487492028799237369355114973879374203248575815195825657158517039440854928723832458100739824159255119239143518232278449689304354263405408666897927205388756530002509715298535751437441461174738196e-82 -49.408005110450003844100853800316335523853977367003140899666400546185580163210075031675732025861529272733361747811549335237512401646858742349063047867730232840867805241685706275760291617157838210263073
-6.0764388518931101424752973227811990680498077691474017426792401073870353407726683988330670353354825745021644192831902833679980726402467501205765466195838768140006356893448065723804924850566057347504422e-80 -49.098577128329942144618233482471971056819423329697343546173503162297011032375859253658520215332404110626258450141563620450513744527816333228140394262934164493038521290971044965503896800231166178710005
2.2839525167507553876663813013328231789980040237315410569224062535732190582493329885132244720114035764349301989619211196882865711719789506860515609119113221123258956908036987656521247764794461303468818e-78 -48.798146136638785291430869336354001139918072262897666635254806296734788545101875927379858250246825670994758216620020402959989349683479685734345117969368133438924027470894751596574539690950564231326967
-5.9565158133168764484275762032849252923646385917883640305514215667234739950644830529217995065465392861143030445209361982422443383405054852140185365940666231060826142576533274854326902553630157965095982 -46.344218224451507551627121014487151188618633189533100971046147196842231680358407197973218960175320703639773049741164131666589899865744700416632341497782763376219524248405561140575875841616293017622564
-5.9462956246664984178334477571922475218038237049899237731477402080066052794235587194526118775987357280483175070393876761296131171961492133037538813427672916721108627492384147892072173663171035945631593e-77 -48.503195020284050405186869197565566063677020549569107246455364704695817661497875123422592878690480392383342417913703872091100556903353212826252820791219975645820700729241446193860040290596292487839341
5.9565158133168764484275762032849252923646385917883640305514215667234739950644830529218006772843624789448854239931712800469091995218449433524786220894108312903582785339674958997975177704033361154246886 -46.344218224451507551627121014487151188618633189533100971046147196842231680358407197973219331035110712119734021020446655780457003522091584845763199614324995034898585236247868906377625628511023773822039
1.1624806986608929961910838785425308248011508173904942776150145116402416392220132228551992514399188585188073021360356146892872142665434186090121288874563635073233806389423811845307475073805966164018567e-75 -48.21202705412745138006260980338158490987821311006555166304218782810026180298390410681195913317720121883971877474899904331529495299363994325870422586364232125724837637648104565937727500499486277301558
-1.7924101606651857554519756340650089094915223369284968738184869019100125006059093172559538996144248191449020671301656374454444010263948889076712862858752827284033413211287505635808022918387655113474034e-74 -47.923697013413206183690702315705553515318072477970492135272663603247358567434233999571623980398690554186386338810025435865988161824146195637325292706030337806986333364891795208346847642400537457815006
2.2514761507714606932098979625282504845448641870737769310842961173065935301801034514814933360923794156212595118361154816638286015151474784582686159330247256892222914922905340344348541221127298975212524e-73 -47.637640598472393374999270600185114081967068244938384305798412535592278308823943357052114650973344972668646256771472562283545701776202230553731247429504502449388652286545751896003526813832900752174732
-2.3560441431504084483236443742538616649716459635523572893865791202582775994611685025516191191028751397624288225046621358235967356540513656066509584820307738842845411098953280375113017118317733084419903e-72 -47.353517279740567898277971144747208228788252564873503233389246394071434089126762158665728588295253519396781114344766950802617735256814153049974162661791973295379342095321324199601326406752281174699801
2.0864385162692468551229240056403225091624450231108815352826050319888149294468170496954177479334991630318079335529576637390526236856099781503752782188536440190619396343887311251691110478444152173518148e-71 -47.071136177104021962770077429292450149413354749156442374758612616003823214120574767619350744877986627981273097347556567442197204063950871402628820444639761826944142079964287620538368907997771587683363
-1.5806955900787222758874098148588398500788692530626813190336198700965182721905419493373918879945851335198443309241318795542723876744726203798948588975714933210308914555509430452301732490265437536495554e-70 -46.790420578990257290217161681502329164077264931170469516675897405793730158891855984429010504551440159339920904671173079871067154013055827198318339054645560370049557202807834683491698566968814084103637
-5.9275485243978579835719281844480413796233187538098401486857670581718801047725675883101616612202339580654873335838543882212122870115119060619738568545969498022647648231239456435489356386272695920698093 -44.259645853602436931649605155914966352012880290528583168088578869682937802094866825995985274599108920326631919359308408465005652199832506326478005987669574581970615473097354322181502134032242069420906
1.0316097647609473434849312614709279011613786885753747453533777435856578598994093402888214856425729387561389774413949961941306581942105298546197082750378385978998317762394205912846015368944850139275307e-69 -46.511393773277001616287291213435704788859112677581034907112339236483493411234942582116126368559430114276093653332213099904736002773489370602042024604601247536680613428488358764711724583538318620004555
5.9275485243978579835719281844480413796233187538098401486857670581718801047725675883145255734398519406694669563936803962243747888140066378988185850927948351266371003763352872690886800343869153209494679 -44.259645853602436931649605155914966352012880290528583168088578869682937802094866825986623337415101715589268520054835850916528223330038766830770241576772479850093165669731468107542234803664210950460272
-5.8187021084967752038231901678852205091448793349496046372016978059783710594231286673518967216227377890548776779787780431202969118768558843032241437209894560212467611838366073438336087657097388763081937e-69 -46.234178987470690818974469271055104670955207551442425905463175131720359569295206724010650007843138036873068791827185981658243764519560857182496123320079594887601207424563844508494077970416176300981349
2.8345470263581790456062089378085286902060958792158850108668815171882275835508979824186275068616281551634478376088850961506068141753394046842417553669189203122143254534009842832063530425242216648738105e-68 -45.959010121205293119410511602473783339713610071924051644557482304288203898590490439522177410628415131647995823927977204240968565598795801806772648405876775998169996682521707513694296566557032486896474
-1.1857958006516537159787761910799653924441981864296562468339903051359846338732925468272290886064331871295486261445261403294445944197710735040626949231685126940414023578133025869050229738077795444266227e-67 -45.686249871027842068959537029088293724547129198752292644397669638593115714388659059204699232262265872184834458678681512239298318887442078181773148353030785853703013811511793040980671479945435694768661
4.2044546898841188920672728661671979296698846984050723767619352593528976025675862412867195897919438863582170631909026391135033935880125122109250819176139147344773550062903957161973859195445169676066728e-67 -45.416405705122788987615061677157229783330002570869057865502818750057412514765223211626093073142682131030649043201310282059480291648019767872805888399151615838309384029358392854206542635303280794560672
-1.2315326026822422648980880918218687225452450885129411350232927135200260959583190873220894899161240212293680919119065670304167644670504289438274252477485524948769657978229668824871021015375415603621957e-66 -45.15011524726144908481305023523422290243922231293605527462116140557530104028548622453452099099851540559132990353518502670755479785462925614454169449870217433202299483458368036692787574001954856701558
-5.8720650525787234287580586998836550172840845392726116132659631040330465740793646138527949232056576287776730844839124031014697244072553331448778191056859515906212015426116016280250527491581600788672247 -42.470964142306396190723551117350325949324658396499044900124492328790503097707866326868422381947950565718721231063025692775102079497811926975613232490256864866535901657099793937168495097181625340962084
2.8323483715998461397328375409158043849466151924618732947381289433566398517817425087411806410818400568058030340266947216205814657249532051079676562188894266160240621819774847687370147590599546787079987e-66 -44.888033853234919200640535177923591673749207943059450814892252390257765639985404238648094528120620148855781097459821321579297132328227646414337428864592272557222852530735944924041201090612751056358911
5.8720650525787234287580586998836550172840845392726116132659631040330465740793646102207237995497096844304285756236979092806613481486675255620630162569765598942709881418000710127267078418557198138387858 -42.47096414230639619072355111735032594932465839649904490012449232879050309770786633123978362575470612732592125262005045060730200118501692922803369838986730873049203733195095718298039871153120677622667
-4.5316357616455374780559550577825626238306218176103020809264207511903795075550137976461884019753275971948106816181828591654873710957495977614579381776109952335510094838577713465940568520112836572010867e-66 -44.630524965945711493940247366043022380565438123869135185070265711650460497965966839545077605428513481657678296987504484256021245602487554719840484029425108206138579236771442439023242201910716813833205
2.8506736338137457004087473169345078328236201948372359857778892537767185539060820258912147997555331548189609734159900833241530988302242601833232573440763221215013145364683725691101675957106365020451809e-66 -44.377168597003565955880366222758734400854517621028890573011853863488766628462703277520791957391452796794343572609440232925011654701286321451593667044624784337641903511058150250333294297303636614990719
8.3809150545324326345900826490964696559456551594133483968274060995085324845951017449896263537259759728515668390008984065544303681364295997615319159151417786993161304111613078525273075745612896907765116e-66 -44.126509311470726717674501990219871664557717254753960237119859484802178974950677894060910334245715023226057637136930736769436671203400639225258112054245220093791261550251969754293698119569563935479331
-3.0314407781747014240705982490808350594902430809648389025694914414221285223534136039590911453106302597810921266336424820645802920503255388665753463299839962104383893252198581569400278243127902368694763e-65 -43.876631172870434262576542298161745512795053408639829733370848076750031757059072623010270163074432294013004445142023094408034628980644196554407433608706608998415662269852093224311819899057046892153104
-5.791835070379646557525453584288199997708507531417008407893985361587549685694480538751492022927670922362107027190271678511309020735581472077762847004374066073416892945288931963916365015826177779362551 -40.885034587490851516899897142579249267886261803955209310368270535748482052966258608917379405797688957750505812387387225093467193546462753792524990465110506535989320583486376845955453285205722326570759
4.3826590163839299179585988735675127748965990089561590183608312717938415952585543721422283822344219355625095131559336957972954623857033758651401121249276781620109805273825402176505875831159865681983319e-65 -43.626216795553957185107044628623521092216025338240840488612452226185057974931415052114706750303217369866911610492230722265112867459872963204545699336688540077101118358789361516320286797042960065722419
5.7918350703796465575254535842881999977085075314170084078939853615875496856944803766894271639870148627716910584084310573256105622657599011993474506571281201790211539425767316861735694802380551722835419 -40.885034587490851516899897142579249267886261803955209310368270535748482052966258055975394272316628692729321670773019756670958793958365138318883005253813969783103787543240094715736026205163702802067915
-5.7147566504271579201974433702868626151613415870081308743181854934689582708614982669053828402718393289181848860311702602481205622542326187691442505983268593697063012542281631012037867371222325511367845e-66 -43.374983639307705479644182171854263973418467305431949834577766956097339680170666077888670369304663890393380122011019722041634283548687386203842518819603288698534821435570400383767542149738801315249188
-1.0852242114727183940132771160332463702319604006826081465711057693273059177764694670732511651975937504874992116659898921510855481411420452944873869848862201007467053229344015330582162436285276682024607e-64 -43.123286481237440279173636005610844063311017112085220513000956095771817499604538913956122739164774031290315081972820207919016664856202737951769300241083631981230362462529817422411579570937269594260012
2.1443448231706921390848194100894023812654342505116501959255191156092613492309025698977988706319279562539920452878763384556521264318208476044850782293822380120226620409524598434033211912179227777412054e-64 -42.871550524848639874903408504203169382556259402847884734779404881331500864273059606914407441336230787021422866484562604477799465276743476583410901188140958847764214178362706241259258635165855428277514
-9.9073774419993373278212794582073735334079620791902018128997208713975434217046302905900149241063000907165104735398513731565859215943237138360730055676303164036846952357952457515226776522272027490980224e-65 -42.619975458023557140139470321983935451989945357394551138648023684866978743067668523469656041823479221881846416947876049161582393335003853362052475088816121436692097750573356953094936777734175542028295
-3.4239649334752332221009909648623658563704678534258274758746618832185491132391514700075384103711415978742160130302521280665271185712699889118924914600365922412760063949159085916890270914779336399293923e-64 -42.368531343997061898123496323469591214842781921657677294901702708643226921232545999151853647350817553120467295416110930284541111530778104773091676354329620547563808832119911505450712200878655005602561
-5.6885442441014781091109605436307503559825136807057628123861306065205639677895034243190284681800408779716512952559952031198191170218761816171643917567247876367765458285522433719827853978572747114157572 -39.447058595383123695171944029154615392735315253133299459065264412779107547800236439370005648836830047818198234574404515697549920510377706931723347838692165602290981285481869748209347016304865968992827
7.1680939050173073310585782658182293445252627125348054672059100422553855539078807410262483600020759727297445960443417479704112880639253968469200546126795404099391209781190244866711518251205810322656368e-64 -42.117101519242966512583683956587658518428274238721779046413115507154541098932287883796258173918638114991994482500369341184115212837638415325035834380676154746937263664722065684742648217248231199916563
5.6885442441014781091109605436307503559825136807057628123861306065205639677895183829850905704307835793871359667835908936984470216345515592211883421599770882721325928248691802111351836010724458355526137 -39.447058595383123695171944029154615392735315253133299459065264412779107547800224307320354336395128517865590164922991384326593029649341948495948699617248349837494037599249343091097644112916773062413806
-2.4442663629033058942227271443120112272628160317411620576948283906553189104150064455246974481673208943946608549032234922101544290514680435259456181520393121421626868700547978495367613570411338420319357e-64 -41.865612707690068137151579317625100937494796952492390914188528155429767297448035192051026880948092802017008200044336080255725607227790586140496937545475767273715790334430930751733335561895144474413397
-1.1358183724890353552423258291227722692085005009739623413378337199404554002044929367742135502495672698113592486937681732617133744349953105291789021354991279671542133935579307455946324412029992797265274e-63 -41.614068366125756246163639351228096274364522991330218166298550620589637225353745969039461467946446335724623336019823172870085562795183390417660696500788334293280827835695929676644074310893148047602381
1.7819678116972035407989528593373965472758302002959692664133133418261079533781200717386028310109848381640192362581997715188417111623298190021312933379195053027551111177345995701590250780395308719950919e-63 -41.362506367181366048838567281776323830857046719841074352730905534267183227071451768399612711633716537623253803129766267594858853027283156707959728712343808452417419642365572251080098433839031852822976
1.824534597044434470634785273625397128942156389614811653016731851672202707993678620932469019372789749955192064958998586908278940731849005436032756393277092397177813120215512937857283067123579903793931e-64 -41.110949721851196416604303047505228734454002407338585853180212198568085644807632703815397912238624308757638319055028615174902800289930480721466934427093744290959321683578417733389045798362576181606874
-5.5655169249851653052772709503579697642451117062062898904742919905033208610029451016448090743419637920143310025233391591530269888057143160181172553528645308486377633931348089899914929966857176170157486 -38.122214979370750976306542679559990674794308831691033294960407603741776888201206049529449093044342776423315074732362627149205696488864667637376082339511702690964536727829436844370576854186454130254778
-3.3152945858761362223036295597676885017883538503977355080228043102685190458372410584027107288933794956355439407320032820049532463110034775666819422405741160819450037091686707748792239024019780876259462e-63 -40.859393528451978384712741946775360870885561884912673751871572961681848274314322021612822867994830426243621550358671328581234232589569684310430569223920443208858187430555847238859547275443132249452355
5.5655169249851653052772709503579697642451117062062898904742919905033208610032271962691861179744936520219023644739976501399417537083387549726300240545963714479545566290956207191453406385894393404054018 -38.122214979370750976306542679559990674794308831691033294960407603741776888201122516205940804386565058899222709358806586121939547578966011066818484017153406735520902772446787374186765927634201588937726
2.7121444588355554864800541466295471289689141282300503221511357971033797166276610696894566561095404582279974090271796348482765233536123838042532978338237825398224591291592954207693351361480433222248013e-63 -40.607822680451696127455402591693057554803872099558287415950569611116720898066460147268891188739233580434083220929223006703517337348345783326494382302162669694834418046400127551307998531512490745714042
3.0890851202008216620849740004373397653154370955419566786990885477073763130705379110552911201761497497922808238279825189382259604403580733990028550187261249420383328965802535062030103421557793174588671e-63 -40.356230900322740061256384829337085531781049747407105280093996996950645611179964632555995302309039379984978185527644747067696815766137137384995816707366862920554739632282402778677864929677456999530062
-6.6005307956745494445502748107516900905119573323895917699751989715336368858344119736327843210006798366584187329081712460999236845024615015786781080929487840537313679333211695490074497630799712500372142e-63 -40.104622791864378674591369013778461983088469111131553707126286192033036144839886012575533259934889036972914634482793262373067567385214873667314570209298643840779338939565768258893579386946850733088986
6.3525593906881502852344874596000734260791180837760206151283157575336151510255646079572001530200462914968352900160340653836794769749761031416448560298957602609758470881141423888394913995388193683091497e-65 -39.853004085540353455567933833220262383593746496169979314527543232025976000847906428167488382187263857010707217400516286185087241502474901922609774212613660879578016782545690546973054442297224473786489
-5.426321588009412906643994281390374017695251759550465142442906278283350507783701005956291985485437043013871364750363427724066107985507829274321303157627492361705993083777992793051412933459623619708818 -36.887325332219819768505868562278085279605066497450578893134414474391295563143505342775330753377876901442550846542213116834245356346338694933481048828529864065426131805536579338638242047148948405541838
9.4401615542241407657585235416886974492727785230062749496196150062495019315479380994127823186844079739834698370617091353742371867258154761567146272076924320210582811873782333449521845161160977551545903e-63 -39.601374791814027144401997549259216942065210487816850871787630942863713515043471957585006423368751059155822066263736475346168144043107874354957959875581704738865420292432720086995475863744109480056103
5.4263215880094129066439942813903740176952517595504651424429062782833505077858641952731383763287828352931251520176100688098860388921671453617080402708656503435498863556958452593992244216888699044216548 -36.887325332219819768505868562278085279605066497450578893134414474391295563142270027281384058169068718525851357003091366360291343236668307778976383982411503405885428915914477527972184872060195553898253
-5.6761024276320788852865639322851350820657386450574251648025116030633783837945122992110103078840027215470747557778018743325834327201946979512186082418692822619684251577641849682007488608217701587570787e-63 -39.349731318417934466489642420121932394610905819947515903774860623605034805312754553034468850374336669406438801601470767033371724614624484221158621651675168873709704389418815505931921283227422508056941
-9.5110831433229716413702834472574983041189404501202819759886175201116263263409038463043650787826429175018265662436828341869532229330399436402141229358416583016673369625927102988083102892363462304337261e-63 -39.098071808240826333915097790613895899620744758074688062353273093329758361176706445475238791286956331685941784638012596426227337365951617512147660699533766060488610341972371616572807537268026230070192
1.1916806327103094587347284327573100367362783880960423721516312373139988723117347563947858883284712304100348555358264471180699922169381176345940516056930203643897864471880681784772474686055166902047711e-62 -38.846397447877516191485924565862263555595867778812872253573213634135645827202427975271601953137421810564529435357133930674827562964983175586642935153496105483757209632166471957869356882200528462035487
6.525231088930803928978263173029888537746351204770201518279869092617096544951676236645724580867153164041133444099359935937636805369690718080321838791177932637629750432007719435372361757486518540573633e-63 -38.594709625331850312006524576117817215070459575508662735578251650054685817859483040516805141375376922613867487580846441596145566326327433494214666125732109671963480205483272169787801554695509992453355
-5.2741458472242920605516283395697525392472360163445184778899793025532866411440610480456544580353899029921278903305212211436945286026601387994513190196863529583811667765848308546906815128578718980449271 -35.726258355365456356376370708852854683213097195953685767867954511399044514163077796728464726231291582115768521652819844709248903986746078112548156258837610471440324655176979386702103014410840041525824
-1.6777826664962155114947814870924466653339356056999322246313481799425899323689199575940392975365083049093760478278717534821285347602992964801597824756724343242760092780511410309613753006033409955013964e-62 -38.343007805928399685238450263364715829496340192500703280059240083661337077243656310908805842340044393532850514792636746287929102593218883753191541216610642052011751094434596969628715351982041971376134
5.2741458472242920605516283395697525392472360163445184778899793025532866411481107891846145252023098623472597469146930338212085555713679117375218764253676147497476886473442595560068689695319355770813889 -35.726258355365456356376370708852854683213097195953685767867954511399044514150508312578081999183707420929336371556661354681700467757015131732880936835785641807362701728952423552359107986557772700508434
-1.6389075520317497474938216018442308833459682126694214874198601793133216842149645380660522996074840772388176742436494723139979033287807749585546485408277292883754878840528375878808651602894307359225304e-63 -38.091290580379600993495873357291364004630973320070963796020849934209594375990165470180607702960455401458061226396621734622848153397477883559509975239862682232561336715123790121727003491943473810203001
1.9142011160900882791458900637479510552068033481008540343687323307250772341561675374977234506936729298437453544976083486221104756193820361306078380980039617721519386936284562271884346402091702520675612e-62 -37.839557549552394415535352004769919396055059245752936185843196395762030973494949581865148344655278825822252687110274081043783845976452073590402536181129320190725290032721037210740281070269565234908869
-3.3892135637309038207647595862244098829729557636088862799340313244058290608616552151890163518121755337241588142995346404054348731874326007477541459371506509089187428052380919794712285502311888135255938e-63 -37.587809258210947577588955494261523806855909913167797804296908965627590694280254929029093254887579668317660843551412335240405303341701216147347807289780887831153102160302497083350317597461982845562153
-1.9053475770426574322560982374250664141071662456704988456034572544092551542958334895985655550618610475442604158561215482042527925562450936894117060747449071634503120050119381087340419217652865492021823e-62 -37.336045796085489511603990712692542337676273392457742312429360440106739758936945105761548477429947866170739191197496679369754545689081996494785813730311663008574474882373612716423168851311602610939406
-5.1116611143239069824545858998005110032000026168109380505172160188356468003763957108598413276235924188277941428043361951775670131732118013645685100374085499991233969685863583449581870148238511476309623 -34.627325292048955868758193931566426950583506548881744335441396633977629253917672063949310138297919421015282422587191421370144557903312068252254885831057041916443991538264052822761106199229558383527048
7.1166961541217951036315739975927198427752591014258674189526047448220285822312767877207333759016744966813142067677377568741075844512510369009115896200231971442913621350094427891368430626870277048708034e-63 -37.084266417500554101686402206774582006956966998982369657566016029222441928721776747251463103558194549379519203730250197786874384456691117630187360017602389570160966497034755531439655822562574739563029
5.1116611143239069824545858998005110032000026168109380505172160188356468003406021988702459154651613036996181041221371102528554562985674095691350109141012630479673839114787865067601498017494693799137576 -34.627325292048955868758193931566426950583506548881744335441396633977629253886361626633201585421720782575919663673868226866183521840927402128904391764253589312434833927681409610893938935533997986197313
1.7301218531322938667674295978345030807513997035997440222087437104515658769575906806657372509387510045984515113743158373373259902746264686703827794405676398792279730401637848715111876986677694423207766e-62 -36.832470507409412898070911924185591393798369774095961264822593808186996345315012765040451104602490236080619585726594396931176307448922666609005490453123575762975325556272610225348215629445337849854495
-8.8844677974459718733040738808675685942638771181334250168605667019574197549211535095757510404044173663098024559233160162647428090435647822402777956472295410030834221262782399120184154510268396221395539e-63 -36.580658123814126899916155530567188642272348457907928759670313857727488854261990962133045180356132213093101293298559466268473258885589986414837396267766761299426352594970465473366159827505409128416963
-1.4806274328913241686626223451337387056157056992288043991030827639153625008121096883441923338615096506006987814453928268643248152045416074830068991320938508152036155752425925605806798405135845906874449e-62 -36.328829341675249856307051978668354569186843482215325433036800385369859892778898049355206626377045722921638473820925382141336456914786256944657466685194329947878254636226610335705227755079521926261102
-4.9410596623444258417685170220616067450762224936537607798471104552841387242968889781396968278877082134256539263664899373755483749052752854019756331820382920778907681173980351597304379420271844169844851 -33.581757418262562828234882344056282406724121972795069738838182670782114902976487257335027517320758680326637210898836196288164673081550302825794269269088133313475149073061117473981805192257317273315346
8.7806275703419863105840828525898296513629134278868453927516195327015556570531964744157862809761898475596483645309216828398994051189421105261564197824429207511100354002367011545172852503608865201044453e-63 -36.076983676130941125923095228825881567520875802734577107881572627426304963661447514038725709461180336599731323335581480189131521187913298471718364411586420389296209398396447750487938160044783178583475
4.9410596623444258417685170220616067450762224936537607798471104552841387242113852744004768181221340610070670156465939131863593377127909089471574917543109964628660279893749114615185974167772464638107491 -33.581757418262562828234882344056282406724121972795069738838182670782114903065192705597231242770305148493509029792847263875057406948626452293630637646850723375938474074356486055355943320804467501489628
1.2217450534466226243060158144087558607556058803467569577262973123173974039475417731694220985321234895177051017760894597206055191150778802407906554550855842887331418183835601932512272191393982799143496e-62 -35.825120539357934309397526652655735947141546784653041556637230656678476122148452783639792071259180909682945490975370890244733645240489713362527056730050100660619077282471087926020225509720176771116009
-7.3460076284917351856334822199342031403726552199503340587222149514921344123866106159262832054212563495151488121476557827887476941574853684154744787215093208612906543812825420270164740271802192158162769e-63 -35.573239803603401738536346929147810446690349064512150706652587713220950872415243564467606072683985948987969000479371141698121733522756914685229267729798049656788864846457292463197429544333731439341552
-9.8206059187797808848733209615887179009710357590562629054027540745515735672327030649901854179871413716752805665337533054906926190873781498073015286913866641154970155014889825162916119131709130048472122e-63 -35.321341458412402770765945969162933496772423487365401686909772277570905912852675093611783778442542146922243010410648648493913652861624004013947060772817538903322017059675745532407040029100563092140341
-4.7641340376424592839656488695411901066323650714151907777518891852441793078809118179100699499197058790589908410786891248384156723039293736278310897905740763170836153548256958810360582004304786338684442 -32.582781053129894457639324074961299234977684254266964448608258909456404127804458444850640054850067109723865823533752286302857359274931137896137037598119712963013665619408988052573249305861070907225234
5.2614963586815503712254914191815141803042668524370115092328821325912101182645247090268421495087630127677725694960677551423930149475347169992135986819651139949991937816862677446859526064226599479494934e-63 -35.069425070548106561118499076140159262593914028545556477526740449284932310934089822640498525935380292755319243595621249308644918758067254443790363117845104127483466878425800683687385723183640075172678
4.7641340376424592839656488695411901066323650714151907777518891852441793080903306940215959599909838344733494434219401628749192789927087548076403436297383109955345060006603486997027526792234646128951841 -32.582781053129894457639324074961299234977684254266964448608258909456404127920711613902632590474749432592387918313787319025848437995977706775098821420438774311930398497648917003902977763201512573119828
7.6587247617403169335157226490502303837386652224454603197457762188528208541379798106474332130693844605389449360997133282548002852859384433148396159282986207128424103211705153066849335626857392299104858e-63 -34.817490073882307300950486433742329896801962814374914196972885140975447315793359317900916339088176169230686213528237412851687486529480116586265292335203801052220451046521614132306764334003991447817926
-3.1332304834517491249456021335193977525092111675497458794752338822720844164697992079014082369467067702580401018219738254207441447588809452164129732360276950173395733977128827970857719475552867800594785e-63 -34.565536290404094462023896514006248070599220379187496274399165387708483081314307351011076965385689233864141544367705641350875942243080547697279405486016083850925308393435174575599623403995699751951436
-5.7013488570692215980644784993737919471525069851948678930486625030749677623895549468773398832307866601948116009416210562751094697069120844375596897040035514455368539721532466481716396480237885662625891e-63 -34.313563643328121446843466446043816159732469916080288881660301424158732049709128977645816814215185337817750508334820463637646778924566989748246899432572962611745588628467842865489760367102300981451202
-4.5823555869550059375006575855501541269896451786645748014684305723840171707654177772181122144886471523072825073778588222670656628019224816948650666346772326618004318847532365120788597400793732256832994 -31.625033073817001026977891639758832644843661772361298224604091132453663733240296197779964326860200114281966078027091523352872721487331472337146061473154666789624206971611524306592288231479317113974992
1.3817357736877325200488332941352961140164703451491176895870445194748952869790188434690819321288640403726239526253355789523036560762572473985830286649599914120694956133166622795791869518364894336982704e-63 -34.061571646579667154343320704803772227943507191217185838081820979761672788388600740551301762195587175034716836974052827030492998625691537102270385504529572108378235137311470434888162209360501750728569
4.5823555869550059375006575855501541269896451786645748014684305723840171707572325475464783590741571313985544665890738446183516357911273962098932398196162758492443803042419830556879770694862250785233843 -31.625033073817001026977891639758832644843661772361298224604091132453663732879615524729118473157517713388588319055759454875309613587390558309812084007126663127826947104077311426400337122548314636565819
3.9548657075844462541603777775868213284791600876743421032719288114017386325334198152463339867663057468274029892677092755706949101634063743901017453625402311100923672113388698145941835071042848763429886e-63 -33.809559732602229611193710424720325013899818821585276901210367210207677960672315674685677590630242170151691340679207085551468841498472311679865189164664960533795093381462958395318330358903935207201164
-2.0763973749388585284402579588089775860554909448896619535167981565173949568212400302201563247007246436135993466835309090661078712888147707209328196572958240820518655177743575355822067216207284657825591e-64 -33.557527754180450601538012549532882939976706205342780037631668307684857906221941046564767931551049073253213843563238062399070561918712234144617848152332549134538289569349340437787137679458229617962819
-2.4811057814755294372358418415516179490659078819999590877666724246642490706744417672514857266133607226249271263351624441444078746201980830167541625560709014745256214895686801988770442334157258405310402e-63 -33.305475566464697518296356673478536094151352931884745610124128963265772105632693529164851392353945066481627505418735560664176701836772075520312311657772038607024789855586256375494633439377934931749303
-4.3969405669993024417082064495804308502386196565967963506559899087103154182417676290308378535425823076014495719204693837983104017280034595440227476695499183608409099933373860934660817496958932817388388 -30.704177811542611042764089387132220470761697156015799442550985025595922496400944903009790636786735690783044646371495035074895133911369860688590225901383876151195379068113972637543868957362480980047707
-3.882736319849434323068501137476881613646282230522647365418157509843139596189720068296839382818828484301410432794459303383230882662821953662421798349328060170055994998545713401899092218690939876234153e-64 -33.053402543373648284318320067942659034235763401496634113740490181669529725011163195605420641043495311161821124924841611167179635756963028492592583289494879248726123476592515199489090786607907822949555
4.3969405669993024417082064495804308502386196565967963506559899087103154179379166559397605218270640925133784083146835079722797898405183375617145295611634153736527007816696341688941250688789108706096039 -30.704177811542611042764089387132220470761697156015799442550985025595922496707521824193274175161981506283132685854289881248987313310270099886586388087411897301885435178471919375609452241870874364392137
1.3529944422517364640666742480265738459400326248977059956826679652815967642493367895562270578400447980886624355427120678243012499807607867069550992250952937529751459957519612828861008216712890888070217e-63 -32.801308141440934686163545677320779140350261470271946986514127808475984916854649697878714421465417837122097369671354461552154654683783548821422631541597713041759306812520576545072182307977199345268677
5.4345291825808315878267564471683796250164152050087389025293644189125874345743650154603803820030160571433511143113788134007521463482678384108326711324120946994281161045895348321209030269490776197664298e-64 -32.549192326671291024098589744246686393647024345781164814960357928918659816196313056548313374672771332727917556743553900634246946883843553494811562919621690803679803080477927357195545842422176267126372
-5.9907567253168428870816729007772443705325467912112316267452520777003689208558158984217732381136093700456314542977594413460724757903112446615781958866930347739738783568413838727484974009354464734528432e-64 -32.297054797705130854916452330003356700396645128174542881380099427849372336250116477657154925645793247403514880865109286673863230710461806260904516961637803918975255372199088308228486736145149109052909
-4.2089027713602665844810806501122879375778219440643926127697509282987226168656579139930340597700441431537957479520069820502984610780951067529363092520558468147315090685549491166435824770476928741307165 -29.816647540825089528410474408328688816768626575188169360188982913042939253788517189177431744671607820367452258575231629932603424674812377461268184061377864418993307413535398385414132217501594312521146
-4.4992119245437529476050097441109317549521897717746510509969262108232205173085074326371450857802494249125254010066680213126878417630469125532685457730722533677331221238247344287639066201404312395269745e-64 -32.044894700528435805249070158243475863559704012569296280337079337659225484521310993548505046162877166171548800066321014074719012169173033056857331153745172526294842689894788957764835123941351872385251
4.2089027713602665844810806501122879375778219440643926127697509282987226172759099828561038576887271110049109603551196407052379725891371802323535072763352507515131594930305202475942983605409780805337882 -29.816647540825089528410474408328688816768626575188169360188982913042939253706034636634903581153226441887755651714463728919146617748082397466077565908775254364905723194398179102796587362772949620489274
1.7884948688659161376338386859929130902688781612525626229181530617189771997673262003598629191250814697019946459913412957266589467342604676814232586975957911530367790147180133765240597021236618265196253e-64 -31.792711680381477896730871912194012092074398558476097932719238517492778518787196618245169086818965268523524698457013729252735445208610695235298230826147117784512819338466709555930621231169191266213867
2.7739947557287312726959515786138237508717883798672714681504246886677873782046411611322996986844323860529485133322836756032817585257425205484095163203368641018219707630001808299105472323366075071715704e-64 -31.540505856188682139042191740437667673678127656619277719554548578141722743112581537473496628094235332107512148432202000500281411057039760516308117502900017271054823167973708685178828949269438587653793
-4.0190945834799023511993328165980024270051735647749923968656854666986990484852791221416412302153944591270130843376823152335501508745773918535745079823908280402967769992936073435961519418971191475647906 -28.959461489840556145304879298063879584775114728931322016580530908876034848835812667282230069795842917631652612322416413133649829922937363104349252459622340334323136034234560336670313053599983409053974
4.8299721607254064853381241249772641285626852864191491121108122316567939632606579844923861920740278446937852160655887082887823175194410134316756956327609165700344876862946141689375308779517643662247867e-67 -31.288276470795093848065627177171841140233080993088252238327493699558937922801910718006831698931962877864576108021590825424962197157326790860479891149207573599299119037776546929431980173824402240545889
4.0190945834799023511993328165980024270051735647749923968656854666986990481579782147625210284514417121771427234559806609121578245268899464249232846389627671306594664932542944696982150706539335709071609 -28.959461489840556145304879298063879584775114728931322016580530908876034848768824580534740898584292914646510601234385121581951352518778070264814862864228644753380060808768456862262529793057993314099437
-1.2962927138997254830091267020741325589004900741866433614945357508518977747095080180833499007878177937139081724058479540643084842973489133428266834973535797167264261855023561447145127762863950419101072e-64 -31.036022514385537444212493523754557808638868211142281287264531342714927873286844478067889651520092447072909328178533673451108707570150552238476738685262615869107478331931737231898055423979647628068812
-4.40009611429470971179123163068483736646743686808965015415896702587330276281271406491752141059155546044408514395268129027663043210487832482867335720154082493588376038488153994419312666474925391265505e-65 -30.783744253338353497142917855238729038152591767066397616303979133730222421868814714209300705614574193812800726693965473541210072500342406520873467360644157594682060491073990096745935429786680846908592
-3.8282388383051126092194625489046022381142788734021527320737892351237465393294988846982812611958040080842909348854450000343526398976058533727407231926019769334267904634233011173433132181590510509761914 -28.13009632781183118325759422907724367133829498232139337795128138493456716276652811578014751941571605665837457664604790654482794938248412019917931331213912791190991779690689214505566908422083236116037
4.166019104518993841933569702765770541851472193645716454707887857247749209001012052054866955720359830736847327531531743900802344507241872438275500536761205918597193527071561493814223228082925602293108e-65 -30.531441583903006532016893371025918496626048128046545182238269817773880934921887925484951001369711823923565586593032723991269058557778257912931951557397027444246849815910328178330967892509657086545108
3.8282388383051126092194625489046022381142788734021527320737892351237465395319825510254378128666114053730302076366755856633680781562132190473502929274692653238326991428055101247010956339620841142083626 -28.130096327811831183257594229077243671338294982321393377951281384934567162859013201116531308502898305233208734896211549049714027854314720118349261420839533909020704674309977331630732834051809369910755
3.3796498941936443720994728921341566194134943426031901149498648135858715338357550591533841609644893044719856498895474833804178667690728419086400188019382007198264038256881123501772573200462252898760899e-65 -30.279112771154106110212743904589676185503817864714193871439765733330672690939241189661849603675126804129011039778418198665529798630791622803025029706857895547044760885835794921505677571341738178417212
-3.6369536013576428776463736279447964277152787387135725065680919622029610809687446676938507965114462515015023556334045966801906342255078472589766726748173894482341780474662005308064475413186198642699887 -27.326391364372375997353056104120419478413041062367651996821352409335714813165444645450187452359690419198730424894226887503635477505411270354407791298636693998476119943956415173696028611285516462148587
3.6369536013576428776463736279447964277152787387135725065680919622029610808586447834890526776323212089461709724021492645718717863333431460468440683980704240470699050134572391593918056952619964789033032 -27.32639136437237599735305610412041947841304106236765199682135240933571481310587202949565723805440410197016445289401362668270901885650559683319603381384971160295686126987110712975857349501845513347175
-2.0213202674159112527139555787020220643954237611993216217782383442645353211305751093072482585858431725435840736009680565536660617002527474982660555424516135785581734155762240334426622300073390108510774 -0.096255773046824949492854228557374053972006720431971767173273597904879246177395729091045913161233409246034069471863627645809294471887638153201847011578007832814807144945004830025907514516125463270494523
2.0213202674159112527139555787020220643954237611993216217782383442645353211305751093072482585858431725435840736009680565536660617002527474982660555424516135785581734155762240334426622300073390108510768 -0.096255773046824949492854228557374053972006720431971767173273597904879246177395729091045913161233409246034069471863627645809294471887638153201847011578007832814807144945004830025907514516125463270494823
-2.0162503415160059906786981634380322810820441780775810295659267711972214811505989674756526426368426110223920833005906198256965970573731594511927175065832320297987529171936945738576009418265139723325545 -0.28908311548182031579733719097012631454734530675713359898795107361073037413175843739612436751288732789217907309320453885442057843701430419984491812069626938667477617296129386790255860932666099334108835
2.0162503415160059906786981634380322810820441780775810295659267711972214811505989674756526426368426110223920833005906198256965970573731594511927175065832320297987529171936945738576009418265139723325743 -0.28908311548182031579733719097012631454734530675713359898795107361073037413175843739612436751288732789217907309320453885442057843701430419984491812069626938667477617296129386790255860932666099334110133
-2.0061955510687095279239837463698710147992810310183852647664466861441196557333452189283779425119325063329581872005887964898556194919086160666729952300526425117838894292383280626380667377037289156885027 -0.48285396135131700260191867157651525474542809991441570949003850140045683528680664005162156797156348341663276659778070710513399824947271724062994561796814063264941421994713849430293532793097111959049947
2.0061955510687095279239837463698710147992810310183852647664466861441196557333452189283779425119325063329581872005887964898556194919086160666729952300526425117838894292383280626380667377037289156728762 -0.4828539613513170026019186715765152547454280999144157094900385014004568352868066400516215679715634834166327665977807071051339982494727172406299456179681406326494142199471384943029353279309711200512278
-1.9913277399810156497225187507832674484892613503450716452385234315161501959508624310820984321298474520360481597171377561439509323843587426878848866411684914615663170561296155426059612073242631769514659 -0.67818347825404388324631335166658028288252400054585777436104076432815811352457188819782042515717085174533055903076468545095505265140203889500270376958606838008341102736767854426652327724533635714296991
1.9913277399810156497225187507832674484892613503450716452385234315161501959508624310820984321298474520360481597171377561439509323843587426878848866411684914615663170561296155426059612073242594707156586 -0.67818347825404388324631335166658028288252400054585777436104076432815811352457188819782042515717085174533055903076468545095505265140203889500270376958606838008341102736767854426652327724533940200562176
-1.9719081018581553030180082050475201354238332913463722184413363499246719426807461841313968461830352241681044130793972580108677551989202706160739767532979400116485832615168755624162972311474369760488562 -0.87566315027276670099749571090036391935363874638473280440452423251085048876572955526157980128449349224305672870548291378045381198476256630262103561425548570377559207104806201502218068433824562230100959
1.9719081018581553030180082050475201354238332913463722184413363499246719426807461841313968461830352241681044130793972580108677551989202706160739767532979400116485832615168755624162972311209351542069062 -0.8756631502727667009974957109003639193536387463847328044045242325108504887657295552615798012844934922430567287054829137804538119847625663026210356142554857037755920710480620150221806843399814932989594
-1.9482888988561752404394202746099811352480623724409665289979304669999355281094046887929854283031540388653466613214440805573938301016556342029297271389910927151739215901840075802301353906322688992238101 -1.075846039063887272529400947291244175522241929657144664061212214900596714291310471299409010406469136774841351040213654459081804840463963055575439389082732420839782833680856128697911734555289380892195
1.9482888988561752404394202746099811352480623724409665289979304669999355281094046887929854283031540388653466613214440805573938301016556342029297271389910927151739215901840075802301352971533856879918859 -1.0758460390638872725294009472912441755222419296571446640612122149005967142913104712994090104064691367748413510402136544590818048404639630555754393890827324208397828336808561286979116909591896732773238
-1.9209120053713390743716556704591818184010956904234720917041239195258593677204660532852497898566008393506078249311258023839849564373662056714496086184443967900535521396180425941465093055338699462847375 -1.279228245412359450046237228332744528895642990206345925749028222558844493377724633870276613526280460564008090282317842616195319603898232807821860142250828684194213462844811257316620373098098848454111
1.920912005371339074371655670459181818401095690423472091704123919525859367720466053285249789856600839350607824931125802383984956437366205671449608618444396790053552139618042594146292909731104240756603 -1.2792282454123594500462372283327445288956429902063459257490282225588444933777246338702766135262804605640080902823178426161953196038982328078218601422508286841942134628448112573164404017552777485415178
-1.8903017405122245015769342723548275774688967390785320086072591957349682061920871589595191474951725001101916554929094734803251954874747394688002393575058323405951437881549895294804713552855938689635845 -1.4862276504012931626418661598591435047963202758794822014784333863659397880552524872340537039444683188652353610020622665879548242959342158246687435400850274142674574111596029918055738645242043830671093
1.8903017405122245015769342723548275774688967390785320086072591957349682061920871589595191474951725001101916554929094734803251954874747394688002393575058323405951437881549895290769108720621647721441954 -1.4862276504012931626418661598591435047963202758794822014784333863659397880552524872340537039444683188652353610020622665879548242959342158246687435400850274142674574111596029914849782594654013447049399
-1.8570499574378387314555212315529254565871158775858466295053995154626962934227370067783581818209854922895446634016410778171827077781415225942605054210406024378162157927304936540856064984637004586529467 -1.6971624831983793902129790630071155897791825766548178620879235046748999652148994217409791829166557291948675117893504348698417063581208464990635031802269476066367711576718571504538467257564985153073332
1.8570499574378387314555212315529254565871158775858466295053995154626962934227370067783581818209854922895446634016410778171827077781415225942605054210406024378162157927304930326666554204701337570840557 -1.6971624831983793902129790630071155897791825766548178620879235046748999652148994217409791829166557291948675117893504348698417063581208464990635031802269476066367711576718571511785561436284159178388195
-1.8217927482493265597248240484064379198360008830183366782362017139474021235998496205534481643682265548563252040456265772429943762188986983064511417080888461010162130870299582815614154492458433432155103 -1.9122334628417141982304627317893338641562156711207704306024244929775869259311913425522829138404870118467667503232265757481959658875934910461302534390413469530086391152602210103916293330203290271602407
1.8217927482493265597248240484064379198360008830183366782362017139474021235998496205534481643682265548563252040456265772429943762188986983064511417080888461010162130870296872880501135848048492057299347 -1.912233462841714198230462731789333864156215671120770430602424492977586925931191342552282913840487011846766750323226575748195965887593491046130253439041346953008639115261629535748120977666492628023329
-1.7851802273551438549042409060224238817023289396866984153909469993823688925991073343836230036570595514496457404549519867950552736497856115957609921784585388268009460678526736730088731328634267345980448 -2.1315135906566605254270157489166960767074384768588725581629526751522374912148738327557522448071271357802148270628507906959555595188668461958935504730943517853105391271524933544448765418363459266228149
1.7851802273551438549042409060224238817023289396866984153909469993823688925991073343836230036570595514496457404549519867950552736497856115957609921784585388268009460698874415442379389261247341787255357 -2.1315135906566605254270157489166960767074384768588725581629526751522374912148738327557522448071271357802148270628507906959555595188668461958935504730943517853105391303302910685395000894762953622565123
-1.7478430398986230560734595242791054532052442031567788699266331779279790477328546050858376842358998382459732110108601583310588944949241219242465693985180062163295780064042557252806758454259615697382013 -2.354948683619144451856059506695132783348955189985227218778266939351535563634986659259847539469661099959953396172070266161565086075472075232721630592459247934541910709509833927680095097218344104763397
-1.6027848048794855847076045903056161738431007712071129529761980714878139155621478080954285523306071267210955157237340865332985582761414507312935478848705642891084680415849422435114591550898808180863905e-199 -0.0053222839746268525653532537482446948995688595490938379540929195127775253886822154125695926162832317237245828509404899726822801294656401755380257688344634238699241511362749500793756145588053667832590647
5.749953395415187086417176897052947912493478056682154983802086390669917030986373054836342214670246173730519282647523175415818309748064136441895736501174621434339806708880824674071360727323075674440969e-198 -0.0090348247738297030130965112096710900097025403856398827472810387065963748694606389861166779005467870829637543508774678725952153685871356066607518556638421886188731314447517864797078933716547869093925241
-9.8260422183111144355377953967917333141076942999251789697172375749105081539072398280206548252760677322941158184775146941457411691311188182491799069065807331595396205612703248915364519557579724803111327e-197 -0.01346321407913459232670266626873805877010188775594593907424579847894074691262111689018793289841832427031514556507023354211265322187651036383939703973915130860562264093235257932777404115321647111868562
1.246789216480545888347513128219138107204869749033387226247714246548597308428224467063392591033023187798496463932184502835973247915297680314654890167160239302223947976371302006628804759479237051562041e-195 -0.018731838972579606725919826664026996799771612859782580315315487421418710321424050877597634808830159315332686745303157179441993139208303293564773313398729992795304631585161927820975050812716283175837695
-1.3759962214222728252216678588295869900461044301939560124056400470895796880985997813244430390040494582879702940944879064485807165286946062369980449854179667918050611571257307362883898607155603810278967e-194 -0.024925809875136575069466466792969922213745498039308875566890256893194163806252191420958273050855751641961798168741716503356789516942520670636960451695489190315391771406640100387513263491755151711351808
1.4019617157106392320346376276922508798841041031559251925797887149750538895839450911916572751781567894755421266262536611294821826156974628182092814282862046615526492355822913867301827758264905783577627e-193 -0.032121098062024631690375225561879195930469703634924794046861634244353690019938825947888979524003019817426357846760532353777527858348077733798466614170868056592375813462375286562034157049706294140208433
-1.334113511872450433174304141463970824828448488487437789189249333955321694451930998223802337219482483106542477427139855777046939865650215474634179192691605819458245444507450454886952591240735776115269e-192 -0.04039085868933132405769858065806958738340143396995476382839117079790737016289418664011475001250874191081011829397747920320183501367943004110682972158647552442374754367220774475075668951197677547370914
1.1851339175685379526847832306072871490339255764083685459692625452427464783367108644725355078342669076179416880876559942986244044720137166435819104516217063171134628020908942083370318652733693669122668e-191 -0.049807441389807947861783963393283593214876161824369830226266981159572061884390544933344197854237715937497844002303054227043411137270038654834477158131883578763412145536466687564000501689494498257783265
-9.8380797755140588843733074702625762924539664839694139306979138539596123232981106289635635566033816983726068207264749600654870665329013147785004092802230027808079051546652724891888607734000616354964642e-191 -0.060443215816271552349683642005499662892472537862233671573877020790296922368408607692642261881006437852304252753352656177422490434421568379541639522163381112819192129559177943578049137307427017768762707
7.6600094317463446313833956650488329519736606716235320363641347789638805428129749326119444619457163315640430921078618382982482542334786517791197575428023020616605033500437924595134454882177942293717371e-190 -0.072370991778806692095214822909085053770431486582148145812527589557755550521657553256303534884080102337389854509105706939939048301360264469192295710091552406539966765579390854505653072660940461577835863
-5.6187552689991843228396435285482045490825295492082244250816023561569924908646885025784879766644870989399006481815415323798215487569692000457715342231436430965233965848713423177857366732501588304517414e-189 -0.085664282903078968689902178068746426322889110494865255607116006331064098483600545901567123986974644073902424730841579999193636143209945205011296281348867203864063099656350323673000077967307392645167457
3.8953500599377246274887575835742548112645153344456121119262959172066951164650567686310523360843224635903137985518554099667289696589902218785077060978806045177413822610166926999883715283741980193621059e-188 -0.10039750795024984242136593307486711536922848975512870407182287907372711111612355131992406052874693039249110586880014619252381550078871789841457310568708285508680659986934334663551363656188621752319433
-2.5527897587758458663521752322102781907337972167086805092199781685210292103760941196719517457049694179979124182303482702785606324103840284817650374440700628126744520630041734623962254618918831507624302e-187 -0.11664617050273925457698440936617577070354692917253365946427502271398008692460172336280323462222108648368532320354584320748380304421302441079251523864724324202351956216623058854314974231538440066643774
1.572058512929449547382997832542029949775531110343387362683205230969261691175313199610587592621371741085129603832698209365433902519928517405233030232308396207491609588341260869099175090933013938791113e-186 -0.13448703692402101684368417518521357777330551787947564751126572867059677128648315002311186939999641414837204345206766498689402857547057233701258537027357093765365395193314085410562122142197551066190672
-8.92782043299798419384575292737148679552455338721303590962993016458814571559663827804681559146767136465368271369523479356368240259894995440815411684218374528403594486629277125368482834827505002734278e-186 -0.15399832368086679206741985116978198449314659123131389657429664374299956361025810737175759170417263070139018004182385451599733437247311906227160703129471778182932313808801016642550963504134871177114626
4.4360306189364310711819020532935664356996110091208263345357003762070548948960621707586154652667347561301440858810457216992850616094026193600318209738875461572443937529229405374199594849667748048176147e-185 -0.17525990116112865544314297074518061404021340008372967396730988008060156735016706883640345541123158799180289168207824445029684374075456240040414160435889472021219075699565669956231890181553772601704737
-1.5923950794575677464120727854421570363654907221736432519391342988332538197531789049871760412249041863952686028669660410646267536763925676290479818172652961377562902742451089482054496251324791574827423e-184 -0.19835351931294083305360725745252410709504635866412082490165503052438564400376446576509143403999296021405516809080760767389947193733775441735037381954494684294135117620529464383761565895784741497588426
-1.2749897286428720298713351767995587052494837509521780904902414902678572637181427326555194391022429797912574919990993522708698691713955491177524490713979749126130886325336013337702260950942501526160495e-184 -0.22336305964477028734984807596777811926392009828542887174111858727931434434814462995013448888541632565505556961074107866014365896445324013728300160712192487638095551968003973536077060119340360857913149
1.1120882490379955281849816899046494036185402227607181316327391880067492761914424180992525348238385000953432943370638328711248599823038421877347095676696680688248785130455377214433965873436436362604671e-182 -0.25037481785951603044392300909772514067133790286277891430339510662208932557384321828994648663912919656456894995859826524378350759240824425084481343420761024118213755168307095695777536370763155140673873
-1.6333054658530772847816601812365036030832318089002825420462129568609387662082863568013973732424978960948852393449615726670997499990092326883647810568041739892479325439558377084539393882404297899069773e-181 -0.27947782141518254287654948267078086290806599974866832859064254571486923119187011481281238284929883746278874686680451371834864660451089190477587668281025192921891607789730510623504827974145112684785787
1.8736636629674606774851628708099468415328087451059416484363291547183462884461948498594670963508887537105394799810428306111430807910882805005267004063980987580039559942565897657558915458618899235222772e-180 -0.31076418649494372987110857144763930864900868378848665125715981685398517206593309877040912892995821131078482763637534190110938907225075413084077925142029991411625242114373626844287185580093492952684518
-1.9516875707158562185410625488448485707858792374802898277340855013015235586392140037248076700737770823811863996165592397697961586547619781449196048666093536422454255559578881746216518814505854795703935e-179 -0.34432951917361196651849534355538872257440055023143244503565126315265721396749539010299508115130562336487513116148938642482954558883002405273492572942149548933208008278905039767993721381601589358765403
1.9423573966846285231814317573360308910584478243468975432028887924739986439959340543767826620833232772034231183251005829008965297396079541444779288215844941284301403981552478892115863063455213881315896e-178 -0.38027336595803307233903400692123059611670162543437145383056644723360876685789801040770172903243357172216133824676509500365249461045637596737123396119469390415447694293714731580367083821019967511660108
-1.892168405836117339956982650405818791617762670687897477354781048669908620359514368933319732816326558424726863983203504456535317035163837446245080326716344773696259779054582586191684628038075301129831e-177 -0.41869971934473691284167550994756194756132193663938740446130746870218355821516577525111078605471991482857179547972496877670330489714347730336179306870570467850774986848599958837175982493075159298990642
1.8296183698221930242252924343136451495511506793608126920698549625081143109845780650831216938705211631872810422938088475788826553569609282564354327756096516642877970774122821992572162717994421153969952e-176 -0.45971758457917518197368230267415907817416486742099380541066261614700648442041737325937203273059110019004829916068080308793128594162603794404936493766577210098298877872808295343178128333358686668041146
-1.772256567804194633758645574721840294791898549756045934780309464515663999428103829270252911235537041997889316678292049313648668454039332561427706933708568518582188844036780696881842182292539171411817e-175 -0.50344161442583472716956710333369741765889477610105664073714274063093892070469068326287780620294221016736420253721472399475983386801957168325519493667073388740125687699938396429641028761907504869861454
1.731352154781170050691085083487324080182615980097778517954480624188188966742900731478437924572788687137232790920069714599959388507166323025878209195500072503131473677781381841917800606507396664398033e-174 -0.54999281948514469943738727245013329683661673515647501699500627020732190016894696113251243109610196752548242967332687427760377366097719009677295315026989738076403412212154935950036282224373218724392942
-1.71503265866123230716205924900312199210784540384334825120355553115789903445619281331418759859287412112028869030049385001220570863393150993333568328665650687698357599530234220989461755667020282186163e-173 -0.59949936244956180279632393618307113691433681284048065434196531529280852566124383191519431309828065308101270245462939342195436981562570096921947597129450033693829034943785870283943528118736178445462268
1.7305388410708653833547510789512036270182899801813267944310936497382632724327573223902514284401333001456966389107468185501352422517378665036391741608306815392759443444840396784461904715443580036443472e-172 -0.65209744571870694944862901702380488505567350555714550515447550933910984901356756355498953286012404603490004254319497546487107030021234023196147001442011069624339156711964781037243257210625790523334641
-1.7861000940475919674485344576878795278580154260199917965049542165432018382367076878762564783195373338130619044785235171047599094402365169723934776343990634927854933475751525713075774604516759457599175e-171 -0.70793230304968768865428886791387464220890621615440656476801600765402229314653643088200629092144987796372331112466204111961364485298459033708079825955195845477830866943397047033306439010146910174523229
1.7478430398986230560734595242791054532052442031567788699266331779279790477328546050858376842358998382459732110108601583310588944949241219242465693985180062163295838985780073269405909633404790531326684 -2.3549486836191444518560595066951327833489551899852272187782669393515355636349866592598475394696610999599533961720702661615650860754720752327216305924592479345419128944625316725615728968624550574305781
1.8928824257005711518859462564040993681792648656563727381286553257320647633579635529987125873801613139324927188259586429652432671938032570308023200637444990462902036803886426136953877418209670806933877e-170 -0.76715930748253782673708034787273777658555159678276465490619883474543034219427192828047913853029647710159212224437599931206443297885666257724787152631005024808605465879829017154358193747791649267772669
-2.0675260782891388572272067404110883379091614844531641856387849835676839453666385648941106555018062004148482364958547618174716928340481486571266985871207897533216126732945016706991692778840941848173772e-169 -0.82994520975720012796192436820175031863690962816049716318779358204040086187010405599517547131424452691266498831718989742181427170784679804027787794503579363316712586805465573434575099050625755186156754
2.3360303807113286167550594333718213271214103419519646068074306196368114475327983291038053342016248690695559318999099803285116986311455417326044809292496819080774855400033645418171866620376029760095767e-168 -0.89646952396563174315272335154743096925352866284049294200071316429409164162673323841118024962574873344576300819364456867200096927271030310631902924910116903615087350792579514941388670601743086170776031
-2.7402965557248121809445693923312759519110039371963619989071732866617700586496913011640411091065673583242677103192303802742959911143406991618337076501921904779752931453742004173228679317225099570315983e-167 -0.96692608043884262941294114756217968295240566596702528514260427489179440771938631326529073086025671185329814577770092672587814366663760489670886127858594065101392245851742388484695951951140549932131467
3.3498176450571819127169804572799159035723166464423661917206431870998383046767040902405681634345373985115417898235515282611443446803247828133234441821994386321206004582043184675008410495162731311871299e-166 -1.0415247700822568500363494245837515141553331030815019787921994722318721800445029708362028043668774358326394693661983232358698577624475425910037665911995664127564589394682646932997908658068256052597938
-4.2835251052258701482248104311798617443112785549625610274797428384537440026859392934908337203740122954891255679041868828991614987559884012665062850729969651164567867857023122915836525747663520318289429e-165 -1.1204935098339156513568984953142881481498859716144287296261137148584370866668679920102726125943406039639742955387145633984185697991121792850889515337580881350408542531635586618530770071572531374601232
-1.7103606021220400107821258109406816003020863018406992420013076109460697964244437490151773386965618049778519513116820081044126358333580215085275327916073378148310959390352492603942229756695570880793416 -2.5823695258376246933236527955249119822951497452684894866927483365575742180655542900252842973217707991662618129434742339104095461692211874933120823442352832583483597842133880672718558341450680256412301
5.7523502605144467298263367249310787207967988031959429553769773966437776748899734563679733148579359022935575997084384679389073389318532799164972454954594230910485811435688938431700959613472792611249734e-164 -1.2040804659972196115391235401475364593357639538231090607907986328213152454029387724168937197380860205594059046310699938078043150916324077759679292857935238008981677107514476577379526044095182002004684
-8.145756853927705305866395123218051272081072082316232481029386550387874574998458428884163213832147341295352339205674184729013770210836223373797502991121901823515313276920887241562924145592078954915968e-163 -1.2925565813632533307610724725515007841310165039132890547020224845061031227395569574947142076116523987547911642244800827679738467703836582404390074628809977501744723871825965343374151463860492504417845
1.7103606021220400107821258109406816003020863018406992420013076109460697964244437490151773386965618049778519513116820081044126358333580215085275327916073378148378297212400256212665689262213966555279365 -2.5823695258376246933236527955249119822951497452684894866927483365575742180655542900252842973217707991662618129434742339104095461692211874933120823442352832583458873067960418329537784755991338479510581
1.2215870299367589009162166600287709664568045609227953537689971092520068848893132287324105467874434483547960997661646679946545998581190818976832244120643566346105481381236785561985320233521730165847387e-161 -1.3862184638933715331626114318668566447587718706455938526537719700751063752413363850735426516547529199280146246907231413923901781998719236409353548516150019274396827551600423885234555080551325270995864
-1.9489050553746042555592217617794944158598260661460991864065678799233662079015672781295981384593168076345735127948257411533280442733934511551795406858211589846130540840950610527731488934486776590153882e-160 -1.4853917100744214661559183425543301241132726580709855942804889343255853560287378014538632673251000703625963584918530802644657533351144519506674821962729788178656204372966656631839575644192193150695697
-1.6732359361143704778337294785143494398198733798367223267903644152327363045494548907383008385960162139359699064742477016389316191253876032317809879509579313297475793660631960323287493027505312991948316 -2.8135138177822224097138353142712047520867578855441088779049211732860782291977037629218636408822785877326135971099893373798383101803923514840408871529470476105308319500632005341653317470436069300959059
3.323630855039278235827033077783124139704459517824296132150194419016601340114183384134927729463814375208640914691693123953778549354462108064881074699518207429753956802433679706645887911946589727825464e-159 -1.5904347559462400130719126205365227412716185195502681343379735770730512711612653559478825962860777528159582185504793733316176683868445433085920997110391552695932826534222566560720491063892262805285742
1.6732359361143704778337294785143494398198733798367223267903644152327363045494548907383008385960162139359699064742477016389316191253876032317809879509579313321890318262278063516268556987642861410008988 -2.8135138177822224097138353142712047520867578855441088779049211732860782291977037629218636408822785877326135971099893373798383101803923514840408871529470476051755098660368736234176485381302470829553365
-6.0897843237959016110722135621792639309358624288657570427092258555099239103088848973564605515415029809344811069099839991339274484250288286585489896225576326549588870852807261739187069061183473362898325e-158 -1.7017433746772689371330834969043309184039687989327923251117287661313615918059033617877141833223482819754483187203574851405571329524342729835977082158630937423993109064078712209018688231611321575559606
1.2053347266130459113769455422892931224564913471116740549654296949545597506624947243080543549040613978653468075094569882166145666645776982602998787212643891144738796695279864647505121484790765051447296e-156 -1.8197559734351996387379549496639675190293594399785684406670767253202842408819530593565743242748469102036331050514715880600630009567087965812628674955176102650041519788566436020767997748971326188284026
-1.6368803132279697515333413761003334872560892005026636544518854882103917739093457394470704254816681925559121402412497340233625752217595716305361707599071011218430197556560890132239820461156866358953059 -3.0480539805119002207313015166471347992414790341329073700908009848959051831649019418116584883151789941549543879672361132976092560267779374216006087761596602593291435324640952291965773743247465150111759
-2.5919350472978322343542108238241962797414355776320814451920396253264533529212302668738257639172218893813795294181746891188897840705708004761164413600272931088256447927075417115541258079236072212299526e-155 -1.944959887004890576623347104829662988596352835320566563311027071621128544468178427965280930525690249908484395119238683716476442926258019325090164203087443963304967859934308011168541253995694821808097
1.6368803132279697515333413761003334872560892005026636544518854882103917739093457394470704254816681925559121402412497340233625752217595716305361707599070996029850185698157628971471634888684979490891218 -3.0480539805119002207313015166471347992414790341329073700908009848959051831649019418116584883151789941549543879672361132976092560267779374216006087761596570377189128297418121076902628109822704864831768
6.0924530578584813747107508271509994706345727620118553958704563797735863597341464849858259465171770708673277615511500223757116178639333565625436545636576527619027928425908028820400782976747513336266262e-154 -2.0778989252319487592973709331892938225184717054582327950962433695716743696967622013539885712913698746384229370567006405224741428752537232670127398229648342249110016493944322910082180860195551007221713
-1.6016084862034679149937212358078563176739061862832809462446213478500209621936400637426052143869051316632620561118014793491747389998925853730143694290792103825334272225413778006526754786116075245872338 -3.2856260964968911297959656877188399842373025993080178361560608914774995749524501542214544235558707758771016072858319772822518817651343231252773303561493217277868468973117288347094350080672557933433192
-1.575433628280860504620248632750621925748122285021047135795431292083307105296235328079423050517174780268032492169621230541064877198583109701834790677394337775185402281313920790860262902133155593026579e-152 -2.2191825118901766275550553765440074431911393715306332636650893311871746124091124535880156066289616767311208250549734097936779982058345982665840113352209943037484429386277516840118188877067222434599503
1.6016084862034679149937212358078563176739061862832809462446213478500209621936400637426052143869051316632620561118014793491747389998925853730143694290776241924661652091868387081146426292581359660181337 -3.2856260964968911297959656877188399842373025993080178361560608914774995749524501542214544235558707758771016072858319772822518817651343231252773303561490003428621965007768124254920886456759216405878948
4.5121710176990900999960491933958937495311660795717121013697976448438025878919994845468467280284330815380758233204334457422768210041124594518836457427241406741184684975182181825325081767354842912513051e-151 -2.369496862847343624168369146555018176290536529158554465479326245998042553378056626953229205318151955972043860299979017665676972575581127732007443384883770889363896919665021409578434124475112418351163
-1.5676430581803561500299183484884502024482388341453160380462802960341926310146759649639681488476495450435371281264162977832835096921146661779496115981819530894263065610022556446728226158319301514061334 -3.5258559156701817302225515558593524691497313054649617470689380598141335403310226108929345560337543546879177922513728280019225515705553148730692992672948382446950919832959410863724820142634352804495706
-1.4416044518187501595653979811234532669712939748148710349250348784562889750367337609100402437671297114074605054262764097277305879003361856188423512374948833097635517687107297301152760484421505535130222e-149 -2.5296188047964819324995109006986161081367188545268510244006058692852989366683712716938519639548934061192487455804906839057069858208174299982852100746695332023767964009015902018356275281476352228134068
1.5676430581803561500299183484884502024482388341453160380462802960341926310146759649639681488476495450435371281264162977832835096921146661779496115977815555581250650100649040102853576290106565059612215 -3.5258559156701817302225515558593524691497313054649617470689380598141335403310226108929345560337543546879177922513728280019225515705553148730692992676874049344802834664405203395155071174374228423318161
5.1768628894182926044595512274713355239939644090211162507275702351195398890355772204780112532399691921824808963673688454199365428655855538334465268931761737298865337901677510119020724469604129478812317e-148 -2.7004330528181476801608482609378156742111766790930851222725291639828317666205783644735952108605521423499550798514032454981041277709578996877666521307636589157455018539090827952476759739702720362088682
-1.5351252072898461719755910274236788140524726984901144474332816510985619626040725075580367165332565284545816414794650914766631832665456263508627799062279272312160681070932272124064526171319639811868117 -3.7683793853674363570686794755330074038670554405722409160324872204304476379379178946880206525781103329578914277845541352817987652358758452232766941624652190795406746954091489697931351616404114778462992
-2.1065573609689563507473713787437463297559052149928749862845371513625175823126790763547493916080230589990012469990488552229921286531562327566147580685295048950890081305641766160448822323036975022709267e-146 -2.8829540776753420240108570795871605597692326806394745501664043047280941713047225909319446625024149840281686294510542969856844827529398546186315868056078871630696825165877074649767504820351923397224885
1.5351252072898461719755910274236788140524726984901144474332816510985619626040725075580367165332565284545816414794650914766631832665456263508627799374022168818495322629485565809439998362635428393369564 -3.7683793853674363570686794755330074038670554405722409160324872204304476379379178946880206525781103329578914277845541352817987652358758452232766943095296306055833663387296829725546623766275043131578777
9.7999419185753115366542788164694985154789175148858941907694023010544435969453208726142503880344264032044216036842694444994907305791845527986456416220349770113326689127224880505610047715105714792494672e-145 -3.0783541531938760852549060498934553596012895872950318929298503112709154239510988984155720063096831295262043263807121457693463037111322746312265480654211753026137751318747492153276241804666944818784926
-1.5041287066088867927489323483369497135980643842429044540617660111183344522285890868405087377736613351863232543142676753785583899736546890478417442394627428229388045900762582889199687256641539831038591 -4.012856841584713473411536025110590829213528856349452705916439204253175877801380322924103750970311900918995987826452910332388282576687981191593730393902416578554289173299351453662449206274885646533293
1.5041287066088867927489323483369497135980643842429044540617660111183344522285890868405087377736613351863232543142676753785583899736546890478417740335440398316557289355700346073385918266549251054691879 -4.0128568415847134734115360251105908292135288563494527059164392042531758778013803229241037509703119009189959878264529103323882825766879811915937410607812172690278436738135651827604433566644216762124184
-5.2643080792608244043935092200775005681498148162316008091839579482896970489076261260013381707316415135157567071400877233416676089402215053771325593499966165382042729979427737310984062274657541676767096e-143 -3.2879998641316553919274275133933086346515439879745438507669520235085931087785469453688138550537485506275008486401444318185535335187206005951844276291624060458629950616906484705765622005001280333950198
-1.4746746653910533313059688233912607411758697337037327376391115407667667750436818654650104664360217006736412165877631054890749115619122511520043835459611847966051169289487332877170555815200452439964057 -4.258981292108213313190855303670519166048555948972177807978130733897915071564382269201451047445780263790141122530951029441084674231713207042007201863660125524487039990235098395729656347903174250296642
1.4746746653910533313059688233912607411758697337037327376391115407667667750436818654650104664360217006736412165877631054890749115619122511520085253873149487059199005300825203412515416542934481415935107 -4.2589812921082133131908553036705191660485559489721778079781307338979150715643822692014510474457802637901411225309510294410846742317132070420038833567440822526859516999185228458800096023735606320839293
3.3029786042593282895540678721577654146709344873073158796115186125944664874764031110909319243201525929747481865551987364848670812112075080313548337101821393947522636610946282839281388964183098584573952e-141 -3.5135004165877813861114804834123086451059790682822190319811901131954735151493117925378175131983525909061512398335839142154463106208166017319052878310286868242468034190597650833007178401009725251852115
-1.4467452394744550147518479820245800053459058789033297207350757184584791924247627103864638804476033115516697658700676856119239970374192859689466453550713644866438016648239389464813526487115311538129416 -4.5064819376305873663717424717033027086788232594323738230052490016006595483456902065662756704954342240800781632002362703957583035099010323848657125701692993565611697637566037403839288359628054369540153
1.4467452394744550147518479820245800053459058789033297207350757184584791924247627103864638804476033115516697658700676856119239970374192859688645135655767794776357442288646730945595491030263225736995352 -4.5064819376305873663717424717033027086788232594323738230052490016006595483456902065662756704954342240800781632002362703957583035099010323841511124354697992921893224220358780972333876786101901944915632
-2.4536050434219831877461245975946119470476095848756003068356286277016847659780800342586972587208145542992494795408151665141253833102915503554253862019807588529676314615036663360812174319872199899885443e-139 -3.7567727710090457155035787104274862708732992542537581334258730472909051199505989645113370729530187278892536516653449136539094981279882430256811321206171208284632727621444313651158645503045213441874712
-1.4202953719428660324516354901792834064767627055343344220662730407858150776149186882956671411869442476641215733056673586384939755232353529344189818603627726681774423348610091398462449826683707834947114 -4.7551242866508486568347590900731141202414579805175090565705372584468639030104277980563422012649178470278681426099353366563277476487452186871354735528446710560647901167193407010498509976405230062162981
1.4202953719428660324516354901792834064767627055343344220662730407858150776149186882956671411869442476641215733056673586384939755232353528630177877572315780313799341641668225157916053300971154591076375 -4.7551242866508486568347590900731141202414579805175090565705372584468639030104277980563422012649178470278681426099353366563277476487452186513222179662896783973802244046817859083558920891140405240977255
2.1936763109050865920928495956378171590833596739397910966382960650719947542774585308283377292673563282969034614508115399393040724535100235224932353193222101554342285483345708439562501082853180364493204e-137 -4.0201313523376794853352553832479248104683736947445307564533576664307887992519536088189814568170512772517174749576444383714533006939020477304783713460834400384865213041545664105298737782480322771525079
-1.3952622501319555300168124955868232031518631545372512797501882066901744229398465260465690750259587587770278617087924938955312495693538474127130318648004046010593271522738587356110211937414086962185384 -5.0047081062177079745123181745122064404094931117784208051415872893307324206728302305888947223290955120831216964737426784752323350664248579552075212904035607665005081246618297128990142870467703231670795
1.395262250131955530016812495586823203151863154537251279750188206690174422939846526046569075025958758777027861708792493895531249569353840953949918186078082759107213702990687977299073245967603288520731 -5.0047081062177079745123181745122064404094931117784208051415872893307324206728302305888947223290955120831216964737426784752323350664248614941936722107573140385131504092536698409164415280420294778188257
-2.4090677893017047709572873218551166970096559299749002860089362722177929578112307953046318892855887436885202342330506746526385169559122589804332227032519264457285325924586361268358965971463886230946268e-135 -4.3064147066850813339273289402845187561556242113331729085702964512961280627201710993046536594819649280456612360344982698507694444307729199721634819030811631931770973028893517316180007734145647967406993
-1.3715725613018092392573207248620098522726605455710915570340046170746836137336072980444390459351486662002411366488905557669786251486005961858996955095936436926496960933407555332696039257528522172262659 -5.2550641904411874237468437691678022028038647979340545182180122308444273641587339069938994382998549169522561656334266289467910675794501901328802644604774810238527241740971314497449285517854685670840216
1.3715725613018092392573207248620098522726605455710915570340046170746836137336072980444390459351486662002411366488905557669786251486005198486906219792121589280790181427222396396707414840878373109099367 -5.2550641904411874237468437691678022028038647979340545182180122308444273641587339069938994382998549169522561656334266289467910675794507558051792988643043656464471742180488615882171252995411256048782341
3.3344289338824702491397799208864235888032670293568217716190898276421162617825402449887938030794144533644798586035444365000474059290645324925108904529418856138033537046092650985730381402369656242745581e-133 -4.6191695845585332018647243269808211297643756568823734461927858279418856862299747132200494899650313906144339182525797498494285795336972972831338973025851606180378292351078946583895128182569296255429932
-1.3491478322461559395645441614884304528446139901069552314369186597780242080720951975015169529325276690437339417232256491691985399034318378122509944183750684570607955968152612048728234340823481554085521 -5.5060506432258902658290614260160949153123798549746223659893103978416502252125726640051621298152732392838844016235140386290977072906146109344715959182994518518552580408318130122429609134078937478838821
1.3491478322461559395645441614884304528446139901069552314369186597780242080720951975015169529325276690437339417232256491691985399034579282982541786180428924694335672398398568196560752064070649125474418 -5.5060506432258902658290614260160949153123798549746223659893103978416502252125726640051621298152732392838844016235140386290977072906417171335369246553631799370216657245010295784185990950802877517944753
-6.0140739969211000731673856245250448607746238816640331660133829262528058705051308523710944990761173639678108457722377773379601650650478381821738254653417348044094043860547830384379690820505452285030426e-131 -4.9629278809313704419088830281313406672968576233870083458574784919924619948157886337365133500495152869763834531844287986968423996386855693617731482467083075603816735845477755307563030204407222959002139
-1.3279082105031541647748823674653554271948072958110563887107574862128262398257838004251725432063504608089342930850699025849633293982330172075962708950769018294584009903783580698436078401189613001105497 -5.7575491249424276120982785919340175300818915007147021859986627133127796354267585085270565906487518604258492716002896460696920484888431549064798167530504363313985638077872708553025388629085337894930562
1.3279082105031541647748823674653554271948072958110563887107574862128262398257838004251725432063504608089342930850699025849633294003611848103659071577677479361904568668198912878267925262497536874991864 -5.7575491249424276120982785919340175300818915007147021859986627133127796354267585085270565906487518604258492716002896460696920484887198318263461244012962421328160122363660373603183409795732753342238316
1.4774801979082763674603411536546991802471407004365383317967857025551717363160058598060286400917429594555929846974108998481161988080523518536568350069289394140965487429954275573490804293769652279351295e-128 -5.3436410326277919058270337638304701052662336667067013330829277312318596036758461391614672533288984399074703836952704893407105551288152699855712316419704875418379356202773425287664926461534965583628787
-1.3077750268974940377682510003163562117229022832277775224931742446724693637075823402478668921038777334581969861565646258063932126018792345100103093104016402139549556941974234169086037115074185964023692 -6.0094613224720995543270163609616812678170704009044474270059785923294320483940412384497245898845334183458832318426704667239640281637950249247822443249465064536538324989551206892037827942646231152832115
1.3077750268974940377682510003163562117229022832277775224931742446724693637075823402478668921038777334581969861565646258063932126687034313749986421207674675770707571448675202253688755942481827538429389 -6.0094613224720995543270163609616812678170704009044474270059785923294320483940412384497245898845334183458832318426704667239640280829702702080552747843703361805753545641836408639243397604116950671780058
-1.2886724842147500781904793016394102738335941158808932842934211383671287010615131917890798696955405385715725982248263898150480656838907235961979484936578185041728554806087514993931281452784038459220429 -6.2617057803048497342905098546271539916162057052216976737777755328879766132072832546859868361024447725957318544639306583832777543309914518764099174330025253488409303821357062451202741008155944318495401
1.2886724842147500781904793016394102738335941158808932842934211383671287010615131917890798696955405385715725982248263898150480652805262568432222054758355794303943804242897123334932071167460763785309307 -6.2617057803048497342905098546271539916162057052216976737777755328879766132072832546859868361024447725957318544639306583832777498284022274679426764131721857512463468964662521314658320931998648729348807
-5.2536481206022927989930841183037485709188626250850206490344393954079569488956467173982360756875259680797311603970633996267052834275276812716698478044428384252333598265009774702848350831612683765844674e-126 -5.7693974664178810223866896539446024978844193609008823348776501721748721873833769423393328460122527934350099305546099088078889999324564299942168786671177481070072997581926920690370693442442564094060384
-1.2705285709187932600555520320888604998474435390305867604612222600215194367991873994841807217154191688687165842579268897681656375058994562524133310463741674096351644052805350730795803736430432000005898 -6.5142150885676803014129787464875972498277629441763100833708683922422610635838660607545702628107916821403375133251700521939120608002307699698743820199011836098928401523522909639021371094929749243504511
1.2705285709187932600555520320888604998474435390305867604612222600215194367991873994841807217154191688687165842579268897681655108251601951658426792489067205612151090333818353119813870091047133569274371 -6.514215088567680301412978746487597249827762944176310083370868392242261063583866060754570262810791682140337513325170052193911944181429414767487255216743141959400271198252489402853537348537763318774173
-1.2532758293087872692000926988072564588948638268833626872523419643539630023102399116972866845677540228771009451079583410975583330942190216368252842482505519827043594603660525457923726236713852088213658 -6.766933734061056736387921437702664012652978209730868636533621826492336571661013765178827015156594095409300603003633423476342373606816895170958134141410400272960859365937692706832227011894633870236532
1.2532758293087872692000926988072564588948638268833626872523419643539630023102399116972866845677540228771009451079583410975525006145938988771596216931309160093022467096012779962443751023135939966872259 -6.766933734061056736387921437702664012652978209730868636533621826492336571661013765178827015156594095409300603003633423476342081695705236945945134351161073381527566111259534171524948192091143084706239
2.949460804840861706682447982462460939363370909966345708693003236161893298985560339740116393957542806459232884144650513965123758059306590091353968125499189144647682835784671582910216300494460148881129e-123 -6.2516877193791258571982089188437695834150514363870586803751025419664334888761334625644797950018979447061494638648872320929226593771538068660202155567064446676393905577730422761861666675189278815162579
-1.236851308897848168980388921210426163486470211655385802291750590071800948918911982412933348795293764937343555923457496749544542479248329251520068759396141187574658122328382957578052428299131080847757 -7.0198152026592923210892085376248429817851258707355880308642534657800139061497229819739292418044362130988052885580112908829647915558678279545559229170449324870030398728863099449339529370715896823278243
1.2368513088978481689803889212104261634864702116553858022917505900718009489189119824129333487952937649373435559234574967493980153023319213080689424398372435499320669834875169526611606172890417265804821 -7.0198152026592923210892085376248429817851258707355880308642534657800139061497229819739292418044362130988052885580112908830651535158189802154929715054981843085063478601034459867333870746780727361141987
-1.2211957121163169795568083093747900044643895008034541380255315725599012900004825270215672690357451079660513774588560990938782429643954324005140048847863064903378788723039681237462536167556164595160712 -7.2728225752346254852894384709496149691017510514591446484443274008437988107461459320481294493732006461543637492437269376232598582323535870186247061722232629516909660092514239566513948739574847884000654
-2.9828633142693422704521456781101352752602114884861273654204447562300820961929176689371607940601201291091552519936110386767398003156941688304280246346086214761905823937757175769025314960141548759090847e-120 -6.8078360593498259399913754173120522168843393844442210831143040139014047510422250957429182831741602672093227070621800936200798958372165170486369141619926023841698650270537313541419696186496389253844363
1.2211957121163169795568083093747900044643895008034541380255315725599012900004825270215672690357451079660513774588560990921469444049121919718083139753540928362387743394025239539757330760138035980557284 -7.2728225752346254852894384709496149691017510514591446484443274008437988107461459320481294493732006461543637492437269376278171126170579116534786775856715501209831669380531290693955343677651710066449155
-3.4457715472180375172274899581203019469495917153732098962795852350532296761212699316972363609407569816703926307806025837141843784401027474769949179315707667506536221821027648054230253888868476371106711 -26.546477753188854657541756359160550223449575849396057591314645417080027811202261866756974114170899534514725071867527729799809802946688304728752855862939634277947161159113689480900230868251702098230899
-1.2062584903237670759005630348913183478322344399887794590377017859969471239307075974341075840977340745927968587063148649577417787311555496680225292286544832552998790131774422365965964159384811601269688 -7.525924801484146902275329974256780242828033784403028289438487273642807144834752691626283712032060985765315661086820269507174871085657161543681232647730175369144034148339366953778590258120540099725312
1.2062584903237670759005630348913183478322344399887794590377017859969471239307075974341075840977340745927968587063148649820136976374471968237118171294096907466981689545458327204566301918033050219080945 -7.525924801484146902275329974256780242828033784403028289438487273642807144834752691626283712032060985765315661086820269626201677821073336728595262244831667272504493018817063812356549066308399107191855
-1.1919868796505785019154597533841537262325034923826043021744385585624992180399981063175914928708726259488563765083583058951785880078000664427718866037707403519681847674054800583297725204743686751406936 -7.7790895886780369029631684267859503638099897937510016681466804529270725062695466143815659000158121217453940874723224298316651659581489648220534048408395773680905497039382452733309702477069779109089526
1.19198687965057850191545975338415372623250349238260430217443855856249921803999810631759149287087262594885637650835830772240758887075031690362689651498426316832190900871254571670235150465001933489498 -7.7790895886780369029631684267859503638099897937510016681466804529270725062695466143815659000158121217453940874723224319039553261070782678816996871090310772643117112363745434597840622931866483128497629
6.7545379862427135961303021100881233958914936573675561206931604919970371472570532298602420783115415123226719657527096895358528780173274802770710058462630292295008385210556272318903096635083591133555115e-117 -7.4662663147098570475574117914620338372454991674551370339815888146999822775432846413643337640566560122492720350985071347503495988325939921555377966920607905038735751076888483471462854970513411000179452
-1.1783257637679752005867531222096402870315687494618797778320695722872441564134915371094901278369866525736493837626869802646739735336702359111107108866983802625205914529758854549820925837126453172023218 -8.032306614679402290054047391257639250629402895189089580706709018183234538169444460396216280219375724670812354346187919000587980991126657351789883515021283961976549412070208085098116002091047006437702
1.1783257637679752005867531222096402870315687494618797778320695722872441564134915371094901278369866525736493837626870340581897921150622920782874430948838303516714929201501737542564562409379313561243367 -8.0323066146794022900540473912576392506294028951890895807067090181832345381694444603962162802193757246708123543461879397749388871639564824779072447691790417282123649930540810359047496561968351231748028
3.4457715472180375172274899581203019469495917153732098962795852350532296761761142141719840132415722603582068734357195157023085320650217607006461615128722343597489927552529656544492076985237566606642956 -26.546477753188854657541756359160550223449575849396057591314645417080027811226544385627560280491628898695037120280792667442228178393168188055768820777374173084558311307737525434070764582940985742747754
-1.1652579386782164442939143127200211277476582260722098281316340080280288406763334980871364029913836884293669171993265155641522058307319620480678725774514428523715596308658582312984885699633631268866404 -8.2855702215081732195500268253030823192700968553799720475101662447345065046452901729242918168788234146110634319741866911592464552755523322996456710292422378572101370885990843702710452334111481473713079
1.1652579386782164442939143127200211277476582260722098281316340080280288406763334980871364029913836884293669171993276216026362148929076938026748669698478611016916824864816288224113990888421049807360194 -8.2855702215081732195500268253030823192700968553799720475101662447345065046452901729242918168788234146110634319741866128985147873281263249648943359288796236565908594182609026266973030156589172869261146
-1.1527597160152627689681311395600823222619143901404541692856377973681569738566817240582153037293893613698263266940683489699697458969327834707804074974062356650373131813312641676440629053429687925177517 -8.5388199993180006326947467089970937707478644714021141400800267534337437224258900006959033671675128484931828305673700256571305576926508726065121722283838455383229411836105371273487184696354881049098485
1.152759716015262768968131139560082322261914390140454169285637797368156973856681724058215303729389361369826326694085926441951769091208023313399586425263171903281099786053711725324269266750748360235034 -8.5388199993180006326947467089970937707478644714021141400800267534337437224258900006959033671675128484931828305673611237656071670180239289468705782842973805219446068287338031079141254527931478017093149
-5.1564411468698234432605718015732551457246635078593808891534371397907084872547081517801363794108079625326805775133807108918278354904413824681041305747788322158629584502697849288674793603385211970082401e-113 -8.280134980569748652622722508548974739614027239349678053199252248283306332432809745978663021452647560596255246352018889843138212263848734704197507914888640362494058477705915972404378607025776140748862
-1.1407192819654285464325079744496493551791901864328308937557446445893935583538355130946582898241369751905373968647667884347069539800023740750675996472495423576545513091846499425689009817846583325634812 -8.7920207482816273350795191496950723653454701136881222555855538799387454381026582863188594353802621128958778892331982916534220168492202401347549898647723280788155393037953259535983727948136015715611817
1.1407192819654285464325079744496493551791901864328308937557446445893935583538355130946582898241369751905373968649876698058930176832779867930262715540393123521257022180896314915841810184562691155204499 -8.7920207482816273350795191496950723653454701136881222555855538799387454381026582863188594353802621128958778892329591434999237868942626118605060590384953674779343743431065283536216431324736429775391795
-1.1290548815498818954012085167504367326135584911918032752345027095836332156923899895547638442109276854144160388281036822661621105259114268074474327692946925172572766457841109337813894322918428282135869 -9.0452781359678411411236801870488780109152458176942829888437692247015906677147808050685484311435360071394346967688620353174578634684121790431956923072937824597684683628370374937457760379176660479132856
1.1290548815498818954012085167504367326135584911918032752345027095836332156923899895547638442109276854144160388301891165035577629929799794826373854976716007212384405437855336860986333356106873851124039 -9.0452781359678411411236801870488780109152458176942829888437692247015906677147808050685484311435360071394346967642809046224411636612519424360166898055514972706429214954232410327030469846855611579563601
-1.117888857818339742861270253666910811088266952969882489658506687292803820394712008732991647391201930841350977059949822810405884541103266812634305212316369668483574558564298149525958955358111976665863 -9.2986942123862168043497552165989308683033410446414353366084947597674301450968056538156502073247588011867618381544016994451071403096776846216004004323673957858717175308724850275126642675702387998079826
1.1178888578183397428612702536669108110882669529698824896585066872928038203947120087329916473912019308413509770701437047226593319456769132324980375008726315007943780585398196009530523314621880339358066 -9.298694212386216804349755216598930868303341044641435336608494759767430145096805653815650207324758801186761838082322688600215690653312223126541354945793994765839214078148461140005249357494112829994788
-1.1074104391819163349980162752767772974091638381863126202633795985081400606798208072118078585759201442519640010339556841423890231804426547445220310234108884352340995178323767564488891842933856270780631 -9.5521069765017712503247559969619329705603644360912867257819454936758592218934701362265939495061465701399961080458641761627184773655224362595287041342094933137669539139319862817218576189966423502010082
1.1074104391819163349980162752767772974091638381863126202633795985081400606798208072118078585759201442519640009239671054209396873866500097273227153763050582265085394037460897552885750094417348325735246 -9.5521069765017712503247559969619329705603644360912867257819454936758592218934701362265939495061465701399961070724883347708499883463106635854903659307344018039795356497951888228009746230520167193944753
3.5311153055025707681282269399573474181080027055475081575716186320679367241666307190980840814653166776803921335747653153410358986439234688106334700725991364981683593557488237306975851882643521942326671e-108 -9.3753750265891963265409648229818160021486178649522538733371030156238092736003454867083737585709652030830792122747778485438612654481395292696657974954044190571705415978379913816467647395652452076045208
-1.0975235505774507463941679991157318064201882289618490623561397249815829316998839421722753239257195380160448393913187321583846317667974635329245297002612543641150441219067275590175892532544065551756373 -9.805164360304471493549094327362280451919895418183669859064169800386092163990232645632021708824832223627864243755417998694076084983057558818053154804306294444997189883798306525444932444072682117894536
1.0975235505774507463941679991157318064201882289618490623561397249815829316998839421722753239257195380160448355105989111440248389210373821282322569550519182688537914739968036143449563842478288074722157 -9.8051643603044714935490943273622804519198954181836698590641698003860921639902326456320217088248322236278642320990335681522770938590023810176846470450902794159662758768915047736543570471062534268527573
-1.0877940313480683091395262894063531633149966166825734518026021270743625336963821893796512641321615043176010716072982765199970271246332329005258204131048553197305839452717155611614530969836869050033135 -10.057717197411034775933689750448923314863838392254263035023588138250036581371401820659301272940294496505448577117846550019966252010171300617731278752720840214060800041535893919573755627357370201299937
1.0877940313480683091395262894063531633149966166825734518026021270743625336963821893796512641321615043176010045198826394109859433485234714122100673366811780949234782709582786906050900088963922724200621 -10.057717197411034775933689750448923314863838392254263035023588138250036581371401820659301272940294496505448447912753816501096240588343214639690344905606008295916459878511081421301486621545112274753993
-1.0777671677784000572517007414928336581661277061539320349812343477282966729198313849330013454899854752124520742803506732822801541940383990043784947167879815732465774881354207531255001777917095232249576 -10.310026032358987968950701500396361226662940346829460150076721274237033726024106091972002283209996194496974395412910491282981899844290776835029052408585971815062797623987740844397531500496248879004654
1.0777671677784000572517007414928336581661277061539320349812343477282966729198313849330013454899854752124511514099491302929733855026179220545474380734659458185010542900002889487692262256618916846237506 -10.310026032358987968950701500396361226662940346829460150076721274237033726024106091972002283209996194496973017115664442497645832803322584277656125274694216561548140966484043261307298817462742405073179
-3.2551552250971101837438611797356373165862088395613683498156072358637823550829415509058531302643782713618442957400352204682655978385672178370178266190850532012497990060826103954528589168681738899010947 -25.788724673435272785084488873352947527248319205172080723069725579040229349587178501128800881475897893364120013208620092472484100309274335519855872947622038012981287355659207101999325642372645568403311
-1.0672613271851418169840494162423489074069775884792514903041290729618313350433904923682481111885502588520910169857409884869082078648494452520822940925020013745156966031058942312548024767996395921500978 -10.562648589131318794278026437726560249135508743636712032388313253697074675252425498006544670960313316051380796566616635449139270391064539122089762013383375704993166457658287590471626218236185764142582
1.0672613271851418169840494162423489074069775884792514903041290729618313350433904923682481111885502588520795973344619726079234877484892334684589760347004455630462187434508420508315400933626686976086432 -10.562648589131318794278026437726560249135508743636712032388313253697074675252425498006544670960313316051366391218955529085521201812407597751503923996373370583491176507217241084064318749023274365255796
3.2551552250971101837438611797356373165862088395613683498156072358637823550587573158066043574113434933348422015385492679424583153939824046617175273693655100771142969120975043174473609829325248666057334 -25.788724673435272785084488873352947527248319205172080723069725579040229349582236987584576031148229756142443301968335559314724461090285671602474054151209621893899890983492967267076364627066451749111295
-1.0565004365548931729500198863410695278162418716631061717696849015070041502304127478470286133736562770998381649220206294352408337002614476013062906251598661025638612107819111862479648807032684463637517 -10.816227223136240194689474787321343320360884570445344543359926700110338214889706357109575348282177882884480706809349367837207199314973574556985476245052224586029347948061063472169895790360137167710602
1.0565004365548931729500198863410695278162418716631061717696849015070041502304127478470286133736562770997043559260573359458184226007434523404706933348780193122503091995508368271477902453276688450853788 -10.816227223136240194689474787321343320360884570445344543359926700110338214889706357109575348282177882884334414001149192291655058200045917444602046172564871941449908424942495513129578519195041273679052
-1.0461571450419045889385664825591737706705664189751337389129795148315023595045472902392746349404404715570742643631112769723653569356348179692278952716973822739020004079751238347519872196041665468953726 -11.071231187543458189555999714468099271521215768892455423233012609324269317591311085148809115687569466374198806611681434448800163177807707214627462119476421019852996851616070769374850579684027036193017
1.0461571450419045889385664825591737706705664189751337389129795148315023595045472902392746349404404715555717783727402545997128004724720624211927109739929762685836287380633288858083283758486418037496367 -11.071231187543458189555999714468099271521215768892455423233012609324269317591311085148809115687569466372800581212348893058615143212968011239960807953634779340826968311297907326229653665788119152226472
-1.0372020195770453421982212570821761391075998799709924182179562055600617317271549422695676742815894392282022549174023941240866077107996054274038846336827538395067993306805096570579383859028807482899596 -11.327603519395756492335762261727515879658564192539027099462690163673265334777184601714414874306057447543414521386047672589399223169970684559121074558203703580365969460848994021736075442248631754660271
1.0372020195770453421982212570821761391075998799709924182179562055600617317271549422695676742815894392124219093401702967596222927133563618954785902641433399687353657651014876675926414038286970258232555 -11.327603519395756492335762261727515879658564192539027099462690163673265334777184601714414874306057447531357658635970892619906057010485262182193406988396762981950265410681937310403882713840644810849527
-1.0303539991087415466616749745996104787388645033584953554931966003364094040900717250604817392839994407660362099346066847605126673610636654892913422163476270452364845489816186606453426748354497275172852 -11.58459582714864348450825214603394884964553901410374580482535093849926553471781142178399293789907850438832141366082049314100668073816499933680443520559672679245401853386479510183039266718596102990097
1.0303539991087415466616749745996104787388645033584953554931966003364094040900717250604817392839994406170473001065279199247078457376200094250643554177845944290889833709467370341500060378313517223211916 -11.584595827148643484508252146033948849645539014103745804825350938499265534717811421783992937899078504296053883814141720589240494185385597354791071641627119689698096825289094571051838651367584324887764
-2.2635994228881444859167951370298691279297409093525168649782134360099326205063501528162604683732734026810365006525522811720684329561573157068868199422587513888375338695649963461830439267384104499519207e-100 -11.332608993474468775288759556612287347014868709438407861457190386972364832249464968883309931133627371411868294955641893523070894709342022018275995859401120393902942004663510515045263533442324056359766
-1.0255485372051282723505922798180959523435687620729418717867351591581458592094588061985657886235055312702887781382763809083262823231011188259856157898227675059017170612412097516625279686105825263221079 -11.841274788586943424910240002004552631919990644808671809710052286415762793779632494149101919531772208051601064225805631733074570126865082201673680243438085087857244689243395317652165178712643812179424
1.0255485372051282723505922798180959523435687620729418717867351591581458592094588061985657886235055300244177411688390790995453786259761049659899996027722382262263686995596764105318606918555217438960169 -11.841274788586943424910240002004552631919990644808671809710052286415762793779632494149101919531772207398981602690987450763289473655542142881938885716503473428410881581153951188504491811069966465969935
-1.0221631789518317012856046416481553035426100656445290718072913866782494405490092776429163005638541039656148380710866389733845143330400898404414355432705915423453571820554070692272814325790304019178249 -12.097231636994194625990421087390668837813249756453817031572830712157969862864189412409370606857328364962214336473621560328595487875499001547026739359718263928154748764672545634480514675803345703601586
1.0221631789518317012856046416481553035426100656445290718072913866782494405490092776429163005638540945725962654213568580321321533698425921235637654170645472121868811456796854065581180241828316102274592 -12.097231636994194625990421087390668837813249756453817031572830712157969862864189412409370606857328360401994892827883921716695374258669825846812448473788208741768231806501336388070435553104692734236318
-1.0195936713501441335223911209133731679651843535029620695927003390412322387644579644912192123001515426879784363879235158112167352206844883157521213964275100496988615962669391898690816558600897455591034 -12.352668109536875222289128639350570794758680814325578609902005599619820578748615095480927352229823648120299950515644619946113802750844799444210733469191118743756171380025206128245911691030635884037821
1.0195936713501441335223911209133731679651843535029620695927003390412322387644579644912192123001514771688107327544840382420293374995071665635836197773003677969779694279655726615616700298175804900101921 -12.352668109536875222289128639350570794758680814325578609902005599619820578748615095480927352229823615586081312783782023488158361064273162163031860685492459837744096658897306810673972323208265267038867
-1.017480416219916680978991142302219700327193373477811547478624659765335658399941912010785648151127952595739172164301996617954395585819850020514627885792351313117183984055715549395746225545996436962317 -12.608095569891412162135473607242641651307015295081020623130636949383008520080041146454681924646947588451982239786063844098642924187385997984886110658632889752384250636770932868313436444701968040254616
1.0174804162199166809789911423022197003271933734778115474786246597653356583999419120107856481511275214047289310933945934942392081856429847785823310455313321905124934903108907661439646251402709078398961 -12.608095569891412162135473607242641651307015295081020623130636949383008520080041146454681924646947354165215650069107228144919983585091948580312183558632754928280246448795950981229465342408463604896974
-1.0156438445503437126806032236890062455943638582080765878376312763508050395691463730129538132125841096469795828526370715534097985966763561182871437410647844767135590487844337458362533385542762798844595 -12.86411255142182508504363283090745724091519877810272400490980339606123447738798771177889268185337121016299903646179889709056250430222622321148915184465912148162611887185399832701294930942249029135155
1.0156438445503437126806032236890062455943638582080765878376312763508050395691463730129538132125813927978613538734337784105114937417227118512398455046737151848214804622219725533716864547073929402364837 -12.864112551421825085043632830907457240915198778102724004909803396061234477387987711778892681853369551772876546498941699001072688487964975303785397908929974379885239527192632662062807791527073719096437
-1.0139776838301435591979701485487093456622821002270369324718203956479871321871037167559584815335446645154244896070048978209471055522714229603996189724716308086809050026303240894294855866076157927209719 -13.121324439456367434652461964557203053346314227238658707406579559840706626834147637423766387172626475947319857706288426971990414150812440877379399612305230816554047542010020281045670942207675357427025
1.0139776838301435591979701485487093456622821002270369324718203956479871321871037167559584815335280352510165955827022981575432896817678882799963892415165652564266212411287934012459555979568106960187665 -13.121324439456367434652461964557203053346314227238658707406579559840706626834147637423766387172615165420880231352058916876332684977979535224461666957063013959859609881153950826852386729912431872274572
-1.0123967984831513871922708706237036340071556631503713601761688806016150287669296361790319963476542938013674247115290046895319620144565699089178011814443779899889824073007431544688256061257130119566253 -13.380334073743832442823706145560509051085022145003189479969027943561889375312167026799893041967279818323770308363725434465418068197988567992717541446762371565605716286134897029844204386010117944476064
1.012396798483151387192270870623703634007155663150371360176168880601615028766929636179031996347553704248116524244213143985906394973247169407151073414899436155971162515223359444258869710425710080696999 -13.38033407374383244282370614556050905108502214500318947996902794356188937531216702679989304196720630318032843903396992257186552861858342378744262649746718346237191656845986532779490300094412136282558
-3.0655091814355847266275104047187149851568150363376890160355349821306054399369083373654209377642437150705228441189227797368166005402740834580068954034755699131465145419643316344323980670680751870142 -25.051697764370264382756848490889489290776827715066733781029664035207872278365897579478478003599502687304462002398138058378946352778265187008871978646191699983393606797434465905792224622760702396325225
3.06550918143558472662751040471871498515681503633768901603553498213060543994560768407245295617314064347645442834949752406956526206106537795184880130256914397627299756574673265146073380426217838082067 -25.051697764370264382756848490889489290776827715066733781029664035207872278364664994976262927557128622254026886451634852252465826629171233959612919951553560793614855423599123917978352986880117456353892
-1.0108561363536120193595538136064455905414531605847904218129129490635740198257374713244966537008786473272585441015920310158900308480080549604580925362944908550257026663815232919020462504021766928499605 -13.641758158739526800358622956341441638808817013929492087736601239862633457420780106885363017936902114974250067941131015552728317901546595264824063667281525742884716543702088419152981136267438997311962
1.0108561363536120193595538136064455905414531605847904218129129490635740198257374713244966537002659309205984207111173039003909958116320096738424802664188581612405163432155839461337191679031906568374493 -13.64175815873952680035862295634144163880881701392949208773660123986263345742078010688536301793645100004517180110524288013000475951265997317373270442704541983451571559156140887142376117302027440814427
-1.0094477455212043327363819374037534486617961535410690354687199921958407164601636340965143740090636089841449553661697226703366962631117142164723666037850803318514082174746328150884751920664195191893271 -13.906238327477821490989999370846281744356461442282507205928668037770061524441105571163548361547611655423742293931581084904574943365501839888741376917088493775036477554891712990919200152264100056409537
1.0094477455212043327363819374037534486617961535410690354687199921958407164601636340965143740052532996732130035937354574819746574944619303296960520999296519889765228273624205719266986988583216180652788 -13.906238327477821490989999370846281744356461442282507205928668037770061524441105571163548361545053950750781829600360858646231388788372071593712465600927419315178134971618415673221200988659819828244904
-1.0085790077011327717974086128708000476901063085411932627970143829887171915566039357726658819883003372594315152854574220112377284545413109969194349877100280943007067969382025152723487472272412202025414 -14.174362172684272966762795962733705549568172468067055443810543683460270959769909712047313390955302148342812024256320240889751660050104468652489153101004668343527357670264767824731452932739838479215896
1.008579007701132771797408612870800047690106308541193262797014382988717191556603935772665881964255811280288985044405857395757204349935164353209135450516406163451528845712587356410243429349791190361789 -14.174362172684272966762795962733705549568172468067055443810543683460270959769909712047313390942695780605100876937096715609124376931875814514610412262154448785894082835382749202360595318777098042133739
-1.0091061514381067332320647311969865523997003745866446085710288961393156448614869299238240923735343603187420406292438512388405016593240303473478175312795900895626032102661499777244131216081772248164333 -14.446343960414707133490460600801242448235508361796623922370266923322549728573759967666825174797441367273308863391764078533897542833770338202731335482089906982022657602511716988811963106975403594845715
1.0091061514381067332320647311969865523997003745866446085710288961393156448614869299238240922262116602083793259024091144238662274309464633407125874127549039827655651823831597588103984638960639568533025 -14.44634396041470713349046060080124244823550836179662392237026692332254972857375996766682517475208852457060405284303301926391132496037348854646807581035476199231961452958225328685523628334837063505305
-1.0119880395318153315604562457129384151505328486526519090285145955997315397997365937197337806097710262545772879458980449636827651090225910061161377649570122720238739893888982404561379460358174001897829 -14.721479324570110040975054791387919659116818727066190391865689457789953483082738665208702010757384568781558616461662285067361008932425654822078826545622166035961131376323669009995170898383359035668166
1.0119880395318153315604562457129384151505328486526519090285145955997315397997365937197337797964029859138293596118189217572296292224940270823896068906318616998578224841770923211669794808902363117384043 -14.721479324570110040975054791387919659116818727066190391865689457789953483082738665208702010715692408234625002028297571964916491349161460834111454878053497120356743844173178425194265856605723252606053
-1.0172886354066219807629952153358896695466779297396148614865527900812982448587573759833079230387573983623878576080760671660538640550992076760778769828859569744613970726056646534088170182572125752102919 -14.998322878459953805801980455182310018645678252518027502792814109420983634326665269844355776844907252939367624111768020095065853661464139442287980331679105613393778919053223621228333185366569767622636
5.1908072687666259647495850490221715794474410518216939526805352053362363406718845546743601365085371775936705372285449454738445170897338498230522854089159733035473025695678865047309865314806703304614198e-90 -14.634226990382617029734669789022751085402794002436936757577321293816434911397406538898898871705618803835037027255207062639486508327193666385398386703075852159709407698433546341009120730872256899869994
1.017288635406621980762995215335889669546677929739614861486552790081298244858757375983307919172895061433475611809286368637870607436332300130482327830721237326547270441204812110491404289406536367726293 -14.998322878459953805801980455182310018645678252518027502792814109420983634326665269844355777708120982224554023351686878677278958782318907625510328767537209398371634196820792901439950090878743657590721
-2.8771896667844885723282179091027815743979420568767069225731138277549532695971493955873860430320790485235659112119805959849850497778628479290536019073311750606616289921720172609743356096888200240874606 -24.334126565101509590826688084291024963800086361805799100984721364553030707588196455178471132103949854254779667600638013487206948263133597768830746103234001414555281617718196052612587174409118736567963
2.8771896667844885723282179091027815743979420568767069225731138277549532695949068995884196343426438365450188674106895442550464904802624159709385416713410029995396164935573209523195402386065945096181253 -24.334126565101509590826688084291024963800086361805799100984721364553030707589738203741672832381235047005286822452887389628016977998283715748639311936720113649892233031165253564892477087675411934053695
-1.0239129839109223274845613148536211166318593251099660776624169217297178625732302483949487915142155131030404079795341698993668011652437549473058321651351742044574936888604688995470999301320928600096094 -15.27575640758583844615450493057053150959262937758431849777894187589848033854669155789233560214826865183723110273683854801669441010742641871860731663702619726496503403899411702205436668209315199900891
1.023912983910922327484561314853621116631859325109966077662416921729717862573230248394948775408905155475252692490350048352311098890151529186253538951480827924053030510368779859408857777517563703946927 -15.275756407585838446154504930570531509592629377584318497778941875898480338546691557892335610516186400389579516788557183806878180645327430212566266483800157088274340408197267159953731673916238377530497
-1.0304925647528712266656999021001525142192083633801864927993473147848846084233914415554142356811138043721446349772614904667382667396870682610873627675567335864749160400098490499520568995296660709668971 -15.553903813388469007215103966812179342788931883527082122735194503640320666251650255030663638628908471527006513984201340996290169039684395657101866087064083075683542777935283975859397291155014344577215
1.030492564752871226665699902100152514219208363380186492799347314784884608423391441555414174578313831548160900987813309635576108450077828416990676911945804978338005413143100005585479228778608991898134 -15.553903813388469007215103966812179342788931883527082122735194503640320666251650255030663692200609013882009795062237334418441410712104364517083985962413759668089693299584967708926511611905465512030828
-1.0361521283950006765167512041456535900011608457962065786670677488935394397079097436936597344745958450961533174851009542230895870168092480958082284268061580496955086401477010212821247352019646913036916 -15.833051896498204769044874858440076514293190368389417662228424289400335610947177751358163079305862662840483621326862709322448628904871111011742195635533789163896164924725986128961507153754982307074523
1.0361521283950006765167512041456535900011608457962065786670677488935394397079097436936595236020733612304168276395611653777014266400333641617532768961175963042106205450613669481566940178174697551964629 -15.833051896498204769044874858440076514293190368389417662228424289400335610947177751358163376306368359395624672953121072928571227705146923537434162158415252433686784916970190729311890796592449718915605
-1.0403686742906653746963621524341120827402631908370066783939338363276971939564136401399551975592203031350754592461281426418457369246866160450614540944435414264848350782161278378700504234259248479220773 -16.114879951971098909922601999888612589792835192803180971711782283743953550702070676129607237479515661281077451326837821910214761607304619825854924634071941051649219910238124804445126795684051595710367
1.0403686742906653746963621524341120827402631908370066783939338363276971939564136401399545911099540640349578768738120555707431393635125559402669154133133904603488133484194192708213907549056655463333742 -16.114879951971098909922601999888612589792835192803180971711782283743953550702070676129608792126168967683224411285063569012243278548560752813197470791490248258573257108939878230542472868880471843672075
-1.0434915985066169753894423267166659704963817254191780292353469229450933435112614070689841428073153548153121575739742643738921700696813023365321885600119015947351560626649428329832493358897304592479864 -16.398298516527277200239064894094411373219038236393708838944698240130217763251030119442054212487268701145780123528296450127800414650235548310229417278028192402415757244984798615194642403555235394634552
1.0434915985066169753894423267166659704963817254191780292353469229450933435112614070689834558629213458697137441235773836952701999692988213096011832153266983089736931964303192183245228172397305337441186 -16.398298516527277200239064894094411373219038236393708838944698240130217763251030119442061905705960882745749325305460672890199927465844728634745454301674291917509591490814516107132860651000802159638434
-1.0452196308319550940375523455557993959805402229882252273818337682336834217858824826608137301959409228611511752796624764703570441525155122361546881855255209859768934001007250024749862773279137274507075 -16.688985347854136834387654971347675436512285858061516760128816228082426425523702027211379162137015315452193887968570591233910329279290580307232821942662153558862663459382628275950654245486332019909933
1.0452196308319550940375523455557993959805402229882252273818337682336834217858824826608229076462088838742148561713538794685246318934276029744631297095729556867108098107131547344115340730026232085426249 -16.688985347854136834387654971347675436512285858061516760128816228082426425523702027211415145865370641122782977536274953196039046817473151775101506200098912547224697316286995236031520344964580851319968
-1.0489368930660443461689517248011815470604333403971435105822204976831833856918992844522968988694347598119540190302471032926541387815734772012695395005494686805055209551966419860041394864844828334462868 -16.975155142987686048107751232586981192893292490528696843231740226229991817253828719682991311225608407946196227666761342822275587715163581666273391280884254954423496841816228012004959199868548167668398
1.0489368930660443461689517248011815470604333403971435105822204976831833856918992844523977719838349042803443347712783964618860239654442165685805046459791610283237876345842038421610092144415846597316475 -16.975155142987686048107751232586981192893292490528696843231740226229991817253828719683120822182504617007073969856401733582778865140888409653101611028172472813822334201300751050160771338216742249515416
-1.0497892082207747775530193981396692790245361359673458380578785477265791767859157510538104043355854575426026826870597705463694033862623262072570085567992148237679905129447271481500570964512608408924588 -17.28544330444952675459131798656284191149380713008478800964962852286680085858776114532001078837984093226972637096712839656842925378285936547303769838181835511301672622623632849152651441422296339967989
1.0497892082207747775530193981396692790245361359673458380578785477265791767859157510545415448188958165263022225739958616462296678396856172982501109038872270565936993885679494576194111120796423720595427 -17.285443304449526754591317986562841911493807130084788009649628522866800858587761145320358981147412179393609547598331890194408519567666432666457627498443936246818225949600977416341720660481321530315156
-1.0605854195927633720920380045493884961199837671520647385486523399542447261662161521259033849508920280606021418560540668867006174610435159293059658775126548679145826926713644033684983871688730416714158 -17.549044607458797087814300705292312945967519597627900547298571064753640721403514876271405689447718696525197544625554517072956184613755550271639231276906899019506980547430879341285561014132388927942851
-3.9803402271586982521318426925753310553344234960483349504983943940390330974588477799387799044360331027264421485368031911867464225405977080014989291402353702538139505440971887624091489561069911868560317e-84 -17.062918564214859642409079435541559861309073378633952339797384236459890817104776686221529406965148494907916419573885071721231973930811931117975996584909131755337901638733155197497547779174906390218873
1.0605854195927633720920380045493884961199837671520647385486523399542447261662161521286406342278731373455610945639949789192150258191965782086775280939349360959322683402088351497412995075062660040392762 -17.549044607458797087814300705292312945967519597627900547298571064753640721403514876271321232754334174116860228942425861711279060116185532151476630698196271001943005653114941589321371792126624675059942
-1.0343821087071324365116445491517665219591122395614810787489420358464217234072896162113312917467936919764950848388435920166473681380325163931764539103124245161986222067488304898400933505599489625339949 -17.942232329888960412434526284935137305178278098316997161611026743516586828710237362408806263437363543089609427466059057999843031490129603894911123398346195774561279917254502843134385737054765724034846
-1.098487797036923105975126054110623832839062327273786158561940530846554548861694488209773115929331793879065195812145584564581232651668093854771561752519847547169488561814552928166047984707059359199956 -18.055214555467903517999773262404933919543738084040944475557241269125505276387895077397229129749974087159549513985430295244879239135285485953003493726686907414299617243319773461214491454429424922413289
1.0343821087071324365116445491517665219591122395614810787489420358464217234072896162315845979496536716369304207597703246526891308943059375995141471274455323009306823677704035140303647269781940550426293 -17.942232329888960412434526284935137305178278098316997161611026743516586828710237362400788844021763244933545902666423714929684440125922901559956418951444365556534391655950215407961109520349264715986696
1.0984877970369231059751260541106238328390623272737861585619405308465545488616944882191517546732531407604786468301811067935014707952329781241192346426054108666323767075690821434226502340538260364471256 -18.055214555467903517999773262404933919543738084040944475557241269125505276387895077372882185391561069179536478063989665995572314040669659417988265851704958920119372278762586204639611653614302899280352
-2.6905124729845025689674184658064129293884628888302289349961705777887282308241531932059004155891215616014756740736215334017928986232049329522803707323066223830019501358132028892242852494896693729314542 -23.634878681846967515391573879935772401499409663937271568228163178806240410079433874559042822065714974273467706488901788271562754837236864716128780096850887051066819152816578378877746479561922475061736
-1.2838192223192852049300283500663231035276981435307119528559775729579789714223220564015366984758063162602393079057395471449920903708341275133540519802543902275654867048134388217109812709026553720309997 -18.596380746830568273050568157934021035204510297749031244799259829306917434943113412161797738683513699432345313441820354958566819448192900522592194503522982775289494986789259320620316342223134624296176
1.2838192223192852049300283500663231035276981435307119528559775729579789714223220561344189492331531126685492065161610332911320202467591095051359370028637003515366761266585798572481120168365185050068963 -18.596380746830568273050568157934021035204510297749031244799259829306917434943113412115524912215951255110452214005626003292789233306917926984678218167101775984490489079991837597186558382150059869618373
-0.86617674386665036651785812980283292320371551334353005542609102190714796715564452776910548084492145977921158187788866342782007984852571652600470428362629302018154157994330993287596928464525106834703803 -18.553969305450373931103656655616438455910274360130973421884644045831213664140651809759655597537903478697009963108544987992609051890059152575206265436632512087082336866495298102851387929655069144740968
0.8661767438666503665178581298028329232037155133435300554260910219071479671556445281531573960408219123752426655610023147255148049098042272975524467928324283266721493916407483985180741652304672679365283 -18.553969305450373931103656655616438455910274360130973421884644045831213664140651809456461521905467295775895585350038403068598471343415448985537827665892914209229295553840197780793286987736589485114671
-1.4502509043133236745198200777034499411704971634385622861707848223435815234297639799229094552778671056065225861448862991986058974560736582266437757193298980939416484252859185310854524243202217316329025 -19.179000814237570315801401101323715176307380305663145026339729747326130196771046389531299127013195625796338076603296138747729575997933586217969915214121214299533988575180925010667252238032145247316805
1.450250904313323674519820077703449941170497163438562286170784822343581523429763980140133138495940010602354391930587418085208015819326753931811246216468843463574789511496776531490588078444662678101188 -19.179000814237570315801401101323715176307380305663145026339729747326130196771046392092636774383805468340038539930951187872745201988520944645235232987749893336698101519147085079059660141083798290527551
-2.5057593124470263529975718280613101161400256292586079644600480408461639956951485155679201425406176827168759504385178241639215172706733661746032415695077986214754246886573333303168466140001363448957376 -22.952939056261367508710255298966142044498338664895815705461545036507122621489594990083620570000870085802855451337356233045971936209263051770991242758664027385750408180480264059173815624527428329106489
-1.618918409896620024316802545171514439432824634884218553872127549288236365413761685659621113855027303900105704959137292638244614834783096599099518818649874689555431543593871656680481745781743244267537 -19.773664688626652464452440497215429441085185473382326058309455486492657457128190067594814285976118027560585108140697244655352479165290617269976655709616569716965289925957432710977193745831401926195637
9.7368896569994633929186149286727277320205445098049486573111766829869781531197717008496931210925217881554772219515935217373741881440754779357059428513360554770232867751491335665607633353892053464862745e-81 -18.627322194304794234196073104996396354405032471410019462746621324943229246338950763960066605990215880945113581534858049805979841645195788115503218040338711905590377492439574901517874600200922244298129
-0.72089825338662208309387765441149153001285288692028975837803234512360051293207873576314906423015875880600796020316829284438086125265247710066043020803094031864603381515261714401400252884487350889732838 -19.14005261042965079202722659676026595687032209315131817570514545997695968376876990325754922797819546216612087096714454355493476366845976696234016040113413878103041897732375612604121719870891029643127
-1.7906977076107066489598157704708970545091508747921462937807260305713540964555184675055604317446683861133698792821971175927513128879398445262721045612601122023974255521952931826841023212809672283090692 -20.381207554258147897447582830229431813631064817911754818187999465623032484171263151575936583341487518634491440361094967150516046293174370043354966348306073580772817638186069783059281606549739856029698
-2.3231830520653950548085235785385378046248493028365104502780345543013898687686383061314976354153556465501192244472373769656371299822597396739160213693858478309738590797322091546446328060657661055086555 -22.287393154214606736791101769398235460352382338468228486467425899645140961503927829118564833295079107423182081843461130660859038344982106500845649166254132578717185248149321736421334969211921608000774
-1.9654537198427019951469732365637593935951382426282989159889153952991588325348714226672933891548980061587191905916796292425410685922070440706770676889271048623590568283635956635492507351410914119079662 -21.002246839642488777259284450138203848180203261049431150365555767016785338241668972512420473068455383637718229321015793664468127963814777391954872772358205030928456669912752755054601292583216706582299
-2.1430120408810519736988469808466159035424798425821328418382849587470216680495739932095083236563612181866580674396491208106775136063131071808440941141911484441134737374448241413839269218999854810994391 -21.637413205100502315677824932572687398430867154603932333132436812296862573267348161528555377889769977880005378372621710263154555138432257061248157308654208001762533725845560671458446893789205519216117
0.72089825338662208309387765441149153001285288692028975837803234512360051293207873792088862198302653431030098265330574570654262643490094636453886606249141145228467851630927091671084222940646349449833078 -19.140052610429650792027226596760265956870322093151318175705145459976959683768769894456977155172908074846877731396067890610348958070598015608121176730872418630366418285848856995991829709290701138099962
1.6189184098966200243168025451715144394328246348842185538721275492882363654137617056306016814449755790820092740599135484591779729232830120826074281215139901378593605208038179353917238030449686828961936 -19.773664688626652464452440497215429441085185473382326058309455486492657457128190058653746649659893566920162493277337454344895020413852291114512705411710734108411739592895844058939982678564176574593954
2.6905124729845025689674184658064129293884628888302289349961705777887282308244365382412794428948461297265183292134127869037370177098960009760003145590524556444028295047250731666248369557945548187776738 -23.634878681846967515391573879935772401499409663937271568228163178806240410078753201642249545259540872742508164408783463529061034276605030142144763217568587719991061261200842210297594388308166660936474
1.7906977076107066489598157704708970545091508747921462937807260305713540964555183432284899719842338327091099487514426391115179236488308909981908300611266430280142849436987545804985903009282134831470723 -20.381207554258147897447582830229431813631064817911754818187999465623032484171263040589910150566155243870804721085576076632275946609142725615916289846057745847677136519052979344211072580836431866156147
2.5057593124470263529975718280613101161400256292586079644600480408461639956951980762959230861791533905773507749628325364317020203901147865505526614419273933011115830788409705390842452206201067461100263 -22.952939056261367508710255298966142044498338664895815705461545036507122621489763380419691806006736375023601434177560173664866051642900137617296908042597989719113791802126302676636278607973735043399449
2.3231830520653950548085235785385378046248493028365104502780345543013898687686059896607225799483870511021776586129702536930374868919550070960761734587250757636476573459397196171575491542967243029848474 -22.287393154214606736791101769398235460352382338468228486467425899645140961503910078092302375377303291827838380794352393270990537434437041078482652321480999556266015087511093723140603596479549840931738
1.9654537198427019951469732365637593935951382426282989159889153952991588325348711744620889888463344881388528498193684310972056276915292680237385944199356957511238342501782964227976185672512218833995043 -21.002246839642488777259284450138203848180203261049431150365555767016785338241670077651884567347288852906152295336209965681344005770126481677814554964126684190425943743936834146779960796596324871443356
2.1430120408810519736988469808466159035424798425821328418382849587470216680495803685598540331225103089498977618287702277847176752773486832559054628754224271483891960203375696685776609785358877503496828 -21.637413205100502315677824932572687398430867154603932333132436812296862573267345636371639164370739442842467033635232857508397957012567700002980080110840490041458031706671813111887879699693604889967566
-0.56862849927467905915651845859602631966914372214946405702178433936235945188319181037022828806391015944733565345840407100762289542855064024319672125509780358435830319745305681371383012555150211414479461 -19.724583554399021940863329520767175890558819829055807871135213076852774387629464803501502854665037925622310478043551691564780872295191459935402245085005064761554241886984074862727424174569168980238288
0.56862849927467905915651845859602631966914372214946405702178433936235945188319176279756042977353660126953375929052325419871064302845065475834094021051375136608097126375973237464789531956150791659855984 -19.724583554399021940863329520767175890558819829055807871135213076852774387629464618395372521764749389866884483418743553090979869486704044530586147255919337530620667002685662724669563860830658422887463
-4.6888241319233498953776352559854861738925220173700610154620732488576919600598741091800458360378001552687898546932453420845105621524716771720868800502386580500674602397839266062733614012087258894379905e-66 -30.026757574075978732238344442894597848519304973126192038408446706874350693023268135798079189291126997462150774858944264840853412561296464987493648014308318118610694979939382549196910381784790418507308
-1.5346996121918886982584305654750129189744530228392927302421981403228346295002546411735200753709229973245795491054325005657691041303696703402663444897859972205764030648693438180993669327476227372907578e-65 -29.7743771518583352065905351501024860424126042653693234583211720798723662658591998162403073293371174510750726563836275517055271474036513249430171038802200286834844416016021606163764425380990442834781
-3.2554141491707996925887480714465847853514590218455099623405690660317641034727059971223458841514245478349009664559600882174396410909691306497623050386211451286359185844723482798042715847858613068755324e-78 -19.907880600615054607033281143864185195361302291638941970884822344202263391644840113610231561849320946369825922661936560825449546601462627174745835763865632456939972710938879401136535039434376293497132
-0.4226817839861721841692894794352588794075039371393204014875488412752494135194553777593399242751830994117791686180558182620861975410288822923328842186900388014490553769557483376364785182315890254800353 -20.342113569165874867694365467457261648729801918439985234701742954546522748477712711692929489861606546914392399765293328120917642677682481247970864446568081940747031057745600770333006736832881831550015
0.42268178398617218416928947943525887940750393713932040148754884127524941351945201514740012630822358910048028644522690786578215676786853801139327402311162607439157644994501246968732157483457459401801402 -20.342113569165874867694365467457261648729801918439985234701742954546522748477712551084224367944806189973768193135500779252329858384297959489188256261588952509395668363293763629708712003636277849823981
-4.1799232919130539895819571604504555467720266734877915204060039141108808183538464552177348462451959297452630400206564818022032882088003437460602031400234095525439978148156631182114725247310675475068971e-66 -29.521969387739197493037338494047455514540049001876392973284381619704123884258417441666564883118559827653524667097107663834563846446079317430923530468596341244420840439344866001074113136917983211739723
4.114055247260778496614726146073083651870661259818754896699305378191562849246849402543804625885437959657989380859243513022339811478443071976626455195963810989138989556996408697377241212490155849446241e-66 -29.269532342608073854618204412373511239339428324000042308538340220273962032519328314774119623123381369274389186653842832033228845766373650563648493850992452506018411912020025249214939237751413955944775
3.2122032422423822083189860013147524758781878972882727348459783838035774431578715249120216182891261059251808717797579721095946302174993111504162586506502574797205190751362813581086039951326730527560461e-66 -29.017069082849276093466064714518016869401861275133071581439700862434259345687175984592624248179061652229490603771296604286248808472865751335161347779918438713741518563491733863566720250152047329750826
-1.1631740705215096144999050319227727474236169987105808367175806054964711186322184097988024378543234163242859885263023311998271101278811186725846367770235889917777573117236193949105829212401116784322526e-67 -28.764578256689910706525766014209433997305114723460912111367752401157154467969386323920859882362347114187246776246134427711516893544844799915680798495586445186810025806904152243437647307249511426293176
-1.1531588513519334310801937258148607516355090663785439396393340244535524704589295864067938679955061883090815012539924073878751254393375456311539341621837411533000744654444304134378344027033453271873746e-66 -28.512053936974425358721052583044293275207969647451950891562785088326477467888018719922532994845431129440853047421976252912541383081016362034649330559210743482805426758491944114500265474028675069544933
-4.6092821706966299685494420064268426345637278304317831805372327364186433655812715286458001025092661521464668990457153137725880961388120734140214450317994994222438531164352100786850729412632772947979359e-67 -28.259501750763677924884177095023728980884264268254937775170362035116845992838680451578094754373614898418116546944663101868587027160300956721039726214974516165295242928459290841912127162458033794868488
1.6907854611954774999139231867897747962852346302856981952517866419269092633695348944170334413949548455495703270543372553552836896219517712231526408766431174787270974538651276646980213837541472851637703e-67 -28.006924291452765483279280994731975239449588240339413140349545896125449426909231394480023707430116398574337455626553320302786732879582598172788305103361414657417928534296218901892370712264497005896607
2.197834841455232034061572139054403852363781844434654345217357094878110921084891430585002366861152896312681168049948103605373551617745326994551842225668191355375393315255903717495752180312933257480879e-67 -27.754306572880723876092427892458830619171445228474235788034639629566738197069368252880190127449625756853127899993834117293364165238155944959461495136136698055973386545539857277313348576869682899315808
-0.24897470870162845676625009481400291460606019390569776985249218631630596259125201282166004150333157137308022587802391568167079345154776665850693064372672330106900996737668433206644174943496782759053536 -20.929724733631274999142719303566960262472015557961534664604241452571956493785159000115500846280178736592323397438101714704801001322883724598514468029125403027033976430593091401880669069074531280103133
0.24897470870162845676625009481400291460606019390569776985249218631630596259114300772945114072619555072103687582445307545699177917115129133514374338911968517554262289536792013060325745973386138422022668 -20.929724733631274999142719303566960262472015557961534664604241452571956493785176717231706292112977849228615462659326873592476174367911123652295075270521360249665213116280818150634862375151240610249077
4.3488328924048349187001675099985464844300051955404785731538065657457544310602376425636171209164980252035287204873826813004953599147602674449796085516357420110795203883113343023813905739408733614665914e-76 -21.066321343740268775456220462293890003730211794810173225454341756772191860503851733918095576465530471898462754423569977434352842040052185694163658136711580431447934596340827033767549592881299625589375
-0.14268835114976087780998586101565230507676599798691177274607388950206146256524787509814974209851260554712766244631319174607403217287318840783539013094028486150866841005472893003066839208510743739022917 -21.584909258983506602481211199724503475910723612828751491321973094203967672362591187846050896914785377977449751965855580423061728721411181294590019274883014351662804233894931025477158896465230152819717
0.14268835114976087780998586101565230507676599798691177274607388950206146256553507269988886157294844889516907623125699128643898115008845059967260147366102737465381270367254098020594061171108897494753876 -21.584909258983506602481211199724503475910723612828751491321973094203967672362985795135750606298802564618764431196964290037275644168907128572251974367795203114011858162705890812210879108041475253907929
4.8488316197583120050975646122456849506049527226619456027725423485411376863924080852141221424170232276559165801735546695533814801793900699148705949345378713142277048868490227606098379903275524622362256e-68 -27.501657233359084771187039941200635228760480424183388648245506838106460091566509340355607160748388776970186904927915438325743457637508134809973053238875793535392504156991945383305397210970393946080742
-4.2208914535724044796517948178028780345541095244731965459209437153655136952073965724274157778319604628046885222648723557373586706898139488392858130073129060416659194083907133421213329567805875591636995e-68 -27.248991937660397768078064405808049017496478826968042709757622434056817452115329628076960382038184419695026306574535293666722491430505585375303308561328920861435324854033359815174742745654061743153574
-3.3439411417953475683629524157160490635464795766081185024471663633670620006665399463288482334009443694062278474741305386116412728603665844194889859909009116172438528686950302321514872358004401132570107e-68 -26.996273466597287364436627712962305451186287233558659035874323444410326051645591382331203483272881553851047236526813197096300475973151995324182879243382276986151520524545544267141821316609000406827895
-4.1186938987849221858531971102310085857623194469651261346147874102664894088869943573076380740383863585704850229534848417643726756311311647019348414380754167803345638113893374674062578804512855697613044e-69 -26.743513086018653549202250848625012856003719380812375551758219504224174049026074752095494130386146611885731720412155077745103441756670472972310323771206557138711482306387414667925328761028504027363077
6.9532110219489905897285159648502865226859195967727225741617720064264358142169793515950298475033942618846846120243269484841461222736011368090040897227949447419502247120337939349521634999005504584501414e-69 -26.49076761718121875917468158065117374158826235871377996307862586192470666153554054558683682014566682681099658588919544871524537134084846528118678639897956669641679020466397446124357829006258511623433
4.406175956742369396307702706496741546194161155259776883909013945943811873343527057875566850655881539124331006161740117674322374879466383994990551323095481321300325971674581914920543627769653521858358e-69 -26.237937147719798128847535319392804264172560465826950537397750024764864325880338502269674640211677460507849036848056919795608361323653138523288693909442238193682015817065121430905195052762188137562697
3.9726133853901761689694424207743339356103297001755540806129531722069452058685378740641056248987052927046976857087417752077561637415495828753499848994034009329266717506109250925793554274758426086609549e-70 -25.985034856407098395947261207385549368255195189199329015668270527453628403917995081078049958616953842823821759335997644305833775463247801197296662319982313729930758000612827689399986995796750590342526
-8.7028920253020024845783479639894861458598873797420913551308622779587000085540759415168992266453875315163809777868598067275731787648271970597097927129824705443259051775938799857546322715586823392365324e-70 -25.732251132463688036423328344559479773918372195515180694192939443699857227723345387783904952445407238974298854596234997932331490177678903619155559225990031037998432318767100901275550215674303108003737
-5.2231940483027052181503694132172212705782932400199884343511494807765811775754230118234539223685019579864991488654381269717344443747932978953901939159495751395171653063128180387413917259087213240258523e-70 -25.479276823357703592049466161400907559963153148235253344438697585881737603287189741224676411739157411944556487278847652673094097254456986764787689666225894725168956806871062252738536750907886734694876
-6.1412684803673209570589045404657327370983685368363954036243651507664409911516177585860829818097075149366740478050982612052209802789283959170683240692430155820636240529022689921142528841521397427303196e-71 -25.226150073480188983890252403719739851960322310162347814577354162081970676866773319420804394582821258934772691891417241998827740764053080593890542978456362977250377501122124755730906946381538454826919
8.3355233885765307117471920225443987621156683280615263539770581209328329440384844477812555245513821878243531094071490891781215525523788567015974087350014800868108644791539177483252864305828734529360747e-71 -24.973510600948546402892893055758371887879586437536247934164934964787873673140960979398406331377826817763559513674937606923888680961953388581598140966707231347016717455715246809889277997621594098533397
5.5093142620558653929588615670410509005051496817868626181027791611055941577209816184211905610145743029832895529791284102379662284875580511043947551676563232701323803330060182890802627330796117670855777e-71 -24.720230792997536206847789921336159388532594119462955965873548609806328443324286277004462274254522661921333679572290157038789805474771170802040406428354569398110681440625963659939613211673135487567842
1.0499773027355622176894339208708487163982769616341398477003972244323095114773552076918832975011667408294204475328362653021825442924229956356989820242597838936176992211981523436056580229625692667791546e-71 -24.466669066415317111859241056704495717833677054843316463801022078323099266898561455797033823716209501602830116645454131201973044947255356810519430331784082560862573927792535068877305137221280778029378
-5.4640751307871149349908046374322290072810287662335263774403784613850558778213198942710833291832315230419012943621597981005102106586854813840208101212843431606279436444025482734085367871194343908693472e-72 -24.214946055398926970560394847445986891647002271501182247152093455125888432690417877253413320838047860664730484443663594346976902255745092152504123004546532135273860482082136714966642347198925857374095
-4.8750433633412440317008847820163501101910638351240866646591033565682497733328889225124616806940553133831961073637762442524372497189093562461779646452246521409967732873388598812437183823616463229403493e-72 -23.960371026405058377053574607837177265046908989254276883584000942727575464321454133644946752394836441733948850977773461386826124219708358484194972300733107237710007775683746690077765790514181863186445
-1.4001347150976155971278382671944883456278127875114660638761110819360126020684445238070325179846235148667172148371732669840761473925162120788472118838268213870595863666634552282751489640880720122033345e-72 -23.706197882321926471517045551299811882569020527303741431345917660881485079089311381782519996594847707062755226786035486787743230542297408639814078667821861605109849398506823510288472522879720716655365
1.1336767946713916001361614007150874018501155499509354436243457264695768469338846575007767128567627647805564625982117591764222672091742681343270605316745497569755470929074055117191273882454585909541949e-73 -23.458405758649377472109716448279402137768630012178232714465512489963667414884484331051118593031439132799316003859369226581615868037604916062370767952255900558126306605641010700582031252309536744008117
3.2564923686415497410701210586687602378705847384868908807976162751133859904756033112292102369396746459894544440035043252540301531780260439855727468612258268877115592737682183618331566900445757270668908e-73 -23.196587696125682919548095464124303028024138338996364493892650468903483750031293974855760324358076843345619798230193641774105932895483789401821250153237205623047780502301939511102278002355646689017765
1.2339110982580923599866962324229172548216199674703208679392233527234563181118735953157516058484572518384681143344884040892439674487696438277249754921746998300724649361384773018417540214105518288340855e-73 -22.945935631397884146526705468485997359776473573620706606226361228180912698155384001153429980081798727838447354939671070888979081454235351487560436147115812631903131369748272698740679244612534628406662
2.6824819509220786421643342998056848805778181215228709223366454007674809257806660852654451359324434813260756423438124129515787573297628416091078164425519583196680419412885924230997144372312407452176275e-74 -22.709581094368483739989045129732157163779294332887564562895691562162064894092208747336982997565534801498061812547436302962932181816448131088027734265133499895752693833338027667153947615326882301243363
-1.3700583983336412332506435366427611163989966658553908754168314969479889683413565797203217401870566183091913224088053728577385332726010798321420229173245658330958854041903237438790386698553878549811432e-74 -22.407412033612306455653970324985526817586370235161458612620805049993888718360837793521842098479304845903903227820970290865892611947470393084889299356447823682655695637746085819705076765559725712092518
-4.0220840807407547066617245600532000150977934541790961318243470486306082088641556995369552923626906331574981578907678796727166682997287984163165940812945164053432918376110562586999552754178697464144335e-75 -22.215303999682192708153745466202634096116009571415160321432270472396720843808825542655092983815821468328635172335770043735949359546044231342496906740655107558841658651844139620310014018418940460212178
-5.3046324360680252994003799832624422527424942310212152946985085781121498037894656588138435037896952600232744784971340586102719012546245462967162380844805436494285421762973649350004255816079948413561961e-75 -21.960578298316224108139955999567723441683033808276918917315463121770465904940579777581959526265459624034185841136602741882201839673356329276253687372387288408494126073399098856485716388477597707905853
