5.825315506196981559158360405770937186573169344597563789720044448149154635795100865472443320038980679766416210174774574228764608648894800590096708011576983805345452703497201660085691911643936 -46.47646263895789144105201250110788391130025089893792130102376372305983195004678605933078015018637640668943268718813851385269713866253256532111332683432719347563179930731336625872611875784459
-5.825315506196981559158360405770937186573169344597563789720044448149154635795100865472443318465685364462736438218227660373763648570297017576741167394087038189741887128173526328176767306360814 -46.47646263895789144105201250110788391130025089893792130102376372305983195004678605933078014949692647198627557050640025945359082104808835753226423048270846323762636176269603595572704137282316
3.937370088061709482739475527697109518789896358649958560420094731869298127116872625362438166849079299573668219451190282129434343485171589253903492047443873410887557104903385848519781931081116e-81 -47.22921038440302324970500657226521570095934138607416540216296619372974970745329916117729019804115574200969405710232795006044732290237076701973286094708709122232830270193422158054304560817305
-5.517835400689878706718305842971512457361881108905637207024878517945850678481782066237747173292296436959019699146424238993074921748165306926014021276768250479640265036530482530720451834616084e-79 -46.89873852499631626036494520069808468473883378215419694717878033574163289313639681260157165116180749178503615731946519514821929000747501431105356334436997495591932604977995934087500004394104
3.133400234582481180290594978062843673341694858103259538801517999227363894855361136341848439487117849436378948701549678658244210517187587790053104686819990710915279013204669771858874939823089e-77 -46.58756539510674538979479244147127920105876758943418708924852204024404365903325914382230210540978716481090562076301410093904990345949819628157318374804732679298316522416640964271188734885818
-1.055673186799774004287588218712741854097976341031226791199199370971099740958365446279942599608240183821641595387411762407623161383332404149813022799123132091736317275428556496718403127328681e-75 -46.28557247886475230973879723662295039918273482042324035497316307316400151929363366748480185630193470008963196773947789527729444716256709752994298037359312174743519688800429544351526458143231
5.836128954688254252129582433072005361994323380056919921169142206653649285245598603257621078144494070544882364449436022514047231057695710855820970977438540505534341688039610153865308339314196 -43.93558366099601108434924334051207194191306288389539447228175451078671952539068443389161831278708871462520805362833167438592406481074726401154067243790095724852363623862344879366290956378653
2.45595953445905836294961175295958236275789112527238323944665566058735935309198219540197687691611465327311944937856225107452667764962570884379872249926634090550603635396195551757421530434805e-74 -45.98916303916758560061348815476194389523756503472492897240694839464468962888138110368735980883072367545287137010308050248234548925196797984288700755307298840386437366542908068695828635872238
-5.836128954688254252129582433072005361994323380056919921169142206653649285245598603256917471217272831716925280572729524644034268844161443034705348764812354055897750389304409795216050736338003 -43.93558366099601108434924334051207194191306288389539447228175451078671952539068443389174809038965438805312547690837708870119813393893251158049566854560422868494540742565180690140787444132171
-4.274452550775997749387677188469656312964262632989336037628377360851078704067572330447699248300336093203797089634174132787727545267822845687094917626606326382469315272920649070509018254215087e-73 -45.69660361382487959565526435991954498472768486291895776304759968721988683127446887707235329135649628852641798034466996692907969049742526549516899003163864784035603104751063349234626615692793
5.842277066925396204111576575846027495059713802274759062270392171675983168977241071085262812202295112967239752527190759498423551693884747107498275899849683810338066311470494921663961573128288e-72 -45.40693129191834823542411332543527742859043743799260502172744987392297687346385931555322378832325075308919256694650879011856162072486287367556208926505577460725387441117418986740124965766755
-6.473107647823315901510248462851521962972921890041902566927700026205792189995828072999245406610163181337972909793802959686701356399895828886528971275083230753984261365243925731922414665527139e-71 -45.11957533892897979810106241643534692292083780860239083468792162941588104114168272890870755698114131680619135698257730288237131173456105114047821887766388161406766373751603494084397815181671
5.940942668281786136862861009221616080956733186262211238687487751248838550431123234884810520742089595108311764737858673197292171397408274638437868339735176261688765146477580067513819033339685e-70 -44.83419753518083249503161032264093453024203110242308318863001199672916497474223287980972677410454604307991378535056832777070114815186854864107860756561962003060529196329408491253759094092824
-4.58385972820554042057479071246263380743583476429889475096649841769625426500535488818373727703942925378221131654399373489320408066678584170381282869964656928344424988935606159351514439721803e-69 -44.55061811634055371228220549542560425901555494222754986908324650124374272598733747633772900228423775149237898299526479958787299061447004226431568838763175593556756909602376545674734685446454
3.002226120670656386282864365752154164815203808001805616959202894512924566149891160323339643042622351339947360735770386739570081112873176297346676300541869742995240657272766887268691060308045e-68 -44.26878229629599678558300764731181904976870417647229721274436314515510928838707559909868827274161973241127963324082837565992557739550607411868829152908311346417979281184698716922698296506519
5.784331464216253137901135225803954411042398723186609703245939507392234738144978370581937691416876500729008210977323758384251654911879936939327229230818886304417737343221527740887206545736265 -41.89945453118950281918815002919458631819210443553158422883685539360081586293181156176155606860461328121681659232249104638738875454110627864839790017148024903491725256441583946212896095986088
-1.67805252905684939160417772228787277972401685621919541140299187386494006108818493031838214983142392593978987300207843912271522284558898835482473555531289966929226130604969936022524799970479e-67 -43.9887502666886382570378340990274744599720557930258231463544130986297454368705234877209628903664035115631618879846357367870146370039240421248210528073237601539197908934036522625540141828696
-5.784331464216253137901135225803954411042398723186609703245939507392234738144978373619240443031326487857239071808935205517831977878793278927844499430339457638278523215283436098425148919143383 -41.89945453118950281918815002919458631819210443553158422883685539360081586293181156434541594775850481614365689416564823287905919118779880130557282085144685057116813444256550710421510407798018
8.012213792147037950873648265065475968334066539995999159164287100306792032652946830497881587803460174871785736804739713425290187849012913458274642153200341909083611258063409780227861099251421e-67 -43.71070419020303025570974893810957440705341568995481236548710134123931877173542578833430500430062192319561746826110651443575025728187037152190470618696408899468547719150199231488597490790604
-3.25453553930460612244503362584670181949393449337698674549687379591220084263446868078498568394436536247925319660708344768978821184629503949184901501448611899362333083247462138759513653092664e-66 -43.43496967717293243606787702426416612040214476130094506596113965894936787065019874234727898201285442181515495056509512111713147136578734429837689043304410173547769868247759837648550036360435
1.111910932583107432165712336784282823012197759159369314505802424024401219512892605336227838599839776194284137723392143001989504850445363994294589012985074226134451344560958233342251501273964e-65 -43.16204760998962039769195692907910057277314221254349790920977662742675957275591813268744362162226123430534612508958525179914624786340389501422592529801382456550808753123363475074666778363283
-3.12128114088245793101827911754299256388921609829676058437609553959149813077685156451347114177742429565649691990836342474483145002293278143647339604641800814368252049378872954583861408478947e-65 -42.89263868918205732511066882405975186006616917757568137744555340540444206120591875689867218605793744030702901581989101840170131873075226953381115602774642690965390260406023837272109247434967
5.708064016651245820273942195029824282148963939435919786530948587461928288255208478760958070275582358563642406849156884733477169370363964525839083770585639654151268204293461460042092204200803 -40.14994367211972414768352034434631995271821327597021193027156965564580458584788067684287593271023756256782860040175037615687236948598822543020086833632824709405824072050391648232979274698464
6.868647019673426683530886181167423938580217405753208978964215921476588569110816060903359275759500335856680308874249993161313606079390886660946571528422848598025908466062467594796738163650378e-65 -42.62760142250238668004552973720760071814074329055287045858207001298131931313541479633577691101214854191498446136321923890046072647709595023645069350752536103139834243091194244340382773492838
-5.708064016651245820273942195029824282148963939435919786530948587461928288255206786059088937604665497264073902038843659624687182199425745767088688992948410315889844665613631794266423551835634 -40.14994367211972414768352034434631995271821327597021193027156965564580458584788025451823615760793060882732030269540080657375054868105243352788902159137976579924388040079438168250851191138496
-1.06338740167212528608571340870577739040490735149190915789984673814602771911790777304509374380110577515941036114554940121986392625291364000931536186999212122194450911446725858125931626301838e-64 -42.36770379028598888872093357656295167399637775904003163776516857947437302941974256361577667915333186441624881161966859560791118742008921157244027266353415485229653333640044210700278051732033
7.574288593826289772951217944104304450274822133141094446345741218607697812795824310854010764098694116961103577578974543887263975267476661903765888961706990593661621242131053527226550093365583e-65 -42.11301612703018937988437097142611582271522394035133442391263470603405974572779036923716983391929965524287204757574591884680313579893316837327845565915907106366128474616386372892203413308538
1.136436500283187049070799530010033900698257497276841836838168616944443511426528707349330937466373758484236581279437380229568177629150214419388969813351988034066434835195233051933632923180535e-64 -41.86222122287279002543818136471384690506358181448200487833354728443983233924052458029070903607847744747395389949772546540795331471768257402854426781415750826935599337040486766968854910367223
-4.19391180499912404915613481728294978271874353275177933536156500352847531642861213104199929881661166178298145156444597984202803903627803594734560208275521924408226698581983310367566343266886e-64 -41.612874162049943179878500926790737357572014282746432822888461799742122880624810618012743855256596241991337905866751967484365775606742179930521997673101193033224909483864083112386654487058
5.261025984547070522764906067663917071131987892325075900035397427711186359246955117884748756302734154749560919227314433601814473365642178787453657182121976092940534154248522077821692175864997e-64 -41.36291078581858545859538819994988440108020286818071885900490536334255366896499581441506868337958128573228729412118405037434737788616143340845878113592907910300608126973822529520088788342517
5.610101781174830802022647914004623922779298098194134131389253842662775929434594787007568274440924814543704581881908226580399565611314403885336218735640995978151999393819333245002721558143817 -38.59733331111137987377237136108144413353333860972970545889500428724541995955576655238181352108366753262420039767201377152050745803867939084725036962478196380338033569791515584522023152365765
-7.283805487081343181070100069641378690511939706967764619463803833125527398561478866848265227569295428698193245368500930905002492258863655108704345443051877719998081024845476733638694821942462e-65 -41.11172406149773316590306604988139044709072165144333724792780989516415564492655589240810741850248593881965211772918972944134465543458991728786167191624934211194601919876694125447668246114273
-5.610101781174830802022647914004623922779298098194134131389253842662775929434629841853635650546031763923662041180035733819583363415763058325260708260811134216939354745569465448138322297011262 -38.59733331111137987377237136108144413353333860972970545889500428724541995955561289714205203624889166580213640839910561439719288290825124070935108035430117917145830359034818548198875559710649
-7.118838840565981116418440928039619733587931597869184537312693124183425774403618246205879956128531255785282136762495122961540886474929325423283311051537601942192904705424274712015619867717617e-64 -40.85979074907162375343176137154624065803967594284974607437821781135893404854483957936386471085074259801368683444163877273391631604786717659140626205477803483266339491461519381204468625910235
8.520390706748652098884989345229456879376830897541827953774377996472062177810795441437190284671967155944705420013749540678739049717177554348577617599065132526891344150180184545223021451441932e-64 -40.60778141108524694772690215380754029882738141493518649261157128464035606397449110983706157331653581141473291618320909995778799444033058307614063145077923822653814469186219221428460518672752
-4.322697362552377731207593374647568942374913046192337622367784724830864973038714587505621596214671895473035734218862387958606819182994953757103128549358669843266232392048971479287689752688221e-65 -40.35603637256725298617452851793090641537639635472312118371591951485956492769897978603371725668867235386777656158015012883177895388069484337857056438671664496003981570368016312253590690752927
1.351808151853478994282803874958184246415408300250937007776085872100198047545266664560589754891314298582905121441172612188834495382092306156258583440276431976015995131973814131444190115609812e-64 -40.10451670117087495203125628548153201639201297877920533088232804210669523381553099046447613668836144354588691254935417134164910931758564233005397927279037139595615139714196291945302060772784
5.49191517952033669103527176231575841292885549119892837628866053304100928065890973912108137285698835702998544646369261763826963221257700696588152801883979482962517135561964869076130657717923 -37.18909005905289529064420096088663499447665054319592574926844650821056112150173047493173120443063089188156736098143382796628237212435033097286611176976910321103639226902998078736753824282238
-2.327169788461987008407830504384672926874841703777328549445681447536547322852959053054169089869097416657037899756903473773916235117195861556086411044939793187032251041266971652981576169913201e-63 -39.85302532078614022276134990934142726786275357152674434574905019020289985366954697874346213446907543286866225812253790526738641152693833673474008584616243066420232594097820364845010076570912
-5.491915179520336691035271762315758412928855491198928376288660533041009280662781793891327179684312358402852900267721007666903515758861318689314363554535999124003452818671982209396173412668613 -37.18909005905289529064420096088663499447665054319592574926844650821056112149856989174029856450870833505677207935746842783291194414385673795252405749097825992136006437362395345884400554043392
1.558822461408946307729796728136220307155157107191212375980350551211896046070163860513197575797036649840224483200986640421262666819913525168438751758546622511108245036184753908809202750679505e-63 -39.60143507395580538745139802687936129434898275282046051393878601974245065898836824541171299208657844261134737566291230223647331730670798840154297521373445230180761406501809464329606355122016
8.638823273748087829010899893711333595366851008576062879118327292056316575364418372589156712066285450736713408283451033974693827710279969909528611875314895363249835885147796964645758824248804e-63 -39.34975507603446986808839624212103929435946567810586729426124003482432505922990988055385901988801046468851210658248079922507950966848715260050218324123831929862868100289402767341530094918001
-1.709329343482643929584439349254751993827397546549581054704673505166304688014421772169809230844388948938778853060152770664441013591985954091643701589624064425682867500336899132404549989359796e-62 -39.09805579276007147654571958610017652189098871929035232273902244224961397104368091634025767812245976681210129895627169212911558915597652222832040266902342693274702728138814381999278326921301
-3.840716967601371457957681092893487921790055366289419610494180335075160044078232618764409625703897751417699283789678270246502285401435609980818589470231244454402341825492161958782123792708868e-63 -38.84637768445807976476433658329762933733234736394056606142566483941873174414902083247653462708259407164770547958016010067304999207635917901596942730543285751802699557781985629346885684797769
4.642572178747995935657489337700096058308159865168745441875202182065932359823651474311713952893293715806820254543657326878470979569154012208062224527823224509356011330984117037817799606102373e-62 -38.59470807771037434414594850396816692967648610763334669678539407737799956702447930465066004614334356579961287424286432922403069656299559757951636432062728774572786325531989396504655209406509
5.356332960080574243008489992704091104816250853334336009726561948510398891371290497147380123379446057918987885032159904146705138316192025642434938480929941526358766009642036632277094008624348 -35.89165904887725782930023107218099717224798746129365963974172733456287687517422904174145607960369105035325050857500238581949778744857956159798189769421218210976128824766605378714862465711365
-3.630279546023498094739757709299663191757647927566269133622705687603038307210748831548382495008325547686019065415584791756572193172672648345243874940087737978986217430764017863157875831111942e-62 -38.34301728665925817372875611180250942542529293108613565265928328419817851934559948506930143141215524210373248467017023086423325036678049061956111595990634020788259715934061633293858369888829
-5.356332960080574243008489992704091104816250853334336009726561948510398891427307299717054932541824509840196295864549251808145477483780593213708575323095739607539369420436521416447105594558457 -35.89165904887725782930023107218099717224798746129365963974172733456287687512516953969341986192119195464988864038497795205868331916211628094690882849604524738055409828932323034848962616978122
-6.333340143986296675628775390776857380648119213827001730764281727810529798071846138151189373928019938512540758230714501999423432915337952247740373982441585292782677785161939997935845865073049e-62 -38.09129556650209747171746761476452497047491209191615516699157789581624545128240248458025940469035258270238301379351717562574326116864131642768141145310185195404072245048257822386734236586212
1.186342089804637910227467949792973050728963292231564605743994289603520124112052292285161543519382157420701358794561388809826246080274338461177073650078875524971722282068097665367083082362815e-61 -37.83955446214893134026760283164154362299755115214245572184410453245089996304849837194770539106821264378511839661885036805130894841182620708250624701384610665419554035340878417471074976093675
2.831748779439147121407075317107499525714690562379694598926393965958086836040581312946137580953767092155280938423202199155387359087927654059140235270361446788174370434694269017975233630012753e-62 -37.58780524345085156886794996342183539291677777754034685714055625280747626448493360676359705441433106578179419369836964076466019441412995267718716364852341607805716483964540130481921884611547
5.206484486393831378066289029619410099969893808223000330050165792878976883273496296539243419252949216430713531784515983261628216296799169564041773618592727277475038734897060946172911007411667 -34.68257266108389332594794233410516667594706592546041262357305860319474434978368157636413957598917865906916385295813201867765708722034650334586281960175780168123228347033649050706863313069622
-2.159542753358482112137924281726795055615895466178384389302428321846551009972715444863780448862458186498986002734030749542590956606200757247927617269508232678742137632659664609332969872245945e-61 -37.33604607676610430456204859915701086243314260208879760920871527509557829718363179043869206396934731393237106157128628141370316582681503714158704897140617806933949484470984038687687423193981
-5.206484486393831378066289029619410099969893808223000330050165792878976883431494420575961646722542291119682443655213139575120195573104703851421798745740359335692686864798941938137097623662355 -34.68257266108389332594794233410516667594706592546041262357305860319474434918454790082709252021669790696288838937315291960155318369436592578720739093084572693310824840081019734987876025870535
7.894704539386379229568705872741817681870626379968574648733910877771563584154743850861366286791043096539429528121201870612479112064693451385862367524809168029596466898081518415359809819566833e-62 -37.08426889780115727457341229883472847522226537345922917393375462609483664931300566352547247048103960848688552191583253159532144042879790240353973324112201250943771087963100447682597176920942
2.821414357354008104595958391198480841930096169363855671884076937166602709926322414790205112261407270061645294836654350171139324447169681083245930865584018623268486937435449492365205323057419e-61 -36.83247115646534826099539107224719730241526280508955703620742589006909955754413823801241308610117966269403110154674959031907209800140264904720080762490081431108141042741657694376899240088168
-2.405864078083677985417667814277713168178267720160770103783186483930163450756673222463035300714133534694175479081308354105181719781895475088282493597507655722516634843133994365297945648788818e-61 -36.58065676528430860040320865435106050472377796269858872777902101928571663107347459229730138364420310916219694017508307281356586777096453900456292471141733297330896188406052711850752097525995
-2.845821736051460620095908179265194763177479364775816649012899465667177521664916181305714524800039873917936346227400108092150910154869021759697443112662403749658755243671910618260437338571658e-61 -36.32882852913684549428491318900338401139455480801111415313213895180591411797742363920325602147916138999740453895496211641269763523073663026678173343873393924905752687640586503305450399130971
5.045222519070049704820936541785862655690442295501786092557745356562715574820050674697964039327001478821752529911557415135219131928543127826697407116813983673851435109918183225895993666670027 -33.54612292857385042615047352653882847423408090412425528335313748704841457680479539223298500544004959753226141038781040233890223822194635094549753830690692332599940678890235748866246546694177
4.110432463097661901290541502992607751699442415991535045541216194464889246236021364492838827738642597155401679878003863958391755458003935074379479676319571211403572130476797853635392593412252e-61 -36.07698436615488101601183999277912819252965573171896020884081927206693548793387270947569054658362135235238994392750862492976656498233767473452328557647081879633736227235059939337480275495619
-5.045222519070049704820936541785862655690442295501786092557745356562715572518630904956611034901799711802242229334996753626933113537066265675829987358228260496792578569354380712364203342863808 -33.54612292857385042615047352653882847423408090412425528335313748704841457455005067873812627538959751755471594188526730301345067809484690758660359951721988640580560537768650330720874812505197
2.248542635988517352211868571110973929964446501409379207057747750497337742742396300736081908096118309985884227066357452951948350711171824737399495767024436416519975786595544296124126852297903e-61 -35.82512126882985037248701270126211280856828921220617955861659816299297850201658178719188479710439798842775268604469099192403899609403028926405033569663348578888347705409246045123549314829949
-5.44510101677194589688264306257075903221841084297588164264292939762582936923029603449482325245493143354669394844452822773209680713775657856976416989993644217027076641933099478893685588355788e-61 -35.57323947650987375212684088338969226429356012802098267148344597753212577982745947153210496308517974981708587945401609446086151959967963918274967318825687689396715457785757184350893895966969
-1.335871464239751213916567597346351200748827325621482473717573876611946104464499373851371804993311017510014451265874185724370609580366941956861915505860156719949953100231357066332971814609348e-61 -35.32134085676135928414333531627883425268037770374151038300695166967694487273098311196058029995847094276526419192528431786133521410764529801748791295238309892639437790923170885385922716503528
6.154334732350760135913219151821765353542275137214877956131179170487297119957494024259384007176288802507090098174908030881045262624563621191101165398683021971096671635226116439230066904709983e-61 -35.0694252113475048011087248715674915099953491739517727568008373876796634962062327026777584550317652214082680782105641242872099197643801114175506837902912031071481611946742138882551474888367
4.874970068296938202789232590635788619286701406858469189472680333628515616461029020517382156579772266821944439061421418386982366759070464082898476674809174249292569647532709228138685583375022 -32.47089045135834234192593232499475800124246526568866747029356222589600354708712192489714918006838584171227035926957743215770067381584598007836833746535593104044694280220250202601998567123186
-4.874970068296938202789232590635788619286701406858469189472680333628515607555740035623966958309771938598346533136995704204785856732019284309479705799506886686462558095826999895675278944333655 -32.47089045135834234192593232499475800124246526568866747029356222589600355406426340770561417617996587641186020046328975906889604342578458549694428226339201931994267693065072540800604212842829
4.951743239979980848697287812070636256384845464388811598593474886297597984608319920646189997787705624878898173647219295192537390842416489352898351675923549822337924577965036337238267369764543e-62 -34.81749056754154300372825032865232205350878943979759872305276971675584233959662223865320507098372496118279241584474510037822556975731696459219214185250524736384804446611271240702670914574905
-6.218208798952922177036886420862840955101654244473285621316134019210661916750545551938404856257983764066634196190016158532327102308605908833333890242305277942728058764336917166998648989742916e-61 -34.56553623972545947049339284191411633437115938043768470064730534488012555196842543989158942579301350515011873798346429927258022576276799168175355422878312793070849542475956247545046361477911
3.824232844144915924398487583546112882595676130459578503668697685521322140326250412841425871385789678648089938509195501997206292135814901154874483028953368182227351373295145652185208852006398e-64 -34.31356322399516047673658812926664449000671195049753167973859051827432589501727580406420371396698538678388939494522243856219639421644798928610162372201121467389647784827886294528506330701352
5.762095064039122169150537043655319665621201291270664718416712123865685877271461840118449536058175976684521430835601805612830636060619500466457686871016750112132836779847605162627713429801621e-61 -34.06157165985347348416967075890858955638034214131530256350834685893498891573772597468103704686194538831248204618867458913686431437574927205754901302397083262678451581231722174426542468546789
4.697733955429702435755844630839074364552719644346557198151976778436148379552241716609813255211624643355095431907645397054147826165271213903880349542672059053307997252155460345255724457938354 -31.4482882402866859826683502748404931115669305678447863087282831977513878196922933159501727605173416358929624893163908640358499096517773009854271566322308033824739096064050596927410334729423
-9.247694205780529945333706453856622942397871257084248476468622062970193541916798102670127249595775728089430992477959560331559721758000038582067951504082846790758051882203447403062094504964925e-63 -33.80956010940688861856709834605819117050608279031821204080552410112867396610844748874110720670158679459530402710897379467084055155402361370937655955629657260889501518628865166638000469900743
-4.697733955429702435755844630839074364552719644346557198151976778436148401122110458929682050303961270341588745914592748036291539076456638080943417817718904067185701832301499272061487066480161 -31.44828824028668598266835027484049311156693056784478630872828319775138783812385238924564164359498167589255059951867891530088376085902708545514485152971580383370410792705368383440298176630913
-4.95354156807544159678263561645290921704942223393991640829073095517362980524137840248890279401958616249755924463576816510450729686897541893407027823687343496962773265494236480112621833978432e-61 -33.55752774606921196607743449258109156923461259617599504581089082831132635522866081149381172984146575206805879502177068682470455334079218542033271384522715431239712512181325317999830172805658
-1.243590343251587533180093808148451059607625883654666465713084105660348872494383580577915401776590149368158900569470148733059487337411289349238284706129089473194196835974511175480070796404081e-62 -33.30547520571620705555607482568481225460014390615882760309314087253466815407852499593559082414150879662948835278133714458379256757218740328385997542327458351835467637810691109742612838355573
3.947655547763843684053404211700975188078784685729770877422752957356606453379684576488258625381257263331249963637051372640324749036161733541971357198255377440117524672872605318785520730160731e-61 -33.05340257213631834725917676867171306508230010057024303047491245202521008434115543066859306234256806394048485146986890639039809932294837709178315191322945418707573765693080733292997331705645
4.515166002451807965631931807557571887987284380147428506559494467432623763749961638743839210493757520924027374272062201966358712352508808956010235356937868964270184529332299385260183760576451 -30.47167134185588534120767020301783060011652418697357453654498180397880534135922414666663613579952599067796663486807118126933180050981274877472603933539202325524449899846793593493561913142376
4.569302397651673771187232274397599944410208278018345996602784271108332805243848858072448904375111740501084523107719050212235091172285698983456153578076714712875552119606348646180946903435517e-62 -32.80130850658129128942392223942379863303329381405386331218737666124594022291942514168607311174133002676597464663034156553296460227795120945733573236718081258374711089526042943342829262732028
-4.515166002451807965631931807557571887987284380147428506559494467432623775398949862060008035003200256588427471372885852094912913452797948641954148390127436793888575978499952989573066775756479 -30.47167134185588534120767020301783060011652418697357453654498180397880528965602906620812755705845007436084056962259456142223852611803019001407538864592827051911552886702190963655380931872956
-2.88131313711810047821406026603623239636104826028862613475531582915493681563762207941592340799101067900076504539397542602446816925349808105339988081470569833909632268919589238157779938791447e-61 -32.54919224830635001789234960388974871991109084654960488545964660676443695306069824156957644415611481765669433380842714015841674031845056778575958765626288151648140638001203661058370743992913
-7.248362665153307760659836378604388709025385900653520821130426730148657906518345423522457266974546791449093084454321010952666695785928561273555982351476306350639459587959204867441175966626859e-62 -32.29705441611259974655295600371694501553182406106293628407331003058641998907279660462452223489281282923425641819594941568709105246312868477499170264941750610038284737790642582855668875020676
1.879792383010251285231490298319668897282588550620218737005530117134665813985335266129622630242620547772748229867946341197377160813122393521851248123539325197031910512746827766031208445614598e-61 -32.04489486811408830569894013257534851314023846877195577952317533371619689766172855031123517508598900109481895229595604635174511629448171683273829076017532146461088261621576983333634201148205
4.328628813381215301213104270169282562901293441643986358785569235687723845418812921717370352089366031514938373006024339794111524956463223432144773247760815302372329835199522448330073398529642 -29.53577149675266987399491543575896669621960591720880060039534338385462123966340260940204634074735256773247887156551346294374044836102904032015008764839717149841957762318424608613148503906162
8.231894891253967602924339476224347141946526083512793346136803720974262232542961516766956659141383845868482560408330777940004031630713547675428597411963158627532757160764690033055480764496517e-62 -31.79271207463153062019985564596976003421909120431107508996969267307349712396015334053253498990316412232415900450009740566448492913904567011178423951525609561248762765972090862058563589733641
-4.328628813381215301213104270169282562901293441643986358785569235687723779157439292461579444821729430859816642500565240162866889470221128983176085773620028311653700945375030680807622026005041 -29.53577149675266987399491543575896669621960591720880060039534338385462127720855751294193786936100585957872766418148621227836071407385925411896218221058493032673613318305942888141094078044864
-1.049796547065476911648777578741232494480470017244872360339469567679684351346771019674803028511570041225126754935775740005536156831050883571963057065319267958035257288898640283384643587666769e-61 -31.54050554395282691888504735650218956126302494410759880300037645736638644658077273855128305071981589609565306862009311190983757643507983450065751957734058002219359220289639253983320273913425
-7.431520986585239752234124858791171489270166497229960020633395556015452832103589209412871644157993059909747117800716494056272326078113912539890866415350027810450770037469639565108452886492028e-62 -31.28827610011631523690903010824324086750561837099809594239701872173134337961148708688248967033952282076859157373953575455689036050768731387201721246685493504744302177035472622107996589972135
4.13925314852328024858008327789108525981286659750433562082688095819764666481182970693229392268838974539904889290262710142740471367729825140348525756500193957194521721024076479530212630660923 -28.63632523543740198017398634078536046402886963854734668142323486211418183628781181216036757345786909539591462849989121889845109962026738341168795830128732921663973703419477694455472116746261
4.572050431893845322768869496263190655148630996735371008512955143805991789763652470098931434451109547375856727586017252808104295491529917708213323406284732465643175915199988249634573973078493e-62 -31.03602304020101624076728392329485929806365786894003931471723178049107208998405778276379968212594502102183826797996233779311892076500857604806161679235594682180676758475499067877954431580345
-4.13925314852328024858008327789108525981286659750433562082688095819764675077863629799673877749059702322201881380996012725172995446195211317185088391896155320587733255001026938529677155946412 -28.63632523543740198017398634078536046402886963854734668142323486211418184444433658731183073095829235006929563351079959865993674622446868317360186785558803405255243068540226408458240972256868
5.490741615776159729670221268801080583713031011378645333391194760234011690705394495141797122756636904474764178438469754688432477974393117366759121977026650619129171246874639149775364467061653e-62 -30.78374450217254910838648466983760329179632997382330222931667127933329087585650234933315765148558557902520750007570784577544625540629608303000238492512030863850202870198494126166683005712332
-1.091900822284190870400366915935139193810022951544572426785480428936088188897301560834422573886074155118447981434924715949915599459544842639970676860943495839194688829191151153088916212858001e-62 -30.53144078580651426672054306944618501946095443414423447571199981748859650387059353073396268925865296850777387162972957927326777937005970336291122991983939665068036923764974159275477575683805
-3.301637766054238438315542149028055043882541790011448576077231403611247183589810054835450271391975328474683317421443958797775260544714351291819865833431891184281758516983785411166785432199726e-62 -30.27911284506085765071758844522682482457055688381120857983395190893589539529324923832187999564349345481044579469402011735401809834403814521274040698604601179655230219181347962622414844544312
3.947984530504411632763399141112828344856488487002025227987636613439158405334352568624047328349983013952101915243600605661666449979361669444726932741653821817469491212100703817845718970033604 -27.76982125848125010083410527327662508803422585249599860981089561858317559907076671153997479528365687449546463875272269993948401107449249793246814317211076204325113609766916944995450527187075
-3.947984530504411632763399141112828344856488487002025227987636613439158336294862650344803534363133219054362288822679070026132689959399288411318133314194054707748144360773805995406450840382688 -27.76982125848125010083410527327662508803422585249599860981089561858317556098769887684883063795378884853754019042155257860459628048076308753246065501381610920773998158983800854390208812373473
-4.183616154637626131008901950681370399536143700371393071589243302606801939301020834448680223049979788200318853503174576874529838069167109045922570058487435977789275992404164657302281431990231e-63 -30.02675862010474333074715697740150088461043419018535384522263453745031759597607170112001202252574448373359096700982606048782895028826283208333716531967185761386089266147348661860424370731283
1.548532610275036849777846773850665675225253700724796940103641845140773765823675383855860578814431092138443236685293165837873153898312323816290456376584709177266811238161333708901815236165637e-62 -29.77437642539060344616180149238473211657340806506746220096099613813060911188526483708467819845908302301084994318828882208303564287058848843975760915582507705360217174542831043568112937283997
3.755620085707644764558215608858737890678881892279610838615664964197128966085680868773396248804491615619311628099924936936965832379938560988357226473367313078384268772272280787202773810017177 -26.93332387844728478140266464377289240525058255584334432073665663070410020649162500889253269164533124960681790535663153900013864532038321399659549906968571529589578870762994279538513343176827
-3.755620085707644764558215608858737890678881892279610838615664964197129009936011794728841249480589216825515700323930670583073075980775161563674250317019525804430269936639769431368012519428599 -26.93332387844728478140266464377289240525058255584334432073665663070410024588431070035975362092828541416225913886351405432403391193802216147608214993583293278962390143150597676002159638243173
3.562837407808020507928026511909749439599056032785259876210859090982670647297057452276830490166643332640181875877432436678271880353712767881929184880944553294307788008282025956245098853625619 -26.12434646856745895460050748680698021016229721529063991095890279701907180860432944163686172982901432399756368751808257252016567241855004164326334213442094567921352385844306144015818589637575
-3.562837407808020507928026511909749439599056032785259876210859090982670621650514175384383542898093904233555812232886027078017115721289880495789870672597502837890145034332023824782394842560921 -26.1243464685674589546005074868069802101622972152906399109589027970190717825187569009688622244664975241143797550257497121662250965656260534351996118966299500051032526390357502085230871257741
2.021320267415911252713955578702022064395423761199321621778238344264535448989823291277607072492266935102741751055257367808203352825401603415899981801912156154185630982873295954176778360289871 -0.09625577304682494949285422855737405397200672043197176717327359790488009845169312039103000782579189097930593779197729091041329012140187029130086819689900484181987092629592615745188238163471478
-2.021320267415911252713955578702022064395423761199321621778238344264535448989823291277607072492266935102741751055257367808203352825401603415899981801912156154185630982873295954176778360289853 -0.09625577304682494949285422855737405397200672043197176717327359790488009845169312039103000782579189097930593779197729091041329012140187029130086819689900484181987092629592615745188238163470862
2.016250341516005990678698163438032281082044178077581029565926771147273256054545351865666168224230489909930003837427420085831014402599189938731910565685744188826384628446167640652298403252336 -0.2890831154818203157973371909701263145473453067571335989879510734955984661100776134719872284572314565991767777379654584495918439578282914653614412769437469392862708984226326065536700563057412
-2.016250341516005990678698163438032281082044178077581029565926771147273256054545351865666168224230489909930003837427420085831014402599189938731910565685744188826384628446167640652298403251556 -0.2890831154818203157973371909701263145473453067571335989879510734955984661100776134719872284572314565991767777379654584495918439578282914653614412769437469392862708984226326065536700563063293
2.0061955510687095279239837463698710147992810310183852647664524073410147167351678849485565039655587822976651045953758958052849919413111206833080936917872254814157569226109135264563937945896 -0.4828539613513170026019186715765152547454280999144157094900425071894319452171082966970196531969326107096137558309905847374507075936131187963658874661148445798782376763766840317924412059416697
-2.006195551068709527923983746369871014799281031018385264766452407341014716735167884948556503965558782297665104595375895805284991941311120683308093691787225481415756922610913526456393788774071 -0.4828539613513170026019186715765152547454280999144157094900425071894319452171082966970196531969326107096137558309905847374507075936131187963658874661148445798782376763766840317924411996164409
1.991327739981015649722518750783267448489261350345071645045374488847752117920916113788646112286475405410374552574936878394712018898972319415825245797609315391499515895226833860155257220666245 -0.6781834782540438832463133516665802828825240005458577744026318490024948861469980666353756269872713811544429611467304399300555706353369002299903962817214857320546890012248833487771176856581788
-1.991327739981015649722518750783267448489261350345071645045374488847752117920916113788646112286475405410374552574936878394712018898972319415825245797609315391499515895226833860155275776032356 -0.6781834782540438832463133516665802828825240005458577744026318490024948861469980666353756269872713811544429611467304399300555706353369002299903962817214857320546890012248833487770754411244074
1.971908101858155303018008205047520135423833291346373070356344947783754003969802959483082706444677052602667403883913949341723091320398857724494669525395730850810945680080881613648929752586926 -0.8756631502727667009974957109003639193536387463847298006588401751269032359563703440081245010681812019734426032475299323926047983347847213032364999016170980701357459472513273639087565267046216
-1.971908101858155303018008205047520135423833291346373070356344947783754003969802959483082706444677052602667403883913949341723091320398857724494669525395730850810945680080881613836377450902992 -0.8756631502727667009974957109003639193536387463847298006588401751269032359563703440081245010681812019734426032475299323926047983347847213032364999016170980701357459472513273638678063905132805
1.948288898856175240439420274609981135248062372465822161414225176343926293295724843008579690301525282579225094692124652735616814498129473914879199155063859645734748510158072688134217830214536 -1.075846039063887272529400947291244175522241929671450897960218793505775790577790975919140683737962991332884993091556578306834817690835675587712151772651317729344927679577360637989035812240339
-1.948288898856175240439420274609981135248062372465822161414225176343926293295724843008579690301525282579225094692124652735616814498129473914879199155063859645734748510158073220133346823385947 -1.075846039063887272529400947291244175522241929671450897960218793505775790577790975919140683737962991332884993091556578306834817690835675587712151772651317729344927679577360923467411928014855
1.920912005371339074371655670459181818401095609552440680499980093837287972899240592417959683357863146369342478172961900938070087407808883018025568386212914403796627580310936363063904014161304 -1.279228245412359450046237228332744528895643122922357050801488859553653005302926080780378889369872294576901459370626168116736487130374087870993899394813528202019780329920786173877544295447835
-1.920912005371339074371655670459181818401095609552440680499980093837287972899240592417959683357863146369342478172961900938070087407808883018025568386212914403796627580311744537664604738084103 -1.279228245412359450046237228332744528895643122922357050801488859553653005302926080780378889369872294576901459370626168116736487130374087870993899394813528202019780329922021002990048950276496
1.890301740512224501576934272354827577468433840731910382019678686803428416863364159695925565837807654639327548574190651935923630832384808851186583299083110397890105965059659702080466800151719 -1.486227650401293162641866159859143504796135916304126043626191166130410564304953737306617639020121406035720748946090229888094135878206333493905419599576051819816725986907174701493258702910918
-1.890301740512224501576934272354827577468433840731910382019678686803428416863364159695925565837807654639327548574190651935923630832384808851186583299083110397890105965866468731679079524735971 -1.486227650401293162641866159859143504796135916304126043626191166130410564304953737306617639020121406035720748946090229888094135878206333493905419599576051819816725989606323800782065023141854
1.857049957437838731455521231552925456635767896833788259284070533523872621978065503899716432065659141479553564464941073910101039195455123980981329348861295419655464315848807270493584793573446 -1.697162483198379390212979063007115588837321314199927849116880738476871863444474908428959354497794456460420108549103890127464718121623525645543229722347983737874409574713667581461713451716444
-1.85704995743783873145552123155292545663576789683378825928407053352387262197806550389971643206565914147955356446494107391010103919545512398098132934886129541965546517210466493736419649104812 -1.697162483198379390212979063007115588837321314199927849116880738476871863444474908428959354497794456460420108549103890127464718121623525645543229722347983737874413689660137424921200522176544
1.821792748249326559724824048406438891002051995983676005516854031776059697019365905187665140612254000355983365835181181681147497619439739128329624485926818105153069129763652256403317338920249 -1.912233462841714198230462731789333459369721697982661119748112205355701333668609484211675203657260370985454308144746181661578488739089673533837566601214892410957035611107715719721980452292909
-1.821792748249326559724824048406438891002051995983676005516854031776059697019365905187665140612254000355983365835181181681147497619439739128329624485926818105154600046167040953371818618814185 -1.912233462841714198230462731789333459369721697982661119748112205355701333668609484211675203657260370985454308144746181661578488739089673533837566601214892410961653197745292960643369880602361
1.78518022735514385490424090602297399965207354386106699137142261114665028996302891761562558047596050670774317470662720792942941016560616526217908382010411660392788486960581464508323590983389 -2.131513590656660525427015748917118288372827286156549307618361420484698364106405232241150493348179765455797028054557242966085855125095947224811501559556662543412498859957806507067384275624352
-1.785180227355143854904240906022973999652073543861066991371422611146650289963028917615625580475960506707743174706627207929429410165606165262179083820104116606478924371181748395431474204065392 -2.131513590656660525427015748917118288372827286156549307618361420484698364106405232241150493348179765455797028054557242966085855125095947224811501559556662546909142912795870498225192289104664
1.747843039898623056073459524250657518180964198916856412003184334349952182230484564172261000547384876984074702378882204844929688132552634030777698864577842985623416174556567044150368338845889 -2.354948683619144451856059506966051923877396962915460228672913935361204995766750487502651242019647343630766062447682414890439194198429409061971568283895431136557809619899510444230712580919757
1.679429911450497700023670274547533649592516715395396509688173615646566625801694476620097444453235523391704176834817515982884782886993919528819203022861294299974285738694516718255095501283698e-190 -0.005897902443794300935935133971498630842048695581478495779881072152017747121920502346284628411119471540494522006291246738726127106050530954902267731500101053823109543925316213718678220651386211
-9.087011218898655271404228797632830999051515177621281670784962638103770941623938334728643495932510828300782252539436396948668551412567845819749220998725245049496121902293656476990604173937529e-189 -0.01001262889204461684518099397635569041761697585373981321208510927135692709546488570513498059639914056279757814693262047121006543872145177591750203848421173581469064004982669595248207787291404
1.599301875653551191725363698907775949672405984051440306004842058146765118162324303661785669780483779616005989475219038491742909052367090229645998211542312383174905189737512089522907876485786e-187 -0.01492130169033044282563717722553561098605134993536315806060771857774463277951962527768234440619795168592989583454029444913087395306526018487421408296577188965591265504068687388847133951408093
-1.468655629267637561924368328423728838014270880838897179864992356357752516692254963217952963458572705921801496799577145443592847935857464184206775202516344894972859311970189908593954141232024e-186 -0.02076203064280401343104847012209616754873811628731149082671154291027652931697772772162634082233803963802796299566186664536229961886733415854163837768494956199478922019386517141494715540916134
8.097902104451654698058341236515746081904424965231721950345987598441590322699091599218825614673848252723360590981963900249070603459500508312196573279852922892139920143094049546483842353187946e-186 -0.02762946798484425691726570587653819934734697187943498432667639713872531957900856164019155906639861975929876729427250654568351477262694661483388978901437077017178979041457920862433208913435934
-1.183470942302899528874349385091232927679026667765532187892370756880124402554716356805244903917523321420467116144213017002686777572783343556965661046190256256088936085771552760134818845034307e-185 -0.03560821331531479121152295639097211200092721760518885317328741062733463813899415492590786680544464695725852797156099484621129515667907624203514014329479239014452877109725034027407369606011277
-4.092038215623209323585732090311220919329540640168002002270257184741284551771783530270473451242633130802192959397835562518877467186830571917777509000664121878537411960908160162035067664139632e-184 -0.04477983214148250763371898739407973787392723821012685575668011250465508464479508654397819037502214130821603540238156433399996823829649898984141305779482459008985530690247217293741844803287955
7.619642882541399466751258015753905759189720171087792678764975885394417156032747056473443679405801799562716602740107433633973024332484815198843427331085671155475291080329106646082030035401953e-183 -0.05522509814510587304117225671641789441560689942012594692295502346968004254920832816635394713395993127628243957004339852844818229924024116228427346229789210477054010436261472607601165374409588
-9.618557831178314544281749164352195911007642621059750416537320245188369208176983327547925853248362163069036012543781011184192311066706615337613351813664646066347562024484881870675822538415864e-182 -0.06702492488956553604154947770072085573278766506302382241029128638121848358822655168745329414631670435614265165474408175819507092548349286585014028503565546499238967162008964890803735373605192
1.030029934286007906437924320908446072719785750687810645556645786645121979837449778498731399576581588015897574292377313062035773170619626689866949478411315041861132852699542289681033232873838e-180 -0.08026085128677825112020585402456242752475586075374239471204825241514759015290559223585294548300649726601388797079957675164170875578332190804154968853693090425859630886674030650474851208853741
-9.964133208822691027387940251953268385152474474769631956772502636089768000404394721161422250331016604933712877124631226907201824920588664978718660412985612678193821665188653859244936643984095e-180 -0.0950153571297416097592618959150470061563757463417914585497595707894614995450776289763774685062857132914352447459717021678949331670828504070250949226159523679375770269631899212224586453388223
8.972596172895472356114931465556270621125685375668917432643580105516881671650769986243399218502091682944645541801963490008023057528244185510676052591539547098507797338874872949757037618093443e-179 -0.1113721135484359864077242198452931801017518906277338799086578790136604653890330836207757693193301117652845971055473733514234627259986876827890866337484790232083129373367860757804615408910986
-7.646984770697628245778140369401317267165721234333612409049179038128784013405439320867351851632117611024204970117829556928919590763618934718785330135709080400920342293035726074022281590699572e-178 -0.1294162141098267584860176489985676792299223736311264740252731024242486947371504565979003560296447993314907027738803269068463835853577350796335750336084476296125674177950452145007721271476599
6.216608121310919817377711020906419399013723703890150469117664101261802642868615967270237073849583569273760138304652690701134973701191618190909025753174695537647566539398568277775091773074242e-177 -0.1492344093227462496577210316115623523840796789170104687845645063152303656462822363503824066094909179940294961369556939507260431457507329027348206546431674795174963510556043792281994923024648
-4.828598467221177105989959593289189860295782010434628966292544946689014256642432676350308785908320478533415013457001216284480572429839538809814836772724500682440387238308267183690781725485273e-176 -0.1709153576300914484327313999685073288791303494014664783825907421006790926197657115176407000129447042499000003857785979908311369791998169634014752829205927573462892426842586947488089042012246
3.572715588894451990596881868750230847320936787060287856111804587785107835234575692293177596892914574334546875414221446127092638593913187767007393159162275390969004510884813996930810625302586e-175 -0.1945499016952678942573953241151759514426755369747655573767739989987457762748860844879029936443396723105170671392896906843030102038668111005386119263416740596197603942521380156971044113817869
-2.497820907436597502691750413607664217516808416976026171159732133130112003906074539050996845250516453795276895230195902786023117570219287123752607372479857474183369521161499636011920209291083e-174 -0.2202313769090558695473360882287033814167732588698322593585112587737346298189730134025465974467793739745032332233169595216968094507452715656986809811585257375743166801215734920813455204268453
1.620979503202253587845531402899931547988134815566454085615092837751789245883984617647629706052813341998764218625069973581960726908536490370723896721256309424177049191066343000171063980707818e-173 -0.2480559583099537785890839516624640026925741309935306519155999533637506961313339988403325031819807285896270862241692312669906724686355891661555227548779794772115846177568124799030243131246949
-9.351527389889358566287701771509774951018919589481701570475259650572878842067550762818327265705634021668186208987661628359045337682492433047213397471298288328382974017794357515400801435439079e-173 -0.2781230519734476551778276039559856388435376395855431282775170831857378061780816256743774798656318736685558707014214686108258353451893134109001580281070225178008941526142616119802947322287789
4.175810484400903989617213771356066464029162392748523093976037742935058180736786882290955521317628957602578722257033264859413967563771904247267509077238584569957996655759972664828004793351333e-172 -0.3105357371267197586774085220661088854781419478704228031823673829290491561228308493961425433572821362135659757876242625207677600300667709065441927248091891523386782350249556901181914750926269
-3.784525252238500020286761790476652003213198647677794876997365533975429919799994168686593422592550374438997156301298351217633554899690859005326513288409831380485271361444273300831672187122709e-172 -0.3454012656622543068404108204502534011994829597228423998350334795870798008038931936205636378864436108567969735807626022116686844487612068862420754321244441450031009655476186769133573500985575
-2.358374866848825818020360876317440400350193036773559400954964580163045791188578398829571159379590859838774721915183966076022369659471381590080930456751616719453346375386135158700253660974546e-170 -0.3828316262990766507984347484879261742639980387349125408044866649208988678137977435472994626129889630561564658424343172162866676278707659560108488065316734190376235468548708622589276958660694
4.326901570136111307356329793092141311876892490409912047372079883672862887635594407484762854249345333567681721292356347325194605890420051643511480160392936026331736297103240277940326042477192e-169 -0.4229441813512587311383926406800707428056677519561459105422018327769680414615794392361958108826347329194427808202460231301011433858896135168865625681478453421333604586613959601659247129184813
-5.77611912205961589973388308973366706964008819889655874066123512072747340893260129447868616320283534831269372314273834380042830361244954376556072301817945067915931087623523535997528514416225e-168 -0.4658623849086724733776552407529638673942729936510642421001765116751078400143383447557545256309665381154578749023149282847490651184750422598100248196989388501671510005096501008871061510377117
6.909793175772255770547800933519799673597041282664432047827086218315312236421657228870151727615219000642158416451142051721693739696884909083734634647985569779583914818354504204301380930782861e-167 -0.5117165922301687377767319332912274403690964398047512735654493378943084326430917326347939437238091619686394242494767403242024642670450181004425538160118893638228118839231763601734440717413261
-7.894048128540654736657787444264956789362900998555638032394356902059223258633843241304179902324952123238656902075289393120852534082579506201335179380168716823795010812391444142997136300472282e-166 -0.5606449713258779663969824564440979634844276260206839627606770941201187314194619302899950206797777806088179721667855524171663832742571577931504320147065583477034393258871822643526388560111832
8.870166865631781327706400110123797730163607450528159890828638261402096236304973435242565367160444170777381109811757270684492059932082453757800725526377446220927244817000025991023304853546181e-165 -0.6127945291131139651988363749240870346438423678438762441083111805460496792286829314827391065011709676916191491563915986144522314788665110183045252778530256662737282815632769484450523749042528
-9.970522137382816537880998435946359452334989740922089734742418229050187400959012324529508041048099070332508584704061488041832848799549504121102348255008748124317022770394005805179381149929429e-164 -0.6683222662424032987440329001092938699805717881924009077789581635247461094857445746386550701431872283704024543527662246277467909665736781278199605452607019073634114996233712165828798655467193
1.133785100070207128961730126510005292351980435911930749651988607744009267947578103043274230961089754194308197722502137414547633271250570073904281334892634690583272196512877662614437626343435e-162 -0.7273964768090257704182925247350728702506416940265734052938218284827431705344607003410121790558052399780945966286606609460995865960235692096889418115742777713587125515816371522770735080158318
-1.315052151898289919308244959280401320511035542120683198877382107975620121417178587162639141754464595358315175665860972998638843639652887148879725382925351553955218125826338712298597862195098e-161 -0.7901982118317741375872487414851981774331141498798230607159903771563984897315242908679725206742224747966047822935871570693464260855295872338398023781296021922557017879341142691511031297648234
1.56597180851254109529855009812079535525011943382472579954705892443517102278141797719186194669168461774846332254509000573915028772361861233024826854042615585763198627801871953289956377762692e-160 -0.8569229287837733992961916144065373897632280546372125678019120651437380262326123381893029046654885308614804295189465679650803656796933156647686726322002197550992154363433075109242115850078575
-1.747843039898623056073459524250657518180964198916856412003184334349952182230484564172261000547384876984074702378882204844929688132552634030777698864577845641979719901607910190590242967919836 -2.35494868361914445185605950696605192387739696291546022867291393536120499576675048750265124201964734363076606244768241489043919419842940906197156828389543237552262075213156670783925661569055
-1.925006682439779768261360864504468009493823879797275405090150828784810723249237735076699055444723077183274945648724157395956591822701816033083502153591926872638682412471243443417757717811904e-159 -0.9277823538514066163840307928544653473548111141125344461401621564655412867536820324564075349288850370049474104782754078591466011079321883303861655930281767140172208610121757211527571346192723
2.454616888214100765835000481198932989759832497835491250835745667090716215031534772389466863443826610433107038185016623986595984501526227192875846040672554683371165404681148058039709929098618e-158 -1.003006589306430320776150776398116718187154733690035156976153502822592786583240422460639043278469059098189438880042244854441347862012365746582056962983595736785160032504913324030037188208884
-3.261040614892856645805094058422917348783546028165841258075086350934215804801150761379597597344540645284953181982739890743928046177557780290430065045145536036083747902536193525235894112533622e-157 -1.082846505832914620479465154281382993459133111153471658970250365518178826375232998233897173140713217531426975777200753400636066398801216445407178774826434364451283016459432290925489534627086
1.710360602122040010782125752021225408134214600382107722296098944718515989016043652727610331139239434026233720029872508627747816099571201635138926492644836629480823710932651104493120540454409 -2.582369525837624693323652822490886076559072169919043566142209484954092787210001427002220565467130777255439178243820583631679309051922400905460351098270405430499470294279800184582796731249115
4.532742715568276016695627039227728650508290197401855765821284919149047237460326535301741075304654335754958728061581971128693362197768423291296028715335675502135870944838285011014814348273443e-156 -1.167576469413266610622146738640887952406016576068230422166129735515435015417001147620923860598215812775914547990282980793209727991984770506835569318773834274511126678228425690133179365521022
-6.61846223918382882645308367302369199789549796178858415420727067744175741947388911929046211410479244981931518832255644679024731262727574889156848670171053567496196253938534576927275300924585e-155 -1.257497465174568765611925297863406810608287486924741507377722261114976281799810505326441764354548949986899207872455738894702240742450443380866556492533802407675664611767103589571813068074861
1.019284735405786378201140278149311057007357734707860771626855584936440251421117882051639786050748925004635239140550833039784486245052880432794594373711912623727478578996269111985246443118173e-153 -1.35294069738569317135377230839578830761491613390883640510247023657648736781576109740060294013499222966923750257366295104329470626818159905638558323959108894391117443980617120017769502758908
-1.71036060212204001078212575202122540813421460038210772229609894471851598901604365272761033113923943402623372002987250862774781609957120163513892649264629056684992537893965723850982689006223 -2.582369525837624693323652822490886076559072169919043566142209484954092787210001427002220565467130777255439178243820583631679309051922400905460351098270003691327367101330810726369641140136042
-1.662498577497611979952257495809854352565088820925493197886242718902539047731704184760845638476810926137121639871953536055227170909673257376398744012287568651889216466745915083688139259043913e-152 -1.454271766854818516986565377347154084617316417832615319994558497783861327252242954935649981294408531526824257234709972807667677863312518477745408927402209760841611211619300070142931962110041
1.673235936114370477833721969679332181122103646992762560436247359632908460810183448802322090819646805602496720844148370052177951286421519552308932463372860356639449468850310082097266011000385 -2.813513817782222409713829426913833770444429003683613100858047436521162965190688977452610745329844970958306841998238860139149077358647287991354701204070758220846396532299423077914482712198149
2.884125267965872796553628870362839665172265951133999506724862034018963073658204924844751146737640164316233269340062324442704177435334340652455743983195757996095174263381553373852120018006535e-151 -1.561895556041179035078566719397890688859085338009974100256080396245410476103823982903510184324185557266452722114462244520379940803875788071000183188746412287866230586879436230986568420194155
-5.34604283104294575217576730370088550272922394223521802479545912772025669448434084069671270082944063637343914042128636317301627289949102928345345111061522273900810140204472705630238829917196e-150 -1.676261990668360386116453557738585400460069759310889517669655305851124813589299771632585253601440107974990215058941737305515765372176148642203457897230468232101747988779473466368250506575093
-1.673235936114370477833721969679332181122103646992762560436247359632908460810183448802322090819646805602496720844148370052177951286421519552308932463593025681137484343916134696849270497922445 -2.813513817782222409713829426913833770444429003683613100858047436521162965190688977452610745329844970958306841998238860139149077358647287991354701203505382480586799276752314636160691010137299
1.064051946289950457236470527937954874728812326876607599732391808590218348580246061602175700555509902043354218061182089920210254338654098190482764318399580066322102547518075823174203259131531e-148 -1.797872897909899590647818444891782787004265628159777925045378194542805305040711362635513870392387408610648697246126744534095451138279229420345793599780114346711359227604721030526989010198389
1.636880313227969751533589378479459911593628585396835820606446562715715383712354512883593119793018094166529824054586460362552648876257368570911354695030321404475385671702098071820112018402329 -3.048053980511900220730443373576417832411046466256287060511056890644731799028619047348819547106416247280586626854831240061923340574083262141111781892263366515628828418539275485088838846118165
-2.286537998150910586056524990283938116849979013038278657859897997251214165020504959729737200620244779875149485339755438475605068468958480305305088451823834878544399757170292328609133685097642e-147 -1.927290250217408469053390148733443317834188202477236380045964594462259708728529900133851780099392376596819846300776798680974481081141310956581112789849301707798872735252048602091146284099741
-1.636880313227969751533589378479459911593628585396835820606446562715715383712354512883593119793018094166529824054586460362552648876257368570911354547400726346804813480350534089878155358449419 -3.048053980511900220730443373576417832411046466256287060511056890644731799028619047348819547106416247280586626854831240061923340574083262141111781742762672451268079499603929099119962432628036
5.337638770976017797804234054099846139383944124677378901296250978685437666599738684289723924437565038967439271119283890954665838140915611305123011876372682557567323014118262031590783751138938e-146 -2.065146177787517356229321684937945061331164131955211670856388725098370432978709302921708412267863494872139525497272445546996416985523704719332439369492643750646996981274752288279371729796924
1.601608486203467915048455277008651789400246221194534581983853159800875760639329812435827711067930208303205045758835579678036947325389510157182360926530122045208494463278841718171081199032548 -3.285626096496891129797113139713466025290396286941378528228515834548765801471212762375908174920415906511687343863087830403390140742336619041068173105481221249141432795094582493460670387824222
-1.363098954679213570163248319580996568738758404629801180189163324569251240214988675877166371686514500213946237715353793107395430307828556001422184391416541446483182935131612239750159465413587e-144 -2.21215526230420261992667222084824802943127851426023327364825986828662555277420492007240705061572399969584731944689692411656974836545092420704694742077651894229337722661563969170242794724379
-1.601608486203467915048455277008651789400246221194534581983853159800875760639329812435827711067930208303205045758835579678036947325389510157182298473782475538317148605430185838213882506961079 -3.285626096496891129797113139713466025290396286941378528228515834548765801471212762375908174920415906511687343863087830403390140742336619041068203176397957912257794389782555438346241410331109
3.839283960496638173802556346571021883213797841634305752631438858498370131983027854402665917740154706094742931492953858985937353753403528818089836344488490059147729796754731530319984206106802e-143 -2.369129806375610593885800569706591079413577934023631875389539793079181638878906703573205215983010059151253570416217372313100360802854586768111172456258773800906406130649719026798560053210769
1.56764305818035615023646369344992365060760663509770256395164625525498965795869196129207447908387349198645850690603763966206603623627870742501376244781854332049676899255171732074605062747463 -3.525855915670181732478376082243979793236910822155802406048897323957125837392065877797775225844068259250535711141102139278036995432488480133463903522165666270726844498025459082926985383429892
-1.204089674960209178927216805385446191141903178979713492368122882612199945630999885291368814214527764589319371437263002204596840371311025886600147710854616226772765932800131051755160653516507e-141 -2.536999032498726720433635593943117225534316851376448585435382343071071542997628667192021684530581515081195867845243618742573918464384804356897572210074354920564365603805681724113186763515064
-1.56764305818035615023646369344992365060760663509770256395164625525498965795869196129207447908387349198645850690603763966206603623627870742501479531651808481407553813367448527375542319114614 -3.525855915670181732478376082243979793236910822155802406048897323957125837392065877797775225844068259250535711141102139278036995432488480133484422626519813620051442132893314763614941814714906
4.252337066695739443675616088182394389817109965034183496929911849348034329146551747123646824991608528452775160580855064921722312785585964712565277828253042375235772124004682896374503601187927e-140 -2.71683354279587279798977663679177654707346471796882281021432842377780136263935779240444182353290474968179422068849965557343253109196956345227768136417173240760534028509066957449068067640956
1.535125207289846106716474481113814947687448550748128109859914209619859349326494138863246757122686991056565029914794465389535104635101322815557839135324102023565330238229743603079741585091368 -3.768379385367436359393189837470685910332423889053667851537052209620689633090665740028801552075695064825841137566186164043489246746153123803702963785093754271211117053797100218367219298267973
-1.713527549137279166533107483831824806300249879958397210991683285888420812014931928587085537848794228029756129833600725833155153492449325147122386245242112577239631218343699845500041301830712e-138 -2.909876931571582517807224531675353159847817495617138528954740606527822536803283630202552087845019433644875997109172019108021979487250992514325694763267917390440451136004827415469239277254637
-1.535125207289846106716474481113814947687448550748128109859914209619859349326494138863246757122686991056565029914794465389535104635101322820038422460395309105210095372263430471765429099682679 -3.768379385367436359393189837470685910332423889053667851537052209620689633090665740028801552075695064825841137566186164043489246746153123805801188359183889248459727367090743092992454405478577
8.001024138337183651826970851376121188551187721827284467267967970108043418943092582947821335719158858500884414967523296785771807792417318092667885730124702987759514927696131686212745075038263e-137 -3.117587295657821159030233483058740064287236050378640622559343296118202957537655667624262284526311629922443589057285569276051911922837591544390148875760788742586757664566258654433832008531843
1.504128706608887065821621838986449083409444273171896451788053003972457071099687104616885198209310432653659121798630799929784737404257384746722125249129424315838617134087166485712240263639442 -4.012856841584712148029880045650583353539285709838731120745774508823869638468725300581154142813515955032864178705331144874056323439257270919369036980326637673260237909631471140631149291453129
-1.504128706608887065821621838986449083409444273171896451788053003972457071099687104616885198209310432653659121798630799929784737404257385529062497625911956426060271295206972679598239618844872 -4.01285684158471214802988004565058335353928570983873112074577450882386963846872530058115414281351595503286417870533114487405632343925727040251340477404444853008745615201810133171048801660474
-4.406651381692748843700247720207915912109485019993447853772097826723719161030775993339786845766672581819943124547683423131486781654313124030949061040633820046724195823814539466947779405111626e-135 -3.341692718646555167258124988541925863875746126442334679902589376818300959503919740650159286204247862122156108508733699353550819113798176073911880985999096936827404689589792958192226971638851
1.474674665391070056226969658022347214910455838288685230328289565266414303100506735616578965706283703939771690845641945631841181576784440248541004454449878957090185041458245893084172172294742 -4.25898129210822565574586258128300947070256050272921163197765620729541409666152936810029170803546781546063362956562956777308893752887541380940701586001597988046477599779000754588674816227311
-1.474674665391070056226969658022347214910455838288685230328289565266414303100506735616578965706283703939771690845641945631841181576784441238641352008048857737316406359726461042013053831576109 -4.258981292108225655745862581283009470702560502729211631977656207295414096661529368100291708035467815460633629565629567773088937528875273224473136205540069528086380253733152574411635740736232
2.921046015525154075135764277190427780494821953798335573972580908222263738488831188923683262326139218505283598665921833705486891684230164019352820561238241018783828958443887403063362040816432e-133 -3.584266943723944903862824573916115800830101124364360268191220644319749357628952265024507531265720219698379052046930831795729182248172990424978286281547706158862063299242847139365883787144762
1.446745239474222362681583494173002559770568408862484385045120300611502903975113462818768121275408890274366127012681683226336112434522235365011035403196010474600235543436027782057616933916269 -4.506481937630659844874150439092939922149777595098007023990462473394853969690624368804812518118672713126458687719198074387546101627424822096602136260617953702628103415783765846891319932648929
-1.446745239474222362681583494173002559770568408862484385045120300611502903975113462818768121275408890274366127012681683226336112434508583231246237302416900268707308329542345479066168539489813 -4.506481937630659844874150439092939922149777595098007023990462473394853969690624368804812518118672713126458687719198074387546101627414811174662491867968599183049600132680863256808769921752904
-2.383825125548172553330230016125570697417646713633485142096918361524787287642532969757117207388866015632652333352099964318637711755912486879625353477558657914932737519385484180642650866203923e-131 -3.847835000967111284348268761728589951936772731889386860709111305102373952242703582164939926492182985649231401748746867727247735520137258607156339509039481169152230124435577627375367217200232
1.420295371944007986155464130309434207497674471951622104027836454453546091520174085224667777517466438529508744047735541041914275563807807773837460675523816617206646814569453228173825732646438 -4.755124286648920890875893736554699650989451729277151693242792651160492994265678061402416820385162402889982257970797679268869564791426804324668807522464149262677579457187273182848345729579924
-1.420295371944007986155464130309434207497674471951622104027836454453546091520174085224667777517466438529508744047735541041914275562208026424955880093386823146501341180198721483585216700890784 -4.755124286648920890875893736554699650989451729277151693242792651160492994265678061402416820385162402889982257970797679268869564791884712065808666080794470056932715803678466356893590096398619
2.457214473666596103233023264198065543999049749788490780045250780001174689362967000270087448882766885204469693386943655219596108630476645825492854897474834273673226353076705749841416905695437e-129 -4.135524679802367256908180848953958378615174485496305317732317008779142639621190155315845581625055625987841180937110085881531747503863497390196995153018370257356017610883185465953478036618696
1.395262250131870444355186794614503053414290029119166550190459265215018869961432819909211539110784824034975267520697464195476247631858216872192795816860730441424944397319786245807630916633459 -5.00470810623427633990513569133162336695930448676745968513839504163190515844523142608746361973736491449743500441785807071277534968128040708040368854204297284920668021534135284501081835970534
-1.395262250131870444355186794614503053414290029119166550190459265215018869961432819909211539110784824034975267520697464195476247577158958544869247532450146814027114101353351402341390652315697 -5.004708106234276339905135691331623366959304486767459685138395041631905158445231426087463619737364914497435004417858070712775349805326060418745680483836622664410246327486959031732658478395338
-3.296363251928559465644114908553914978336430324956231507913251241279289590453279261719591181857531490686861401584236702387955302072459010430445517857561693402159908571614784543497030322653727e-127 -4.451290779598432925675108783098463269222485493203131671055816008066301559903540920369022524302570840018598702451807961906098624597326598132639122701811101332235931101977828387644940222897827
1.371572561269950719933349122325507703896417706723716400084272432755392498597711172318501924528327938260948813765696949666463769736875374637813959718586682159386853700619194637220241562361161 -5.255064190345566713589008881631535173123177263785426193987492006869127029087396597273820368955725272240944424171257011192514947362043444036103471343720443744844865106942370307665649332882605
-1.371572561269950719933349122325507703896417706723716400084272432755392498597711172318501924528327938260948813765696949666463773562504257880387055444874167610823511163789729540094484343153492 -5.255064190345566713589008881631535173123177263785426193987492006869127029087396597273820368955725272240944424171257011192514955820656648681932686323520763477806821878490668870004573043416073
5.971635875285399890523260429809122700943122992938088467063457564405898468539580530799058795896585858259070654875884346436702024143062725723547554788626229758027186507539091332955078931909142e-125 -4.800260051357510218108375687482291414971408922207988974456371878045034953065105035532136756207875763969942149266092611825192452938734300452083231204887348776424693180751499968537380416089956
1.349147832469216522242218106623948154568254328913388076123385765958771143981833210111500387492916188498227509660744651429481477658259731430899120608404161166646770433112592792532434577355047 -5.506050643689728938965210803744510286328149706535364663188422703714723164966917033391940567974170120327886017752515321919888322295241232929289820648185457249224302982377055509368575701807189
-1.349147832469216522242218106623948154568254328913388076123385765958771143981833210111500387492916188498227509660744651429481986967984195781843315178251852636176472088939560263590348820394496 -5.506050643689728938965210803744510286328149706535364663188422703714723164966917033391940567974170120327886017752515321919888505036182949888342813687910253809252756225895699692537440214622482
1.327908209673191490047785508258139816278197317104408895469380367936842489258799541904689452360440051921932635961488664622691976496437566188832745778651785149861729724531366857276128706241968 -5.757549122854787579459635082176019735211076729632652717707870327291878837561353763674194037733527879123961552523772440634575700895105104753576592921638786069592659292707827081536962865492013
-1.533887044896685055318985946612344339590728955869105554531991868728756963849506382604289419752099629166212345282977894655924051188956759510556728447320950720708157774978724347404036675031673e-122 -5.189287207196353030436537646682229273121147939135819724655368177579408157522841879652148928042774431712873778101534345384989732305532851983189665066277770351554259695710625087303093688833395
-1.327908209673191490047785508258139816278197317104408895469380367936842489258799541904689452360440051921932635961488664622716802013588880412503598217144840826834591953722161413345015940401427 -5.757549122854787579459635082176019735211076729632652717707870327291878837561353763674194037733527879123961552523772440634564703495695887593442433648863528216594876991086893234409921159156838
1.307775027882866265314028456455864135322773745065418405694192542562971666779679577975447493914590918555238581187030524915419916974652969846005817574590319206186719684650173253227204001798446 -6.009461330932710567672415856609470942444822133517719196360947863209430428750442810570271934559611938969283214661734502154261872153094533588295666615745437899268360615109840622948820295367226
-1.307775027882866265314028456455864135322773745065418405694192542562971666779679577975447493914590918555238581187030524915917752637056566312345281982339947426675524280945896836910573587612647 -6.009461330932710567672415856609470942444822133517719196360947863209430428750442810570271934559611938969283214661734502153186382062222825531857075765121830862881576954931838247191743871475043
5.983101372762363366741302387509083767237250316990143097893966353012518190125517411961481287660971500113389897133021925344585490500838043044406430483321926896757719289406294034860836796872005e-120 -5.627905289665613124916692734148057642906425930503499899871563633281541986607008372666758104172322213844161086403621340229129629759762852944785194363841008444735653635787675809732046930055115
1.288672493583325267321302150382315187342201406484918339694026582568504915937497581957285630780964462644147332210057319154527512369611593932205812728836947338920480050164838800610164394888298 -6.26170575342883929915150826597496365290097304330327435802243780049369967423372512626479758384654768046436301711898548884758324953191685323687033314726623148187273961548823431828456613980871
-1.288672493583325267321302150382315187342201406484918339694026582568504915937497581957285630780964462644147332210057319143525173027743552374231278324843020040091426879237986086156246761927332 -6.261705753428839299151508265974963652900973043303274358022437800493699674233725126264797583846547680464363017118985488803522226635192503406837664982554584768464794153585548237095872283528006
1.270528500717787718463522370290158455194153492326750243005818920098852270702106588720407394433342923641034812117610577422981344834643304129042792467277878262586094569495795834136695701524406 -6.514215136417372045554473340074732071783282772504694112101328847121170143697954804751945263542515306833787216152692044675312346859754714995306379122569910047174175307439534171698744256899471
-1.270528500717787718463522370290158455194153492326750243005818920098852270702106588720407394433342923641034812117610576234999790505756330022298792895848903550172607446836021837171131763947963 -6.514215136417372045554473340074732071783282772504694112101328847121170143697954804751945263542515306833787216152692043694090328532063666099668227077029912263333621436353736267469043291018655
-3.926789117614904946379279910465836514598466850524143399624686728154426954583317056546610137245281640047343336972611888308288934538746648744482402007088004770628513878952295481413127467740025e-117 -6.130078142048734556738048029234152372873870701952221532992974759229038645957640835921775687466172095680204837702045475026617616681533870221323618171806815529379701810071876692859087651808892
1.253276053229342214711642615059855855312482073815224789091365835942591525195758213700859666654622109204428521026634601251755283747110688679483038349712038174148548119253066835611962082447917 -6.766933784651613742257452369696318530319053983000128186065216902993047098958231195242505166612963962486991940234340520839102792760189353909177566553200279192512244352005679213564256469948548
-1.253276053229342214711642615059855855312482073815224789091365835942591525195758213700859666654622109204428521026634554832164672997535229364173827105064302126168283767851503808364878694879795 -6.766933784651613742257452369696318530319053983000128186065216902993047098958231195242505166612963962486991940234340516307668437810890533032410474826389589263515030976304447141366086584325119
1.236851115439263126937296576759862972664797130036498728006788767534565767561892677129060328173271798619779238372356789391010981506299690856740665963685109464960408044840540291150523884787217 -7.019814666895913311753578808401407618597859337888542772928283832576376698357948072204863779802628335599535650830560872747951934058012979639074377725820854535531121070449652777681799468620283
-1.23685111543926312693729657675986297266479713003649872800678876753456576756189267712906032817327179861977923837235564896888519869245055088044455370956433881369915668963296716382572640961723 -7.019814666895913311753578808401407618597859337888542772928283832576376698357948072204863779802628335599535650830561428000278076310051748163427225917231413638058047660305797782615942692303646
5.112214659538081084625910881128760964173318519481604694101784202625919121968634457489174244348545382616949614545759941347888412098342152813159050422890077712597974062415245429295912948286341e-114 -6.717780566849574321946398860927461600521625655014038921080587256109735094127776676354044978989215995898587451876983988633073055996160759406382273590662592343936995459934291045112562188927461
1.221194734136275909870471055283604494205938525700450881906256145211025852742966860868983050533672564264771901681752824918499792526520533792314484850027294858892568388592693024570063648189189 -7.272823461339140017326544336015190937005541748490775075439027826744886829688933942321337888356627869437518298614386334707501444794751326126959165188056714581645689598917286718737112732293991
-1.221194734136275909870471055283604494205938525700450881906256145211025852742966860868983050533672564264771901681734968031625832084658287972164422346848176426996725832004164564680379607403217 -7.272823461339140017326544336015190937005541748490775075439027826744886829688933942321337888356627869437518298614411908833055315523132610242882798695333506094730453870262489239914536742306756
1.206260861831268045589168587593324308645162111764113911008178380664919742922006855835067898054700937090251147167649209392033850830642326644050699880661279346201752242654489327964900132754405 -7.525926488666389685655684099226191173474861584464198239247754531836217824948362484213840524582684702792125412391521147924894096048057874781818315055119385943661605399075307454106579266255045
-1.20626086183126804558916858759332430864516211176411391100817838066491974292200685583506789805470093709025114716754968417140537416350354001740229840169929481838745925987087322214850785392587 -7.525926488666389685655684099226191173474861584464198239247754531836217824948362484213840524582684702792125412392211386505166056211570982790999531580214474947355454285946104448975952996434954
1.191990208006703699889043180297922644965323643425083006192736973693189015322643920074332651714189473829924387639724342266614235192835463088363532080150367948261210340362130312361869354746613 -7.779084315206239312565684742182901617858209089228965890225648724386089838285497386933672571521373696702678397521799060261849388076230155236675841920975212922446354054995118679282257344797731
-1.191990208006703699889043180297922644965323643425083006192736973693189015322643920074332651714189473829924387643681040125135348801576603099911041866425670112682807638463768654943377855213648 -7.779084315206239312565684742182901617858209089228965890225648724386089838285497386933672571521373696702678397535492652685551403858810313475627013203195255367399805547419423142900593120968183
-1.768776342221702219775766647834235279486126165162523604970366518239041831068957662453880052230739599264116692722098714820795274241925964758975217048374647192026048510073795507298255324443904e-110 -7.429474141644351781664174317913820490291612605160136547206027298905918385600165755512008665366525753367818978289814208984774897023352679213025370390515325375379525661821339960076599428322344
1.178315244545338562697594692963401873925230692948834029537775406074945345899306475973853038467161226293339497335784561417797403749191764494441714600437293474326704379732877722805545591315256 -8.032298667696702215580891412186389784598525382021283829110470614610232780355757259777094903654182189357049332238081039342964729311817769550009376257567531062389320400509278782264326252935066
-1.178315244545338562697594692963401873925230692948834029537775406074945345899306475973853038467161226293339497501110975087403374114935062536744226128171785581056472673563157659182119614010991 -8.032298667696702215580891412186389784598525382021283829110470614610232780355757259777094903654182189357049332448881795409209177836423323970395338226493148787798483572571180870259394397776181
1.165237308060914477654304262006190774945230473056633120893716322896312670453594382277526873186604554913433775475427457696236050256448358536361269629002839492883611905224156125169890876317954 -8.285588510864108770087113170041984175397388391314261984491567944090316819531329244213956049897575731841623782814328221948355502215598122894015047262778937855037756711831658780325915912932915
-1.165237308060914477654304262006190774945230473056633120893716322896312670453594382277526873186604554913433779411330459367845432803042604899427217519482011487624279878693378543181231977298972 -8.285588510864108770087113170041984175397388391314261984491567944090316819531329244213956049897575731841623785282939850905745886706552432863778302752571374540176690185418182924618355338856619
1.152783242661176326310135172884166777248738216227388110475292423284102331596855966897884832366019730768664975857414782269603118534810783712424574042766656928898204281161007071987538215887831 -8.538871465614880640852072233997977891073568292288667422358969374143019058919891645701968058635401220351941102360533483988178087941137683747319084290626654877856579958892932806775326900528506
-1.15278324266117632631013517288416677724873821622738811047529242328410233159685596689788483236601973076866504791152076406124015670845771208688964862275569001127508829403990661910147642209236 -8.538871465614880640852072233997977891073568292288667422358969374143019058919891645701968058635401220351941121038799789623871264716760515279071739560289446168486809646144471867244484360689403
3.020032553018574002582248846566137971580569985915464782267057799227985683742576223949349214730268950222116355879511662165123589832846104665506931758089225721655262443495011443152470873512822e-106 -8.345511509205182672542584263736364742107262403923850698825326439903252875347234327203969689518711424802950713603323206410919666087525154922464670927344162253041886877551038948298427116519392
1.140832421122560858327126562592911113357282980957263687031826551021055786053243981064348627641376886448338907411552463230042953022992766641368316419334759104027107455515047318992205181822619 -8.792016117549598901205967227018086769820069586586687660763100150299511386561181030473635048562479198558729936120181149016627503754286052105873157741511602730085383293202991552015741252143583
-1.140832421122560858327126562592911113357282980957263687031826551021055786053243981064348627641376886448340014860305340865516793124282373101822378297418201438249257501085470288017446101062798 -8.792016117549598901205967227018086769820069586586687660763100150299511386561181030473635048562479198558729925061060382356259823505102490269056658428393915587887494966429031488294572218961667
1.129147224137769206799982837196834068589123722282607493133630300558089234964629854831765704340336145191013478612036991871952303329140579362258135502006783300272874136638002754703148797634111 -9.045078125794304390416040689508308376094756299056742912725228021284786851533820280717145587493938078957681062237500280080963044744249885425287087064351727344948523117195601212522349347046555
-1.129147224137769206799982837196834068589123722282607493133630300558089234964629854831765704340336145191028531113292169299574600493699595408565573859540782830516448965928585979810789041058101 -9.045078125794304390416040689508308376094756299056742912725228021284786851533820280717145587493938078957677513917293715134274385196146202565781043759084027424917551914381180431703308406215503
3.370217164310483701325282729600728702245624891681626603927222037118652096970261881128271956033274812391355889689746678100561460078296996963355986414345329680655487637247393017304456833495714 -25.34075870807099221998972368597529477686434810657611574857948067705873568207014175499899048256694437091686964960689092526420840531852913595770018808854625083546488637015689154790086288767318
1.117659547172662913878170499000483275338884787296045712693380010672891598232244972353270507455686285453987032265831729485656358327045217642020101251570547463944027969454086960244749237734178 -9.298348902835091311891500087926959460746648120089233864872434873563998159390631805594951783624393240187303182740938326573193366088982927016116952618533990743408243770284008863050679901903301
-1.11765954717266291387817049900048327533888478729604571269338001067289159823224497235327050745568628545417339807301710209312466307031785937037007871145575347434741576630421872738792568718004 -9.298348902835091311891500087926959460746648120089233864872434873563998159390631805594951783624393240187219832169603940717163166716891157995726272390900464291897341443658374402390475595828018
1.106664087901797117009369727125904239772788793267370597130650815350650360921601617434412257212647833693893635286023257457464895099622948541148825003158717585888819260244249762372541825431787 -9.552074729543755227171874849930279216601292090781058819540743115560837870827547988205638838741288232316075680346894644907014872094435044531976519960885719414249645631135279586249169637463396
-1.106664087901797117009369727125904239772788793267370597130650815350650360921601617434412257212647833696003377968923710149649667916509186498004490033947432747039313261888695057188501566937087 -9.552074729543755227171874849930279216601292090781058819540743115560837870827547988205638838741288232314667296120464300544106230691052171316362359535483671932720832233027707266706446749574731
1.096642423793263521355269002590157860950862436554876867498295512041793741811682298087141580443581512521016981939240098874067039247349473646436262798728636255986633346279304570180237857535626 -9.806094911821263099168892723665150060990083279404190652260795702665913998109544910990905324313531990574446202369498939976193167638328170441282425022959062161545760831037406219048491396710415
-1.096642423793263521355269002590157860950862436554876867498295512041793741811682298087141580443581512542695807558116943523531336622920077861618944559306768962560915346228828563365973971729805 -9.80609491182126309916889272366515006099008327940419065226079570266591399810954491099090532431353199055479462434065410499251148629794018586858776295911584763538926488902023836693250186843999
1.087796610973588975117844791370505901133844767813104675552948893376902703804023165439338454888291534893221029266995284343312902259816093993340260421011292201199592686535529439440255213238146 -10.05981985790758954143504195553463894814012081397228533076791039988374915983342977381988158718509623884911229947221988106672574295099824276616071489643900024668686897239142743911528290823683
-1.734105682745024032871019644676718243202059757124994333611005755532572187401634301117269878210731461206902643310685235557175633761740437483645743391415368604449674784389660453643992128384573e-100 -9.710706094766314396165552259451262011994556109683399194444372970575543959921486505624434434935107385379917405652034451479775569860465879951886667258446494201366218298960229914281879255541253
-1.087796610973588975117844791370505901133844767813104675552948893376902703804023165439338454888291535098349772796310430704773612992695531051122030077264939917521738969905272380007466624040895 -10.05981985790758954143504195553463894814012081397228533076791039988374915983342977381988158718509623861593874727280443201171387642289119025320299349780401667276129085483672470252193823162005
-3.370217164310483701325282729600728702245624891681626603927222037118652111509178389854174140085634274806841570686921632981318950482745239550408815893023373389388672248393508315016825162552866 -25.34075870807099221998972368597529477686434810657611574857948067705873569439991550659331400762406098874955935628475968774234252413152997202884169909485167779712100759971522846061020698264404
1.079818463257645812659228936107924628445007416421017511680092918466812540408969651286791943621013139955593728091874006221584019845616305740012465539602185734164025222377014500881368714358657 -10.31266577014360489868444960003856920009689151365145835184617827199099714882785551449574982318111689507059320891966346378624768286028700479591007309532367495583985436769708035352500285812318
-1.079818463257645812659228936107924628445007416421017511680092918466812540408969651286791943621013141830906582285176096094024551394027498777463004293315496249733932919450802353859684974114092 -10.31266577014360489868444960003856920009689151365145835184617827199099714882785551449574982318111689266223659242074871108199526909733002937171177631370205543041794605775947252469901163085942
1.072167637517322251507103046539653708883520007263581578588425241462967989003660949168843128102223468831062137427224900980146989776171068346969716519427775791093315864661112108716089140465747 -10.5644077716145046199452024614398117373347416064737861425553670841755989963939322897776391521286456590423528959459732342563576027213286318803052021928927973252739124174755876343790804283441
-1.07216763751732225150710304653965370888352000726358157858842524146296798900366094916884312810222348621271356789518530855744638767043655531728729289565785942577416845959566220814650330406139 -10.56440777161450461994520246143981173733474160647378614255536708417559899639393228977763915212864563681231770761663685006533622184101464640098525581598831788874384095338284041169179351153837
1.064426006828464092873083195058290085210819722183997354460430530087073693968688040839927925386434651958996023753784538145318894435074848986495585680407538870261845740316825813729027675071488 -10.81511350574785879328535513137293018304523946406717303131469709985713187225842869165986851148666692227594578777275233786288449933641604466307246005982821250885729976906275117455712189869298
-1.064426006828464092873083195058290085210819722183997354460430530087073693968688040839927925386434817271443854286581809133320650678755726761792360873277172079515731198643363682036271090491402 -10.81511350574785879328535513137293018304523946406717303131469709985713187225842869165986851148666673636373018620193726733846506460683267972269645673812900861464422337322144543162730061720688
1.056422090552532415394663133790864296325201188961524711376677781674453492683862083404049764518299079305267659817416110070916411277390034402562672053550731304619174015849582441604420153759411 -11.06491852341164026967596167114325125972531111078998629698385337742518120971388796462934914903955829194943631443882944024036261895549246859731047751728591414796996711457332884239818670853075
-1.056422090552532415394663133790864296325201188961524711376677781674453492683862083404049764518300656985393639611848227060789741563693562275192351610795385290550926197145199394671938091741223 -11.0649185234116402696759616711432512597253111107899862969838533774251812097138879646293491490395568966738285310958960626412463910777854174039148597861755640498552606769259539123792856426946
1.048228989040406137270818680024855968775362589222373512286780450026159337013201303056449015893872150132500069445371218750223660080617294533994790521339458198596611880085093438653203098299958 -11.31388145693060926767276471256655305118815065452184766505074707007986083579104405167006392426244201937755653396554055459725501469649994796163842039269775176275725066580694184718186831844604
-1.048228989040406137270818680024855968775362589222373512286780450026159337013201303056449015893886724789630866716916466584961318070799476494551271978134861218173234303200367958741462045423621 -11.31388145693060926767276471256655305118815065452184766505074707007986083579104405167006392426243304333533238280738121201707976632539301894923927547315405749795250398352622994294602393966392
1.040178650449135337113003714388826814772296262975698131320537304050744395491088775070592835738387727355420818640704933813411519216792847386713018450902607491445347543219434443096870058373788 -11.5619581485492606677196897199297026955704126744837456048300929130323348416582922010032606632333822533742807111441210252860368369263730421814248858827013208140414092710191758361556418032024
-1.040178650449135337113003714388826814772296262975698131320537304050744395491088775070592835738513073382115980818086430004209571895076967541739480129645946237695275014736938842095127775545056 -11.56195814854926066771968971992970269557041267448374560483009291303233484165829220100326066323333911580258023815246239351243975283681937843188981450118580412464491908822869937285407959689773
3.178260873970929503417095477651182032177736040933895248099488922448959467432115258546188664649380412191423195707788303355803259305778193863399661454779990820183579023914506616623293758266322 -24.5807172412286971350104450630489706645061916771408261992922662880283627030624350950265356099408008398874013061610297169075932157629409227916330157111214702592738462549082426911847373957494
1.03291991536539664727785809746738759268395352612614402699745569338634679298620665230344919011638088106664198773970958817138640625131344118647731610344892970551931462155291382619871102673464 -11.80911273895733340637754336290636890461915014150318146984201980217563970064139837338932132214128927151962286007753610070268266979029414755873116241455814366960018513278378851927433688173552
-1.032919915365396647277858097467387592683953526126144026997455693386346792986206652303449190117343081632919816124363852289296482835654016963585201357148781529532228027796502091855695893482028 -11.80911273895733340637754336290636890461915014150318146984201980217563970064139837338932132214122296019545462568527291353646690130207523175392850859039837380469423890296842899777067991835225
1.027400351368534708079388812616528375063642056150015999788849598309770263244358000761353628918592963968944620748372748371752944560229062517706734526176513207051731916980315324829841039894143 -12.05560269192239686746266172394932166511656723302649904500490540559011267052450827497574465588701575393061045938787248270253455241716196438204771570338306274609331978609257990595966279586749
-1.027400351368534708079388812616528375063642056150015999788849598309770263244358000761353628924912451337390144257892652339440304650229712349525048081956252939782335197171922843931835676578264 -12.0556026919223968674626617239493216651165672330264990450049054055901126705245082749757446558884370411185485418304965233568465750530472247569254287338702105645166846334663689374744032222685
1.02453287326463209211939758241005818855446292485723856608988794727862489539328768272845270026037821280803078644514909692670043804579896990327675794070964690909949468489514036244433861944184 -12.30229595327511010221317794669595284377999469438942775555624689379798899628242515595270910631236109080248492868764836724512777826668787720920780987688016090444101515121208504654437368529507
-1.024532873264632092119397582410058188554462924857238566089887947278624895393287682728452700294977919354351336659606726408556424255002500086050870008960563069838738272585633024062139597125268 -12.30229595327511010221317794669595284377999469438942775555624689379798899628242515595270910633181814884464988507174974623949274890162738983301210202289004224660597958526779892625688147037374
1.024591375229234980105769226713861140818373790785228145922186021016933822193112208532432283964706558952433984104406424950815756951647084149841021827703433268718484752893181539822167411951505 -12.55056295832878269792851837439595541561145015813151095619355664327375549125034372937562120864563799057460744360504530636278558957641655843263273089820314462637945576507735792621588208516844
-1.024591375229234980105769226713861140818373790785228145922186021016933822193112208532432284124395088758265621163303316475308176013253882243074462513113199947926586200251733141151462026305386 -12.55056295832878269792851837439595541561145015813151095619355664327375549125034372937562120880155162090987180121847881288150017667429196005017925993574502548232562524593671146859759468304536
1.026981399392860916202901389875073932777928212229442214487040372740122043007253942197796770132703266630314511631961162384140584247294137075516982820002902898506399181537330420461676786714887 -12.80162321038350776781482046184631031998822163578232429558578192163184814428285170552618805077785080182851791134644717286013704638939799939863471947139679254189889745330006117666489797799743
-1.026981399392860916202901389875073932777928212229442214487040372740122043007253942197796770784671371506358054629556896744123322077519945692270606404109602129214212340405770606516312290698478 -12.80162321038350776781482046184631031998822163578232429558578192163184814428285170552618805175684656646687030037669120488027463536149133829649968515311942194499847012823025731233941102626324
-3.178260873970929503417095477651182032177736040933895248099488922448959459928531392273401478334370904728940188626586573248440969850272404311807108422106698335093820413718734051742715687894923 -24.5807172412286971350104450630489706645061916771408261992922662880283626992354528796082195878127871825733225183768931411238900384679387953950976244916501776043955767937528641532271662339313
1.030693831487359795866005365979581854393542034667941329830542595300962604880137295911288993934988309108026900634699977059636890227958492541206748932096218161704806821638150919231094401344251 -13.05605998256760490098310543493177953376192396607745682803693639204774642903468843692810153978569540365447128139074061699448634453301842466604139826158772928158281702953531719744827915715818
-1.030693831487359795866005365979581854393542034667941329830542595300962604880137295911288996447156404039548728154829371265437727005072835243862280118968722099937760136448723046434989812889837 -13.05605998256760490098310543493177953376192396607745682803693639204774642903468843692810154519267091237954450370372411132712163231563180638611789223817601049050249074598115685176439103273075
1.034835434463348808890608311786478843311417099330691739070020826779576485834694105874047262212769410258408850585126315820016419513158132553960750894885495543859072955658083700211344919257035 -13.31393800793742375158851011368209574765615222398848267101584817352122230928269674147266426730641047134398400989389430843273787811808982219933427411631718320745838025206312503219752052396483
-1.034835434463348808890608311786478843311417099330691739070020826779576485834694105874047271983780104598065607783766880999136864554141437287313031684001456429300146812264952103824632382659057 -13.31393800793742375158851011368209574765615222398848267101584817352122230928269674147266429531064738166446554981236513925586903664438028690533658447898899337168043094242915134557966005316077
1.038799118354699097560515281601451759085109903268333802711836910903258181575347655602506438345165570156534063849172723669818951066213136698319374681350861289891890614731064082139005921591048 -13.57514216612237998094360144075785697391969739457419082851971892706241056227051975810716011597859211219598005012813400791913953494613681896791937141734893895562989709400809307384276812335828
-1.038799118354699097560515281601451759085109903268333802711836910903258181575347655602506479444736291700290619298243367525686856434246864594672472495498609950995817110398406447300514085148643 -13.57514216612237998094360144075785697391969739457419082851971892706241056227051975810716025684036163806412909213627639849684326114654212044830012058075954950556006891952214347340647691941809
1.042209186156936586654866186730911062021765100433339566126812484831913430240345856895967245442513306303863654584546292535631271894340855125036440807634340011173838593793668098430241436187438 -13.83961940502638035583073692191877027640314952952655241990118103700537374785168052880078888647625918496297806890705346719739193282706492281476825595832144873870619621762819801733626327467057
-1.042209186156936586654866186730911062021765100433339566126812484831913430240345856895967444008766347342578338211981626686709924964169439168681442287647294004212439961513370548614741992234835 -13.83961940502638035583073692191877027640314952952655241990118103700537374785168052880078958690122229305454457232026460737157322674655017697084305729239553482084235176681969219363222878073982
1.044858242323840058151045621810252477379352869243965382140039627781798773347114900463339381301357952885536185726475715754000265850631893337822113564173056912057624836489239003875693765941972 -14.10744388305245552620593061616563308947834874257475100628937481347020828182749450703187560609377938229274338872338592691782631188182449650159066226456150757586317170295552997903050293192863
-1.044858242323840058151045621810252477379352869243965382140039627781798773347114900463340506683432025976336547320561483474739177689960271576375996882460140731763306851802401456123370301356083 -14.10744388305245552620593061616563308947834874257475100628937481347020828182749450703187907023255740047616961197249677483079065347973712940767087868199840961081806132339184449939525262078289
1.046697952769862582085662832666614443001479274616888050143155252507123476018761052759981461868575904658200318720959131367247489669220241267681800930089888602920442886250037215587175663248064 -14.37892186466309119600239968594544021416858423565232669335780592316585855990264946792169231525813667669947875492317072708770204204432740218313722669158825682068351243172331263359760162232928
-1.04669795276986258208566283266661444300147927461688805014315525250712347601876105275998870491105579449316892391959706798553216539264471985937688049313539305948730153394799910988031606230826 -14.37892186466309119600239968594544021416858423565232669335780592316585855990264946792170925441802861792356770958825827663372543982678345399224838584676194672749922046212498069351646419215046
1.047982609341126815105523964406831998709610012318669203002604221626432436522799234830807009777634299031664648857768038483233718196495632532356399212650694508056715486213499737065764682193109 -14.65435500149160258245866759256428008418317435333623273104795860529820278760957784197271380882934400271843925023744066086345718097355132653406892443459835562460676819644978051220564500810896
-1.047982609341126815105523964406831998709610012318669203002604221626432436522799234830856704415457244343980109283644250141110271283999233912036445452931709983928209346848457123604807604323777 -14.65435500149160258245866759256428008418317435333623273104795860529820278760957784197279339176592306324354671388236540403785587055747845807789225532192796474410032343704101937159022057968544
1.0493041024801835115529052528059914404512983819129970986394244738502681493358125511734101598109216104291841358510991938182177541268118714208540313250859049307713654043510275647311107417023 -14.93433113988149876913291371077522297870776902862162435983816303604608879342729948116629368105525226151850305246318487102923624988824499551174027526603370244317627403269750610871380708048859
-1.04930410248018351155290525280599144045129838191299709863942447385026814933581255117374676981471664083038434513312182957108363956015971578619703774855871041576013742059661621056572985351013 -14.93433113988149876913291371077522297870776902862162435983816303604608879342729948116662800395003728141832791561215841202034682880269412767125342074177613900383924340151110059696793714403453
2.987404974020579741514627859200610000238888979559109599861363169322981440035762745607746304306098078452232524957438797769765214353899173006398090469580537384941021556035194204653162138188012 -23.84261292117609395670218684258938530334116374866516762420647170909751740501317018468758293325981583251466292863499707814748286145959004443124487838276799321868269822681667622103223816830718
1.051841508932923419930895422945734945880511068145353779141544904102118854765159229378786300161967383830439388153081608741307631283963082410561047190033478131969844987766917690940361949671224 -15.21794148974690589665844150925898164426226189551571843675375096337401947167286446667747754328163755000630974088253062533035574725056448823639482737635424623549163237301897994157264425070441
-1.051841508932923419930895422945734945880511068145353779141544904102118854765159229380838397580829967688484896467040886435980410713122345000886452313555114524284466863606019932839900601961923 -15.21794148974690589665844150925898164426226189551571843675375096337401947167286446667853264828663146763211881716755829125872760302065821405615266746262000741113903414775630400850385999133088
1.055813225862184302220882953673816884242545542409098679085785036553068294136120700013833869330807896514130824518124315249032224030980750843089839235151400265469083084219067376436954661640275 -15.50573825079425017636695494982447402286702055175978313316057154070798307892572350828019740098697939423391452051711727924435235871710241962856668875536401402003672762865614807589835802022485
-1.055813225862184302220882953673816884242545542409098679085785036553068294136120700024387155850175537841549947870146489411391283139806281401263255635952656949024303179722030915178123813539121 -15.50573825079425017636695494982447402286702055175978313316057154070798307892572350828144223374555636924722398501470021656908360083711023789895428334796017865992166867055975752980181375062471
3.679017178354777726949593499245928946337997481923083637501635404770648354750694815368343728487718858054521362234040544741874524091502058544211095467217066668726218069929416720774479097574622e-83 -15.25752462166163218734775615379884874737261574351689337878776388121707263381528767005045153880405330232795793106808818711733901312907564581446131477796344886540073755316884227040002232823058
1.061543558506822161981137880212528091622940853742100946789464924708382222829734360463350942664005469162664808505185055753759240856969881663146478966809399603945281404654572982468233590093496 -15.79236275297725120173018271844025500356471401229722410292198714436786592550020606468235593724240571484630518650492812226605589537728599678298150982843217047251708120155464019181452018662388
-1.061543558506822161981137880212528091622940853742100946789464924708382222829734360507928019059276624013579323787279514773656040941599513876839716756884632893557401957089987767749815056961872 -15.79236275297725120173018271844025500356471401229722410292198714436786592550020606467091835094678957305707317690116945743097534781849382824081033593446507595439294629155476241354417722429106
1.065699713631097854738750719320468255742090267648840488360914152674596726113980356030194999280132181740284981182066392589183953029816754195352476343320620682894833558656300175581560287734414 -16.08753047216069422771232421392967354237914919780619384729686988903510685244718355971110197336926712771611894000540213732600307432045361404377286839006915611775973124651703544445989173954085
-1.065699713631097854738750719320468255742090267648840488360914152674596726113980356191978682417321247171669561506780401345319652026144937003412682287811454714150054941799990164370872732113905 -16.08753047216069422771232421392967354237914919780619384729686988903510685244718355959419861003614001738626138942541157972969520393430411160748263952896323636917030123677936926099801314766435
-2.987404974020579741514627859200610000238888979559109599861363169322981443199087485574283880561425291077809169929983252318649262778422896050082937515226839622676156662789667269368619329527985 -23.84261292117609395670218684258938530334116374866516762420647170909751740535718667138470027865878744308809093623004772169992090379457008978202121799677500363816701225797618388671718460749044
1.072613986299313820933784638931975009319982331192050239086056383590968849746165689272693747523388928514331253120413286452034431977364730970620828118642498355056181690319775631287846349007748 -16.36840765560889879380911906128589406047426266227934749852041805966677754588608612360166072204881138854655597467033316771452084552898081801594606587071371682809380626734570713171175792250345
-1.072613986299313820933784638931975009319982331192050239086056383590968849746165689713629023155005231334012223947545726732032023162403644833000702051946985464419358491786118268616623142079718 -16.36840765560889879380911906128589406047426266227934749852041805966677754588608612290146518214044327107800947928414127944931977926891713467408213444214456693014697930574620952433385324624084
1.068114772863482510574023934787812512893328495777533985678644123974171994473781998715189841948132632342576919930605560211596169018878769345163516903360353309105197710836404350230065683243299 -16.69297862440633012342610405273262320644801156321842196565875458315233141149910972135827107580352304539840128400936564014886565135047367413552295849307333640088280713308359758812046088126926
-1.068114772863482510574023934787812512893328495777533985678644123974171994473781999190967850050123115169106007272334670286885483138195264261620556573537312177939164390592060498366394610056103 -16.69297862440633012342610405273262320644801156321842196565875458315233141149910971744454614818478735572927212680959589793142933807305616031928390901357621193843436232672360574612396935531701
1.08826777440117139557547252457660520685354486813840901552388999456961518425989876001118358974469274070546369328855454966234118093931090392374521570930268672742983691021555345191273243515562 -16.92874467980431755314089435144439873094587125140266310098001089755143939684973927259443959564099398876889018914854657361734903898967032469761377760368990129879802531303335662134533808598969
-1.08826777440117139557547252457660520685354486813840901552388999456961518425989875567638918243642601178574428907403629604933924062043249572384739812309586123960418347344912467094966675846676 -16.92874467980431755314089435144439873094587125140266310098001089755143939684973925971017475834213261921806934514249757708331233456766236029491513435588915974280475026698135810833786340345506
2.798032033237960915521060129791296860565767934333016831572038626257732977144251956599663289801756920704550127894733586493306314646252575262920832832120887909966955267742692642278373352873745 -23.1250300379844460599316027028696355275765734924155194199798992531949919210490760562737143260659684801553443422844607261226861223284290250300745919179058097459903224714270347283368400598962
1.1976761001929090988674172894869765185841889919196932237208797101400259831341160515460652506952577183650736818771103494040102097379508915920910188402000629058049692146831756704786657197731 -17.4222569252338931222037797069263414977398227780222436855706769304744228380426993043949941184741618158727988291730895180119713393712036729461523174624741220043295948250724539171599749665082
0.9800836637847697142003166465916333166477390166334739524877579735462901359599633049788538495059831036866259429398786052037572894397325676604792910272828348324876225278369196063862751861045143 -17.36243651460394368876541958279577344097488232812216728500462279353122529080306426674324434742892154383842726416264199538569431243040664929918212736336458859799978737963176906321262037491298
-1.197676100192909098867417289486976518584188991919693223720879710140025983134115936129473490019020695358505708097287882571545553030541701827788626251213927355782219479122329080818821289737714 -17.42225692523389312220377970692634149773982277802224368557067693047442283804269929499928823779562662976779218538043897245885257607756696580561256709263952631943370826181338413999247962151955
-0.9800836637847697142003166465916333166477390166334739524877579735462901359599632153659287513325359357536903266323644602624895939492320704239269814098273342098052627561913479972263565152725592 -17.36243651460394368876541958279577344097488232812216728500462279353122529080306418098074972553420140318710109279896371437090289356044044052172874424646606286030414526711112748180669122936204
-5.199025464459332466769747720453202581457834051800763407540788343254394541410704067320469440903191186187305268714910279239684275955255414170224728289723401489118833730300975677237397296579348e-79 -17.09231546259388715756548686332896861674023768791004044477533003352736902382005839859623431372146434997665541905802209406470785712447635484415416280603583881511553061366569531374045733947885
1.370080570868370655823105347563088747373160339144503080954175613179177347679648740203457639384498119358723018661254526712942429231716995575017711437240994014494891465114148873688154615974356 -17.99662099297039326399504309181441780744623574360878756392537200386114149420009505715091732314184604595459680329569414676818194880592555464897441786319304003374621279798562044903937706786299
-1.370080570868370655823105347563088747373160339144503080954175613179177347679648930071330980201694330102732869774325155734060428561570110772626475178027761425343707244632735675558767787452338 -17.99662099297039326399504309181441780744623574360878756392537200386114149420009611048596673497193698125112081034585247345540631313595645547723678598266165921920480504507747549322507626488693
0.8319485320344775758448868099017311723837376795430939672788722315032519088348106868986433913289031394327863015066367733693455542003217054870116801464138965388362885279679273382382995370510088 -17.94546410652564668525448929463227328261594536280346551979794982372831297984609389947503588788689663610532168389958591013352158200005917322831742225531369621757599272069064624614198220992824
1.538241974961847038767508445086684244591900540946086674886573628160266029309235556315246870031961237460143008009604064458894097802135284315273497852653222431322561917131373524863096731121553 -18.58606007063209309849263265566815942342732875413963362399453049580185071999136648020942244938856075944059092972024525316323234347276254249014347649874061302826417001800808382792532409512563
-0.8319485320344775758448868099017311723837376795430939672788722315032519088348085354465908865293848439758939636782448719734756267377791912814155432049211969665133750474098491696125433697926427 -17.94546410652564668525448929463227328261594536280346551979794982372831297984609306423927663380244639148167273003776376783435269339872074687805097462142901353729134029232852886247660694405562
2.610479759945462001450248507396666834519890077786667702845036104359570913391224919353492082766396756580439657740586021946177039674061747582537168343616177822901218308737299753949742976158902 -22.42671436361688411095077357230985272169583924917727913809602169859301235713275282728419262809477229661415855887129986278321558467995508501009792575933477134578000848035246301130288815223817
1.709524339747315097006467334862795162612509196084329406177785702308876029550421984811476870668847785537119871895395642639726497942805730846421087573087947937163159651956350887685843260384564 -19.18873479735138521658914823147041483012488864544798116601522983956715599757132087047948681643171291935043162896635402823090422646676808658024287854971944192237637023205204196969841603997836
2.425048296403011752045581052848069127417472478422127911375962474688723223479421328106505713634697212792873793409096035294413781502658155320341801916007754535878781643257291065094927847392728 -21.74654778976779199255193182272880297351367264447388879906971626751387513204727518360320593502787912209571782717890007526020726781286845691023444729150432720810822084525035971628465759802475
1.884034586286397347745258338162893778563494501267181860369101537982868738444142718701690734772368596070170369327999155566229407728527281267607171796551264958608100995687219318587147649840103 -19.80540190099234993688983952078906440970773515728816158610925220770708869119890925122960729365630411314919194576324272865990051398419380930872534973844686104856589456997585040563632278043548
2.242006172822496212141879827216049971470320694988110914558517704476292174070310736350793360298693792979401915783210249895114393009541217965413800056938829075677732500366594156922841725017105 -21.08352796882941640711868820678888410313737242244429855206752061937226184529470965825271098345953464225655666449269919333328417966171789227596637814672924289453874048827048254906780970810629
2.061595207118850153787130748384012643958690614358419922738819351013310150412926716375498857722846727389976238683307783742268934468320866133919286670339234909297949392041814003064055292468592 -20.43675180229740494957197530557779580869724889492976416858083311788770906931516390500737630639201266960453203052983350254344100182023164890269251105581269761909928670620704369311898603149657
-1.538241974961847038767508445086684244591900540946086674886573628160266029309243810999443714812096143652695912056257431152983047747044842519052288735690722169539738508636481566364094618567559 -18.58606007063209309849263265566815942342732875413963362399453049580185071999136232367206329156024543589611646432588675987790885471601189820346230762661885213850159242532758005687104211641927
-2.798032033237960915521060129791296860565767934333016831572038626257732976182425215059022561775080171978743284319189044622762054187148028397254207785604949842339373235934552511148349426537201 -23.12503003798444605993160270286963552757657349241551941997989925319499192143134987313767563408191015439974339511702791725130424146591509666954662834316306962960919784503586546813579218801521
0.6786908228464100688169338276364313898857609898171509641275270203257023988196512850937000228523436347453042790242890134464808541773773386017316386273531641398541746303493051199241414752249459 -18.53263534977081529391116396848116448275933080990072521647633921622744414344616427867219022411982397320493484917919293274656547971489427270505855995557678181887990804912749905784317255842695
-1.709524339747315097006467334862795162612509196084329406177785702308876029550369203790528027997379824269986600389657489100066962610605375156119477176616987688375908363129923019462610605116083 -19.18873479735138521658914823147041483012488864544798116601522983956715599757127352787710478704665280031020936163533944238361289568012661888150307991262075926690418361623838564793349351543998
-0.6786908228464100688169338276364313898857609898171509641275270203257023988196022386266275148408165803218538668751316265953047985517688632737069777337385121143214226566431151580725935597417384 -18.5326353497708152939111639684811644827593308099007252164763392162274441434461745040468210364067453172564259141140888981419111771395061329315879226881509635410665503876993773217844815436071
-1.884034586286397347745258338162893778563494501267181860369101537982868738444015098014434399715549119157248911331800758250396761061827882292112389635830174473528253427314248406664799395558628 -19.80540190099234993688983952078906440970773515728816158610925220770708869119937424964822734146452360183141256864366174168438469706444744932952721832234839234254659251578898557800498875069677
-2.610479759945462001450248507396666834519890077786667702845036104359570913553405311947717294239490911025708165636952267686315312867392122428274670877375449407850274580401245085924776775659864 -22.42671436361688411095077357230985272169583924917727913809602169859301235689034242550056929729598707280144881216390118196805858986982686683542549257047421882987462439992069466314130594909774
-2.061595207118850153787130748384012643958690614358419922738819351013310150415706539838752939289609052889242442395400776821510762209198249945024358383925784168135700848376097309412258788530719 -20.43675180229740494957197530557779580869724889492976416858083311788770906931433906354830173536066596235990817318930748058412880731785330314043068294918620072466600276138597804171460040984674
-2.425048296403011752045581052848069127417472478422127911375962474688723223488227051327084423775228263872171708927276646284514445442001450568142943215038573193506124082609082056168025803509939 -21.74654778976779199255193182272880297351367264447388879906971626751387513211831218767902820961563887296056194029122959551624864982162815433519670580772647957395007854895959820886477950186771
-2.242006172822496212141879827216049971470320694988110914558517704476292174057887377816927146973548263673389390361024039466852756691589580366348295121792076513737282653774232062966254836142405 -21.08352796882941640711868820678888410313737242244429855206752061937226184528565815115176094262668202656877779814724035681362886227093586834594631078515942395758373011152042240983464245395796
7.149021126972832378857262113161774440029042736151757811085138510115048992623005212018799308139215899900551096495360707750105853893942308370456617629349588592113724720412945332596019983315488e-63 -29.52196836132128349880791929488084685568373879265300664668060756915344022740499842091298746564968711055930012086457592083056877841307432109177856016629916641136541031746463290223489649254399
-4.925648161393457778675700796363923110022872419169877118651513310698245240825142670246362031199242261420894330057480283794687980525091932308042841215373310490959777467828976357947801483341669e-63 -29.26953410756778081284591076797101503523066655802802989223270581090223581116497579406483205614907831846783603197477265269220139751646686757792613108490296114648917553136472457673431413842655
-5.034176917113570051071962786162853071755065939692495636207746669732524625678529009214154664212683056545836549834840275768264331515540959904298153652642526806953559192025835687630051849463402e-63 -29.01706932265676745221550018397720299216052700002284236161051708844902906546551135182393703815897394084712974344684530739575362555667281721031641704541589566295843222636032157015211037029643
3.419599328878090120053696631037635292414846406107815926736792819228172394780293012057841971090468578107397066861047097086359781300316311337005145623098841468565454991586158821025792609927977e-76 -18.47587761285863184041674712523143037658250612419835625563757929605783639197172538979220947593128571144308169213555948769212762768810319137975859874317094211202440552447720572331059145970443
0.5369585318150365651313670828976881733222700534788320626110084814954780973873063040317352339896684721228098281312039468341918644807062244260452484837084702881687566132719726883972386258869523 -19.132630956981694328680794825304486946268978921047092183199783711824774712414595271422707444279788816857926921142795668188197147710145100663599667352144547911665286349846306738179235946598
-0.5369585318150365651313670828976881733222700534788320626110084814954780973869472222275017062212042055489254335294344811061869122686373095953710972987725906320982975148157941941317403918277903 -19.13263095698169432868079482530448694626897892104709218319978371182477471241527833922796041708137270943484811072455192953829625813094331145127963745104169995063416393534418688479191305575576
3.496015261331670428868345674118408589167495508013668152933583072347102337164634389255517105185729641651438197120995776435325120989325174816809713025119635324999535499738719454366602445718342e-64 -28.7645753740683767963602518597271719716464530432618417969036769302206340298879909892662866387759201469437255047480261323868904993040794273462563463684753036600082887091056437812477502750974
2.29819765684496657958451641825548472413527966741861227973247919261753077629687286615185851825111019801709227440018489592206499565316853713425385454958441845993944496808249551984693728444742e-63 -28.51205594341123198554410596145296935051037293533328772487968530333068166440079045267495816475662156148633372181418239099675210540475329273860334684379461189985112382604723472336953199788373
7.461363670089719522925237130470625959832084100659841649085518025360893773268834087172750841349975191682058754793437694783905905260023477103473261222347204978890875571060195602093734969437689e-64 -28.25950460409044327865934607358440001268475828629514895434389900236160575558954228443406214589107386527232740533414413978463418861346612142401851104910029784228930023134057501097570190063948
-6.278280604448346044687463497586322887576407990531818573292118418902428339606485269475875604029544996306484283063729654371934030038654277403603653365694851165068244537063349860339736674608842e-64 -28.00691838175731050142666617676958257798055158302541017678653235620194757407463638343363279009441928369272932870213680768014842012990705545038261673229940433141166040913845187738035148939619
-5.463756517784425557752129887052033653912313038990315465844037864064161376984922035765879941457652014092857519417724767754477683967012179274934256152950210023900289169527249168845990748374814e-64 -27.75430754085425330970289333843105101593123041418724322196324829665267729483385059089981355114400793249270757950583927760423301722614768546306093325922156815890463585041796639139399307846468
0.3668421881828372139166697745570893398610954255328372530895020058787030238273147017127910665010846171309542371283373095867822263735619611505236038756221236426547391950814599745040933858639051 -19.74847500134156977928307941740293714278231188462011828697853781453580007072598411952353986119579940331538680068400070936690273886034378998687629156003602468867792107623065003941853968918709
-0.3668421881828372139166697745570893398610954255328372530895020058787030238381728290621210600302641886548543875091853219213093684175993648523154448598884299556821858378384300004286904169504842 -19.74847500134156977928307941740293714278231188462011828697853781453580007074742660546494520158456247667961865311075267346957586914139643838012596841630320489319622394382452973079029238516917
-5.690075592161695093209783248828523855123891553269638357659169596111768617100707314196784348038345049949087853086298277281071619366815963415971530798926663387562118911231767851972908171999884e-74 -19.65215347295509886232738468187830315633083147752888074278620586449354631623010924301024892511521352359311204924564665456367544818037915800561769940362972749483947116166247717196980811708025
8.384449916612425308233782579307077390615685573351396261492036660854193703536132405986865956639147852483124673854421273820242715161144007722433443975652184388243862277935281815504988353319758e-66 -27.50166634898793364697260002972920038754487816213300696108634224259884826735791658500692883215001918719875085645609941239100742292653729865581360588150855122258294424980765993628709273459677
0.2426723954788169498938177736006354353194673056620923636275544276260340487868073437956163869154514078563063705247540837886056679925901804867050960134000242079312708383925532093687245153611128 -20.35705858976665718023801541322682900009489381025188741059566180447120399303490957566365781717227322000799394570165922611844598898468810574884941287833581941938057463984030835718995073355416
-0.2426723954788169498938177736006354353194673056620923636275544276260340489641658437240334880153223277091260056422913141866028230979986575710812730792370518947408795897826511433128400261287616 -20.35705858976665718023801541322682900009489381025188741059566180447120399306843491459971803527441447378567225221151212495204131333446837387282035268966464469350066385890472877478329511785257
2.023762594584621485836366269964428206225590440531968868795633598017414718268577378909159738742415900211883355995685965883823404851821262401345095912459271240895929830202490929585187469140049e-64 -27.24898048337152579878215229009408753205411027307331300389570942538520196228206018584009043321819739708524032975609025406835252632049645620407037141759528452815671489649794143550758080019763
8.486158667447411668556607257246592891385860569613509443571993230792288798218279700870703967386764778575605308321323151989365691771135443700678752363254292629903595235773952732403996237379663e-65 -26.99627001413987205732536085758661096220358379528924727145716113559925490972686222335384112190506344113207182857876106566527416258664142844730046572873414297737572330117624411243924314800749
-3.132779543571613171999250010159750965064748848824527644879207401783083833407557522692058061374421169378165036323592602737492736817433732571968737796580599489735341653624619006665457830842675e-65 -26.74353809773500920112316853915459730865789296504074803660641651382134152979810151583449169546227303286974969586306326245074382480216769289697346438504894719384509381602216530396527223286994
-4.197307825262457956733006450508564899262803647777550652953263938503609243326520260300362955080256967797733765400359633721208045420097955576153688174356280354693782218043180290913084638378952e-65 -26.49074339391299875763092451180639469807146835017875446575125604963765724770314148312077095986619843352758914431645924946495754647629667233641505753107108879584094603569287356316990074635053
-9.180554982454526421580822341725245918686285947800795493007754894399172501472832133115435297022143546120772537526636324600191975283228689756619218984116496827491547504947581827252778482663302e-66 -26.23792026685033268081382145142823376552467233045689826826999471431789808965618670860234630557724254711675954881964592093895166599267969240560326984482507193250677589943702044707921214919304
8.639418552798872155857675648265481800210200849666108940738076700895648414002647326643202926846877096418464629588635002044007959359617055555621982644710082918612301607082415406359918345258567e-66 -25.98510487364582476781214891208964741323858464264570770726306829741174487330875410230634551973477584613857711354756519479966461350042473080401359105785510605415758115153268856965530207176926
6.775414283337577869161690141250091918898414385737266965096292703947503661673549620855393347821707554406074139314749069994340905733797455471793758837053945620992653674667821682029118230497115e-66 -25.73218760786801976375090943156802545446108240276183029692990228514157265467278205439648557477881668418576400440193170510963894012288665310637120196130160288038772473660812402113787075472407
7.34295297609602646746189806708000748079037615499389312534337554826593328427226752524210377655881550682895802511215629685329493324781403828325777371272851157426287867999913151241441800302573e-67 -25.47922504656570022630415472772095479316896670954715510115036676806458393431986969574269443107130877355972290733069063932192405482175679474386888453218998887868035660808693026052100440328723
-1.522775842780658405779920124051626920397136565351985852627820127697671796687988317494334220963517148868320144444183128533123137127327347959324951761475918192727132658966324588834430354204614e-66 -25.22636157195506559438182367835697167515111255127586012049986249648382555577292962594272590926445997028799656939195463863326590807949083494466234178367833999899794732989552659656202313000882
-9.353724743937566897607115487526627458151994971335251281729500110555771784572570782075019639117790948434330812824815774554930878006316128298476755452814220356489792431206411743898225126779515e-67 -24.97329136686226701276356251781668512384381002696884931861215957285469580896726154762914375792318858581116396320663694566896357887170307437818068511879989753972538338179614653453801323413878
-6.316257829411232114260439492378390553966122363124974149400875718336509223015432031143563040370545137105350194504525657307450060324806633211214183329213661007634925751460972193806879748407406e-68 -24.72012072234210502854697463969731919969652296616502697964858901480439874716287490559479543173967378161053466783786377970960743947329946618095332491222194898287293276196736418287627279065423
2.015202579745987738831497231076006792071795263542235689198410094324444642664035393638961988723389204527105720493652434158480732966851889612628810273062018359628226971860833618109594401116639e-67 -24.46735021244453013886647744814997211970433357436272218930673165248205665061554474826479583396406557015210977688200808606083647506994074464018308805095579935080319658212546548987464111718822
1.158433558519657028494654513994802401501051476640433975701601473690260131607471078927688615177444137360669247944880632552201289650632952416173470471862732690952868071823172829536527309554277e-67 -24.21401337288858574328598654062955717651355605140189307468566700418323310892724780895719906023396767382139188296002788714993310861198567894035218271280370233621649269031031895949315143436023
1.080301989159190755847812235736895539834959277940829520585551216426659777333072255295104951412122867015225891302370271051877004798763499493045356071630395236192323214203049704740317956040617e-68 -23.96044546272323086021700445178996156330491100559316354547540496068734603414298620602666265063902486781806532632233183433421807793777863974990202599559006382621349459329785129614077133653166
1.862317850679864244050499710843187427940451583435105766072352247457253283974138978929141482293219208841810228335495851788321710789315102953152516764776026501260314493406262313344394559541809e-72 -20.68349573810055504108355194333888095440584184187261789368440288796343181420186754333852248335720231672946304679850524225434208889965383082391667159048644612536887443336711094670245187730845
0.08659181634350723408210800786239624068347224246619714373178037814421540271924740685735004675685252300411476051901770711884915503222890710827596324312060561133136219729409804242540196352746875 -21.05180993823788168184614995828399882190739487069924514182208879793251818606579012659849517071374408370754723646266756257740554882250475825919895757658233663390863169352753225057235220117551
-0.08659181634350723408210800786239624068347224246619714373178037814421539869319544175195195135640100442200937979995038947176379338805408007612565517961322963790918497820297181091837652203576565 -21.05180993823788168184614995828399882190739487069924514182208879793251818238047238745600949584079077620578219712145142549021695399142261967054940272538287945951221735190943299825498937450265
-2.030791497726641472971083042917050941881828279581672419264103757211905630515508523772613832654765188553132037207092627532319732710306213157954082868922804483182158894902551088647728060778177e-68 -23.70833392406546931657017022726915369685913752362756661542947509612458287251309482711695545585345801180413773941620472321223190003079305224516046371753318001250213825693052289176892452081505
-1.280067899936365494856812709488571302762312339184496020501207632196811917813369893367746663164371670123172610767403352465251945716969962754696983473692342543961355910594209380131871804495507e-68 -23.45413473992480012271121195439648314853451470030084497686123881137708288879358645297890729857857376228915273305026455344102609819373508344260243516611626578537977183677010796662051209371652
-2.141779915080045310028570927974800851458429235815645687795745704422633105223085900192228422556750654715286672153322244641282946459002307053736958746652418121559750214896723477223896749124634e-69 -23.19976207468673804020914052395624509335887907971915701638250342396401865959863942838219665084968008999049592868440398419900308147447670922472694555238338851359482985871647252889005841958218
1.403568701667197339879103940845426858009182417151752859533928055978919112300954833508700629028555526118882136630702526627446976796967994526514232917094389610210474258150237388106308257268155e-69 -22.95059358162394258113179709470197318830271802594349326207540503471136283106852473030739494810140591984274861913884738258811939782665819158471575307318747024833951215645174910986852745640673
1.19516044509988752742852409677003634616594530263493062600253798994235863645739469353260287302835186112591744879888049844663284276466968679773306612638739030418118631148420370172525984193767e-69 -22.69206531693059924703065961110968583114527351698276867596242425383283066424991691313992282723576193995353789480045854900967381490146422859413383017909716138196493912679218709800811550497307
3.011744528234330109434519233699956430403200676470519090805923207756861058681142037643282882636874688242441870658407862555155892706784433936498391167673667359286587020937252013298405326398994e-70 -22.43751726306157103414163828900285858593030849501384519443782819035044032390754146433659134996708730164309492868218108479878309229567283949345669402852243140334628671923863591389205089561067
-3.191053151685027398388657236266234963591541873893332679552036332790266433954620640082005194113260017407736784264857698323302556099844156502203183992752826282822532537327155449047122932433135e-71 -22.19930097138213276581872820929179257604613498012640433558089173059359060165357574381779202567386294568651167367731733062410187505206868976536435489608832754527641370014167434886870128825188
-8.678596169597677339711580104906114368404545429774403753802184390072244314056127065505629828563991766706885837776485459783981754153920287075799325304889779947460033108104647718242130984728019e-71 -21.91676686266870703275334704414382716587110724068573488600797316706822670546318060571359703357413104538821806539061114412375289851239309177306159820708770655791723728307215126449863773277806
-2.108850218043011568564601331232495322230576179659050141814413866782244107313866320351111478464680983943980602875444252485207409532071871042396211476104032928538174900448538762378543248159808e-71 -21.68242383931276410755380621163594225589134191858331442858382018073859898555832022419371369229057001646066386605028989701068624036091198071656095885687209902520681012532664428517714640667888
-9.412720296696937790049129337730861171787105280801888249653475916834459809711650615193165879523004235483314157563892179303528013842742618702823171395062442421266366773329604819218096740094685e-72 -21.46332980258856298682436141193037085853390479739910135241632026356076597863731601979594494520615441539291064272549044276803830259695908214459408790939068552255317121199095851549888112009644
