5.72408523833280648774784073136225010356906024807070527378703647460932138165300535194669014249812362759813783455664692917374568361478364514645804848505178162037814733883278311880989 -43.9974048220134607434493838982917872702392899604354684432610979532002549259098174755828185515400382244996935453439301242893539259591816890911906512693488334964802691048810447441852
-5.72408523833280648774784073136225010356906024807070527378703647460932138165300535194657163288181995364385091232907895409950397890122017831243768399949852784354962699480151809370393 -43.9974048220134607434493838982917872702392899604354684432610979532002549259098174755828110811379961510117508075578370193981685398741034776529962961325444071907178875093178557266563
1.30659455205459916527227985872889307359174106825853424501716079579202596198308472110772498265783280665622423772565193724226331878481097374077845676984517349418788436828420082639154e-76 -44.7214912052744316284726245846354723706550554888166705664917651599410092106556841093292724848963269000908276786111610505321621824349741193574667654422781145222632575689401142565494
-1.93355523891759020742454342492718627453969407710508145909421260155787967313076084365402453437105414909333419126724059869667088079455882803517928495977322547116582739258548645641502e-74 -44.3886925980749285398463868894421672447134045034658398160902923230877056233940543011263631177030670146288065082265566607005641699923439095318163955189248136096510406710007180114843
1.14931493886913891868512996769315227370640496943331724149202941301474624520792604093971041545068801509651358088366245125469262738363593270875610122093499934271794315998762292503773e-72 -44.0756224751380160133747272877595374949240368888494856916029150248560108108557881430330657001522251320933259953863696635893440723182541680728215623354280672941021222858110075711036
-4.03283804984656642027098050577938743570644854406298449113005021725113736554465355627128705371571782548548282202968303963495054486254571373315882663546223111901511000601615429833364e-71 -43.7719220726181424144251653743621324730674521113425694125481190236217772096678115826158969477329026176200158024480061493677613411771065990963271740421561574555340072776098507212422
9.73723526895740552540476943645243195483331710466141138250315106385450702923086270037947974168775888641145431694556554121130869719874424885882475074219561040977924776964649508667958e-70 -43.473908794048863101060338378075609507350061459364496875430697679568535553693083236516886148873617782690301983093913687479112946736201781135139301960682344401252414003208553812194
5.71024791443069821366811075174294646288555739841805502373445851953291245414426671510451336609267952670035390052598817863453893121482067490792267344968286471104494236156608822079908 -41.5188381486190443702087510681061684427263460954790213423621076755986467949669021613567395414649279280056316683587485216263968046290805206078770113246241269782677155188463149502316
-1.75407174348980590073464985722213831670402390577358738588983505266326104399906071314220866618050256121591579479150550980047886242308649736152205941201684013596930928959265136184551e-68 -43.1798092529594997989767065386100692979732186990029064599325863079184574984625537182949802799568795557397645295962254735497571393377052247643042170124544061545279544545224996214521
-5.71024791443069821366811075174294646288555739841805502373445851953291245414426669114258538350814330128099292360118048588608555539654148225372640199789724371854461139615620670507106 -41.5188381486190443702087510681061684427263460954790213423621076755986467949669022049528299127188900080365932773842582752612588223278294818076483491852354184387935378744931672220393
2.47583710996982825922773527819848172734140160447547521875528519930934448736062001238823118401603061428449029445050468760121676861611818381194945062351175436643118261702205706731935e-67 -42.8886411140264566818133694961283772569296268332628343840479290594229514083942847519425680343338460513447092055154208199462466039412312177159200554603329900893566417853307256199666
-2.8272152971546657841096733891416239005041905060763497404165718302070883491907765676719147794014532536029879763764438034331929760023170074255585179854816165439676222776423804396334e-66 -42.5998265254851219226923368898296650211944449637057924932435717848931066576443520136496921998579910110406600414437245285031453831324087880947018419403734854635849294737505524413677
2.66917695873003112338641168121439611343556773343473011764509350540869985636751806120682543706630773065279611758856010648431896351478431958857088859928489519778429105133714215401085e-65 -42.3130300746494723186966052023156822169729904374188971213488191365281574118953669889218553934635355752415270011116021968575728416057196638166453856075216589083522357696730529195948
-2.11421380277741992463589586345101464833102151750605763282053190600891531682523784714687257076465624636995294474974277884312439254364269430831653128705014518063099056242781562336067e-64 -42.0280853708104881157894882526996645656367251551968208645038013231041332033094092115465903136462568867937090166109082723263685109210092514025291663769747876773230521418609856406108
1.41807781232317757805071123218730094128266772264187379119865826372760990371307061752231456730571713906556779935392736698618459867907044895037912561712574035462711245712962793272671e-63 -41.7449648249344925253426627859096657478128679457473129201082819935889425663462720483252059738789813575443045271429056147906422763828564536137524119371879231241034195989035650354058
-8.09016367185826945696939378354352551593808835714859180883745799978261089191471855922427656921633979554734167134690656856266116520646419082527419672619183310878418575621107924799282e-63 -41.4637762492527657084588277240886576857427343122610934337199219456800543742354540007085286496755222152962110279912178152889670142031529818084331345088945502524901901265707767666543
5.6347376815032714123344686565512138560617291024686343558955732868299601748218477705631361281500098445780220734018461603647347177955297342421535036676714997802708946108143630729116 -39.5317439193836317887770196780610170840149355522714649947987241547775226225849136884357007869354856931996793509838511846391121966650545009457094145453024285589470218503305962588017
3.92262915694378890974429406259501069135655201263279643673176023655984450025356253935662899856844695394096344081994839702353735922811344230841273200055132875607548813365850715147443e-62 -41.1847814298978575641232973773492458843686370722170054788099252230564441584788006117153231787063125323117797616048309344375645950216870444469260614908712044925266333013903631271971
-5.63473768150327141233446865655121385606172910246863435589557328682996017482210678361239028765717725052864370232420065666344446856694172976360696552106802300570526956323353133933815 -39.5317439193836317887770196780610170840149355522714649947987241547775226225847663116573378114921479429689049128637993443840211295211843003682206204245411277837845268682892564510141
-1.60400523053752019014669548586275198067693084413937249550282371427710823782521265645407127326480367958488513950347266940429267172168904502727655237118568727450225469286566002669844e-61 -40.9084362093087234096936053340222920476919968726808114862303166299724668244756118063331568794442139862057998461351073531864777358800092336752550458718884725359014049190453962320676
5.42805115625408459730005721350919843741845791404522574585925087089278300707304648229427156336930901782429890346547905957520067062871897635338397710135998163921284001718706558611951e-61 -40.6354471347531829517656928337337672562106398400643341604853931700480851228005414979533794276440414372494288384248720341644501950751435479912927864094230993629154930535412307079174
-1.45990920325035961878387287165463575527832088260933734320320450585924256022431250813702604108849332650431970951706820587836075818457246353611934021248724921901400419997385363743404e-60 -40.366809438488890671449030024506213143805324281451169322968703072905970492594074931801038668615840162028033369790190803742214400836974301724062820192528818780238960407351036953321
2.84138794197616542592861401796218263036625544455210193208267650030769912790376235481012173507575844968173999431528323883705026648005187451209022516522942755260091795357354890984337e-60 -40.1036931571028539866777774122265354170978267839162169926922110941568345903970195341119205964190370610650642942534540731445528573225828879516605471331001562524504800536475894224548
-2.8902275639468220707080915469538270878306583286602619416926131145367863535142985247645245229065193164411878832005505329092526995644544878650034613039514103614766840511712673990168e-60 -39.8468760099184323753611986530549049422958559973289025211276931548042377842826562798255456883107066678265539017480324002887342290215787342665002234973485801907749382976768302884761
5.53692638789509421724850921985365181933568584385744591726171903653637348613167842549417153886588602753196532135944045480719697979869964931360562372375920086557486555511395461417824 -37.8220022591493696385825706840758449394684067604924172471619057840674068667367255440325593405994631750114111869365406304117365279563953928730414779645003144766102171029097961587695
-2.91006732458299200970143012115639952607667067738510159281581952441944569441153495863207080176123000051685717272190364685833605188755109072370284795816312804511963429013257214482641e-60 -39.5955934592723802428430696544048252593329548851143844851838318601705894314778498851014341989436887563537022248573954259522820812816144793551326059887248778992160889004277524566749
-5.53692638789509421724850921985365181933568584385744591726171903653637348607812252448507907979415442672892583111178271001707926803851169653105984161854112198251817187497822054352418 -37.8220022591493696385825706840758449394684067604924172471619057840674068668628687073561831801005505939620293160232083496083792835560746191713323687243896383435529438953242681405139
1.73244562914592441145177336240655003736032366156212542321015290785943252890266373726650683979218783857909534246126289464345736922119123607964469578714799262484224437584256616830904e-59 -39.3469836577560791451431780769282907267478433679791706966942928475278322513187010949121252809583854067748881046731960001575082739760734177369367694947132852999222020111432672665695
-2.94335764170564624593333323778603082104969705858530495520868865766975539936709735677812125417259483680234647129251780643841934453631800145636286399939202710068608635174057349172907e-59 -39.0978259012394229414880018451445658456538220282608320829777640709703751018488321062031451334973850781274032085907087538580236884516280466288366258043066999352324464036004406232485
8.88727973893675026106290139873192177203355354776549175022724119312060116346468917047451312894462173378144316638782784088948430894997498633598251776250611178105147756240189399692343e-60 -38.8468236303001891148575514740078268885005711802798841019783655295489206793407638454624973647565926855139200426650710996774804517700054383918964929305650045364609840099391437956961
6.62802594425120018537257840236407390596687727171696529434244494548181935088734981963858820768777818734445764643435533162378091077771301723690897429775427471752381740579669261497458e-59 -38.5945687513306409021700971399445550783162249398913817364856706767747055004228288624016297762513585593239008706197337916262549828676640258841541457025583475413491692911632857881667
-1.42154454629774401333212335787624359836657214501669952535481774934979906684563894752676556269286644840752504957446542852333582366709369087996913630576672749557508262900883856701794e-58 -38.3421396165506261586932548286378074695309488312521107741311979273299199147321379166730047434444946069705122707098310736936425699170303918926750825623402441302942727165729605663316
5.42052666206759225825898931281405651017708448919576910737005869125927992208748750710418869074563665471773206431401245508059409424369790303201292196211431516462472889282922089995048 -36.303252000551868268818627000911462956926449019673418526359800762031856759988585689136071496638882960807017869152081081014013614452627792237843679041723218398594685939297751376167
6.6688389455205740542154964380306637068938544174129045559500068813932214274160319337778456647637226367686509595125723370477559691000537328422407969016960647165066754571547264055715e-59 -38.0901448074101721561559831511180170030894873386436261366560350223293586006703785955913566587372502099781921375216004511173226734791410003545755769737427213454681360007355219217079
-5.42052666206759225825898931281405651017708448919576910737005869125927991026366906363147204854989486673264680878229949614894957446479324065565098393871462543959511282281424526488018 -36.303252000551868268818627000911462956926449019673418526359800762031856756827032233194963243029545758641902402617644085623198871383268332003982491595946765228184179195299220331529
2.35520070703718117507447148644979924327741541768620952153215343293530914575635249714453078198096233459674555153460779237872848426501250273185951805773145242528708408453004985691708e-58 -37.8385520738416049846744657290369000394164750802716008629980429239599841505926198998040475154262991958668150315156668992494958624491691343648454915943518650284835202975026900552965
-4.70090152382129915809282865990142741438699896724053505497638403211315124535453756129805335139771063495667621885952114237579278383988946959991441979305654489377278129364291178300867e-58 -37.5870210812832069954462465647265900882341661625131696684790206936601489206188140477536191564165320497670268610600775843570241326921622602356381571163393300197980488741821402406621
9.09106444332574603383399610430925040522183490068237495681720072847240081818196270999641344179313194716702733242435658508262442897930188246343578713660118850370482855933869836954333e-59 -37.3353172667747828605530320038151961476211905003428075116962703023656810606909982028766333565277628625828272733532516982480227544672292256651513867845178353678879003206003909748973
8.39797590109384293964003123946255068721767945687166631721349867299299700646863067115521218199528802269125364416254291643808135157150786217222790539196839263655558650774956132155425e-58 -37.083457364747669572128517798845104963436198039923542477368188401704002516363746791704793471920134957468545240913586186362251756226365049590086553201998906930148020883071825862653
5.28679647376721378379539080479131636300648469548327052708054589917826227708537396719513015388647683597543320658913022806655198250615663112460398468939245374199763055184052046597285 -34.9252203848767136060874453936026882285960263270775186075215003951829128273165003486568126567663880071058807475017573995144847376094795382646522106077631084807072156136237845000266
-1.06044808876128869698347070563367886237073226251169277624826354950471488891258777497586425221824749718111165673964210660529493068736856542887820077062939802200029189898724949982194e-57 -36.8315768369729908437574736005927592021793893917455230008945458590346372052229645234638321963147800348490554985913994737648184035087391270517787436444898802455975138997305486371264
-5.28679647376721378379539080479131636300648469548327052708054589917826202911263054729645782935119761060473682269947515696141016908519216326340337854567013788182858645173186636954532 -34.9252203848767136060874453936026882285960263270775186075215003951829125603466133287726948164794377299633812764201266035672370277160493218428427687770299598713853624337955192078073
-5.02974362272903914206698321166058974668210666639727240492868123139239186030048367236860691487528722493195423267190661671312392307141362446238815760349086523604091359354256358246432e-58 -36.579751845410947745788718443771251921860385890927347241059716612133518788689404848979530474723452019686097780726696521834826397206059350839923137295144000618838590485772397379964
2.28117329402441575419677690318968475406678007275690163819301176180999399604180038219536306913458036973926925700574217366423291457749689816770457549969893750342284847453806114367784e-57 -36.3279525255693527623191109930129889664987986210536226015363944990035750953799396344050354984760108351240604846840067909031482476867979356139133478154173425330880054826871858381248
-9.98882716607869981047722311742820549909984616574574259658159570562268676450249574649767002118475623886656802139192575563422660017033501563279951222306825137618944719607161715593213e-58 -36.0761179127085755098290971959052069879417753122946594789429139288390988777747462574491916283165071524288293169613325723731001620377076413092130056550635954231582512650959746031296
-2.87858078201936500221528163026472130975965664610704078527671855223259036293356630240666625936052304666756260048378889964011599690016840077999228816728091291110403480148068195580766e-57 -35.8242322914109136698162749432137893719678365473408459458360033433675781195759806341517149416718311200093717140101548864235651156627699839916060926077003167864577025783328887990741
5.13806587089725618019306160526192209803255530079584890066780627736173575920583252639831986255591615773497154112195403680235587724698954333545108461963804567181257813628075510355561 -33.6556322956393681189826972944501253142776227632536729477565064836195305859870424343488791737418480981044459346972825035766667334984566992880341081451318155193928791138405468111306
3.41703092104700622832328474989057194770452232548101711701698489041859888425347849523843011238317494801793776227429940314213608106386924830520871503621198974991827851871879137938216e-57 -35.5723239468309836000137155086827635186142477832505868497667191861335492055454837656506103838021534568767259906571400193505960284572014402132635826068669013751756975102206808082738
-5.13806587089725618019306160526192209803255530079584890066780627736173192759507100714988454087700724979855752749824101745065509485416741324663246550815654977950558045201560162087446 -33.6556322956393681189826972944501253142776227632536729477565064836195274608039754030995777548708069695709677270512555212455866510362507194020532730589915120301752637588702621954568
2.12504401912775628472328317309596728107972053058385078990733712976738037630562218875505833689751001760319941626593080208827040812411464359971195470814796722600087302436415484745121e-57 -35.3204158613090031076002349849077438109548996047267928925229652450814648864207352583462853840622472993722141734473454951212377655482975562975814912943114542362577741499080553701142
-5.88182819210047855485528843161360204490730135336505674666176149194670394200305727282593177870930944532038204173992971528137216543865944361779447969385157471233559255096174028408387e-57 -35.0685001942756285848317179812314142537090866270906589041058923131304934133627023404802385632515304409234110216213993426669328291364204910017013229212263651421196875774559641421653
-6.72600934901530060808416463352013677311941341569660844162036077029885739809122013923547732698592340854276786059807405613305312363579133327121436108670950935817662311043443566076311e-61 -34.8165582934477192938895482881157362321604040242188468573411017373755240740119802844721875610251886601455157728104508652423340179262515786045453670113947934043568797886531705435423
7.50686859888433293746224531936065863517531829829647477857014199704447718559967491274304157390112169749295915684260512862227317145691878549391811253167851527904903962331099071669719e-57 -34.5645876329866912858256487187890067724215591247407560109171198363439811342309556337912819890770404085887311169499543169459765355945370834453007795143933776335377087143227281392202
4.97701698961115762421547183082947248350597533914663115240554071901029291057457084966723015427512512220328655841896850685016550906264224624065176741749427350663726058134483760095222 -32.472742005847950553759106908401450509952093536025923230814978598879548088708326314759833749601091081443267967642592546036329714943353479931957957368863075087300354750568748288215
-2.82506035727398913712639436647302293401316570227864382208135680764495814784941561925355224241432998113394563756009276483603164979923022646474922719450064120235906769187088670359277e-57 -34.312599665264334367651904248440413350216046219088103738505412748506094454544392028539750233280748569471029852653824571419791836780924425928324563358538033577926236418028841270141
-4.97701698961115762421547183082947248350597533914663115240554071901025596891399139005324702235881038071996178861369480972687081251730690250924213984297966172216895652847441705924969 -32.4727420058479505537591069084014505099520935360259232308149785988795488136467180294424556446086073582988389224620528293996027166043297793511236044154297350722770005416328576311534
-7.90638853646138650260270576781688535656835815017492949710157426433865114023967200781629834152005001443570366435669844445230550575687870740624353251574884787733303043494170248991875e-57 -34.0605995830759018576322820970698914358518797560327054005703153480528748836044157873558209303097434429553257491046643341939548631209794136018200362253579640582992362249263093823141
5.43498779786418303531346259348469257154214440407478107581594843347394219855861193929634094164846550341386087520691884406436299763522765084767007231639137618475046986804329705601714e-57 -33.8085802096560885394771639158220132138876820644686695705576901370344397489598502101529175790238088851642114142560781910376497282473492061815106237128762554845283932542594298742566
7.29369948895563258725573294974777373627702789649713946807590697035484179327876082410080681328756951535035331412180125240779430108198421532697092661073699533546400571241878229294633e-57 -33.5565351740571131757465748144670664985621464417834839946631371338345873803614999742389247040949388842967752414991552612863165201674693588321050035684751797115059521759179364889996
4.80615918893189482073018344326924667911326968025118895825568083528791974563839852219306932509961066110139585110778883939618353385541622253979218498598060424752973406599461777116404 -31.3612717805320222259921593522203802077706918845829927652659335984455645208012343722280632776173283986235077614976593446305339134585947223906179172256623761678764951624599306825389
-7.14481789962987269392511476851662161131481765621334386378264533130595973124615997982127965892566910561804840272473426481338865034350680173821223706659012756178609446181325044577876e-57 -33.3044678474291153851938078308540284732462448341335470092816189680090216618240594637369229622927155150134996489786045550520925229947806220607849338437436225622812695187750020058557
-4.8061591889318948207301834432692466791132696802511889582556808352878557602562428389518328504466079939233783287967952122536815791123222147199354078159412197616144762407375592964548 -31.3612717805320222259921593522203802077706918845829927652659335984457237250084284772931572939946168320704482350657292230525285251289651147050917646991995186894988749407185871381349
-6.19408702646066496421926109813557382219926452410594396068438491573263550925263679134916765071552558388080954458142367504194796953700149875142366568038453462118511619925647515052929e-57 -33.0523834102491283343607216871512462292823629018106856307440530919492289072006313520881527427229835772792142538234301911076273572686418658432102196935827822248887036675016460355411
7.70013338579339587109742149617539421363144379278622057015971153935141734009437246132950161957383572002132070745881892693088041153688821960506674150886055053795107150547448187226593e-57 -32.8002795171709562476323378354761547124740558972523955891525111872309057809795441400173105091220913448853968161800116266205564425718153557586890979909164398173887146551394712846825
5.09485770188304913871666416884359061701644625560572601148185728065911163528637847874936742131611155105197137185409670868295932573727200602290621612482122782006579701343392825171356e-57 -32.5481508598501348803843649955614640807329252393035503779099062600337800101241889900395678977855133514387819380927113826151853393132533790802811555289471264649576335876743384461647
-7.21899024406029006821693739212928670442621059154553473009492732155697243938157746944006669870561129773471255222465869285361332630762419508247952003144209249239862945053723379699833e-57 -32.29599808771011870763351196955488831069472490684204222509559284453600199393969952660665677005585490849351311068603462749513515619692915106961194439869762940071067984075372167495
4.62765955536722087439871334590029784456000832828334540537002394990909240127048230646290441615113659164573382077341999130389081785407227615881272377424400091381639100227894078097009 -30.3100755843906806651908464400394157206797383567271055536626759393873444043943726998557108156508834009304333167584765075309807815196315461690890476911195149351651801807146298990665
-4.23791444968536619701561762581478845935158012470038519646387742556076636017002407844926262118235179784768397849511038432232959238075110747734667996433247500051239030752940648384768e-57 -32.0438252018982516974339137293274843928737357155992617406578260051266924391379928059377860500300775081359868141166749845621808136728055739710487955377390336025482888758769783622654
-4.62765955536722087439871334590029784456000832828334540537002394990958836747539033382308011444327555341911253134764501794729079302677147194013372306561379055555262136616304068013387 -30.3100755843906806651908464400394157206797383567271055536626759393875509331945287026563114806566732602485679386658745678453113290073760534945826051813327166908252200016280886837993
6.01680449325119854108662275582820862668929399358495475112839178158196547934783843235691132133757564937627416253030176898029006188728067168200617868702652929035598654114004409404579e-57 -31.7916311244637207862541587269376371392024129549558324215453794566253840467420154543803340633595734137474220663841439222214551047666230497912405677260634647770524047988341439748227
3.6191271465232378990285430073177359932584179753644678958234973120751140520001321423268624945425007492272835872356605870588135964713622168966009350673817866706593152785678455853402e-57 -31.5394113234188038634967447663980637103135634055997932750766026540785970460786521904441069580977309770757675855393523740829081799530357525497833173297380011085554898925596354087418
-4.46160601897722510820629973991759953077519683662223552541514283347125294558160808653310175961932496192887752541902841053716567859554695121674913268298674845171932908910550472369515e-57 -31.2871659759317382290606679460569214891749223987598730516797220004142918015701392326031549458534555572681507008578131639509415058074935081284632559512050748632760619223225854753256
4.44333310157835269282634937611743072138501888837321237778857290061818852418221374471388426579087250320498559753601441893729152460021281426093709056211162015243131608794647335519112 -29.3107504183460229743967381132690573647702520303002011294960104317649013234112567407259074784520119786485764446978051571537675175194962751711000180494691904564526011043749902531156
-3.10270905435727382973649852325893924462842651646401107273009517761642417663431997197335593738357903234810553956477937671036205506301400026517539572119976374145215964253661261614388e-57 -31.034898603319929519905461711567379447563520020893776240958414475047612584123461129724971439330343989329707843131877695513914997497438106345083067907308676289403400662140456119199
-4.44333310157835269282634937611743072138501888837321237778857290061827933539809254131732438504220205829051756542537236675160757259088148982996753545543998560068177650073597092836235 -29.3107504183460229743967381132690573647702520303002011294960104317637030475645752037766520319842008731161063594943023249918465518018250494063636721208390116874561714199800551783671
2.88629025332506326090817077411160655197498089740454282906691592135191365949663946393745125891187086701529016015007113507826087088569987777410825058391033997129870414253787300077134e-57 -30.7826078544068952100107561210101631550876297210245955826759526103743217252506645047491888621948446619511158334077731734068999692045035220310547792502231924527470347242505195329866
2.55861652833579684300376928140974093707861239298034095436098290961005550019832969431530244198075988209641794195601213517092745330647916089503999593413286597830865852975711216238844e-57 -30.5302892457430012667440131907813978187695206362255508877765386876111223485418653491404292577403106399666505834669625657661877697643641600451325130292709538918786009884872746677012
-1.54522243908556304305463884384702123110707389802731040356135007043449302394031709379806002580537231982097567262807139804968730899475150366354985315415742199101247065109111970715248e-57 -30.2779437485133727820021417077675736489077460767252665658641372278012021021545037242626516969847917538361565403621593234613810079219420814494247157577306802585481905197987519412903
4.25468552659139315009447433940324735185417212657016232154185982594984002947455787210738520541901429444863871004251251721111894554260039478040460740099050493210130129876788125394839 -28.3567812548582524426974354042815887136851379294783606479567511093121283543030127902440279412988987223369353341000355422451640432159514145216854224174347453594444331593633170491666
-1.94357605901918462625126706744814041905791155575117935222852655216078481981284139442113630467436086331081645759319406441785863714671885258596487044575569856125899235604159262152141e-57 -30.0255749423785031520055335093350037455649911353259239443062582571011789853655705550357789886531941088029475223524525014528663930769533725886371419326488351873263515108200771915512
-4.2546855265913931500944743394032473518541721265701623215418598259481109850316794369133885963806264141070678808788375422508546836525406136169355465766901285028204852691033498582952 -28.3567812548582524426974354042815887136851379294783606479567511093131405824704304016117876211629372384897305817776462159824664765354285970591707307721161434156068628555913037981027
5.84711311954641949004002289026963228988963171619447413693231391741521169816104491796800538159397988797618901631726887853832777049293789038077871305141130554996929426749087985423941e-58 -29.7731798377765759390112063263967337524813799500172495402253182364140928291942939072820208271728804680769922682972988021615410514627419189840638501732200036548432825881158585643854
1.30899828887201444524633203487892722997841483437036249732538183440645340070976347405830266654374490911523179897889263852009311769342924791173314532127521288422867306896400427197929e-57 -29.5207538189550483379141713721718524200780467007871958505994418999257279680828583881004464777828146701247026004614668137226268831138038640066247207746063690075160404227932802412713
-3.21714866755415659761916774684291331863048297145557022752224616416819843156846236134869203819806370792790874485630418686484629605230688854838217562667774379269994768345458758280876e-59 -29.2683003489370986047394054682701213961738348292123275738522417571822644506200119185915628575279095076727614018217655983404246638455847659638373664559871998788685594081491892274447
4.0629660069114870832921442508787048831153629610361269995538212676428478832483696418304487710888483837001282798750530422114161878329588202841311510053378205088631988411206287483878 -27.4429952406843099274391786042426039368231453639261820788615772964792378975085462644039113238903524818646220702695520516915593939155429274446906874300202321519399197127223710385561
-7.50179387208988931068964927188840934187851880193275015194245724362536079104735795806926524215895623755620825065764961521973838582493525229585202373324059581496762618267339334102365e-58 -29.0158224980904193120854411297740523475382147370734111036808194513645344455856099613369191364181682795854591816217814684881492973490004063713597090512835898234140886301163538315154
-4.06296600691148708329214425087870488311536296103612699955382126764537551262001387793280805279316605817660990344481463823474662328767356038201406410028931898615502953649955239012848 -27.4429952406843099274391786042426039368231453639261820788615772964797111675144857687390301586145652115730702945995142774021559183292387697508553280073662857128144384888962160448085
-1.86706219990618896254828454138946370634526538031651272278394903724146509927698684889293919747465543496722087674899406608866699266350016252724892809963576829324804710581015055080963e-58 -28.7633134383779539097163385319288294608900983070594930456286413934027389549535269122637806314673824652879186125079811176212230483065838262492892258237337822356022139669831266256644
3.42926424011477795756936322811812992001872255654529812394188481145502987200124637169644063746875446548324938606693328030530344737332072224854105857223397485297966271315143670705587e-58 -28.5107703900988303739007716474365558984463976681110073077661928134499184562603191073783612462617852238529700925854982792167069921121454071145889740047670367451846590115216247127924
3.86921562836862323683289520938321070826339052664218399215093389706232960768179039309858105611038540717633368342848074867066051892170913980481214284006106061977295640673454041008508 -26.5652012243764014268367261456068652465795705453208330608126762929719340994891311372410872335236657464065849057137452745169337520092377097908362796939471118950620584660263780841669
1.99625621294507984444628534488384705073186303572135107393365010507651899638973117996320215570834307870414438968146713898381467941748635550031739430259457056742155924608502611919904e-58 -28.2582017727758025837101641413880572349632378021506234343766560526334290952502585581403638211533472898406802024352384495335922488697469000387955095907912413925325630817130969035122
-3.86921562836862323683289520938321070826339052664218399215093389706029940783746485333223792208911352761812659663413169902117772957954667964081592509703195262824339361913981730990583 -26.5652012243764014268367261456068652465795705453208330608126762929703006800264605530006569230895310785422036961111744300814993070621086255852129023868947079928395124703947134317686
-1.05651785981730473188842889801045926392070310597736439812334797904620418362222192841631147549589068124185043733129639669972023834567313266198129371397980737572635564807976502889926e-58 -28.0056055944441557561224518680453223534876928964061619081439660743733369438946371287163708317744617610480137883110734572696440306677506278808165026468322408023381970840864108230555
-1.3035019116340951102292521340558578530065492031089044088385814368910406521992600334247789184404006503910817049785085699168412635525482766265003646225342603074605427169921872697445e-58 -27.7529695120738848358331105985739536826166161394888121519637251248610955075247254966462759603241716906506104878956617691216668082619079510763884041558290402692121836457228056368796
3.5728698816637980895260539429884819098828223985342300931845983477733974117172075843012070756513075771904672204000418521353526870013734460003120313070068463427987696998259740023968e-60 -27.5003011834751735391904129343481652540821572737982619876866414387108223302748262088608189082953123036922768105486399128373036994205131719660232170968943460989246628176196890630824
3.67430780988359219150688401636925124819255470360708851729549128941355676790531245352098294726632621858545505534976924627541985813251421994726659900735355197092310468357219232126298 -25.719944166417416407365985650123991545968977332442867676627541132337515037392808452896846749473317860717302063880853169335951252553530932850578548055031211685804751194230360544731
5.92885070327514957583897468739397685116664977546752339771212654804967280475607588741191123022022125050907119521558521316486399873719582746544121388879505444606604806952539326313395e-59 -27.2476117628616997638592432411370725630947220519387436461181908283379272625195881226616769547109978116755835881268283269972894856466432064691464421411416943677410183779042726920035
-3.67430780988359219150688401636925124819255470360708851729549128941475768852600197887050330111513515207003595056930240340162593681209797373966274673581361291845740850657057809836523 -25.719944166417416407365985650123991545968977332442867676627541132339270255202507990707557979616767874809713649677141174799788294340233848692690292672118864507795532382208399565709
2.04502172158760134250772969096930114043417497270720909802984830079913109149689524001146220723268684410335626419550385578161428443567425088536382414912830624616196825614164897044943e-59 -26.9948806513659932004032632519380810943732932704778597192673129999215722014142184762772760609002153031274875549758078538446748578564590491623691901008632197485612099737894610904164
-1.6807079945806437729074186333661471743517813129420174665256923685308791650648686516292103171668470850129518218792642260566450538114094153344596782631466370918137066527087462619924e-59 -26.7421026727605293473446469556600506796025901397769755697087710647766779855671678905367371526170188591941553310083584004455405249441104791828510811554028613222219110424264509510007
-1.48082975519002566435682923866484613859912611061913222174626000945941225619218351351196367761119126628117876529632781412932096510898349625604259205994850293244837164289244335178991e-59 -26.4893111375675417356937402518186949836368256946945216987765889809767433719642836727229911965556665905254937470507894487723155005394958116247685257367129383306204174356933697246198
3.47898080948988153342307131484370699940113157011027710209439457060978486792304877883928360637861726024785448300378011716164097765106715148679745854735348254568651069993387359334176 -24.9043330984353847537964264539744743315650928499365147447404125488736940779985205574381406544340252313246234718349094795850697908016332456734047667218608099563565363598612387502152
-3.47898080948988153342307131484370699940113157011027710209439457060911983495667161439003946356738389929717905272684251354309483693549663745518032818321772991620710062837498736609241 -24.9043330984353847537964264539744743315650928499365147447404125488724381831991440172828420720001533905421668944269376969569990545654855047305812792493938698350198610963670174326784
5.35782453420881296204262312242697398149443319305694116499863232994279642659082489755914481701627383345100561764786834629283784535584326410329634798091959614222474992318070729425879e-61 -26.2364860138953974683350253821310891873400799774663189483655807420997683722486092551474227374049501853677650235661364307557737068802136903778654453054450960520508704633888587523894
5.76339105826690578033877689240028015689228145673776341336886115348639008480454631813552476973434843539319857917115907570561326444822982805323906442820905867485116114651017045285706e-60 -25.9835864998670707356259447647373796992551184704077355829272490574510977504914236914911047857743571503018674499021783035247631060399079256500260647392673675143478172176369826338083
2.24019104277424126093419802113240986372564084203468104154621184266833289039647273644021896124278671356482231352313951510427367063425956023501983042673462147342193470268083809500412e-60 -25.7306785549782276004436496673920363608253489373003396685603284106194194292645599503052376581699753001244877327041836530732714213243606205860349135882715233468736860696560986875273
3.28386349363027185691022634832955849566715180038770202211406076448621441894095204219434850369421956471418243103640107314487293735516444479480899098843137001452678581557528140201203 -24.1159175882727121934846338441713337108404038828131764376701793079577002736182460028587711756351392143569527439895762311532585558042797420107371437896139077113848900393601500270782
-1.04408430943891426907151387219008099237954499624661079090570985004334929923122276022923126129882938310022094346293049882885945501283336782108012661912953176534746398463872026891888e-60 -25.4777690104244161239492130391049863554302214153205676056317726022632390104210944764701027292429679160125300118731359218382747866323500499556698661914502378516756348492350796951189
-3.28386349363027185691022634832955849566715180038770202211406076448661841454817389226052326172744340867161457731615106318119912694379007632818611849946050077326153008409614178521862 -24.1159175882727121934846338441713337108404038828131764376701793079583767530062395130925128443528938521662283919365433984902520274626171380610471524825691817816591098161908401167513
-1.21390848026574777761045535026492961897268256633661314664186107411358934385545182986701964298677536556919047794601689780628611906780160842092721355880056122590359874148899297074402e-60 -25.2247317417026911964831442219300483102181824952575212180653007353981944877027226068996101527063081221891468750081413167081852681838654653855560669446488900236920733329635732771024
-2.02896819982377439600146762264989006312870223837954430930183672230407478463583849306914018710122358149265503788813797019495240828626739919689117042545368697822632547781685510560632e-61 -24.9716786446589487881041436738645457241969044932674454099601316587213669148796978567821539336640846064390941598860257956565527072645567461245090767878346431794447232551904571698602
2.88409169103397189163152178114319501099580659730987323633255723827692216177626976938443258647317649305275876810375702370415749933337231108839610881768415023258005356362129303146055e-61 -24.7187209062769290192786261362305061908363239002031130047950937367703972174642184709757759965768820188358651399337344343361863701378135496296195787721167274105111920667298929882505
3.08949569463877210322881668462134954275524274459298053714550907174144885353915035723901466716076219330846984220261539630444042266348832944509920063879799358366031334606490730185763 -23.3525970680224852875033448206760490739962803735066634536188574402900236591221502543913632366959115933430732296611658569825630944011821207191709492808386326003621436606946845257635
-3.08949569463877210322881668462134954275524274459298053714550907174120142370627564255562412561446217781444293421614910638760392207020256503195474529918778535537204257617703696917861 -23.3525970680224852875033448206760490739962803735066634536188574402897532011330491019842613556455608233675319101137480791900174822921858342982535369977958700001397531876978805244364
1.94721443326214013449411358107126208642260074398236750915193208295641120924972594006924107942976710503296169611695988398853613146150411783114270427637447480777708688345175734167411e-61 -24.465517747878004637046029276289616560269994207345541303569273913878390572972819351154418046007238772877422546665064556956808477635439666976472714177986657996093154769966789975682
6.59695657567658041447051461913651351161532944156732046976000987140483621721788471445987545866370504192948471829759115086948291521771618085455098753643710416728873335320689222236348e-63 -24.2122466460668207937080060855267668444341917650058884395692383795739349279249647554134549298604067646918645687990408104348365097355122405610958430788270587743396405654921211109484
-5.16166805234236852298035769942424994601064561376738764230288670769571511108556428326090515531312851126468783358867055955667506235115182079028186214275962460507661552795742485165091e-62 -23.9593677214898454724620280036791636626154847946109100176077015181452983535477769019734868992854858863955559238470952962746009204541345751574640540913394461974974191967295511808374
2.89634432407500816321675499151779693493007981015736755674488892374301215729160017098034876483026695382270105683192285672918737706955909288023023022696094148058815561519889133255855 -22.6125529739522732884498072321284240614058307751758556662870999506545520845812819679940802827380484537537513718513895238485544972021226204272451424618633645788739891824023552270399
-2.66268819299703814309332888579701701550052593298201406121082559662657564756500782150775114487823998831588866747126402168185504562140855596283512670244878220901583478276939906206984e-62 -23.7059236068997982343855640760752556984978680142019958083462949274461032108523943463072967666462770933417948003161579623836535768803102620364022561051642995782379549098902509419293
-2.89634432407500816321675499151779693493007981015736755674488892374313979647374850692439956313023144607466738100107630791478068234378282874370792363053001472603199140145807083607333 -22.6125529739522732884498072321284240614058307751758556662870999506546196935408566693076610564336449332162903221766725863180713051453949414992265866083842554586856734647656305736074
7.16249500015243265073629072810694203311806653609288243645472576024983944618235345589803895096070086574505075692413565450697494311011253330108968861332337814677544828912432059359438e-64 -23.4522199541391547185670705064780331188928949271520337878824049877433217235893957448306731627745331537711357293937394895899869677338581757478072856011960065229814043503366487727905
7.02176815131246985102357572293465293616215760462392476978005264167388622204492952840192237007820462912028410408869399869182458440401464608623814691567628602744214979718251825265437e-63 -23.1998917883428768247101614858397147903688580397656949812672269687629377707949326575620828328706181860898162245173150352583536572392266829770301780337248047721615188851001957740867
2.70481618761820813369802618793924785958455689028196078539014125041017489808471551052864743819363232137450725454931195103704763694348297739254349602629489437287896192683369469056155 -21.8941970710401825567567984848614520491131022796820404237993458714101449807111764065330216205286828604480484857131736381353241791318154227455913316721835910436136557042702981380788
3.33259413861529527579562764716338652595770195148585526301071214404743528572501198957054257203919886726007091845058056836073740841426993023574415582774225071826885136163505523653633e-63 -22.9458817385284476276628697761888861376909494582855752120410668405952935597913884438903119503896054525574753005051109428724433148751900297066860006377771941399325918273497079581355
-2.70481618761820813369802618793924785958455689028196078539014125041012631240698192230059747607180614634146933936037040857865483728926777366085210166549238463728020835954726161349593 -21.8941970710401825567567984848614520491131022796820404237993458714101443152679976584427531874319112377899517610226690153312402696946015479088782617092574601273035740500766123975847
-2.23893275366176380674289383072462557586573635537467577691764601282452089401279891894475543288745712852455733940463613901493610931275967031416639014129210952249175436196342405070939e-65 -22.6910929896460809059317141101937738540286593455032114618670521940620285347197427940856765588985689775727345112658003066721512261441184980386445429741850848704050961239811413188121
-7.44062585897962865819831800334013340546064384442478431897707683274287447991270596530633160330943993686210111833833489712968760092722119983788118568168700855006243491072362036883827e-64 -22.4412201666629277822482294794625958537578483661307882219031887104110807746759855682479028354351957137559118330909939271859058885393456113711005006662694150754006702333100157930781
2.51526824039955063550898897307843249782789051963939176752291450682163463799850512289421922072039859526216598656606513814331009616828840847618772397954279668929165805978367035425231 -21.1961314883837076686530444959897644299844192772403176590134091313360618524633619735389892522995287279194662148621470245333478530448967916471560129440333489885115663980268737225698
-3.87244350581813308179832235611150772077830032712003473383199866696752420588898016443474236793629841937233303039802970976033207266932723283442187377814030011336338586203107527734204e-64 -22.1847864136402210580112602792331252928531337375623034245589230024478429732454241390876908067838441856842939693154233053351628704537903202995478431759958676022585043669291745956853
-2.51526824039955063550898897307843249782789051963939176752291450682164637177639238747305345050180088266976547262355758636216396420271062978327362707415383447275261427326056600218018 -21.1961314883837076686530444959897644299844192772403176590134091313360541243685555520211675785251975002332587459232135049118363593186751965253395717170906012212065746523441775016164
-2.79586559139350842668922734567577319283015832777632064220510871073875325745503526592260896272662416310399634361130482258959539068652194501657686582487994418919335672000350472706685e-65 -21.9272637899349529939461734568336379357417619360722994815429888980142893923790061399664144458334902919533833362917471075636419169450161254044814962571373752919795179572082735365193
5.70970674399432300085055001647424835782069411690560772330956698640113431818699798891142803300309166612631856305036020256825157512034641823268240227120468166875252700492910098388119e-65 -21.6878005467773615854818387957422199352092042923192397135227264071158997560768545433568767897977339826910230661568636657105278187818921095756810433097450977985186006634997662248174
2.32801585126500572406003581172173266899561938762108620110057185147001914731884765884245137762469925521958388226296352539602980969785142746869222447758918778032726202105591103336728 -20.5171173803043548593778584812641751034256351848988071010024220448010102982595384643902603526528396730777112654931495184036940446276401307912891303197377676922291863625049513133167
4.0425527508588977619765195445364221387427952205687208020937937404639707489084814895024778501091438730854097336762083523857343592819477276713476385555264945685713423182844152824778e-65 -21.417557185413218263021883787538931649194736867970369671556897503665408433078688250652029733382048303014002008990055782086422501112664468901923048970470835299827388639596765192248
-2.32801585126500572406003581172173266899561938762108620110057185147001818873946771556045248274265443223260256460279426090014748724379733500402819626454526141167421067727693881614305 -20.5171173803043548593778584812641751034256351848988071010024220448010136771793996118983842923558651656809591899308905323616783087065473040690462688665129821746195480099599916080793
5.23375120753515345297328899112238157167779762798624283087904461639928422838520977769552596762887736331801573804158243434135979143865448732153861216216274872714830472445179409130585e-66 -21.1573772812962314805152385984871388200645524386152985617396702185443682794008850754790916297708112249077731552665065129218892956463522813311711269335354762947509730224357465593753
-2.09539257324848739539542731730007535114924232722906690716756565291968806712870585091925366756395428843208947680590426675323528732081782072654343453738084411387391132868315831808843e-66 -20.9568635116074253739450628632427548866510126910105767080305299818755020659591346310453682576353568364847611532528106268654356308001457593677612096636873937283776813521546065227939
2.14333951163314297581129074398010909723336101279059098808779071158441935140696343789719023496661848139158699801411968803765137157590791308371889357750018351845003193274585199787444 -19.8560500435245132368672852707121495959752852660998384421701858691833547255210965428666048950796844592344197898050482211166346637843314725385750790258430597081325062198459599759872
-4.09424075753942948012871704477969853027540102457101390464112229859800380474637566092530559777556443805692094420449901139549913490178552701351080613240409488460674864169449788133787e-66 -20.6026608240483442084925631454412995075022045354738772863865779100294025133988599339158750144101204601367494126438998511857850192203884287069931769927469874434243429493778501274371
-2.14333951163314297581129074398010909723336101279059098808779071158441895560322999426840744598731634150675463911785871105887906598092851116908271000764171023189489716952702511049893 -19.8560500435245132368672852707121495959752852660998384421701858691833540734259020849570409944815513664579948773307870692696591495178048622875145706826250918096454932210838843343042
9.55913999021793095156119961934648972478386719079606013999005604995614336865290039148151576141908975621639562284813151136312985254953350821843407009777154461971500634162409307161172e-67 -20.4173470412167773409201380425264801825722261235654878959248749158284994691711216691230883543700050958357054874931317569486334706101503617135389146090716896160865218499080175894854
-7.12923381248466015341415869467379059304660166613169221574684966389697087928097759896985574703181239415343185692513776847740235408701331210280259231808169037696821316398711567227154e-67 -20.2616537529365808541438278847639395019828247406338934217659483593257442727223783223324367753489007111286286758122058924825245688759667040619033619281389161850814794547651184863876
1.96149032964082711922200669872667835478630707928624594428273524545446744522313939708018919257735307171928590217053734351266569806533059689216506160821878698412519030694889601408212 -19.2119389263959020818600857501080292880952680754973496477967659768586610799441525306010026983666334803944345088753558646373813558894692511985674348011373109977735069748857196056085
0.217313084107058748426094978155328976187931770857114813126199817809436883612101918467917450631690759910849396642522828206224427163269063638545064843283281692869368800608891622957612 -19.7925262162351288685562371803754532475519470993272790578199726729954724389485139821533401455154060493659582557969576179814667984921549770139493819387003925309881981756182050682841
-0.217313084107058748426094978155328976187931770857114813126199817809308745064379837122957993361768979065724749738428110260111792514455109180866552162773275391922444129789514150689933 -19.7925262162351288685562371803754532475519470993272790578199726729954274767612583038673597401863092889771544063378912579041088858140727173865919922316730456581173291302667520426021
-1.96149032964082711922200669872667835478630707928624594428273524545446758907443413150011054272422540660228112565342704433062924734299549491132802724676720170081916309624986011007744 -19.2119389263959020818600857501080292880952680754973496477967659768586610941283479818088458786783941688580352697453644711411401437965190422107791445403813275399935553322558790043157
7.16639570141441137399926957993923087444019057432387174525410083687251956498370136249041170679371041304775887456310969320745708550954649146773964019010355094926795935567707342887659e-68 -19.4191866281918311049110441115208816345550409684535175129585735807308804275301531388934565671831643003241924274338644543470531476839215623377288711455850452446827539910104903543834
0.366430785342969733957358591868545457994293262781369094722644310795576207456430462532744618135881765836223251556059599071766908242616977513050927229372714951163740028713293952161537 -19.1257314516377163353190321382222678436390175363587236595956998628782004099987860603482400808859340877028630923207391432452618633396043660724215178507757016567482280218787348545049
-0.366430785342969733957358591868545457994293262781369094722644310795580520608214298642627199631926637775387147508784816973785032240976302247467356370815423796494807742416393455694941 -19.1257314516377163353190321382222678436390175363587236595956998628781959990572527930046041650255907586560689138769269602288251436067496495254379578312049946840413551421150712903327
1.78269458492957874965011252103304763751878796166420809691314285559802406129859810772409489295843848630504398548788920889647052438898504082156413134236688716219481069577463293082301 -18.5838911261140039632528840075641253254135496316616650747109043957122317586868208467854338478584401358826809819661024418285819539327460285090913848081933296345653495350142557252433
-1.78269458492957874965011252103304763751878796166420809691314285559802404694950212479899320477150322503926090375790026074468881232196201632906907441560868653540178811248972056075148 -18.5838911261140039632528840075641253254135496316616650747109043957122317779057460052935338071236643491036162349719999345712346718314425506900468485271336992576792022955360135715441
0.509330289980843646613239578454602590992417680861365095996545311390812098781204364679922385762868412127372200504339696426323225445500859337197548051527547851382408348481430133060419 -18.5159107292181592653765334372960933214082469270071252680847234528677851574825389619207572119258343528239227793880363268932698328448121916667583644906900971822000772544525284836147
-0.509330289980843646613239578454602590992417680861365095996545311390812581924802255824690261080110079723056448429472328471478668675576013044108499163526031644256684837302277260665826 -18.5159107292181592653765334372960933214082469270071252680847234528677852228951016700321932768860834688586270583374991797982081591065561909685865194680273368818184707021791795719563
1.60715469116018708711702496876410395015406626440657935078989446203562544809630129140526199447374620399279930038738750787467903288775092590877756916254129607296270444578262968679929 -17.9710925446808417158018626308747709334116017253452065362761900087279375457305487626982607209075262495606906015509901536927827473130508538162291378677970126416344184464550520975732
-1.60715469116018708711702496876410395015406626440657935078989446203562544647134718103564196223771610111338780307063867792928601313975786322856958720218437886627804425640358294740394 -17.9710925446808417158018626308747709334116017253452065362761900087279375426359968210123247802107444652426465585098691443034799378082472126004836970875755941978608494086543731172684
-1.2678054064908876949706200978546950691721603359716759363063270176848580596343625114272852720488855029325701969096263011927573811814371795134820644849491515471322536509038902075018e-69 -18.3573864294035404543741721199465840403458212001829604571537092812278688397327940298251313052513875143381670348522353876740730102933030836574818675148717164355547783379412901777502
0.669070511470168984863194307128132934721576662733007181160353780492086047873465542559083383616202285571130130736054387204170558362245904145090180675577405468486157582480060079285604 -17.9038055488600423183377277042015211285056817688372302124281450261983127429022856710539280103000211140639954082295930862133915530970825557570668395592223611154089581796885341958391
-0.669070511470168984863194307128132934721576662733007181160353780492086058454704746145575825152377787491442600431562887800721011380189416446319275000546093401509781270169586841180543 -17.9038055488600423183377277042015211285056817688372302124281450261983127615533756346807749872455508810077032803628687627057338823276480577054923279527626792388414512919468882508974
1.43492975325760763691043626026723807713322469438042240189197836098622377105517522654765737815166826311625243502125297850733046480578808065176123597090528658618621868287292286142244 -17.3727376085998705940362867580153656467881908689460768167521408788003439052576568899076864900064753223619107667711965227051311034613353526316109684049723071778460941780844941241659
-1.4349297532576076369104362602672380771332246943804224018919783609862237714999517554075312140844019744209740185731531038786543922055047021470853680369687085579968514896354456905435 -17.3727376085998705940362867580153656467881908689460768167521408788003439051996340765851126212351626442900837191578570703794494346694313987113575577941205351364355670049501655340325
0.814719421624824061262795041626927397040468321938197516253834371552338876585282469055861243897326214993990520019476505750631801172590979711461160381356000574321453626370018777398402 -17.3103461127416580515639579147761149670122110849600155425829553541318645339891602351234142500300509806619005446456814971401502835661844519901013558301796996612696718648626283514154
-0.814719421624824061262795041626927397040468321938197516253834371552338876313440424292728065040653473669269654047081621526754748562981420672018838238606416343283342255772548468725275 -17.3103461127416580515639579147761149670122110849600155425829553541318645352601284415398207971146522918253576762150958309115324184056020558792673776523234046264009545288755075018711
6.31404084633498242012845662969348435444270569071553035420782776395875992631365775497384111226325797619997463349932912122765545514146878678787070687782170195184341942776066313073227e-72 -17.1450268929431855545646369140163728255294052489179641283529126214157925970400381550117149081767883798582432150271510017130529610906384473358098534572323096876132128398542032824719
1.26272102862737404138540554626520207820015478750434569999535881666854554487830902993068763336602813236961671301601686282675362477254264273813683431045158996378755437746900725351726 -16.7889641130989771659323459439547221046734469135216135025092290983730489468291805061947871674196089781431190882552667964654754788928187162706112592563552780018433772843034152731828
-1.26272102862737404138540554626520207820015478750434569999535881666854554486947568115088046537037005671319604371752418113516487553739054634985185862552142677622062106189715654096695 -16.7889641130989771659323459439547221046734469135216135025092290983730489468811183079510065698950563069975988165750400086256800800815392939940504081791927574003811161622959598867348
0.966816582910985638323889800358476785828005524567477695147267845213081027415413189347439340882147956370407784248247023547315037254103091523062706596613930965056640152923002186368709 -16.7221477308290224317438518756444914877025114010176211552243390991819595376551858548735851209791018235671569697812670834994562600818170671162383621178007174892586284686369371303692
-0.966816582910985638323889800358476785828005524567477695147267845213081027375121988328104771483888700117841043192000400731292691950625904929038129102644865430742808029475980777515015 -16.7221477308290224317438518756444914877025114010176211552243390991819595377033946609342053892262521774566941974591233761462805410570793166818570675906716402150592828033586981461238
1.11873704821050035779888779052487838387112419127821332868095230455371102979085636910437280025653640665336369362260355007195336030646120516619753342971479129531768746153763829756088 -16.2785480515050826217812093289015466572732771507153641552257261465849717378129079414147233702294442183343210567782774478770285054016922145891893281752211087907591437393820824007508
-1.11873704821050035779888779052487838387112419127821332868095230455371102978405974476696203023841001370015235990461742933438720666503035495362080161821799513667962965111850427550079 -16.2785480515050826217812093289015466572732771507153641552257261465849717378145238015697882545338366780615999109478274368539960559784183222276955432179620007423841765102361840724869
1.0841268859190908483532947431474945184156186996694478793118702075039135131761078144171376910429341970590457695043161430105303163494550078048995952407795088320973853153984271970384 -16.0674338108602650454465807966725198560330817272207830732217268573013968311997149924032110176912931869810919958488620706428007426789460500853381846651939458678573845423224818932943
-1.08412688591909084835329474314749451841561869966944787931187020750391351317444306363249146115386101922965737452645532873791547319339000963033005869139656337175895008155369687540075 -16.0674338108602650454465807966725198560330817272207830732217268573013968311996128060941563430383730230549615663437826036907705595150981847897150132057789276972413112340626963938096
1.09413470131067704840213594011273989133093929158346486814133618185477398617353151306598917684188024244029268949613045067983399563208623968081908141231152128955866716876974166910258 -15.7240566568964576322540559097066778504905117220285607382888842220704286978486013956968994222218701816344857108063461839888838828104460667031438315666463448121680304373758849396178
-1.09413470131067704840213594011273989133093929158346486814133618185477398617320935895873338432784979346835750134910836437120257420320848795441289958556638812143975959095802853510217 -15.7240566568964576322540559097066778504905117220285607382888842220704286978483266466651084724963675817547556324330279902802422226141129362932384549997182819725586167480164925379412
1.08544176974252734887793705965258567959024593264445308232228825722017407237248739844022246298134432803752562756712617116521093571602986665966292662325288180470418914741435782499827 -15.4431334811084406931357281083736219156417072525244950490419793493031584409866867695904200431549518675736668814680842586384428194161569694437723225531271354555395643356666545066457
-5.49598205462532279179082813626281289010991472257248100907701080629415521956055250930433760548539963960954383979203072786069422949061600596221000009997425325269422518617548841117957e-75 -15.6794893082230626704840050714182550932958052011535456188448720915364426006403945158688497012563538388411305276065777996683674653179498654753307313677577695025425588937301830704237
-1.08544176974252734887793705965258567959024593264445308232228825722017407237244684778404259646494146534399051829792947624540652155670486805751447336446039429766714782986712396790118 -15.4431334811084406931357281083736219156417072525244950490419793493031584409865980645880844254926895264455160583826736725059788268935973316407948308291414083036672663912691094854882
1.08442850587990074912139741874837801627965888047274066804655653449372427416955016821430655125088165318450358080077303872565288914917583039880159136086990665469506602378948406653654 -15.1424046236911034804083268908251780245932880715989076371758378903290827485863903160268885542130155019191563776916624229081715412564345039877117068568520408104376399677528274721893
-1.08442850587990074912139741874837801627965888047274066804655653449372427416954975310606572386755904493598422391861219667912889840724573701558984987536681189494689661085038193688169 -15.142404623691103480408326890825178024593288071598907637175837890329082748586368387501673920669408563196093216075231409777359813986149345294490026192263594567503011892439991502886
1.0801407441069681457746007644192406969448709559528052851801299104320719303087950733725900495708890833890916228325049800262554925144212535479745355096643719307290106406600724064964 -14.8554341237929748382496884596923347196348705883832631170826280789966262380382892945535685227987943727873238541164301675523123942305350475804556335644563588766923147475258251044884
-1.08014074410696814577460076441924069694487095595280528518012991043207193030879660083497960747562473812549812696033591098088479137763134041742854362535707453190707503866250243143442 -14.8554341237929748382496884596923347196348705883832631170826280789966262380382846389838644347034768877539038550297768443982315307823929871517106718812826717832930864960701238937881
1.07584027361054813857373091395345194438333808769226170533885042581462829909036901100730290138555564645386031661887669752276004349310130431796726237082866319054262450530500091398557 -14.5678384509635540791859943717056215751806050970072547108859568302453368250071088918454180535923472775162707774658530564007877683072912315098972294201789044124556984196640847730352
-1.0758402736105481385737309139534519443833380876922617053388504258146282990903696520574975708121852244910729586423693039111999869798700292534866063466587763050088666385011715457095 -14.5678384509635540791859943717056215751806050970072547108859568302453368250071079827517459921588833527457397248505355456683145233153881256047783863370845808038605499288430047168229
1.06999301104309553195577411437018072301927663649033830471001048739602018589216261752512542793050829850213574738640045622983895114221782276912364892107964790391519579025325635813234 -14.2842349596596078561904536162134274539571014130231327928269288572511449621921562053939715454173885115792865387225287390046282358295724558947259902497998801360521054883396528296419
-1.06999301104309553195577411437018072301927663649033830471001048739602018589216281582401012957092038081853159591007245514812207210786490066964880022950579994602251496093036058673383 -14.2842349596596078561904536162134274539571014130231327928269288572511449621921560455499919936474111914615700809521567693174566281800703830851586250433025510634225373974487464264732
1.06370941204314556037098250530939812793097139768326227123023181312512469106429820932178077478051655727620804797749672826123043688651208039236454273966001286765849315633516485487744 -14.0015050111757684183551582533799815580227648473521136974131174829433590754592307060535677334196807350729195596658081699103877833797169058980077353050505275903252608629248482379927
-1.06370941204314556037098250530939812793097139768326227123023181312512469106429826268349085320948908272728332832252064273068954193977367489968647959348323226386308865316424889569999 -14.0015050111757684183551582533799815580227648473521136974131174829433590754592306836074981070840801928407601678562593559745758708016143342951864380405698775228552272814448154274793
1.05788765866305104183803165966178412012419554244924874008949634671687101588069692326969129640496687919915362545787187325125551099267756090577118293248914364979733781919453564867931 -13.7202214761463784518553495212577805257809433055718271761497611667614847597797352692913739799055237956193034174861787184164111472039768648925673315382403348160021418006245742438614
-1.05788765866305104183803165966178412012419554244924874008949634671687101588069693584784101853249959579962561904323536438680251274195027721471751057570925899764349049843071109567805 -13.7202214761463784518553495212577805257809433055718271761497611667614847597797352678604733671957769593309604042996959798906875316216838282909169319139394364786892806015384371054196
1.05383045322527525734529058089593840212267063461326352390838739725576613368109865482780185813738109897919594821110655924060837231377247537640506303847176376973071891211681038160918 -13.440571479363585704568570217834852344657310120414280966181225114179573237182901205909190245345021108707412624811511908377165877220372792008989147233226900298922190917774868176707
-1.05383045322527525734529058089593840212267063461326352390838739725576613368109865738399089391551067863276933626585923778408798801677157480855993811285895175789827536547125900464191 -13.4405714793635857045685702178348523446573101204142809661812251141795732371829012063092926843521262305007090067632934917784946697384393149670852938513769709052485922343308922121996
4.74668760758875023755493070911087585017210516506368095603822451345939050265176420578468205328516976915368532768041745442417713385207729692905383056115777521265025392992890649335709e-80 -13.5240207532298961144825625567603128685759302123450499402449079498604054944301022609764952108324576764028276626796069465833956269055687449225393115087492097869128440591187155632761
1.05191245282948458746912810577531265098302249087861484515076481936571553913239122922722879432312928018243127298531503657693654057300335566813091683661529919978301145924581808406572 -13.1640175529676192194964624053787553618179747248753225009956726876241529096865251957012928854573422971241845920801023543209759239429651730119996595139899262087919925494116558469323
-1.05191245282948458746912810577531265098302249087861484515076481936571553913239122968663686673194874893457677843679555926028077376098159116893297992420903103537231141753839858684463 -13.1640175529676192194964624053787553618179747248753225009956726876241529096865251958792295749120637844996684272370705687580700619181961435510397894696582072007783534898478371359521
1.05153138662667633656671116693110270072960069958417687082196980489990513192338262436921769754361733466513695022207775034154010538421415952278714497974338449701141614681381481973312 -12.8915054869471727034435877084652170358320971273085067968665535280480303470653415616336579696152736890823935453760353731985166683654458229676747743864013280648677573284634680119416
-1.05153138662667633656671116693110270072960069958417687082196980489990513192338262444745038371232656166563876053459085970486565984954232657448481559086289792958582425065155667201607 -12.8915054869471727034435877084652170358320971273085067968665535280480303470653415616770230920044082879758922426331201172518268762219649009593521186080102679084790805998258927933859
1.05183258110843224613203226915934886203610761718342042404368157473740553437622473354994245657700460044562553774239772443290599115002395481824581555134659707948596731466581763999708 -12.623195466484112577140619648200271577273482165250856055401586770479901224784826361186867411508657990392424650964442614769468466400315601059955165128712371164421744717518266617258
-1.05183258110843224613203226915934886203610761718342042404368157473740553437622473356332384199889892605739702127353234146222692980219543383604269820383034498253478123724768174249368 -12.6231954664841125771406196482002715772734821652508560554015867704799012247848263611953837916565652892649258253952066394534735284968822894975977687355151121673338379144244289517318
1.05234530004127253881602935703832498010329374745331412890008335638385134680614157922950624993326098709091173345224156834357220314191013031037200915311011947758248396394769942676153 -12.3586903479804147554586803542898348571256011806293232446168837653368624016049735408900065352725158636328328088520054413512425950941014390531996113929108037756502518749955010809505
-1.05234530004127253881602935703832498010329374745331412890008335638385134680614157923185152594125163783426658815750340918688794664613639374454317737604107244577100798759114738296998 -12.3586903479804147554586803542898348571256011806293232446168837653368624016049735408914915169001937531946493633597983906906997682990131666243510814997458471349534441288088488933403
1.05298215506838407322760378792330628865243797984585781570998719811617783067125961945041441943298573492285788968947517687081137394464007738700933363650688767700603556545057968818356 -12.0974652966276802663216952662993847056831927467909832122638979136012818548938997057275629690280127198849017563584812216715675789123820098872117552255287750055899929147917433001103
-1.05298215506838407322760378792330628865243797984585781570998719811617783067125961945083187451619703565589947999069672770753671894469410140254908535108281958018677781550652891903341 -12.0974652966276802663216952662993847056831927467909832122638979136012818548938997057277981034063693242877626673802052633562081032379639093591619023297320692116719949173442783945165
1.05387363905988414805334881405656044835716989722272501170757391757324936300576009254598948311593199497784148643711567399361240070578998308734976663802560860412515397517903622905221 -11.8389840647187738009125894448065926865384315283613747977209764135066017104217736907047726583508673289447822421737721100785696229471750265175909199391894189487874528514860938208585
-1.05387363905988414805334881405656044835716989722272501170757391757324936300576009254606334144281943684885052459129611674222922397803860283085381733171852248649996847674224445319874 -11.8389840647187738009125894448065926865384315283613747977209764135066017104217736907048060332073368044890717369543055007156666088571555410342259579158773941538545819551269818744153
1.05521782338054481959454420665742774341657764306110839314290941250300248060869959780781815255431317281768541780098256352593051311993869828125002449594763543775602701050715132675576 -11.5827006751605508496571034206700584267527953259008487131393426136960620692801663479030446270826362209990777064881700485879290151164749513029377137816521570542266391038431274601857
-1.05521782338054481959454420665742774341657764306110839314290941250300248060869959780783084200021513594138002578280607513832944184786865090112870487463585930565807483755203302291158 -11.5827006751605508496571034206700584267527953259008487131393426136960620692801663479030486980284940963387874975852034834557180185094648645967816915528006785491901986890873991300898
1.057179497201530373624667759697504036765100038671050184734820846792398701239226015746310652254849630029681276658951822459020879330412222383826335810836623451510355757315393199053 -11.3280352077141306567557928405640787586441211419284037521226595595783066284987024555716161970363189946334035059844007114494587730595418792082279610647654387243423986036427881095783
-1.05717949720153037362466775969750403676510003867105018473482084679239870123922601574631272951705058509305428390416852297489937645379608491808814034920175979376832203486748824597203 -11.3280352077141306567557928405640787586441211419284037521226595595783066284987024555716165826572281832105900544998531980975840376335283022471625525230815413572854614728746149476904
1.05983647280887640716905186640103859082773304211624133423239096121298260578645185521547586156416881886139892549110599605046769001717899241856449101754787867211534656934513135462391 -11.0743788014029379803975653342685681476049335060039232439958701814186768138820708595520345881285170959084357777525097684452356779833804631617636486606180566864628121065112502393927
-1.05983647280887640716905186640103859082773304211624133423239096121298260578645185521547618184710648116041536563552529688447731944302915710624596702920243317552559584536321447137733 -11.0743788014029379803975653342685681476049335060039232439958701814186768138820708595520346066175925146845750780789002494428049651492334668486042520870951982995861016337721123589071
1.06318741512052849991841070820899919911729687716245774329283552283735501853556199934585808543658200124840904712922467176207631274708066847157468851862609817278626954855302654496882 -10.8211230600387631484049788330781924940160446490946388517340013546301059548766682187717029058806354819871625843339543815820593681856753010449062631182505034541804330304858541364938
-1.06318741512052849991841070820899919911729687716245774329283552283735501853556199934585813178617944257938391330825939122968052341894332910020151527453602623798128076763348494271212 -10.8211230600387631484049788330781924940160446490946388517340013546301059548766682187717029034542877856048700764450777017254824640775349029399853025399940306263474646053035563912751
1.06722628445237531197249472005644404059686684572824268702287871561479586072356341576447725904807806631834987564993856073398101013405826018345572283011517727061272801170643549872834 -10.5676980877396927946537991957167741167125492358115262761959828778162397917692209098605618712604476189147041303862955128492883630987195874148818026833705293104163585958874125635337
-1.06722628445237531197249472005644404059686684572824268702287871561479586072356341576447726535557449839810458911391298251132319342032723840638954086812233871737924659964038721599765 -10.567698087739692794653799195716774116712549235811526276195982877816239791769220909860561870425559782811896318111337476743705271121631834177696371189333042871102689064721851382096
1.07206381969162459854686778720928797776630293225880313516615531417960256549406702167549654330558282110495807213264061391626157916432407550810445105344190375219776945173365809798474 -10.3136266556409072835168371914287270272515250812847601558388465950495698268358967277018924340430756876657396383259541750764130649057072323053604549825830405139971092202165971738548
-1.0720638196916245985468677872092879777663029322588031351661553141796025654940670216754965441136478012823725119052379526995756124659667771360698253278725324854826963196083203716349 -10.3136266556409072835168371914287270272515250812847601558388465950495698268358967277018924339061644688862019054117860593146358522785484003518524188337252567171979618177652181432459
1.07802977390522111640388252458698908166621027284363684607430568426011396759180915406219182718040909654403643499516479709236235304457003858160200917858700031523098890653609969960802 -10.0586482166844501373108348159424872882168568588928204381166034670742094674751637756472699864531488092696993091251343786447831341119498516390484151342655721139944634083803667194624
-1.07802977390522111640388252458698908166621027284363684607430568426011396759180915406219182727713023211654397176416278837100639411445116348980189298558055819564648699819514513747262 -10.0586482166844501373108348159424872882168568588928204381166034670742094674751637756472699864380054903785272663971720634137464718588853879484492033160666288689612886917411741728777
1.08559984775694620935888337635525517967674365886096328594196868735602606894798603165174257891342196944813903799342727177203400373784028970613876418353847778398699966675018981915189 -9.80293044076309719489319104147342967313202624813455789404737706729245525932526016446526538203228044094255543326748449092628083715449167252696735968172529888187002815931018599110788
-1.0855998477569462093588833763552551796767436588609632859419686873560260689479860316517425789240529987760192748981289577266537311450577299201817173766253965291831355243595116002164 -9.80293044076309719489319104147342967313202624813455789404737706729245525932526016446526538203120225950949587853831611175115522799669864485688978472101732097951012126494914012143315
1.09501490871738643312688540665832038466445809657333905667603873518045202380372099728026960596637580106430654054807734344824354624179766879815843819651401474549399176526268014226927 -9.54713674138651709904851993365638458019916082641775610193669375093981795595096350146246151611355971998104013250152282402672419405994333806878049625999693546729955873272968072870578
-1.09501490871738643312688540665832038466445809657333905667603873518045202380372099728026960596743638908108801379496154653393773179286356605761320984144892036952514784265859525778318 -9.54713674138651709904851993365638458019916082641775610193669375093981795595096350146246151611353322013607466239097987765662479852368640574571344206446884142691432951381954299618116
-4.71354800058140611918922699537061715193840783197966715801425203851298038519447919504815762633694265939577988987934976544040075507613045704675034066202980354521921070982258567024759e-92 -9.69414994810721871655946696574428906944872994480127305856832755485850654388185742013368952752063047843616329642711767988009358282643616290088835093013176350826717859711908401495669
1.10591935870668845948930848556806290235080046024915067692410335960109511676003001340003321824651299380168138806834711076493915552398139856238649405534075875238821820211722744351791 -9.29201680898748686370757354352313785168464315560090025943892662133068934356735786814226991827605567299633417487953153840165203228634073358004596759541803758948553549708067884211599
-1.10591935870668845948930848556806290235080046024915067692410335960109511676003001340003321824660999547205438441346058205632873563027127492146624076211728597014040580167383018776357 -9.29201680898748686370757354352313785168464315560090025943892662133068934356735786814226991827606099776698415565502074887598829974611537909774911837730850514724852335874812340100002
1.11756495375071965969923967952315823499399700274979961036081799734595335484798122201333532615118794203982686410401629473078733887050667677258325288169493969569930174095110697388781 -9.03785016148165441615762770114016339878625049362586549214830255446309555340561718379442177338657830831423393399589072286374104576874271327098399352645861804479989013808892105076064
-1.11756495375071965969923967952315823499399700274979961036081799734595335484798122201333532615119624968515487426517517156987778904058102321477172635441092603940156626991663256269688 -9.03785016148165441615762770114016339878625049362586549214830255446309555340561718379442177338657945498884116524111654616541272630703744951871354533362712789046924487123025865408948
1.1293322502357474285028891950584944855455580507304820451390206680627562286720318900644587326623872886104519108722878085217397354416401171979145061889981689946469498814639857575448 -8.78437097230962432039991778201678379878287443837150689196087175755657204254709140100014966164444149073842073585643124470847644650733704778295475501940015756262979319391189062752158
-1.12933225023574742850288919505849448554555805073048204513902066806275622867203189006445873266238796147542565749260377310870718155790730091221476430122058509084023341726277478949463 -8.78437097230962432039991778201678379878287443837150689196087175755657204254709140100014966164444165242080784916862410225317469626463880067081821650558264418426563569887231853951022
1.14101424036178162743624456106136767900449202199786444839293580867047625425109338833004974022055344820280102412412899592019895714669539220261400912242316141303346329743610598664004 -8.53107523397249292861181641839336400428576440449877576153232473992089567354243939655941034052142337834692027873262285673148606192092738448710690424978063090489665624794171376098198
-1.14101424036178162743624456106136767900449202199786444839293580867047625425109338833004974022055349911329636963436491918666415955652918144611940354900193090183330473427062423366801 -8.53107523397249292861181641839336400428576440449877576153232473992089567354243939655941034052142339799539488543031283527953028264653850303258876154500410962668426544718638080086035
1.15279830680367172281939182519551853935714191194105541341932564825610529228423213712707955962247271124704450306657379416828617279201688837812526883128823170791663936916483894703615 -8.27755549056559425703730175775294616037576618891653311497615718560946969044936654648069520601463619220275647745724760891062223145636741767258818076586572452926412765016280934683263
-1.15279830680367172281939182519551853935714191194105541341932564825610529228423213712707955962247271472223609108013096617099402111544932667000886180218931663434456481782825392166982 -8.27755549056559425703730175775294616037576618891653311497615718560946969044936654648069520601463619431528387697542441696256414988837906865173947087540794407976789560955642813949609
1.16504501585616456281131706253138631711163166527814837532626738300395491465731313390307178054112843441954126345472930604697721331192985108512495623493972849064321416934829515942931 -8.02371655245768545452220615612662887505195529428152955065743439268603028705428667841965897666259495662415123107161669202693777299523999804675452276363730735698911287536404237823864
-1.16504501585616456281131706253138631711163166527814837532626738300395491465731313390307178054112843462231662158088802367886595711601066991050631146893651091599552128822158062444073 -8.02371655245768545452220615612662887505195529428152955065743439268603028705428667841965897666259495682085799115332756161066915927719711669565602847692710444630778412104755426898446
1.17797763311146735515728701247787670903823820209091253815741577251189861929010365077308969031113568463281511095122811379682323166677356067536679049759280865629328132001335608505389 -7.76973979716877808510639568542212260469615019075808726370558758470428877601340296406836671419913740939659422611631237929494476292543916643487919826433824029382352340908237862667049
-1.17797763311146735515728701247787670903823820209091253815741577251189861929010365077308969031113568464210190565108411698024002759723812244758909106769047294687566660544917680940776 -7.76973979716877808510639568542212260469615019075808726370558758470428877601340296406836671419913740941219828800836678183152178660120207756838273196813927469639969541454990325767144
5.51656350815257246468814749883307242872190410249002204742628187154116267992172334764422006036772954519937505759119007342286029868424434826785314937411728796258137766134423482654462e-99 -7.99593860886767262278980489918524354607592518585452582411736410031459884787757634948232694933006349738788040132818588416633840404962946243711981659093894305568314607253788805315084
1.19157103587325989080112693246728017948537727506889987554686214630008842724686428759823031661959279691964061434970424121083126271734811139111631087282710793308415428743112126288268 -7.51580185784488298144631424185643275797002295094984033150994194330646352987044827681152867726020209589616779842250860488966583586556375458544511950024710891049735825326718177903916
-1.19157103587325989080112693246728017948537727506889987554686214630008842724686428759823031661959279691989447205452218838864216919812363348172112325766220884347535379275268823671518 -7.51580185784488298144631424185643275797002295094984033150994194330646352987044827681152867726020209589721774235893856178386783196538582708181413698542529498352257660478811898790674
1.20574956040526297767354794408678452174877992636193882409890305118761289740067693173885973351042082741791938095937413890692848298010428048464088508151527728629958880510977023288817 -7.26190158937519992161492899940790297597540799522740261587654574842330628222954013017876140154512481357280846804359167149770853341932824420560897839766227322890757890057881121725016
-1.20574956040526297767354794408678452174877992636193882409890305118761289740067693173885973351042082741791340637887486165655301430946104033741919857898761615771567392845679842796753 -7.26190158937519992161492899940790297597540799522740261587654574842330628222954013017876140154512481357286763023925387380488888903452951730289194835460807960989503065178531661641432
1.22055461662536910054204712946417244457290422211564267946233272344489196591560967607810877631280910782050452703945772545804958997613432618644442571650611142797484841473511762895046 -7.00797819367033334226288530263126019293928191989534943772500223862934402894351444272363691691145595745474775847516589272722329453981180042123642335778733460251244600962832354966274
-1.22055461662536910054204712946417244457290422211564267946233272344489196591560967607810877631280910782050313504113204490989244085215857156998911438282268765772889824905730934655545 -7.00797819367033334226288530263126019293928191989534943772500223862934402894351444272363691691145595745475043266050036929939654712055007975164285471084127206206729166812025496488434
1.23607871366585435724206266831619394365682459163647164530794823927222240617270417136473593976561991732873349548250292965535602281019413842703912723332562380339425443731462879856773 -6.75404181120493942589251356781260151209470469280417825825109318234358162574547848582374694977821790916749648719022045759453907154229152666562433437562373197478831221339126112049196
-1.23607871366585435724206266831619394365682459163647164530794823927222240617270417136473593976561991732873338576611803439042301270863826797756551376230015601899387680554881394230533 -6.75404181120493942589251356781260151209470469280417825825109318234358162574547848582374694977821790916749657407854732486157067444278417336407373254031640979862310805614797440225414
-1.49341538653522235013401892384023000917399264678001492785848144345250954423546594134235138889301721349971518094701156811881665421366451618933677088991023706027312205866788029146013e-103 -6.98423948575825798211624170664621691620938363032030986476892305131576005945772781293589253751727515145285959087062131476345168860737756868643957071080804085283460688104869838434939
1.25237799738633000288539188628982475092890821406924401070550574994395965175562521476990148048701986841259783195531880941327558898012120870703104340512412322025206688714411906184986 -6.5001328057893216832568141842447438443782912952524087220322454072549223133224036793677337898086649770988447827070836212376580699311841159386171991253230292967285257827299537242899
-1.25237799738633000288539188628982475092890821406924401070550574994395965175562521476990148048701986841259782615972860347435926302833086529911241555704648861907626541407207455631039 -6.50013280578932168325681418424474384437829129525240872203224540725492231332240367936773378980866497709884478392507940158468332277652996619359213222541364430844192669166860262064931
1.2695031172975195400785574176139673287758994074481676187472829217676169145099867844586412118022589088306095118209384246589323385627237960884444860857695740401647120775687049159903 -6.2462706315123715244555255804280652765797296802632394965682863488346065660212107679981202796353381922136805945584661626466905020628465559954669271777314399504348193764165539665212
-1.26950311729751954007855741761396732877589940744816761874728292176761691450998678445864121180225890883060951160362069646731639427162355641545251334092795545785740920617776976466382 -6.24627063151237152445552558042806527657972968026323949656828634883460656602121076799812027963533819221368059449174971786254274786424589224590982046515198559673265286845578445558949
1.28752498829878061354932740551485135114606752033195168859340210659620319235109669626873576650565811851469291158639786283637864813202909147831159856531347554834726026111897101859835 -5.99247798752466553692523548703688168345916186551031488363603290238337607969591850044050450911238253644595469757235821435271864286168698861857471064723443393169890841635915980123628
-1.28752498829878061354932740551485135114606752033195168859340210659620319235109669626873576650565811851469291158117831539978801631887074294413373560177120495577677647196057656272213 -5.99247798752466553692523548703688168345916186551031488363603290238337607969591850044050450911238253644595469756646745261811224056580526625415999274532963114428717771353592243432756
2.85571230566903232396385612534397118230533064170426431046476761105772350545875584769546939717204268871736819552332815081737137694009013270420166670300343642350119664142927710121182e-107 -6.22167082360836629985720008113787107747482686093414073878011773020332058719270676039876490384205367056656245795011707799772869453911142318912134886180090374956392109987831992182352
1.30651956623705798413024158960267231205457843876117850619072297667563581112330133566530517757757903232020775938554399930244665871000809041711214389364562249180689239039750421507796 -5.7387901580965342866216261899905617119921656458376118520065356721876527628335028526493368428543982834390917422547281901165833850350804266791489986194317560981676434955589947792513
-1.30651956623705798413024158960267231205457843876117850619072297667563581112330133566530517757757903232020775938551132210178341236096904706172219875492726916060318734648921757234251 -5.7387901580965342866216261899905617119921656458376118520065356721876527628335028526493368428543982834390917422544860970530070612015903753158943512125326919331139819301940866792161
1.32656861250960101624009949887532548895963041613825119693595725371662674337448426134321876446830274486565918273091824159210324996865070825110646137709205627569415430380033172820223 -5.48524784879304994798160829684632981287019355351022359449398246323582669572191344359954741728960446420169667093830560321376434241853981544574246785281910594027235468342239607499894
-1.32656861250960101624009949887532548895963041613825119693595725371662674337448426134321876446830274486565918273092147836326526037851991485331802025525576291898664319621445003805337 -5.48524784879304994798160829684632981287019355351022359449398246323582669572191344359954741728960446420169667093829967580834129513609883276066641877668974133734845304352413956163023
1.34776347707297766713308872737561528507870922099515252566258096757420141164870806213222734679598876229298994240325131805965288651026206227510878040934952941135758765447606394505387 -5.23190105663330001608092240211710855965955019903192976807848048855914788748169552401683117052093436652663891988617561161510354264200860715123601604157739487880913918377982755728694
-1.65707247153501083245611123419748628212203124737570487586252912878800984469009604228783579856034667221089997475860324155447603884462346625528820585073399349580322201111282689489991e-110 -5.59964984241023283921568326621785190537973670948261078491842226007592191371062496257294988978245986038747180742995770710170766719061294051066237747056881641439669224368573274863496
-1.34776347707297766713308872737561528507870922099515252566258096757420141164870806213222734679598876229298994240325147053565131035368995721105244817490541532932423411214997242493907 -5.23190105663330001608092240211710855965955019903192976807848048855914788748169552401683117052093436652663891988617554821579801148420784564823872847291382678842624553193060796906868
1.37020447286085519515857265527934386307244221398224464109863306556171541071962837084477339229203082264446559259174174986007066584219847853820860513022031403037796514212030831418805 -4.97881144941641027561122160611470816965887652472636351773656110523506490372041341197359145484319553194200829498872256834024764093810442304742258026988562331243443377555035549827965
-1.37020447286085519515857265527934386307244221398224464109863306556171541071962837084477339229203082264446559259174175321809061356263325224367681517132137462696568326152791615273649 -4.97881144941641027561122160611470816965887652472636351773656110523506490372041341197359145484319553194200829498872256947319215751607860174854232734368122536929506150304532486176079
1.39400202378632693499007718264262313749579285306547510839179862839595789684085667299481457957014169122696462118054875047077768450373346898723425263753881481660401236861096840174172 -4.72605459590868087890911448741870990425373819010241171013485129404764757970041526597064713747425637790729261445472316120273556353593040699477789674594173618733245169591906649639133
2.0237399602466473172918966491006005589955567224937452813924041697272387860522679574592456757666931843924590142070329300498660138795749310746087174939758673568378592995061083054293e-113 -5.07070525360425442822266704460079260224218835507419794054487360126551781395029722471283342181779054186161524804539322647232575744539215461560890610004043857542839812800685852272977
-1.39400202378632693499007718264262313749579285306547510839179862839595789684085667299481457957014169122696462118054875050159869291313493387789935043542864208281925569227245060245525 -4.72605459590868087890911448741870990425373819010241171013485129404764757970041526597064713747425637790729261445472316126134232839234812415565196065611933090355366635201511047018949
1.41927741846419440932624060179861453410877576669451516331475357959490317259239866249957413989056299292244599463602692983327898713256755183962828635126957314897934343693288856025569 -4.47372338734031974739773195521286556693357957485362706551158644092756193096849003528949401657632721943603727459130463779918531840448948789653251905343985951412556659264148737234489
-1.41927741846419440932624060179861453410877576669451516331475357959490317259239866249957413989056299292244599463602692983294526778265089308592053891289788052342366095814846945313545 -4.47372338734031974739773195521286556693357957485362706551158644092756193096849003528949401657632721943603727459130463780019950872263246662176751941859728652825687785185835072051712
1.44616349726044777418919715496151911403465972002747769746759076806263858140446609121737540568408560582479695910147424794297078231835281647137936942244752567887147864019743290419899 -4.22193209450127512039325640354202359090574693238791604798050410739048443972750718658256905227159094135344614864686117333490890248119536877097772881477480619436165747659752567071439
-4.26654715399012670924441124763588785882690723672903131736339605653659984624304244414905170684640628834103410086339640060806931784010903322584564913019851401025219642655441525476692e-116 -4.60894401789752714819023717458738201385225451797598817298395922538376679303718441354641866021601909011476258156507152774400166434142630473631765082023533530053560263970122046149706
-1.44616349726044777418919715496151911403465972002747769746759076806263858140446609121737540568408560582479695910147424794295729361682121877277159535779781737496173266485129308973029 -4.22193209450127512039325640354202359090574693238791604798050410739048443972750718658256905227159094135344614864686117333491478837090798336812124762755561528380175794740343861369826
1.47480515421886563430564087402148116213752150854574986048165709908447512791450381054598521252711596486352908714114568629849814244143002476962858240000627198402443101250962355910045 -3.97082157550616227796201563976588688365218735612671159172602666377701232864584563438764847500283290013704792376162042556469942073897577553948948145764001916767656234161337186028379
-1.47480515421886563430564087402148116213752150854574986048165709908447512791450381054598521252711596486352908714114568629849798920426589905761742094459551793592507115567770188521598 -3.97082157550616227796201563976588688365218735612671159172602666377701232864584563438764847500283290013704792376162042556469934334023255702117484755806155946331826262492848315314556
1.50535944608009353579843058419521098305965988728845765975320505566619012467502797181248816868541379680577827457861224763747960633217458460371661463664617533109306042204982054819297 -3.72056593097375592258091855342628822005683132928789255260534852436530843979700378014107352848182425748336465378760925730790278549233006697220141338213907074611801784322385748246542
1.3746779773131269914125778920825923050196914140011538217012551218183596915508446887929149023920008330182721684376983953117174950635005722514682444897715560162612047041505905264216e-118 -4.19833825632174678771722894198586241231309463699262673860472900287556406944880757908807628344635799826109614555854048538201914216015953984257381306927617670547776461844690969509161
1.53799496669354025836039304570067278530793288252907300234981894397342461361384186872202454474846229318988764324871395344954883287080015390712360499796801118291158690973964617395313 -3.4713811247712204686817773894372949098366439833578719012943865722109710724624438305237789717918991389680226041354823707713699735203971499313376188284051971697169545581552447506095
-1.50535944608009353579843058419521098305965988728845765975320505566619012467502797181248816868541379680577827457861224763747960601845150738648267273042686236606329929020934975057576 -3.72056593097375592258091855342628822005683132928789255260534852436530843979700378014107352848182425748336465378760925730790278384542710421350408352469148427231736428335893793740119
1.57288984168137962261641431295706949240982073771848917728690166859650937184093555117351018321686613481316325792057212731768036291010347986643342312807211091509872579556448975990907 -3.22353624583934870804453090760925128257630067942177932287886870393111339697358955774572534241518202551173575349021441949056795499355125109922173059751229034961874509510059484450876
-6.24021008262960646698855582218488739610318543136860770142852870098973649837470480713585464199677422593580647415108737143640381129415673458272493436000986878652184272454296403810896e-121 -3.82809231593257791445695181665284733324197419070351541395817789368854655463594040362391900367168009205419344671818930192004588492667549245507794456116959949114535194482439562475543
-1.53799496669354025836039304570067278530793288252907300234981894397342461361384186872202454474846229318988764324871395344954883288013386415499382707908076842576526382526822278541714 -3.47138112477122046868177738943729490983664398335787190129438657221097107246244383052377897179189913896802260413548237077136997351057696700026170314164112244900546885691819340429653
1.6102271592570214380765872018843942699037061642850581394412738686124278801543402081394842125167585526923662690578019692583670827777442054915478210824806681544092877576727981464243 -2.97736825576592113731411243522399469261972268462345707369706436297669664291257253592964398188741329096068947255760396402394660286799931492050867198208295041016868753290711840388038
-1.5728898416813796226164143129570694924098207377184891772869016685965093718409355511735101832168661348131632579205721273176803629101916881095982985096365673957155524104582215956502 -3.2235362458393487080445309076092512825763006794217793228788687039311133969735895577457253424151820255117357534902144194905679549935662453551010692843346985704797050520935366229879
3.7672815696692886632255372989259313588109220447838907724025770680889561231267000069308194582581021167925660176764323613351084032465244617441724101970344310116559673266387755382709e-123 -3.49046605707505024819968638365129026213250438182367646384203047069443208696534405528072615109124502029730463424698058606072250961125124385075983333488230611132912635333870960183674
1.65018571407089228922662766219987536275123366559048305570328604723447186686876578407915485146294445881268916371591856606780371167805696152764978664013743979145420778943386210371135 -2.73330108430917452765429018760821454480424240664637576354350971695343141241177395520531107417540315888130954358087450701076996782627237781820683935519509621778223270955719346238748
-1.61022715925702143807658720188439426990370616428505813944127386861242788015434020813948421251675855269236626905780196925836708277774438875851027934935530828096789513666719739247044 -2.97736825576592113731411243522399469261972268462345707369706436297669664291257253592964398188741329096068947255760396402394660286799975462122751490166795273963908600565697712119872
1.69292244081642464381565482058598095943962319457757034001847485534872130458789427526215469722064165948804074653132793219407296693033170111180719771402015637799953495475404291285803 -2.49186946662274045693321833159063086962238221852683610099310850850190544193447973141981097790441534253421439836266787060880251999364366086130195672531563827271877726641637198763297
-2.89799829222166061335568096409919726039833771135750625650497924231776020554913760142613556253305948021732670143350811966552371170504557034923423953997082571793626441391322257221942e-125 -3.17962272068803018198086737482270112986581042974548165516275359614979623462971013143840287759554827329961229081188435020673473448177378050295620537830176114879050733238231505937339
-1.65018571407089228922662766219987536275123366559048305570328604723447186686876578407915485146294445881268916371591856606780371167805696032755078066923039707651623944689621730966405 -2.73330108430917452765429018760821454480424240664637576354350971695343141241177395520531107417540315888130954358087450701076996782627237943589236827651131891897549634540026933609493
1.73854084489824985803379627488175471773501922621065662499904545545310663067512259882559831471715223211105429327226212915478485644056456878744979378651791725641696197000208386378499 -2.25374626936125602917861248421411091604436023363572294399043204913320697406005042699696494252549571911082970335962987450014889806901483081411281336921396515727162295175482426671147
-1.69292244081642464381565482058598095943962319457757034001847485534872130458789427526215469722064165948804074653132793219407296693033170110520628368890121119919611909161468695089305 -2.49186946662274045693321833159063086962238221852683610099310850850190544193447973141981097790441534253421439836266787060880251999364366086048400151388305205563234732967881804323066
2.74842639347189806366126690722341937673241301054161040557757734767219071774398727258690383679438929586344811373847660724182700301916215618976771789483031062605970265659059492652309e-127 -2.89095952143615430658792487536598822116886719316026463644548949404015755868457652878286799917304420943073562244347792149571202865370832420672709816669492712472518344826913482023542
1.78703768721275651580013280190547034842198461979851731241573096475711487379422136691797929710361159374009041326552125443061873292671463075018056760953789379944035842063157870028714 -2.01976808941335716606283215607042720988812730248590074398634517786328249409227008658595588255258669863206345687543725491092391981360171348656639276618583998971206239435375542692357
1.83822019441389397978868307714652667776740492499968779361018849717346812792857533223201688855247617464142610025230881313672056108394991111498138879944879389989717509917881845008044 -1.79094639016461233339798040352620327448151838569455230505505587400138873944935695205552925642874110533268110187691919869724256240206168926193464500444430756180821162085160055298567
-1.73854084489824985803379627488175471773501922621065662499904545545310663067512259882559831471715223211105429327226212915478485644056456878744365883832181283653703332722989705544421 -2.25374626936125602917861248421411091604436023363572294399043204913320697406005042699696494252549571911082970335962987450014889806901483081409714378962425752913538425078007052380248
-3.13037020408041648939485615891623013200478621893779121115066830678673182142262299765549118968341915887478970493950571788127250453889304375326111093759006797807222214264553762943888e-129 -2.62068406956382395816798253440876634737431664020540924593529891784669760169646023566484921098731482660034347714588046366093422156020241027496726957089584987052960760763609121889499
1.89159259191954462558803420263408687108402868665007086491626778701672856107256328601598575049487130761885299385996751743230360416779218807273276441322570731224566465203567921142901 -1.56844070000909371180806966027846897967146362919274515448478891993927980047190730869258807034117316927259726896913096087789929188151460955992757822585090372901943855001870757460314
-1.78703768721275651580013280190547034842198461979851731241573096475711487379422136691797929710361159374009041326552125443061873292671463075018058846861756498322002170042217364475033 -2.01976808941335716606283215607042720988812730248590074398634517786328249409227008658595588255258669863206345687543725491092391981360171348656636863343181169115413928531666676225166
1.94622968408933810352663229392519652134668778859444040738613315390409294925109014135867317685439131073589288352984132085943766340152019294459337527784626920733594752676498810210971 -1.35346218857601550418168705641620623583423466418592736514990338268050192582816750635253435394103577288969822554186951650471774544004638992587840720428231331959105329891317893134805
4.19117814904128215207166090071374864230529314814234603398339661877854389077307690226136207054723131689406399299984835727963230463047503119278953198926062078020038745748508345061424e-131 -2.36551915114340515985319710928073743279677449966896786641437228197519767414523326874071551412432022353911766227241745180335160251461185501451670661281171778672316410532288071210777
2.00068671706587974728689929500826377017212865250955949490691871133436139857699198742021463647443456591735920367843632678096888474491867453086512684312350432388449565248146527329069 -1.14708508810470023504159112305377418130500006552629563470843619032047506460141101526436161952421559122883964212746652664222969388398802432726992712321764930086188747716550657728098
-1.83822019441389397978868307714652667776740492499968779361018849717346812792857533223201688855247617464142610025230881313672056108394991111498138884245344042417108148148788109161146 -1.79094639016461233339798040352620327448151838569455230505505587400138873944935695205552925642874110533268110187691919869724256240206168926193464501436735458632666940996412578931751
2.05301940982551664652487375321129803451813661704849392283529876210449440879257228073525440485766455670126498678527691021698158225231817609060949078407454130521516185567803564149142 -0.949986610139691282618086530882889681540308804785596184662600605291262610344967178040546626086714156526494538611051016224281245350973296605081226425526907102847899072217446114517491
-6.47975661102168428260728587003382501810196136022202241118378364473746879689588759200060529277448013812533280287755549547188361066237246953670103043019978261469560972261039108319963e-133 -2.12246773530050177617779213423484109658597950841878567890256200064046746687483992593202707336669646675612004861430889758669291202146642924006034479594467068607693271922215201984205
2.10096558956896885594897973343387984744678551603746121094416090922191670031414477696490682234041324946758967446597362460628254730471966194812450626044109008655250104546536401294289 -0.762202821655863588067896559388223700733788593677858186465985355210025248030314447009456518819566520002957959302205166706781728469277403860870715848041566635444612935330576288288378
-1.89159259191954462558803420263408687108402868665007086491626778701672856107256328601598575049487130761885299385996751743230360416779218807273276441323777613848937625463208336762246 -1.56844070000909371180806966027846897967146362919274515448478891993927980047190730869258807034117316927259726896913096087789929188151460955992757822589237199789705049180076142514331
2.14225328780211933807973090584935574744432784515665517135661517222656198475861382972970789790569665899964400342575929063837274018202346487650855904848880025983531806236664372992941 -0.583018635081008513338100343222897098208333546351000637008613564117239737570190127672233376541299829305160248841836314269669605406356911101553408255169474691309678044530934622581683
2.17491132470851144827225370510152879197007015339018957164139818533108169107618009874685938096712483744874374022790427860118325354038114257560308815875851368786219995516581834673523 -0.411047657619314429548099930603002421201558194823368104045480101878399700618286592642698404363663969736690054814104154262951953961890430662110423256840102727721699873737443233620189
2.1974608591238538203814372187367447038330734393126557767039340179246046254749613098236872965179362522422541072618848609693526616722985614225427616311378683648711697425514794895129 -0.244442209781391967929559264730626701042800210816185612588801340344228372146255091451510301877051342544230689204345341093384092026728073500462501746791952723565832719034393914940667
2.20895961138148927624484822111306415674933870801788140866781611826866150118567602688951856876207219952965783887860753409742601107502921972210840188355703486116832644880440922762318 -0.0811143802217259873590049917722540423207445777218500220766332384535300940846608197616999640726710062520309862029018507053038050453325911720221783005684869567402889990482585472920393
1.13952070579997417316062470894956811426734046547185266818572964592359155314569890565057762190738799416461361624030996068568206579548725620671111731959320524544153365395066353241153e-134 -1.88858634233225865019613529024925853209703551583413289457884517302242581490253154045911842788491991794637842257183475236522214048470491150663774474482255847753668440610428587022381
-1.94622968408933810352663229392519652134668778859444040738613315390409294925109014135867317685439131073589288352984132085943766340152019294459337527784625026510706592514126388169944 -1.35346218857601550418168705641620623583423466418592736514990338268050192582816750635253435394103577288969822554186951650471774544004638992587840720428233505574433987260620683247084
-2.00068671706587974728689929500826377017212865250955949490691871133436139857699198742021463647443456591735920367843632678096888474491867453086512684312350431133777852580768989470029 -1.14708508810470023504159112305377418130500006552629563470843619032047506460141101526436161952421559122883964212746652664222969388398802432726992712321764930039765102645142106735586
-2.25062593715385476976919594952914425483160138287543605912472917478257282297062555287981111322812547326799464456968731570084602069799770645662325676661320201019194591902528282802331e-136 -1.66070589967335212217366618951661385948440568901550109396849096560290190592186775592995538774857981382264721866087775664974119083594471072656047764743197962650899608171035124566908
-2.05301940982551664652487375321129803451813661704849392283529876210449440879257228073525440485766455670126498678527691021698158225231817609060949078407454130521268103716703304737407 -0.949986610139691282618086530882889681540308804785596184662600605291262610344967178040546626086714156526494538611051016224281245350973296605081226425526907102845513874888440208398902
4.94066280294576477266723327561460858162870807622497790532010103663584513706088643559347440405042806292053824500760425858023766714989228210196193528438751871760445644309476151596035e-138 -1.43498881030455271778521896115575932043128659638999162527683501559750084289051896619874448051364758896812465301743237693033303547153543268070236350817381459399350367223701128588518
-2.10096558956896885594897973343387984744678551603746121094416090922191670031414477696490682234041324946758967446597362460628254730471966194812450626044109008655250090917141920733658 -0.762202821655863588067896559388223700733788593677858186465985355210025248030314447009456518819566520002957959302205166706781728469277403860870715848041566635444612379712613531160991
-2.1422532878021193380797309058493557474443278451566551713566151722265619847586138297297078979056966589996440034257592906383727401820234648765085590484888002598353180623784165736076 -0.583018635081008513338100343222897098208333546351000637008613564117239737570190127672233376541299829305160248841836314269669605406356911101553408255169474691309678044467663499452047
-1.19669322280360001591637883941266501996039171995742055973212588744123966607720365022721248727312278450031646568274465255415273726776420090417300628694059642367877481762399245394416e-139 -1.2060422324109700949226297525175258548080831145471399346098790458097092250441583571421609915850579864577764441562966924991107361138786501906112042439601908242108817107577453790682
-2.17491132470851144827225370510152879197007015339018957164139818533108169107618009874685938096712483744874374022790427860118325354038114257560308815875851368786219995516582068031561 -0.411047657619314429548099930603002421201558194823368104045480101878399700618286592642698404363663969736690054814104154262951953961890430662110423256840102727721699873737437044432721
-2.1974608591238538203814372187367447038330734393126557767039340179246046254749613098236872965179362522422541072618848609693526616722985614225427616311378683648711697425514794895322 -0.244442209781391967929559264730626701042800210816185612588801340344228372146255091451510301877051342544230689204345341093384092026728073500462501746791952723565832719034393914434711
-2.2089596113814892762448482211130641567493387080178814086678161182686615011856760268895185687620721995296578388786075340974260110750292197221084018835570348611683264488044092275795 -0.0811143802217259873590049917722540423207445777218500220766332384535300940846608197616999640726710062520309862029018507053038050453325911720221783005684869567402889990482585473029692
3.19466758834180495140537477337736671919526740422246583668534292799862213530248392481830096485900583090771623531359744294125177518053688300410054111715788521065924819113323110521397e-141 -0.964663993982108587435833536822776326315431508641794677656061424400481303567903220097347436918377304491059810400413659689976345989114361536552319731873801786983463041912118760368969
-9.59986818873617577658034524540179942465344676205994900198882207250052778716514181917041048441474938665422245201633087615565420446032526007293848801873292500930870995475387508330153e-143 -0.689805058039444049319998145415286856470693188957254571737026630332687033040414451832688983964714347670348907767799568429497919532040399456626786390248505765044588457909666736542335
4.29454434906168152543599402894041253568292497090737639555562672884381696835316512522743955501481140449127592090470535482441882024044343656954600364074702401019191604686878984115103e-144 -0.28131499853610619267803838314007113162345772737939908081685809724661411902537862857942985652599035055856811155713713240176495573038258340601436971930141520827787364350094258702388
-0.511363981719564005865704156047421570253905138215178547720383103284111106839083883327502594401576057918214392100076981350535083757205796888262984955649972907924321190336057488770148 -0.00874130305868389331437882751847871944194261917418861456601705935455070577243287173760426649871285051600034579225932587440075307360125271758991410069404766949140325614372486224765803
0.51136398171956400586570415604742157025390513821517854772038310328411110683908388332750259440157605791821439210007698135053508375720579688826298486234923266110578997029088992826119 -0.00874130305868389331437882751847871944194261917418861456601705935455070577243287173760426649871285051600034579225932587440075307360125271758991402715229812018202695004208436047320806
-0.743313626733991095452502973107715843856882492331592913210911445604566552975409721926731683334285850940024888442028642996107044473613621515917671413077762938243261048375004381451486 -0.00714531678198987713310653635236988530522966257369208706337124213563913231142450317902873585807640983678266120533587504320496635198442327043562800767847187141343397440156076237464833
0.743313626733991095452502973107715843856882492331592913210911445604566552975409721926731683334285850940024888442028642996107044473613621515917671416200460485088561766544702469163383 -0.0071453167819898771331065363523698853052296625736920870633712421356391323114245031790287358580764098367826612053358750432049663519844232704356280089560036819713032934489771869590608
-0.897395050159482102893573713708634951378525148329474161697768820888517514046695154706302187054169517026181186380785247568048688364258435277679882477632152854720106730254266505482904 -0.00582625345406429711540675711199088926460203878754072210866826775459256584889136081166806022238153434561213692412448554102091860214724386147920738711635330184588680749361966413751164
0.897395050159482102893573713708634951378525148329474161697768820888517514046695154706302187054169517026181186380785247568048688364258435277679882477523747908124066606118279525983389 -0.0058262534540642971154067571119908892646020387875407221086682677545925658488913608116680602223815343456121369241244855410209186021472438614792073870886444095651477883940449614026284
-1.0122650601530213712525755541336064513524323794643605222214560676987399158945608370668201682246666943062469381730810364526451952950188597811381442229611920840886613554682565127082 -0.00473649719199801118787379007823573391974671659519963878342269084718101619379165337682359912132571558342744146028898382329125455090365085326402276815728471498882962976133603386257746
-1.378836841407690349948337230412866629229341845567247155348950355018835631857494165821270827343308534186012591141678955142979576437141797477567686067805294281336925717075318641653e-144 0.25997038653566317380725468336574814675373610974548819941786923313493667482782495306728013671677371670183798201997073370779631292729082246396906914166752644396490337330358920764
1.01226506015302137125257555413360645135243237946436052222145606769873991589456083706682016822466669430624693817308103645264519529501885978113814422296506377239393512441922883893224 -0.00473649719199801118787379007823573391974671659519963878342269084718101619379165337682359912132571558342744146028898382329125455090365085326402276815796835351378242928850132870954404
-1.10216486724979732203674683481890722769845708911161560826116056542588496444770249400876121885573625006133303219633290192086366711263064113431390427732887372559040580558020967600388 -0.00383689232957398317343935678272036479384967195950716103004780502756179660801223440987180455713667895423379394300110543930543148224740155769753863447102693876846517692228980242425886
1.10216486724979732203674683481890722769845708911161560826116056542588496444770249400876121885573625006133303219633290192086366711263064113431390427732873263687262445282060238877168 -0.00383689232957398317343935678272036479384967195950716103004780502756179660801223440987180455713667895423379394300110543930543148224740155769753863447100741775957169640621444656071781
-1.17440000369690431957819150615708439529511687509421229449812607934842880462411070437116086433448117215004746641540265067840537032070490164571804232932970881174611133268496626005111 -0.00309514537522897156905085149214480918946084651313953200432382010898367583006660041492588685752790806319992156442429448841561808700309065614899888205591352821060105936166331743335659
1.17440000369690431957819150615708439529511687509421229449812607934842880462411070437116086433448117215004746641540265067840537032070490164571804232932971401127530901200122729372708 -0.00309514537522897156905085149214480918946084651313953200432382010898367583006660041492588685752790806319992156442429448841561808700309065614899888205591419951523619751866173538187909
-1.2333726015399560438182592523060029346943813720808626758865512418046504957808521077885508972351191703527333593719866415076237041347288570155620548914014996874707970878849447618784 -0.00248455158423950834357202107571321864594717370019891848534763459139975969866809320683832051066732528168189341969462072438272171020460971525006780981818830942232021369078060062695754
1.23337260153995604381825925230600293469438137208086267588655124180465049578085210778855089723511917035273335937198664150762370413472885701556205489140149949566561367503070312691399 -0.00248455158423950834357202107571321864594717370019891848534763459139975969866809320683832051066732528168189341969462072438272171020460971525006780981818828178887764949366791213738793
-1.28200530904340413326457039321309855035705439490456558615474624489028581033684885699485374413371846564038374820981333900545061985842965786320933964296620070563734051512843181298992 -0.00198297467543442084961117098611471479630312075012945143343184329136752622451091817446700510704592572476191060943024438448526410081445015838104994696889666473534663005053336128632041
-1.40390713900750455523382249686003960317888947381509025753217154704250062135900527692791124682872750592437102983989885657109606729332720778341442025369448936491405164345543737669876e-145 0.663786134516758504440959914974822258235812279287153524783130687593481426735199197559967231260582063371007690921385584542060799218104332998211078958059472154861876898248055047976148
1.28200530904340413326457039321309855035705439490456558615474624489028581033684885699485374413371846564038374820981333900545061985842965786320933964296620071263072364442861395504015 -0.00198297467543442084961117098611471479630312075012945143343184329136752622451091817446700510704592572476191060943024438448526410081445015838104994696889666600327259522665593423827292
-1.3223685516554640396358914463455925150853856315065697954407711113246871406212245276017960023427049919668183215705735278782884542657755375561002293753884158131235950175101941082932 -0.00157202540010182350074945460126456912287277466062729084689860317863198386599407010665492897498001851191078491733443634598295647820633486604981775696500756049928673889766338615766621
-1.35599868620495249548500957690893786177869453566837824013002878061777553031025214825631876278419115542860841905590592527409201640043532472572028486532070248349103260411497477745925 -0.00123639735076733517367449127831931591348815025227612672145351479741858321260330112820033376292820082584579139352363072648866435254074979665383225972737038099347464677812861291232321
1.32236855165546403963589144634559251508538563150656979544077111132468714062122452760179600234270499196681832157057352787828845426577553755610022937538841581287566025828720185052969 -0.0015720254001018235007494546012645691228727746606272908468986031786319838659940701066549289749800185119107849173344363459829564782063348660498177569650075604398559243714763533414858
1.80921114098690222022052869628195283414145142022697879369486085555497835461019533104023288017799852099276627623985430091745536106667515518629070216782366905303812052574687608268676e-142 0.932983527390090758947113842490197847411663083367802104443319979459802939083426745704970922509887702048405945094694403119089673495208120977659137604343515719335993558429749728720444
-1.38407625807916669414282923292364683685788972926989180888152976135173105448444069170442042560792048906948229735019337905966474640760830934634622929480625300309154332125843166393031 -0.000963327845395692901001329735732557075004848502823025384554373220647962402782482445840654690123230197232352708781140276238098392482760481721211755705021215179424116514519277746931293
1.35599868620495249548500957690893786177869453566837824013002878061777553031025214825631876278419115542860841905590592527409201640043532472572028486532070248349939526957659974670078 -0.00123639735076733517367449127831931591348815025227612672145351479741858321260330112820033376292820082584579139352363072648866435254074979665383225972737038099613104724230438241950776
-7.77211573656419235404027734617602777315003269164496559557638912843186807274035102975864828343294231251873092752211415606615195917250467439575651120491842299594152807451739602652655e-141 1.16749692956347161169492118641562996580848003477882035630764469297377928812894427394065732293767806413812042255408292776233597279856437338902210615750229859314671469974601421825239
-1.40753373442214803595272036130243987878321690511357661300037315186249353003007909954405884731816300019958782451289187598743402508975093849712270296601823945097140168332862997009407 -0.000742158842667264899575071153848732602478845919475473761432856209615705897939850653820504505787887015153996798297160358215991067108662059799732771167871510801142636173723146574024956
1.38407625807916669414282923292364683685788972926989180888152976135173105448444069170442042560792048906948229735019337905966474640760830934634622929480625300309128280038419902924493 -0.00096332784539569290100132973573255707500484850282302538455437322064796240278248244584065469012323019723235270878114027623809839248276048172121175570502121517931684398365040839865121
2.86118176072851955042746796406817014347518896409709640466529403009993785716948490799718235450481823473703011928174474493127352972721066806303931509583687128320332954997185443045511e-139 1.38810712691823660397926278436807871856481754794043563710221359899167819957008079928802180026271143437397904969331473032244026276518618276324807323311972190727935066006152643441507
-1.42712488868369205220584235429144013314750832212138327249363139786220992332486688350977835834706897146535523828719095150505828108672802023576765917274996960895886124924597921122297 -0.000563978333838702718468273524626265798659682133304638525167284205538750823465852378556430664457669492107123905052361985646315790931949158653410625214276751676862800442864124889959548
1.40753373442214803595272036130243987878321690511357661300037315186249353003007909954405884731816300019958782451289187598743402508975093849712270296601823945097140887614304597767545 -0.000742158842667264899575071153848732602478845919475473761432856209615705897939850653820504505787887015153996798297160358215991067108662059799732771167871510801146343148615065319750071
-1.03463694263773084943364058973843189833288156221153618883613964677649008650979786383224576978213657359450659666464806896389587909947828165534250945819889086883748381789001032745091e-137 1.60368129861995138473386546429600458970368543921389748093982486267898995182875672534947490535997164112522863301547609173383729971291746760283787143312770040522399595812737856754648
-1.44347253116680312105733950951620010400709778624646955960654841316820093940313890841743637991537176319995185745531509636246150436563390514186197890995122192827377780183720233407778 -0.000421327248993109459978194284063005592840657909967199894610422132912640066274812274228846864774535012396176409494086810023325635281387096880606783923198665414786932692224339071417901
1.4271248886836920522058423542914401331475083221213832724936313978622099233248668835097783583470689714653552382871909515050582810867280202357676591727499696089588610834867298012163 -0.000563978333838702718468273524626265798659682133304638525167284205538750823465852378556430664457669492107123905052361985646315790931949158653410625214276751676862698338972611415206877
3.82790025134328114817275019277445313264172707596908892635590296737172518159231399992804748107368024482607791367410263204884664561121155383534500860027362781326829446627693986840909e-136 1.81919117500197502600856190614515854534022389658825455586807564216026651744524035790071271837124784594062966473144498870466555012305304404376843276200280547395906338659578621178865
-1.47687633448279555958119458226483366416481068181135992809943121984716306264665529690350845381787699156841476654728332137047957588399768368851962475614095491062299085315033554350998e-134 2.03794099103089036154501675061271359293507039243937132699313292869788100956637669140009074847989388717641973257313634349561929431327173396629793753430257090677025009063468644160355
1.44347253116680312105733950951620010400709778624646955960654841316820093940313890841743637991537176319995185745531509636246150436563390514186197890995122192827377780474207458457537 -0.000421327248993109459978194284063005592840657909967199894610422132912640066274812274228846864774535012396176409494086810023325635281387096880606783923198665414786934695626976144602774
6.01233110370377520094272223926175321043764986197614311836481731054040808846591381921344105367047597203465581247656526046668894472724330341629904820058787698746114725185618416651139e-133 2.26241845307966104428902188814418984148768861516798037522641574552441930172524801634807966814191754264615518265586751433054385082115639314826176923734137666220174687116177983724524
-2.60522240727230744261741172019996644772009497397791659499247051098159882756694485299127719454249420564193672068200687401184446685616663657193361766366925357285809737165636307681661e-131 2.49468794153009971561414435149613503046581118052947081224154368489634327108092940535522019069908027829602377279193609770222162569900266027628986319380695639968312932169302056590515
1.4571049093712755607507568428903994992923749854032012948346686830013508731033089063533160221309092846440539971103389578889999176350928644040719251679497997747545444395880954432347 -0.000307962301250746749755486494100636794610900496206461191810919468298155071850565803732573723617137924347759054448793172556918244072840778428008834733193704371804111509667046643737535
1.2103989449036645904174606827982741494071542869356443605996207757437654428143219631936940363279140043605606196628774034985690457176567659647437436717043599975537713092406076918359e-129 2.73659916454722924104375888958737247836662480125064847707134638069133573125987145284684766309821924519656903547131310519132948468352271471329421122649245726265735273834869717443073
-6.06992007909352772507507780098298419620665415864989403766317856978123143465056769362741905787898974798406843386050075416253471598860110936650253486333460337604239964223273241626893e-128 2.98991164033703655378308538261346851112223834175892983321952697444846856774851370172827140283818766016582983425132521408511501868942463637674513623478381120974534140566192984707533
1.46849102898689072137469581262746258878613942403330528012294176179238226283003128818660847554768469805052170861892880760981448829467886653148505382099031414415314940248767625338657 -0.000218679984983732580858530955915737652536995234389310132734976106645400508633890616509923729225679581704539064240151207207502289436406660782084023702063827071943716423566061459094456
3.30654326599217251282932308694692251387337073653494332136746888321582033412240388089786537686903736711888975735896725086036400672709572996655509577645846569235901171289097869654594e-126 3.25637775396734549901709621643659718909020864991867098308537727136369142049366121418655437312382263895721217409828777694529586620019322144231354420417391954525068003903872538436502
-1.96900143625262961753279668613034552550036130159518158300401851612458338328661082268401525083817251903664405912141648459318073225928793728475572397374624012519011272659293113745658e-124 3.53780482389616033583677640946994177004844753095343789438171789757970107756329555477492295051544394502978138439032230583644877522042713077434456658995868744816923781053290139724611
1.29000049351850629766679551903656540092928257973370762857720950010875126088459403264065919392282568091634087465802109572588028765397571555965482017062271986085399406893384358847623e-122 3.83610701209192364956622287228379665462685435517969676912510034110421831469111284237021745479547446873598203688996388363030890410995749527743207917122087897410971384420240833193752
-9.3605494265769260433726610538135533357627805830172521986000136000134903982808651427511861574549569004392685997538272107477482531956203540855888413095998394410437624125099094432656e-121 4.15335347615681718066083533617369748708106888812987731314980491714707632690466083922000375458798223805051729678651277571894815795761339389127615787756336679182669480735696917942919
7.57587628911022963994501370731181624576613343585293858565752757683213967203737657265691885045906715695589983583835910513993663073208961675154422820725456920708117351027705742285619e-119 4.49181705111965946682828812999216207385289541048738197365861061236141924691341571549972347083784180143031712452731084440110573260387594975977522741596219420390214105188890232245583
-6.89048330903231293480154581009709806490179009740235845229578144430311763133260327018142477714432746478568738490954610634030803102456506389445899589596145666681681475132025039257298e-117 4.85402679227127735087971686647206465544473542765965663099219165708346992575094914022398683518637666704961081529919300801230432149372476796465519140198681471714548465025766609575167
7.1006196606205292944500157676922427438521535464158931254217442833604602555467161005969046295611651257803564704591082160221479849140915391545899418101155143671537172853031814690061e-115 5.24282739774769915820999501718556448408002722365923545366978501261418868192486164248626706564649984076357165655499134947556445833193712383010180644033696180728291159557070925508034
-8.36533980977892452959411987155325498815817459824951749273072299133759422523543529206923892542260916279499608500704065226122289770653030304097572288124723519772575322818842785720242e-113 5.6614486361723801897430073954329922035705311425913793608886214229471605156109332160203360772154269307736131724757687668923744042923796772259242891331680717830132411967351465969865
1.13818653589690025187701577404562025733553622193022718231067164158744058206906481016278578009941019238215493917502826769203385182742563059178216349049550983269435566848042604080729e-110 6.11358834478292017808463070278514362014538301028951437356563999145480340392110245788156174330489175881411774208102119385479979632071625517032428340705882054158404690047951348692893
-1.80953149217105640090100100063460339156379213985336913375666508322941812997815534646732602736406371634066056161449822023255068234383515546653306345534907186566009324030870056591053e-108 6.60351332952719208865614998219059683791436106648131155125324220386759325553412530729987667204191872233153831473875805245250733118145971826985371342801012475698316828707057039021725
3.40874856997535645437768782455547662133287039708922199129285677264689034126728346050427528181765374368361971675987832799418009326268123902057436454443103305615204363693713966990869e-106 7.13618363870991647052700384091620373311771676170100638478659966362575129929260780312945092543057430630009727404721792443571368572179278471018381518926389227389967823955523301214503
-7.74083639297385019078649180119270857877708953034029352061310055112882164284677398515848578906647427048791004681704675272087354945371252418384611882105348565716016797382081037753118e-104 7.71740729632510191889780522792640498376032721709828895510106874365511669726110417994397997854235540834714972998793128604557418016732043426493803422947064208621196748799140798989862
2.16647713879154896333050541958034887288083942035787600103510647671842333612727818734917006286303932201991102919915725740022151058246814857913830186328597227865577736140869923318016e-101 8.35403483252796511426130699982915989122731407431745683953076450933773506001956450571893932013804695763621206521443503611051234324478529275996043282511007545409378291468340923735013
-7.6929259491887087679171412487611078243708540565526598924691993638676932162406194505597704063402995048306812606296624317483093386239210274600373785392151523600688857635771106659665e-99 9.05420608291992263534956528889239487561733749712711465831661355057028694158866436596620496343140098084005825557500373642761250359542620525195740614283460903441436615803726916439687
3.59781676508458134750179882078686703333919557438681221397320969257290660761808690408326780623351392178182618340977781650161924836493530921003495749113928665179693801210363079580519e-96 9.82766611328583685855292189926708578967929559282677156804710610312097829564070786129767930819860686436925998807785195399629267731734716373849678523907448695544169589766060873443374
-2.31675997997225590215537248227006842131205501885170708563424449591694626279294331505231766717064499143909983144344647755939262998451955576079143401495911158241428976727694855446874e-93 10.6861733133488156590138975137396825943538595251293226291829499485351050440941956096251593735754340050203151793161800931296071445958514452344492490281396065262319475127799826631956
2.14775107460854997875496132268000532014261887125139985943154889630794038552987852829169053768415438574229269354482451192312827833580337230569121980135117734246572708352204775195339e-90 11.6440315262645584381254150544284984881715470491064937042133264691151144331985750575419525928853667261148379381923248766876138857886939845612958878168545199640852364731317025523114
-2.96820309596161766034717297382952895353816901580505956599253054485397643433184203560605513810798791498233936101703017351043231707174507454432588288077608950018045061401833938317455e-87 12.7187908198385925999128025579524238440079635797163827951223821057740758369417183867035747783511973446850857689163620569545150982467124041517835979574369755318796277570066576501033
6.24733972862370616850274552513822799728784443679995558291728016912846825530471805026527898701919793540347899770291463621391412502138456688518759609434027212904544975111021236412122e-84 13.9321801552440763429966143870219181971726801275320597562245887065387813821548381125305257697373558591494544411481158950245616659172897728939816069645154603702899398986206271815037
-2.03305798548687186153409447976841700607677595966694756327516894210710109235515334655384614143343602835379449478942824232619020279896078865340482039488391462875104678592638078509497e-80 15.3113629311090261281235979330262954931264720376177673672243202714152697660185006765549875798813303175551179939721977052436041352337506524319744164749362259330972860924812550530418
1.04355855564311272270985612386858969242800200822062669455725931791208359165574735351395274472232293904304190489225483335688007146936731052683036474564177377624951306035609200294861e-76 16.8906482813869955798559066344618617091495593544509854962991640412931032509070776307886354257270878444481321638084670346679627042664748244657057946172952726665201670568123743284299
-8.72034595894345781868946124928397087045368020889835081033853237254371430503052524799802103435799719645119079821642785922582941640633287174345387296627265911178156063218759181092309e-73 18.7138554969141872743370071604277996585076155630181189842832050218538586143745719619293871567503943892175672885346605450232011033189480018717767092665385123132707472649404253507448
1.24129941717075663497681011773851333622421781553239822598775766896360291581958913875706452253050848047069620078048030686397702160124016803716283096469754388072315236957693559509449e-68 20.8376301846459677821993299158820999598763271074001891564800039655703751165392925544084550324201916939590944757924825638735249409463673778085885572032397346317382625935479774832238
-3.1928896394332957780534109030913124161948992463986038248879680240896305364902115880233867861628738744756950927196551436001464169646184791289551990878485076870445435912866368390355e-64 23.3361731806819103938291475357277559139015919285265105619319106824205179919604431725514551374460409421443095710223421637956295565686981664969529019397328922052358579963019504272499
1.5965392936185392191500871251845258868426502312005411913593776237550248145619507737537225273628464200812530713942313206789013022858679499026625610249961958310405211284133851270722e-59 26.308109948297044956607567989178740909239535819886398257860935207214390702448445640200159702205277807276090884007460539588543657140268385799156263371919847236810530575875705571638
-1.69533717325902116634810528980705491060892933009644064074585289558505488863273853840173543003221851690137123235932260026525121322590475534118624736373024715754409151093554346482651e-54 29.8866777306499880174738449602293888366142041864500042314340537846955075398137494644944610699493007413544411159979081437714685800411432495762817389222465879480468627868284656333443
4.25241263800533254286037108430344461180809069307832641501168913120254784974629013490357654205839769528826355865486752836995400279888219357899246629349093368901341991968365937988786e-49 34.2551875126053662849990884153478166917960095381113819862245392795035660144233570751742414526200000385054720917744290059542792783929701150317793712416388638353147404584760778949468
-2.86558807883618825952077093270705086357955172180336447967121264083136280004591563209595297101257560014399357295327725872498012728101840208290224000797530924427657181118132965739679e-43 39.6711146744717485356622272323995101463545002863356623160588947926722693302508319528183345663700775243477272577593909747293655016803882823397104970691559464950684667550861702933736
6.07143783336901711519234788631237383391415101642664925183473104062160359626236380709460662413701681133948961108059362210784376862949106962084342947832389975672620476963900732180772e-37 46.5047666906081386029915870435208196968427739300530864420769679384235469071855362997235771439327806831396033320596853503168529760400866146855671615009742052250935623415020799963518
-4.91542440289836833863642857517782752249500516032184394912511439327013072278067240802707741655688417807915422794942035102985861196683767640617245059579441411917083879447745733417662e-30 55.3034979239700028807114710877411938725268969215753189543768538337951054953807132254811371286131642334680964465249165597324157632045624071070353617156615626883165611683667236048861
1.94536051060167374253806920733641464942448513474127626486258860735553495318435650744265961137221302661095672152615862026724843970317153279585588527315503135987652461406761419615784e-22 66.9026321570319032631722184384518189125605553029867632427224363999167042534017468977257746537653967190711806775582043456936571816916038933044748355721370164030957315134433184070516
-5.17370319367941730087919335649068179071535418518376761216535637816144208925892770481443936051783046958196424947331000297436669776116670920465340304726145015126466665621973156744219e-14 82.6261008956862629799062943182141011578850690214860301828715709812909862914458707105234794759922362647982911115341641298424832871399445221285604229098766199365949998381802771875716
0.000140696353303206849650513094863670399640448107596951342722653652880254566319357704661894065830379977544239390970340020484316228510036181202202065011177083014215670669857545170891415 104.668336482940353498670424776307689011198579151857244599976782685897428012211485629786606519909558801288513971446513412933048377031716101006000439526607534812277703990906126703941
4.36422450150046358953794448332139968815271643617741803429478963974148538590054484999552186627807979244985385660265296365130257393731171040420955783051988438712348754657439731903371 115.197568995384783796152197928956490412585675698632870106402475325391047390134313682665521771301636403081780635121412029943082478681657431310568532903013075945364489411719177473841
-4.09765237288528796080609714127437958462610414594957665391348569415408163634755683941552456422476123422832545744216062923263858013309561595933909223528216718670103930944904002846796 115.191897052955405408966330143430053745446598196759221585995035862222115295181297556413605088192927748175986816694818242670902079388927346445847041865304132174876481066059592866358
-12.2925576174082760743940630241570953492858414490862512712121041444848653685922950651230738212519160127912105714105376663439800413186850950447912683497171614548777827829482188001247 115.397413358998924866544802377603379553730217510291782282964642303927057150544147337186676167737666560729068000870215722970164473425315380039351535435518239987310135414174456184182
12.5498995613334185949043988171512102597258045309168349086422245409211072403135706700526356066883399098203437280019735288724258427097223532583404754839154307038396020615102065364953 115.394024009504500042486801764917421282661909847022695897192964208984465040388700545527922686510011358190104857628472525760865613473918698058788667526220914380002427336811551258989
-20.3185652604247850635892457166412644022887311023250642443009258271532550763062327114813461043389281666318299208771104195502245429278668057907955428704154532154341247622388694945648 115.243931798202759204485353718685418833545950862584326966364145559237210217907220551726445475695356738418932935924726584562860160491336715976048512379572758158025577011154124117956
20.5743101305874664869247909437754666942297500438774549737481490930587584545979086478507850671886372003019931582335598525903090575318314144665488077286660226885926219939199072336609 115.222179113098115874796991053258376277251437961199699330296730699779166958425144591424685327979667608260815824151410299690704381226378406619101509954691825018187144828147737555828
-28.3123429617752136039114484687918306289304041022781468301561787750632378109071708292925138706313458445851225836547629137530828281529271443739078430020311551753338418504321301363936 114.58201557295568270643934875488203840312333443568040861302699101034690988116016942261558546944493405098348573635623566748232335915335631984259999551554581400827937844651779728773
28.5674487104043506422759391849578400130096796771117352787351049466631414833875781253753824036771879111584963223685091290602788475086247100342744063564935017984061009619095633324629 114.539833616681340213954645537660726717050542335382559993721315919589237290531877139046640950525110879604137189235810762599325141933683224697289715014689827381097126382354309608408
-36.2728239426352748945641062871685230962408204823652983790883659414265620566719654868741813410269257235117912061443302495425681990525673301677438848291547180495750531912311352550659 113.375542076634879208489599514138738121645186210297915311136464508269963931956551258199535975379663647916115889218679846085033269837100522204502021369802805659172664883754608593765
36.5261729155193462520220090533505273824742669271907362379543257753537963227961385290967767628007010415755706713987803030857131815517217804929068525700010991092935126113133244990733 113.31239768963905137527840129203367233731403372555212575236843375007708920340376072133913082746354820749942999441731408753781635583846418934670717875003224299002960312854707200396
44.4164955118897168518854309728814898120826280728578231730801837590753452156486150973496709891710910731363558628940203691528577785588485862633060846294644212775559252872944278087902 111.532697350353403206806573865594371295823401464964769959412664671459838390298882549299086559385144477310127267347772847919120037428746444923250241222670694921265558480157538259551
-44.1663795283258094873794148146663372093002253435120099504316591383753502722504960167917119378075004915476687357622402725528560296737059536026617987474911544125475520985660066888173 111.616822793228229673675641493702761508869580779330484748197223942909336017215837428875473426876394917433754820354413256839018539997007112372127286403941475146335908201930466504369
52.1998031328345963212513976397301168739774892864772933347480127134259078908719909980873933027464278503889383053143437204941022552824508186824889570618779042502062703649452197322229 109.203201159859353851141252695855982872509230710242602908662849272784578750729953705018877460986550102818819078104302057632862775990570789054704250281647394435830105125127242495378
-51.9544261061267064109801266788507547615648196773986258233517168724659443711106638128117685136134368746871033857968753863657383505415864313065545965763339024412696361611778467013108 109.308112802434265548834802281294070721967840763303911951298466655947019998712978141510653310425273840509080933416994569321070048976073021414027554565205905299788578833076344498279
59.8374433627170837894621732202786037970800477064212727993677035486691115096217803984784056483959470672572497571578984427071025610723760194254919920613159046796426215741242898617871 106.330838502946514818887418262840702146296456842511250187770523733924363039462298308724779914068629529456494471698920698950503474024487353042178647883029749332773931118358447100576
67.2913998371349846807554556567423066139998357519411835767552167285607458363665585271993484450558531734697969099278727464511308365201115936023785177759027080115426060727118796242921 102.925609705785034032060084921940560365315517785545331175859742485944155160013310622973196492889219946712779910503688647857964139650066702893970149930423533774450066155347816137871
-59.5982911893087919841831525972279845239617594502177826163467165496135163287282026143191326072556635642099689054335439661348266964178439769250133483721459627568284526128094896067234 106.456212733106966594955509562932056565763493263846711379821162571886197370075823165212155409663253440240381157376265464423371011442474187545794998352059772093854770884802858446883
-67.059929834778599692766397903058793077601714987468411284571787415678412505995562444855663348850319451550767922262867438004496073608647194808837167130416187306895351489570248175636 103.07101578018668230895211676891530238292824678896257990389007480488678198768535540174335163296916993923166823697775026565016445675281616966122536179698178083173343222362122894358
-74.3020933456581330724700920843277960297638831480171794553524948088260589650759340852691325621926475241319542640305958257227238673488797623022607643602866841728484847921400225204904 99.1651366602175456413308279374246007149287556760322286707104845596061669510468489742637223133542769873529664984238515995535886427235160084708464898184635149965815451321660879944436
-81.2884782273061366529170651494586580021464428486543578198180234573277815238018497664369502097028219622667614798426954764660680537471825277261896082015488104132779569816216948941912 94.7537918571005461983966340613636823981814512306178621167999930767073201699551997697506386284093485640675501401298759753000594075051129484976960988908442017286681419545309470932362
-87.9838927781596484350137893932591469787157239579768088557932665050416143583779480663516631542259235524539726052876128289170262510432400323102968334091217638767152360963034830563 89.8547216034502645249987460882229406677096243556727269337795025165079507483974905803313976186068470410739551773321961132528446127578262082627613355591854448545273005312452248666584
-94.3544287249624635254366993485348283550787144699828656875812586627625998135954557154843012649302966373546352424701365952195511808043618463861770907491739002416868457139446958896029 84.4881080045373357026638042934427544291896144212508517682242826473050790559473369882979490826541517050472987333599460658969732906849431203772871719362009007198839885405987129066531
-100.367629873440428937491982629592307599064148448012630773811473775740379143670878097740152930263396691232727135403989611005435873267054532996672627323235476936813022751908416849296 78.6764815469491164856975443413999562225901710508198319524314989681411452205844845562295427552020258341339309190754027917381152798326833505151822075549295996797076557992935597458305
74.5244578833492019080824818448027761821194507423838256709646016986110699593626025483270560431548197567601721655845155303476164558800253513211005387330822617779226622897332187653081 99.0002305984013901363352554668636253995726311093207630163837999920194203517568472094201776695351189766480438912311545177325157935258591763014718224533215958912138074092744253417802
81.5003542498768757056094719148656546464530380300369311821251781924068383820126825386789090373260273215094731325643611733757898039224337367102314535159036896668305249407312623439497 94.570015764575970074499934832525309475259902407481405203533879483028552633982712994643446310232265391839757604121765086675943339214435940792988966580136275993043121847174450036584
-105.992654514265381651835874409618103612364798684477664630055473450641801830787533374507417697745808977763531232707968584111657159291303214889614067692147686686862359190383739464013 72.4446155939579495049312307017172556571363188851068785420309114413636592357084672409667606956323203010468164847962400949882744633588473038070455295299310141075819206093983180393312
-111.200430161749314379978320539654284842024301442437617308939240362529475150763485902869645015626703989344102557875224870751779667806621010986402143078610070684645197721304468910499 65.8194095116155599768648856879573232924619136809419591010163403203416338396524335671255158843293016456505727138589652595840408169567572626016595133998854248479641695628385894864212
88.1839440669639296234741780377012966144512837939917130918898056603361785763448414896214878495380151408248059626579922713857851445569442349210085635959153334573719959882240080497053 89.6528006416785122711202957763071336030409372898096762362039870966777165244486621764922793524454029513057341138782129162569893918515311934588975501754165786333001536820573507825203
-115.963799741401771429655954463571929654040933253549693154782701289610714590840957917691602126598237205416582505174555838291650672485807950612068880945114204380629206868540100755686 58.829761108345014568390195156978723593137635051774527960298369802303270855174336203923517090802079352385911220251576157646542686081102533194830068353786765262557406084044858409098
-120.257658488402333101916020238725759900885862422711402478973042963314325068290027600606460266328884922864625284289197656468613599084926063244868740052000421093603819587816930750803 51.5064290522154061614968580374797092845044777704011724807217696613331984585116672723955951538276684214703815016126203616024183906246188766406889609127881509191030820622425191141492
-124.059080876457203097596838344136802059140935449185470099565775668835776192006326170018026443271095491773774882660438715304960410948865100253566591358119701117347344515774797695897 43.8818859493521203986415470647957932389378802745574380244525221866148772107285491935589288344549567250367995265207765100964944076419972906678090609643733442848388721218998123351096
-127.347436943341567088855235678622249305349797725191819740137447384759024658962599645530578892447210739989303580861940770132253558346236994715206559994508047666355327880040094096424 35.9901628050957572887255541382949541739021649986982951481371233139293814865965572138858707451224968297417504686654754506386285121692281407890883978431168697311355203666658089543747
-130.104497429893400613179341930493408728803483646557889856992034960569260032688862259686770212403290675365542855630420725774274096553558074717803768541946872360921518156513141444836 27.8666856312087973930826414042823270670296820448580963487727240552991208503786481316218455105397983726035394223510329414951288404361737919683773947415587208093311719955725708408586
-132.314527203936407439708604767069217093246470808767644948104650949488265294013035001245306693981606010239672752128277295885530530365365891939678890061011913757648357490378490704427 19.5481050018504385170534473155084099628164116487503757369304370094321006058256930786555295507466078805379559346846442055249086351834089165824035927425998013254776298511222704515608
94.5413724459067905620150499205802903117516837662121280497560664481427364098144211803018121750285646682026817952406627475785775508038265279037015384185347392371642993593696165326418 84.2688592246657658891039134418341274832929793818654217942143851432137644523395355236072703343493928854977162034046399069820133199366117999628774684293997750098112887758635514498184
-133.964366498559351759855196368954784451176210622486092765744909574536021996649178758894612552116543642161505378896937056805853791616102832170903636857080407631643545775094736021196 11.0721193966019778871494588402969355424102302148665666825376999039185612970199811328867803946546399411631125201111403876255147940707386110631649572709442051842455805841954907931674
-135.043499554653590311167080893519967217017530097522007525174166323121511097229318195175088386797641471797015902265809545133663949538760278768983855036922056309610323899226254686357 2.47729320016267759667072481067543027583953549286593728526009870846473285671502547847180503745353720133822334347993125322893067900620194556040404221897457568379088170332118555574779
-135.54411032016902873848432430877662947567019903137453913307703643899968933267483498185030356622124478960289862145149460418039976636878029776505577829216776216361439268113906786257 -6.19712974467171859556978200320940808828772571864389644239394671493656683202193860351567150306359325185219109123560716562096169777956965985626778327387330262262885693588244791538362
100.540242921643362133323429855556416563539614448193906300531623877392707942590474930934124945667153855954729559574666691870869665110715925579868587526789190965899061009218731763378 78.4408100998476980779543773898453341069579337763871293373795405990675460739812529301119289155699254309310300056121646668817921622456503058722100024869914912909019325361580474558466
-135.461124922848165577519581813015509906658815314010633655353427226607796556901376451373501412677082311445427545163666466603074002629072688317193363151596495810924183749195831383949 -14.9114161115902479634327961641823194080292559789734140228618496723114297135473996443500444640753746624768571045237301969401977693795690300847399897129932150925818259228499091950355
-134.792240698912754729503339107740334683288588770319643283484959616932070189309015152394289861134876212552721220166041357909887938500633575157981560274987326238097862366305592938055 -23.6255356557541337028390633726827848475594735406163448981694406099315050677197147531097918409424801388089254970738724738747276992762835056006218171516525731087714121867318327810733
-133.537941626977429619393876879671755877223159378900396636761178256501392574271975212859498952164073032815427982679431452762763248767241627005355210856461824666856186450192501044747 -32.2993554186815350972814230913629722717719855211200650769536625015366203997149150849076964506596252257114062287258769412322755646256301845624483294123708392867316751585113401631987
-131.701500084012421435892951377001920680380887421116218951479791269379790263824478550720508491773245982137544628087715212121754835414339188990795969651870536194831971707954896165974 -40.8928346138787604406975109425496881838422056806604673897809175872485849981000145897630231413919753807762126742492272672809201253206855948721308773976088076337368669834479691863222
-129.288964908132571039965469226075324541124723921618992505684064147207554677022060726969238710667081258394019505343150669795066505691398047448737144161256962908624742544504680866003 -49.3662192301874661698155650287414273826180021646968162086249590089616222921945832800388919362221995644530792291944658097971031987846529954950195111216087579223636811758801250931157
106.149779581115780882119499873676140401124892300609853257215169880207285910670745684588321057500562627092938764670461570714841147581078140436489202817117809038427267510852305304697 72.1935104868074304682842017722896035318662814508935786424887666950354188787524496513491265336839250584340358403764425445270512548384689630699822903833598924056398422767735962001672
-126.309135821010420890880449486597035994529562591031360500801718358154165691008236882167831832921279440649942025469234859783941066819156655063913966822764818150481708678128594457084 -57.6802353907259309770951727154112105213837142744232904120763607494185289130689262838293138897972114992145518723088299432995650951745142257689963540339600924388032525715586457391376
-122.773524330456519950384717053427823843772372810138362905288534286846929035879045936941366295061756333359791559554021937007059645828568143051161357448482205797739667614322007891575 -65.7962805110008251452675802906584998330709920316081977339837722497733945675660508956341720828743450327111713371239977473610385448699012827093071462531773769730238402412459747849707
-118.696301300842110778553406504624866007411626390729240765875100821764268396089919497003162049297060359858187754815592006975607790800813191738559694584901175301141756072085934253392 -73.6766113102313881496686679621219764427611554048987087421277554617793821307933096234711231754254090693982341280750571744007188176668627094096877424365251625595140235394078052016424
-114.094231445224244579622180348029558636936252923084762586010259617679283175471836920471668824312565996226477555745267533814056580790090803305944645808086096263563808727289931037748 -81.2845277451137077066139989379207343467876334097766912207055692544120603986969657145595949971170694455654339154175114560941595805283529733030464108036104829879641547956479988314666
-108.986595057942919655465850876807468433710161587073257120921744452184888148741409313387606967571851556784359347699850620112557432852194329784814991266193305610575883520401039298144 -88.5845519550877945275589840009393782043686825530333001473314441090319506162909009544383075052976627274499945620450349074205339945286934048603279568001240416731140826911224731863369
-103.395097369772996235806332057504394592017093044118392418941317359068789045737647345801797341434651848752092776183063831462443612521816208482303812268044844201596747962611191979464 -95.5426013325593557510715325468361896576955535652625162950214582116755656629917730325036557460362162339496318465698831399256853903091233152803232139933324173155556225080013889803985
-97.3437659691178294626604878007253453865512786407500283356031735880622597801031956786645479237362930601027887899173968932801643184229536456662242332331923366575389175242547907969881 -102.126154860353049721809724587231713447918405817312793279147156986576399023331567715697860288931290886874475000387292589781285043633307959146327699225538057821240858995699394615053
111.340981486585994375758991796661925263315515251197236671441220771601222289975261557958117359696373500405547161221038388961749965142407075510919716052262249376429475564574644071073 65.5539389378245721946019316698285007782548666461303662974448719161207072455271378875780180459743442050592865740506963350060528413234170286854741120085803983921590328663258401577817
-90.8588367919240546853545629850244944378032840629223751584627947258771567536632171929904065974232244689637407965845352325566846229277871620248843482056175943166267831640350871897125 -108.304411891793090038830360350090168266629352758561770563389892680064287839845000315105166993175062695428688496632895636820699996819750144521480544375278189111096207412782701040865
-83.9686292396862126244997491416459787532603451390524582803263877500576955462179936716880199950344123597275410597925956638777566733529129175934542132988222890340726418607345068501396 -114.048442586056713448850519117613401354526139693938336765768593550221310090159699912586756729070932980421273075700670524622786426586948955134536762470632859213502037570573546568814
-76.7034110388168716877506119616980107088119265854910848421277622438440235471848591805423076853381297062786228114990416234050124568268131558253830535410142219796153717402110000539174 -119.331329252641298606542634495179181568444950954810479843944120000672556009022112746440471357622477426574806400902185829125618794130900660003165222416346188898946608269875767880366
-69.0952535055173279653382247283063577822935624066100699033316551966457191626480410097990947704440059048903732033698039316147153438137637335130338379221635670701348966613834928952703 -124.12829790372160013885925193944604935203292493913056469652445361668105529559964933595458294816343173762665771239441148179555506632973012168915498354000292612048402148208723459539
-61.1778779278456054135366177937455669699392443466425917604066623978531876209214816959166761779047546540825291920011838190678459885836827379478893591960531168462228611553136480082542 -128.416839361625247489830185148021190372954478832665437416456184262624965276755729639092863212246525349070419018761998356603695534105411460183058636759350424839006638900012206740577
116.086768518446726018646874694987255022904001853973236671375962987860024027665868584801073663879235479676967523357105187929705792619036855960989410932861812394615350083768051083304 58.5510673762492664565473811527722695510244750385015889569401991472521025722740734291287422854705588134924785886881513394749965779745929998346324547951927474720494757774467766151707
-52.9864938207083284178783409014489713505842529481911882144145702358816783466956014651266186021898716020301453691071007362744000399241789219989840534837629357187503745368555278389706 -132.176819320379974358015289729383481525639213806611196983060620829427508047638410726012205764615651587570183235771822564503702245619000388399958527785825336038150166912277910720252
-44.5576298497844406129185202183370956336156479019113899333844452044882399172594404903331752544904229169595915838233765859919169882011362533693803755114183261318977495188104968072628 -135.390576815025912995285047697987352335843260288282208548104182115047840573838546756576761486721345106145688711365423842806177756643524118807571352104507520987498421968464396053252
-35.9289582567234512242351961149375665504122270407510979023714945651479193346269423849653447346583101771223450139507557834559798969919761172514403846674728755442390015493993016960463 -138.0430106098662740188010082594070935422847426808711249115372453532799531880797109014656883155435493473027718931511212340418082514926851361529221946920098600087103260654358301537
120.362117902251852930950711466888777938877191349150176911476290307877952794110701563274666083352515749493632717197134339944772670068709566427022305926895561772910908372476940775659 51.2157231382507184274307635297679807942955423611057469386428573394778616005661551533854376540986133784699571218306440576557747847370631054229270983872419182739714168204568551571224
-27.1391136501700315852257221306406133947222189987255166425450706670131744755187140153596198924172656607729075974499525773674011711441871773627020330655986080924005741793514180224177 -140.121653076761462775616158774538540954730237396897403453633392827277088117038334964722232558778436925542219005207279887549874526547578138832182685212689943276233099133559807315257
-18.2275070550917306173565584902382406618145419086511672652150679735551755650468149787292485767727814644885969294771232933747083675493374738426219515667982146440317057308004702714666 -141.616731196654324153044525619857093189785689983299036204358878673422608452635741907802890745986989859962312687172409982547875619950949618972501065687985581956441896405877458432303
-9.23413613638970764243251447325693275078528256646558926657237115810801907848240839469680031501537669094902241365525964701050282452794234534424622167975456231329853586687101598768546 -142.521214381436008459855905584255656535921730549354201397994993791590431982595584761930009809187657009243417558624479048063321788881315482363967650453303517918795597386047546455132
-0.199392531737741795235088460700769972270785936403659877308192307449070830422081993355562408451485139623035969458161622336748122543442233681428883961434941736235047796333311387824516 -142.830848878701845588734617560799928661229931951383230778317343256697150866206224287984677536093105128744051757393615517540952385050745417285779214933396028478385623365619683373581
124.1441907412111760985893160430599870857867822143109313362690433630259493589092279939818652345398125416511927640873607251224062699554054594059957926597350538791604192199191569003 43.5804417027213565930996392459938589172585109369970841698646575112661893494006975464647336659967381542589801960272426580074380865090027551203332342628903710934501100177716125305275
8.83613275707135581451834221645871024777286595976345208322177353815459079364575227715224912547185658986918390499969134851561914052857334892086134766157556867370557593461550480708736 -142.544178588575876807017056491215781086046586669787440928468170883281611849860792083864228564575031807113039602072522997415777026826959990062457352430646144564765321349845412990563
17.8318449553614707464944282789348992277416799413493132041452119280858253675774005794423213922582762039475749614969630026418336662128933171083972626932252059120622219231617910657515 -141.662552189266637116799443025655780668927071116569472278624333993325030888612475411333696328669659610839839598188864449704155869885647357005778789422594101144775161045723720780925
26.7473411255998077520406038939679856162552394914347277171754085060004747174252023599041310202542094966940358931619370970871970133630444144692201960378232687360905612429961237962639 -140.190116536016495084889168073983324293883090239858205760815045003462270433825479327083666755740315531900427542287753800593230190337070354075995784422263219240766532200481889334447
35.5426048323176151046704444033827392045283453468869332177857940509495066467616020475257579807130665375789351261896996972629214263873646038887942515196398441011589872213616107535228 -138.133796366280961018609038258911668714098614146433851913876427005824449006091904897084105301867215456536641042992232703310430604849620257025076659050090905864549117333263232945748
127.412447922316715064220444151291421390764160312994640285309646684794962274985833967021087384691226506423930606637196086695758584999999708354829320772283903403579388269497530466027 35.6793108325815013416044979166998315154931276022555106054113121916337948446723889039149816527322686689604375839060644953139550788915519026447349960391672779950064878655239560971011
44.1781989026991671963581154229980448463028565531067821996990919218980282706578407253287889893820201521944177378316669594878612650137635525778005886486820785372573367713346946041111 -135.503260411980780666955961711620666030754123119564110334931191052328969861750863757882571555760944208459762588114871773476945776964165394826148793683059698302135288225972672893407
52.6154553330383374121823283288884040843728514828056304899851021101600250910858126691224376961836017544225475112655824326282678981671369442371054262561450193115026689767721574157546 -132.31087408716729835584577022478196651978497795697536494018798647431215296922498322098136821228819703921205334692409880744504659401105420907509096791332167950653917822226730421481
60.8166614053957632959870495234738514364310267941066123802815646828929442509415865083035295171380351838510072202226719443154109613837031078844878979047633745893915109014402744282174 -128.571638986092234967035243521190836970118248280283289133192594046789467685584827307019377495444762826378278302177545171084251881507843003312214389389858439822830444146272502611891
130.148754814911558028049447103198558204222610999757773881037602902741542947996460617231847862772688179165049148864599946881653009781905911280274435879816702143256858506589646942354 27.5478068923866778421701043209443740714790869225683674904013490291841217197698110296239853842575888385513924140275934534573878506580365465444671994333521120950099582991895099521498
68.7452410975627343227933143525286079109575219041374523305313602014855429052159249863695690554954532128050672052038740036363953888262005661002401834158359207976408554328089184297963 -124.303119492142889216034390159273334927074515157028455876655971382221084715384342474400257056587732050605737520140547519717981879550787310481189715749196706072699823628717829959857
76.3659308927584622785897893493163240211900563421797204360277299590381740705859575036204291853541737432408409778188555199688723481954303493301251226236801933543863463388587700184331 -119.52535686206516781207316095898311727287216252071395455609284564833873249167726371630087085451615506137749199320179563557362379102871143480414438619181173418974968514211382152706
83.6449491232406570529290712123648770742362236930362757052841092512297927873994137356473774580246262011532771380500604578678168237328556388395905010270444474700655547079524389872641 -114.260771212029844924511770701412838134643363761048561525371504729213949801470447959328202114291851923698661111723964265084916862603410493637395346838458910778336088299845663823693
90.550158014058587233116621420093133612571537315036194199834235879883699653736744670245306978088347685137313903000902345362584027842128138697089923027312191513048407819907725505366 -108.534051892091394026164957871854179991869276844090049076731799330358088247272250628766140289527844157061559152805016514738883540930199413164561466690021229003348562073330520962244
97.051217629364916866031905939163490960267694897169171810072423097076279635746009653119216403307858783358109351615833273255581129988769834136884262019462383034143512202699008898932 -102.372036793143768141900918559401587555958128770600591249310719210569738365454724673235279381147039130691590404031709600114009288516196719332831133858431580095995903038660749675112
132.337474235360509266614149875633976648879535242754448195364591052175314183446984689139169097763501686119504365358320212846516528671970046333461863700158628611295988177209193102663 19.2226241464339379073891573411530893358952524833610563671093599601266083714304372534698036547945617830045340393191510787168668037991176223815976542775016007821488250522474686968763
103.11973096384884046749597040877024284770632676656773626557739975148103822776635142475966302907404350031573117544353008510678780411709767378971197735572154613247054802994410440659 -95.803581185306021258532041056154222390701653590008477018220268799158039353734898580233312902859924738739703428055422526054762772120372949104076082259214504670171746676399883693375
108.729379465759975041085314169750433426864900474895252535862412988682270846915829421615674374721731975408898378099517652009756250255918571305268577912702213045144190602870566541681 -88.8594167384987217692607398147740486283613512508313660234799186182251466745778816986264970401683071025565780570773105338448894776884605880051861075715068992812774177120066665486468
133.965547209530665790547065868087552628910160190944196157174301816727439488424597521939367441653325925984346317959378611206258892402363306014705512067353618914291053858969006387557 10.7414978769745537080911696825015091029309213762889063754898057609551216106327617780976711444500183839143192139952758921789539799102157424987998793561154324228441963278621691636995
113.856048325443053744311015711463240650202965232079347556114538101079391616975774920340878202570877260669261271387812987171618600316636126144387189160008267406201997556234159507821 -81.5720014245407988292483043410577387232030829613237937995067331836512229835192981285161548251941858194326437464051985132191177511795720010400246499356993177127485711879998943241649
135.02256112534147557342295587926241134665364331788978533420331808924255079142751434606556347493773412040913511166073157330230412898874695795400192922612621794289012720499905372142 2.14302219331919434239580907249950089397981291262793263864543472756473717048593334060861921954122507364174690537229002843053497247324213735131002843820629560230518749409733692328889
118.477940914063127333106468679451080613880079801350865745402674273176649379002186136209827039696123723834793904858966116919772991072753234413282571173678880933580609315936438219225 -73.9753610451632302892765668373230365714927550075377801533907553548477599783518689041645347612807639419608075747773851927574148300734831050819766659738828005021374582976290789271443
135.500804930263267080881254046076088148034026627531712480196103274035668570179631662860969965683469193865387153364473100258082503713944399170009755259114200937608230407841083125771 -6.5335365705515768349363539365514296331016658691459262941008483735809196889816734997350575609736361556097783400471564373643970774743071828543694190141596402964217360122877369617788
135.395311092989993308266257104476067218557303207234755677519203966787294741361769835443768841048425280705273067711426616421652386420781970709621173007715240951837827006711642630771 -15.2484299498861388778365876649843930056812669145852829666864209674842857453632038037886779297341976290965759975221701490918439975712729081238590365400607801031552306746429523986111
122.57568181101883143122471655885292815815773864370366661897097664255945121103778818040493631056214586811796867539971534937965589084676637969433533490501770496186405602878885309578 -66.1049231716758989363977858331369400212275627443712177976260271244075746563872906105057162815767189356447145667645157298768385757598098067365315923852725198043668796287689659973783
134.703884114261227127396241663532642478019324245865149213519123401408218845456941799530263744957478185728667793314381146443657082120468177865709365686573335203615684770444813167641 -23.961619996768922352544713235832519086039005941473585114357115884079975774553031007834336852813634513297403200941899554227212805000687466294012425988034776527999072280687215071308
133.427115438630453345014601634467235589377601056462421193605432404486352812229898222270806122256995412309738016170733358200471608228071447750627953864767798198990386510172687133484 -32.6329735304667783380925232782621287196146482690154313535801198474341839066404227478327913999530829285930662775980359227823713447621263770260507370609625047830958573330372270656596
126.13240791515138844876563770588483878997480581059426808249753470458265244639072041679543480245030558693409011422542047116615801037078381259989838753854238978346265967343966190886 -57.997344319430921840756066126368653339874187072742078601012365811903577733908569801740109048502673741305158123667585418005688789619852155511837898484397967699241332786825415653676
131.568384686535207310559490749543115906418962259586956335164550439781126310195317221737503821624441646178661392236849530086731509898156715960913173610340914427056540577732650398245 -41.2224570310965434235763249505645145413690940511490800275230328888241069924390667821782611169800590573335715875328099066639882189024557999821238533941200910019413584555704520242991
129.133847193979712940984493220787925819935342348892211187323185523069503453524081652206926158101847678107307670482121309221944526282225671009620517670325943303268849326402914449556 -49.6903312135136796498460287791787097484048194879672458765199302850109450301658275396452128895717370359171889175483982940879196931383669235419208342004079090310729072880544838305715
1.47810117255448824165849570297558481198747045013555576179415032540977068516187467441319124105905644993003631050978948753350346391172428779859486622069582116464713116607874021796969 -0.000149307900201088521651203546029369369886796033498743850213991754239669455369111537500169003198441010981891435788091632190878681305905946956635951288612113587423966503022200495593986
1.48532463209657320953887131635232625706723994219192907229632372425811016515999911500026826213572480096114572008962057130054721958201988262807865875989965707830890890907444094725787 -2.53897532070885541090556231417299321674906770057817175861690843788282183933770071983831755028822517117227133487883490076937856445508291251586353839871233365154014678900907890652479e-26
1.48669201415008405535889600164390255778847367981706704460380196233134413795399194313511434275585807870981257589693891966525442467737004122364351318824999988196509423235000785579278 -9.89553628338297729357341632128974664879803339296226403885894615240732052366925480268521403360917818902688826215051780891813234421228481154992185741541938943232226740936337157243941e-05
1.4876475623179499458258497987181535394136566677330878817835712520813862108851681913512642034686566769989691236275796916296202135792992251566382747964769859662195397446527408737132 -7.92583904015458763717914880402074519654948967650320048481121759114583734181184970155893607873729418645440171507444363590346650849869972295673650452354099433282841367192119199186174e-26
1.49078382000095479280791893593129783040624265752440750095080984779422806463193510568084754278735543239915460832130622610488985614947325400157488150208526879512500482748393285700666 -0.00289390270073438421128852299831583516294952083715129579656349550465173821368682692650690364921245082296067822430199476190605523704888692691749200361445157682220608025375645700049849
1.49136023860035525748571107754768158282709261687939727414270637142805825381276136944159004383571972495873982046557016397289593503081201483021079696116169208626125770773905867386538 -0.00403690140923820275196683137198457086756225590003184329726523024001585207518504509200838015053244475455437588177902511371349430125917208394093793941789810169917803606424261780421608
1.49208852009986555948135472558769125120050375047441004115955338203711158917341644170980945729590379022434275300565844528600305201199693039452568914549142951632958495162893613307052 -0.0050284549375860774499513421181423556939076959128283302724224048650973796323331049373714431200090105996763481044656027889030278795185722473844435956317622310559341576778736259339231
1.49038786142894410193172257309722833198566176565087548489977029195810351700570584984662633726996462455831587118048689517019567049667534665452010135915900734334581733614969568824766 -0.00162961988642875246261179195501824902903384510580056131938150593225452654911307745474808378659844011643446067411080808819730668791308102208470844515451470512292667977150106741746806
1.49294605297690091420246791838544989667692629335877499800656859116798671360898481858304724155401818063504134210163615451115137838893012964681248003670992657983468382037079258657505 -0.00584471827960221381930720160669486796503810237326883201731814528357675678772710800411414654710440369863768809678764601994462717414525624825666149386939091881125300586523908797868431
1.49021519880738681443259442606108163421847833506500430888624179657775110426711115013922208765549164490708740432667551075906971262794476904069080072044450608642099013027908567668907 -0.000278873512937898715015307165923443197952719140146835530358974278551978197773217150341063789024077018541014013953081604408151458990205765481027549715005895404439257075242097509056043
1.49390244553665290712645043119721836663769155071919281664801742844947690578394270745235229100619262484468050670684385080991856905073185175823160674412051234026306144741760725365537 -0.00648154542108555276096895800331012471088206479062928324092158099810033838547612759124982126355793203728029154936186144532812075698761061440382319845428953109290919709861192556042256
1.49030415069216047605982448878275041123322483169687405831103790897951890831584793170468568690879624514379259841711542974209227440174169835047422365482250798431036013675103752824674 0.00108381342192289008079429396934361257528866895541988923365704682797488753887789239878045818958717433402315864963503096850145517532360061970910517925150308645468894975551615491405072
1.49490960237581704662519812597679474505876220248281949075161457078315400934088107470587629701964444815138500165548085221847776191884307582830383856354780098957867269028344985565184 -0.00694287089770147952759494456734178404149121482398827401341671764104025929619558324152382179879747291084640316390030798731125017492137464507977426106410087790731931929534721105280161
1.4906280324054366447727336508376703119433621550677673402699969763102909736487235486071136572855568977519770630818323030729530272272669318983351446443783703171973781568793567344877 0.00237345668776167257784467223721568581643685613227883343833452033039467939116316156048227777023817275228530363288833376649094631822355875188755931577840904757020966652520325193671854
1.49113881448074373268762647660701811829289719009477852703125371981059306461922654054911349767555445911594931848569443644723194899097789904226427362983877560980524127437650688126382 0.00355087594708426820265278377774246219049794857603600875455526985842613955066352098866061959435107953210985018825333304555221171335055053922268162058148240237258368714875366478905724
1.49591977028169608651679294418787612606500942540357676680316854836410971720294098857340495564035455092122976966308822045473821140792422912110216150026533312172015546342950718330011 -0.00722637436615504570672057855943174881155170415230747619794088450417664967353022479132798570651918257166154851266941507437662159101855043617344770059228266111506131664619829288818987
1.48946856280542237663958173976393928387132747441049342238515246489313013846740939854528949053788846327616082900002360782050540512382261281148937246964111591364928209066168795552784 -1.48026955924565522136018929522715541774030030782145100782499631389842466032075710948465459729296238916633300423260909327884421941624822945274220526139664625540826162580137484793359e-25
1.49180432958688122816120360916713920136337641063977364741922175538731256339165839458637509968779983875269677080478749775972991480956705963802168435761258715704821658127686599261816 0.00458918078312344400352933190431091458805205996447024638459391887591633098504392738269676555128670143076760949902023333004262289823129318369237062586913574417402433013036011490889542
1.49690475346278789339755087901928469123694872239586159150165866076742857869075816494849765486514542517385903162396443409692638813704675095981913527581666430053495385135789195460997 -0.00733632003363406604575723819408754979281559033363984047703731770369297347516345516543007040480997893987495873316983335528763377572344083107005777935203155522421080687625080216684362
1.49260127642198413695926140582914913126317495981787041840720348240828237095421112229528952211515036328753600613135292193157140947563301011781294774983218249600598752896791925448218 0.00546264904359921895309015030088221340142185857548675819746836317865471353474823839270866582867761517544690388245509008346336548650045814764142253921468814031459511295251591989179751
1.49784124737183892598043256756269506300306049609840468617437016877180512113701058840648187459639061392655847886137236303691271521884983230498416464595252191335717570331587871651894 -0.00729802505719356013664682633256944941398329491444216933151689519108688368462186027117348791702725776346120054042874155164334881226169134072436818753567744927336890216768940278566817
1.49350596296958056080541816503151304113996856382773571847387912539832365986348183617049561162794115283144424854443096887405208051560496843610215543617582374816842573067621349587041 0.00616133342228510552391067343011513491704282878565947815409497158370517084584022135366707879498084515727803838194024332303667778224394027945021992669517032752499776845396127388810933
1.498700698626754500755626209589048756060878470663157875977764970963556185299219092706113454546251799778916306738370645802883544858400869135444346506102531381752884731391957744387 -0.00713405685559983466632246518733376231843892286264095823454226199410990923150323380222314057831312037050566252548282349896263083890291056417293120172854094550354717176666239180261106
1.49447897200951661541195816948945548235679433361326986264259315221880684606436076109105890278962120230352631595109536903163013260176423565168187780582937226153856418763075761660957 0.00668999062576491065209161354213984652204187691538985900837912970611739706290185098169473787305289891273509134600627847078925450161737561084803585475738084063332528775482465667871747
1.4994733838803954610296203009866157332614392974810040845403425871056364156277624259840699200890561686752221184272779564087396791526438804631165638328244406776804553477845157275184 -0.00686362095124076012348471744889557040679375072191861547497320133101458899852970794329738702348673150394865066771193662464789250176604754745695232719917970526886555164137782672609885
1.49547176892405953845820572284950834345206075783201735121078141921752664634448128650588748213669828507984574466089579166144002166085555561366848068861078921754778388535535742710808 0.00704922480639913090388980896989805168810831973020309895198375187421635269478542839994482554383150167700477438998734711403349969080866529693889010519024291714766834757003218941941429
1.49092034378350308551136573333467056408313102316278642590623890785849553943217253766023434943041921138393169304014515296005053040258300425880491296492858172686848851866974603023423 -2.16685254381949957083250959183950871139094865618632676882042456799497868727241535404406008354924060553323017092456154532640524041662407638581354887484634995625797038787476643445069e-25
1.50015034598334880989536850999253661369271866882551790904351802620072962588688956428191570555940040690875416836868449728699741899303725297540959366640390794676007272804944307484816 -0.00651763069955179919946011481833497699944300724054108868134984718263017945186454379616759556831380787064308122023873396895601396942916252669006013808231391164126150219101310527980865
1.49645036665293370100397151772948380922969555587921444526817861751500706505513511906663943111218464976977666708054397869108277790492918221553401519533627221565872936413505279574179 0.00723672078443514275429020822522019626993922403671582556956620638285861511896061363532642287090028803063906751179034672903003249874880260349172765009654013712737046956510182975818578
1.5007266408880457006051691735346745240315906060387998752416456168010507090941991002107117835829896218085580466512253482816123164713906039869248801041481302712002014038304552298686 -0.00611203519779731938161886416111794210362876498595261221765434464086233641892636369978549577098235192879028061351412775724269983201804804370498467223868709427241861676249196875550551
1.49739533474372188232689941851352048514816423405103650038321084547927939251160019062424182049600323709156463413905177139633663227361402508889103991684149526909977531532492978916434 0.00726883252326821889186207443694782300784656420854113390569831304012144241184456273189324129891648883272407628913616376661032220962004845612170258953634531574782045873157398808020347
1.49827877792807555518820630216331405746331839562873610431915844520112688695988732587086011799128299654244851641971410698561968800658842607139164009641196451932068746897725236412022 0.00717146177045048811017682027963819511435029881290887271745159481577579992609058688102362940502684242379495403487896418404848345413014742768228660438128167015652296823986002783467032
1.50120909415863569374453427330306413754300931007866121552348279275475104095201895525461617627780956989759067745533473446062293055665238700555029108383448947248216679827099554353254 -0.00567410387356951331031472768098524948117538227586203797504410606018175803806633344639147954623355435434430329739428420702639005184358060962649968705842832173935944019793655242102186
1.49209508750794161949896440190349642229883358520063888148316798828570230285102316702933228229979251990691634587621664130725365154764076924233304252402481651367140636631856571063011 -2.7545129028430032843545153722216185876052568686768727734981924771842215636201253519239366781107665988153271645337507005803740310392447606655024362591502024919636270455800993149618e-25
1.4990819433106498660502438084249887768992784842418820417789227423082600888185181033319240655951373442210421736935945236451302810273742444745110015672674073120054166449240023537939 0.00695900465455272844203948540086650782221314472168837775243468828401817528714540924296386780733165374864913484290983289284921160591819851195473967266378025248621019483392135844933389
1.50159469779363695938968863958896313235318734900998064080881936092208128411098207690423480971009326558871184128883015571011476636407093899622065212177601286458767554211975545796289 -0.00521449147714555794100400159887601922065023747575308477318763948356251497875173164357105558162900918844882131142015650456048813738906750262766439484017519875382677233498568874580992
1.49980013735359842050912542746358522367966722405746808242978653503363486539259771589310553821687806231826384807724487340455253168592310110521364125998949337031129263411506379331825 0.00665844119998323221589673519510088798590624577648885149216698453303075899190207512690354828813260578579919511872265589849794487547088446277500918056731242306626618092893000737762365
1.50190281662878799162545136144159876348328047347333564079730260841433939568626202224709626855819319374620965144604766925853025279777912239360601130391652388797410908620661491027625 -0.00475630973738821744761993229753187143796913841521916535584843973445810163024417615813694235502631002081787366876232615941951644422186517574691373026422770171634054708139634258101963
1.50042004905286402370995307530013908692334424607163315949923925990523343886397593286208133532177124092243537006951342916879488966792670405925863964484034114832572715917410708593058 0.00629155340329999328787634843376006208668538131510714040635633722926888356152048946841681141345655401598975555640474711044942610789074809194173641136611211780211944954355855361835144
1.49305824928576315556640564175200252803583259093362058693529194429743248211630052278859493379420347093023348752680244560075116355981755267097508384201373825387778460560173749451721 -3.20108107820718359848583171752337768703237062400709718915207785202802378440523022230946918474718562666816050012231969706009072982220158943533151350551822466595934640030529868690636e-25
1.50212370823830835580930154365725294550729427060451352090878166428846863235249345969223951007541130298801736862563255417407852790064242663329499053740420936638081278691345221739595 -0.00429909475738511040556419847540498366058467780216082683530327079331574078336854606182821938913567705672212155801071846504495516274310072104690089376329312453083508454706521838945323
1.50094905767871270930953762257001152408893165532835366744139568819048515662743001106608469160726345863329977514796134946207269148725277125912038539665238529348791528740507740104358 0.00587613414216655330312189349983366674173965328066240589973060123959926478721545579203783134305775450087377026654100974221916441127460135989610632678001581074086557846372915169509412
1.50229582000433370971435225243189719838768016870803269126771263853942349412348922480704055190083447194339684835097196973402049659068875694257192943572538442913122615386139295305809 -0.00387226608777163552819576221099706485693481720913390845771253238732330438831139546975310795815528140433294264407435839849773588214752765672441425745785647770515579567722340832647149
1.50138114459424691925432539607275196218782664275833931591124235809199740911027624387781242168887150687487365679271050635875431289044924381077886472689218342570609737139409028238695 0.00543680564966955579759967954546012216994318173862654081342150390457336595893841303191915067275673437458634608461759482293889272567051414540889136606120902144894870535302291188031022
1.49385723955448118382308785072353740954535238954710261383339407789027395674171529191848489956327679291240208618817361125679149148985817131290367970537211417724179725908337545156387 -3.50236233155544333508123466987950807744380559636789076163789170345242745109499691672844600849636355068901637442732728176455064689673699138610577323316178210519298199449994226573915e-25
1.50238066539511437753878899025028728878811442689343931073742610206947534988360783841320543045812780936778974129105798251805833280802134776908914964655598381245418217168736586317603 -0.0034422918597041013447878647047546083757449135031569604813843072774424606385372058162458559863312839206628152500702246628444793818254480769455899402161141322927321123424775593490133
1.50173192682172849943091899320691520224852961169285208290905518478578870206995868397932115876985741855642932024908662063225751862458870865803224234160649906881706717158506726471534 0.00497954657025978068642461496472937581804837477359016709751473996009255283622128306666864692824345726886629715255612399625328894274128909914008665704323797802418492409478370639159541
1.5024664728195424996751565435046241939489385162127620918224875782893953059229935432194026352325193715697542018881631215073478763125944759546478821236936137303490886972760906228165 -0.00309609147669462733447761640464790330758481220374936155593891238680129704919875781085846443803764885466459579470646167871671614468884990841661739138184975133800822539136576498580553
1.50199542627384148806964274851089023758175026041846392507736506066967112731152842488980796925673579934938667303460708229988541481700731483735450043574586591759647851210835005041103 0.00453255983376208677409506689544806281729830544953193011765188951140228291501286452527520805830568998034166180433179647760390635751061382334529598260221051302405367000337953175907323
1.4945270208813448725687399047139239973534458657281421398233903965555492218058954098723687014766889510577555707723990945141331938400103700270287043322425341364273776202888635815185 -3.67424391152887513984618383753979167951576987053762581062358962687297593454668479913712358278278041528729735831436119801174129548830239396332978119667170650787604541941141472003113e-25
1.50220092546814225182382020868599619933842298001472435420798676414165631975606775643423075499777907953344949553038404440952831159210579944294473798882703202693518470870113970183113 0.00408273419852940475504419705529446785835522438780681343546810791883416778323505805373127963273638189048290861864298024716101571713925143160419420524039417318384168237380900346241474
1.50241133220098736155791367649344389949292167172011717401732047689419936588183506110692641822976234060295884047025440394699520776847781473470901581998042701596762434797775869670821 -0.00264738985340477757222935249439870576961879765937302269926342098596195066614639863004259039675817424219544099988354530038842539909927926907792699199444169920437260427791559505466812
1.50250666081794096216214805813862506139880438502284424190666919977904930080541453859304292520230089840170219096138744802231481872954519336128762144726427768716288063139403500959608 -0.00250837730471676521410557043323261418893274255697533435433996738909159911591551434724041361650942383480357079179728873417891115144029733314675000772193579809962277931449817070367173
1.50232079911733875556580840840106801697105130830505792098792898686696156104187947950722877363659961232197272428118483028125073397942126161988238434633524027855746955933774362715514 0.00367486008716447912159130784832612427831955991945471813949083211494134502019301911936987996052229813221934787306375934759468974867274020371562169059979913479795152465070370429395823
1.4950937988006250705197182045125776700933783356138499953224587471753633609599552944237572172923681358691702877060512751599103946065639863854914627385659342740254678375123443338811 -3.74036957162268063656964399305963918365277511865401015610826439649366533387628009064955460723388734624734187033675084972934775545178696124123984619778773377072638151776838496379502e-25
1.50257538112442795657100754498848938070579418902731810839628665995403396255127845475507081515240032381894497461094923101904977213510904897200691929318537379847248472904363076849947 -0.00198372178240463945821388786617271847313275501243881084863573807739945957309829353684405589975755121194182419880031539890993945007783564173139412259351635157926435285254842185008991
1.50243658380742686492935448224102552556826586009271037711147672637140629249409170321521044819147897459383981611720641958790150111702037451763845593693301037476373209959762541654976 0.00325630011207958232263328483444434817349837771987359889626552174491431356755240895503430882190483031546475843652458470566820020068212885108424245768066345419423431595947829686451982
1.50218557287763695480500891119773818769417308922917024498365936188282551056027180090135613146458892950675683493026752918725284916431749908935483902441192727501968456670380124975952 -0.00205311570295690879952125293969530910710195354051776644932589820500579923089804617683825178138871964404226979899201692275702302492186999147391427669249503360342323028819804856275568
1.49557750702818639831152198306090524844119445307702733761710154589648746149700358944109212617370376744734982839188595226804145731899305029200563906185062102169122342235701523243499 -3.72515168616125812355420385416024611907899180547245775856973149194191911872388934998562496877505468960564109071193519743044759223833828122471095619045668001708048933072452423440434e-25
1.5024076384673791992063344905970976226992699731178418973489966553967579687821981665840483928417524697077227983728772617588854302512687677171941615416423806048735438168009160336184 0.0029229823337744461637332230490077544026501750843180202550840922544996334410403782974537052926955464571659126027590594985733288089120794826361530640891870600661331254467827281211755
1.50253147172987075745148636887570917645705731191880992818134072116047939541700918320703608043028518142326912630640020320120675771668130971195381013014118880841839324425020470944048 -0.00149794587618145899049054218695603685553069487657399578803374955870902087403932149312233302964185681627411838394435655181046597685212652542663224260140952572253441604814044596134461
1.50254467518363688005100830045513954683904540505388643010375278300688210470564430795365906170757813746711214251129976876387264377615931781086724252001326264828189213819122880651551 0.00255904620069886342056805252909003903713713135265966072760745463291509642712033139585587574661626652089820663945699032437568077423524523907914968010307179651249944223281017763078222
1.49599351333085215509775094003033161745149885336230170822070283312902802275566714988038122559301619896652788731399281268137041703623063741322304225937955376958756394491720030311119 -3.65044643329774359231504072378732711867437079412803658310698557805005732194153834506870318574099032103398448947342304189766490177577744984148683287356700913180100372797502207475903e-25
1.50241939580165242456950097548221896746003144861944713767133423160036190192855509559952391539875362072771259231737354886339949545246601623334500854977357390727677747342975497936878 -0.00108199739907610610381661487252318057698171033252868634353775829392236346707317704364457720412029421559027183737808034727177567096518173453885464296323959968272678994235376729299034
1.5019612427977590720893255839283518554384592974059195136747434514386098369944020502777664752742009871494499915998601610778067174472846201742829836474722597980759020589172259057265 -0.00163907727367061938194839429118460732031534189227736133860982386272445587907778304131627837300966207617579988378734299030956934467430538740957316425150919762181850254306088496174129
1.50227704772094274109102378852847802489904780768084350863375724832044631981874931050442040437651808621553043062620517764340694872527613828894216237933429039149703192725645330402483 0.00230626421128635236249088698363242316383899120450977614449607806408234461432495435823270438653656760281857708055914886528292609388626333048422253946562851764013347209841338949523567
1.50257870118828887830889805077515786960006098062742917811697310736742198712358090191827885405479678036766217797908163826848942818257214237964478339488149959231365204075282828290854 0.00200458003287034709584891392204840424776074443872072689432019159067681454622114133931359048216831985182079768071895912132929653442682200131602747444089927699892563568702965225654099
1.49635381131494516177821205837461787618104479773997937797924651444041142653990511910072250556374511632548984501297521074323007434616838367823956628201906286449769475502959754869968 -3.53437015366641417273583487496944615884733581889101596389105608782962062629902675854608485618527116893742980459964562786499085412112757403775705057626264371924238321655087513967902e-25
1.50225918129727333674121708247707407915429886509103652302882673606755475133091390416510686251295059371843976428689442767920592367001472405363263483752423942294729163108563026018888 -0.000734980924599438350765700222499828748739363774050878426630182674416409922607541682789284249183111984947608755531345326835743950448925040664384854580702440418067296416454784050940594
1.50175067053907884587565349914490900718032009033936261960068919615279204973685949567349088379094566698272338161759855916443354038914296193669235102342063021140301263819165533633867 -0.0013273549621747338849572465628388712165930028016586706919473889067395501868358862363973658794310870645214132574722261291784513508066415100944156084112082996805502556615853993511036
1.50253843991965070417426526636533949055955850208842877436752830102670181006016437593718512868186308170750029623267506954713394765297607603370483547111204595388750437065202972560662 0.00151861632601103524227742182569912966376965050659592032608784189179278466270983408090692635775214556078835812421091429324233394390359507127751626525002495783194609717138156072244441
1.50205943721482763886075734585199077071089005523567127858036841584055892024999725034650812426460262151373120284639960945514232610707625776222963851800697420763746865024416217410744 0.00182881405961180326473870644904277926789353310215752674994396681878885220085938694661294102794392314699983220004120503033632359434220900851033840720027648500056090209232137881287678
1.49666786670121261712090983117304923984732153611782026627170032291799890008194137568097591632538454131429445932000373353173615893936128311418155745059857429009197294519419192631172 -3.39122217732292122366827589817356148058885739774784462684983548966880357243082435170172172281626346128367300486785848998807261459666581587112268243706835374030309024232117145427028e-25
1.50206698516287883679160722909563211051101956455094656410601249351174448843711735759864598097965507728268240859979389916043795463760305232094337946113417815781013606512865878578157 -0.000455105313221572911874539744408920559027091836800080937751038688792960534612791096603749929746792060154705001234451350361608729901934198005820674685038598055544233016397049848968041
1.50242918731332038793790540069289561647038402787896470480558020622904255369779297289597225551300092184278195590208422329608685735626719161648277855697413588908172400096481087704278 0.0010995451733279126171797306236551814833842694968127765416867543561357862321671877823804504549394317822211193090711109883676902889864466921504327786491916300506762756154800583590226
1.50156041068113595406749338020904130230663445740274065351962723872691119159765257086482377327774109978765211279388391692053775160559286036032885490764085736687727330425661818865732 -0.00108905552895746562922446974700501077674727848286153909464280871444934215001685392157037128038849503928918028496788880164713110519313845633419924247790497053997337289001665872122953
1.50184307656740896786332953411666397749178977495389170868427538449803790582289200642917499169275808950665879891745197074135717215493579934735388592969200565794733684541875518493284 0.00147010160263448023945946510167050428594102050947312260942274840109486531139037567304184076981922062868330815487503341896617774667577616267154480065076175779508818009152585963117943
1.4969432273210666207901893039777722954596263836805254735315729440841261163067384419091351052768174732822038554168657357605213227276549492923620291733629258347236572921707352110734 -3.23190061826828175717346276014946485518854556358512282012528978796818841820982528211339023088606584813185869714739448352445266413775076417897696003891999941153793765970529724417935e-25
1.50227080076282243038321258284584749020181656265121828102924089102301184274902272833741014912161796661895559799191193977742772206819512942709195414891295650319110220394388476293873 0.000749308877732646368413783320394624822656717665412434436589971681481338995954255065593014692465886424122122497657729976230818967225300860100006740945389303490996286807586095206811582
1.50185597342787163711696217606103729050453619128007073883836691965843789263117040697285946517102482963269643352083700738624047652909506106214593772372615145668716131770487859301584 -0.000239568670396545201471519555369426222139342445504737159845007725975348220721895858709487645967761971744440613991874734008071664535014997503142961923894505421681084315068349378818678
1.4971859689212035425246175206840964708508620599049108785896036878945621344204705137547152561303236940874445379812597422677422001851707767486743699080840992204774272172689185599763 -3.06448065335121117092339263810147686788412443225813196820239789200771902423481331571434739892048110107936126935202688499735738152019282356237728475253660711053115982357433085045822e-25
1.50139168203779586281738898095339313279446711591848737872740842738277154592539440742929994974117592268658648048787915939968160962273960276126114846305025918171688036346471027505254 -0.000904143852395826421523638318710390027218045621473628541544069022389348828131486692984267093062932889978845134444840362530714637037793586098977651266586825929386169445952922621766277
1.50164369321583944278726987692737990089283990051415636597739634449936099790030605323553437782088327838308742721601619718428535220856250034667986702722289734704886793764047385520729 0.0011979563906007544891022408226448064377031168787611075268214773246093096035833641705649837834961685663916049868531318558138395231745709247139712670701979599669308675799270478916853
1.50207966108699679202393962450247117799848866833096329187259695271270249580440655197271223441254220212782255295244412531156645679322372845323049279804083129249525055387220854160798 0.000466235011791478953330794100096676870325275834269548036790603769344183916912572487041939008050334917660380998818925467238642053868447478003612125839127404548226927300950471888742672
1.50163714216496387659784972858791404629967182317209189610340452860791413992282040543293282591691128348866176819625988255192697031610214629537706868467775573361716940667328272792108 -8.62055826488917513460327934126030609898116303037221627007798949176902997244610672537870432463776588467965187338746081365893477119240463270516977474977701593272081276896321293318931e-05
1.49740102516149465423004689060346405721309254872096462903122832045855651413446436214102271520468962733987388117720709455458356837378356247807343997562088068414776708268145284196689 -2.89479364937609686931912276092378697466784778458417847897310582003466507866070338810686373475782703693755528475173731573997366579540434538485178248385844144529747093839746171451358e-25
1.50146522939189183833440747927232401665203010983996948053197537399118884577988021600653578624526011096118989681717601626351480863300858505728874687821910136772972226747730011869921 0.000988452757332548628005157093375868633309111147640284525040918120894789503055558624322148119366358406822438035851453708231568027962599733001865070856732545718275099061937361239173176
1.50124330284749774018445133538760634494498187716529256923615180235688525103726378829529781264084987423514826803103194955894781857879524628184171398314033435034242555944545189041494 -0.000758587544047677527329061272577830698503656307169846206566514559562182913095215212662346907300223325797257715105801342303181568382601171458390400966023357398503072339856069619070283
1.50186904373327697172765722442656809104233733746619537318904393082099942133949718203491537994786757682976692921398995418907031449416302414138175061448820467237029619037259238744725 0.000247605926073832946435161864184601956346333739486094289216997329475800752133434868850799867931556972752733350446339290228350082064116743945878384640094076288768884101019613593863762
1.49759243479811528417881078018777585445407294991967660128907353256673004700102518353145944913737618251492181272803984861308520367149751668235085340162880363931156246039445098879737 -2.72693860030867171264846655533772777817168517713075373904296926863803371335994026113067163465054858050120209699236254904349238424010512596917790860933818242040133772052242616869494e-25
1.50141548318575206866807588156321892574421472857619141117631901671395871661705780180635293545598158368408906559179100136817125704152987008538641743742516980386519683913630424892787 -4.35457850401240113703644844856888007251244811809631227831669864724834546796261876034101979038988206601504411848681396744416428137410818854451081390540862011183734382061998686981539e-06
1.5013076292913018402213953672570499612947931806549422710913999264440572795135689358057185096716680771587813267165509761935998752030226153115695955118495646460812108737943285418217 0.000824785690604459029614829205597889580717853990062308515442424541756098876398667663361618977547174157819619357445190304842609398259756661723244294274558324697940732299469362436308211
1.50111322344332241007305863780338579405987666528774046350944096924116698829185482259915640824845404763236637574036742762100254289698463635627648084950720131586795616635881050124397 -0.000642474674165681246188106369385649583054540564033193196711560346263430522665333863952035435596792924086814880024312912246058281913585532700050982120672454940426797005053208317119117
1.50164998356143884739155786238571747386693628262722838797761149482853970093943721337814458412691879297125569584247945048393180913074641925801442627363454019761906487398390297020366 9.12188744012772178023631996311231167079219534179845395251419684602913089977462945072377311270064872892213204741826717950461374644328029852131670946541669698603561559010764321413328e-05
1.49776352888067311508311796589783844884862810109100808570918190611615034139690968380213207585899761089846758949692517224628391031853858629906377828561162498500428853604126194342859 -2.56370516297511006824510511978869866964448876860687770815846355992068090718665996808404355941405692005015895166990106882837566586076890002476485929010335142622529699854032993742296e-25
1.50116925393023276194826891054088724682808515427340515502043324884149439279774741710740014038426213787971094225948683564995288346190473701135398578675875679860185792889627361541363 0.000695137825206469884296124233342056611962011340143557625276827104420218189414690122496196931850183281012125135356932238608838870306962132113188852984740381159993061213401397089576577
1.49791707397736949986608172417493621450880375768873517105132660462518986385102644470351827851844437429901834163588128173618234171834564324036444966157765421102057953072349628512691 -2.40691009973847439926440051612487855228562170375528411987129779666227886696272211950729383310052378359484227317518169383808409082604333729720233848897278697518309387367479998659071e-25
1.50099921553417362651879166439972244849054898231383247182686370136271581712665755527907702853800929367218905842558613739180022687192089837239309998665316184606291138226082614829451 -0.000548714274169803597984791597237921747276724929463729036266817428569061042012866012513114039674946688202379068336252196307356014921963226198751384381348670065827691175507852232273733
1.50142833780670493928867566045392268693202838020514457969603467929697523139304337615623445574120665620452138260840709040593106212940977941981756702393376660531635242148810941780216 5.80385266340598877624630020631825895937840160427532481289106865302724265044870614461728038822643674287684641858194911913976426502597465883033498898229048819368438773592752610624798e-06
1.50115556344855062518366458476928662207575363463845950362191114121506105421014305817510627964304714734157207521783918924744610323912371552940612646046862929556027254799181048742805 1.0718744950880278136018974655884783754680107076937321302831191753476704490356993641336934371918876057385310974594680124082599437735182843316181691468845238773425161658859318272742e-05
1.49805538280626210792325034638959902346079303372831141641017953829095350211461229282633098857463088867133920141632385911970102786403157604848486406865885189868299346629937122761219 -2.25765807333968538533712853817009259821919334970381516050560810266478037494981333383430708741973944990941565369278368853139162440980748693636742112485153435206792157889468517261505e-25
1.50104796413486150480858423373747481106110293729787011121128380577378096290577465174490590906091988442813875605601590944845837029339106982716891395090656654918663928991345542536249 0.000591113648347405710897367222911374270924449232170266229880798739182701840779287537847776733601097101607985323618616974051357435023190878898255542795080965443838253880641175489743137
1.50089916436487511193914129516218027090188189862922285157748534117370579478682925767003305732438257021006595571064471837073452350293499519146493694297405358798668493737016148267535 -0.000472158171146166173432521260845608592912238677625380641244201845817536020393815581391759859859006620438846351644333805540763952306320180214999100304408748506790505869892593531995373
1.49818040045397052514363830312043342285356091450698969209419931898441177225550505434594559236103239880741195865897686248814239598706764278058625940729118821724551925689497629783748 -2.1165402120765427891092213355580852333996475492159271284606000121325029989925242049230628065974956479245007055799585177594389319968202507300670831018698623216310490929777342812747e-25
1.50094159771031516931210135434654423110028417697578268484817613698980782905631494118835618371544015415368989127183078700537489521586920802217903540357653996542525933928671890100374 0.000506666676069230397479528495616259107699965159130851774225164183389611268187991505226735994077658638260477204964491568709529955782384756755804260980845722341040808767214012976668057
1.50116943027530272956356726268220094570147782966468439814869685691532690108501090343492484748759628712537452974763718525298273730879839993350743410627459053477661478615952589016713 -1.0930427982939985144974283070085196080477356743800001124103034655659508557607981516040241076235273027543449583612313921281967017929649178424796213265763516261617422444884759499257e-05
1.50081117083996018420237874093260969616612880074408436208897130140991293271120281210879613189098708747270818225968343790364851697837587112561162621165723161681719567533502231585473 -0.000409016706533088762402868541148392804921244837996663938628369505217311846895929960032389476655337457503804158267327132935797932369459239735574381096032974958733110536560145516221487
1.49829377213074798050230969396897351357927253133329334540851825569765121014310829614631164393855763986868321732064400843795079000330508314109645920412867670183437743614091629998266 -1.98378329208441333374018927760417355208345584882031411747548529689745642073091019409195968696712340829074810628697634742212606041588111772229630054992282008111483577577355616448061e-25
1.50084815924624634229483160280572216806125805797386914704167812438770717675718732721317820718662236550257003679963036724056053467000903978900697872751718707394440590957612502814898 0.000437377801223280007625169669197275551978780062393253121517187957573131384997873923836374985674546476130233715079216678819275245587136900771410985708654763769780047227765469109338979
1.50073359397179888940243977452744818303672863156868102402104226785619906473689197591045996929987465439233324247923519142935786809687393688220860278943730388738238290842333057593205 -0.00035647586359316008484346005360853630938633370092395132751071196129902049222318179896642224690135651512391868374069084424459397645466741017763884104648430501098542466219735925111085
1.50084823948109422029646615681971090384680813915160551404685088172171044600267869785401487880249399856306846875438252835119735732384003955688715188997916826848368879782416873956473 8.15366152662517361041026450725378343425652727568526668715813424521244404675398003441421629393671069651468665662687084071804802181346763418089843317686199370528332796743752445072373e-06
1.49839689683318999125256419007914987744972697891880181085134957101293285165299539297480321662950513335634816845321952075482115904273676347247039342791655623075886392686380823227406 -1.8593606313184537513785107837316942042535533898282313776010068060308992010395067408409826004478960547974563506947373406537622071305342628363539238195857691170064529829454676893602e-25
1.50076588962161283309672455358107375867682260268318782410780203291140319431798542574054719668111861873692305292843495988731365309462177222034001496161516027281443581847666901620579 0.000379983647519370705085499956771412585764562869143480702541394826754821159601407968906845444931248807617692479084114645151750173263602887674251463476085295218350656492181302428976954
1.50066506869744300489269247662484095113731144034810725279117081506744137820722566058745847997898202197536416886675653427673394037847806166543959509858891900798392210952911334318159 -0.000312386362583710464864207260329637322967518013105467034633788250233682935809345619583133849795458162917613708528245607840176325592168999714305584105326712292059252314825529001946866
1.49849097015839170086386479638205030926296823840635189016195883064971028920952584445747485889076831801542803834887280690467463172704596402067310485818401832790500934861338278994211 -1.74307376355055399534863420265903696068208360826316294011852650836809380420980580031597091379896382453829914523517680805665620354508647045681520993175284846442147082404088573286491e-25
1.50086137066715696513031653346552428678705545721542610657778007325583871287124119913349585548336390745898356275605701468811286070050537846774666995342951481538917576966245402674244 -8.48201614712229992272604159067230127258991251036599028780035129546739708324070126425692612376814644129556019053561308190359177404958297816875379170069978428416641067896036549843297e-06
1.50069330571340894323504313958355630900506059370559964730082700927040831555812009459674027360991476358879360905200095287803041815008655546396822733488478595950442883524556092246569 0.000332028728152745665209610814313421474158657026517334893071402631445097607223287861823636752851524303212709768144680981485148088193531077868868810767524111131240035121089499197294398
1.49857701869911700371118616245939552437416574416767050116046298705132281667448949929451995516242803068485868475882080244275849524488363616761867056643698104629458416713185212480446 -1.63461206333985534530571514598914473946890831992619405104856955182199321571393867468861087937292962944003510616781518467064822076606864338417292638680607477462634189529251840058423e-25
1.50060442447663466161006356605147444480631118132340791582090455823335414973521214464709469922413325106652564588705615540929036252777284428102013898247224585539356577501716198831453 -0.000275027219868882085041450052577373398468018857863189075251877652055225525935833785520737685477270654950087853074802300455066718205716839842848030697235384495390107749069845906941875
1.50062915355059367348766462200830080760277890600937863792836494474756030736885298980249961222607639611097381409604363107017533937583888211611560317336685262650532884093612798767766 0.00029157888543518300738810149332632904682369010519043901574529606556304969452399886476120180619395065987686726222572220662270646070180462035231598807962735281930465446244473693410744
1.49865592785563869632339461027247955707656168484137701007097511891874317376963616338569487981906462740384879141290314561769968474176041698818649411377534653146169995218126563392968 -1.53359587313426016665332831512930066404903653962140597985142750288095343639117135070696740824126981922053508822070392957579738252365427109200264775947583817238819314834787623707945e-25
1.50055058945234500483477775094798165968265528696355453128993988721923970230755985846381250288005308171625302980071339207472727344986400283556035856306905339908037992526262431362934 -0.000243027286728796595798661089589644444591171530257729244248268333281770487731438717435751647711648049828742555327103014041899088336542587980941400914857499106709006048803129833634982
1.50057230066454274060188207973125738917570476820416129853088626935527379417579201749099752609424830551273263506461655908978545854174432036153769975559746772193120941844062807214197 0.00025708724263809930045625563867859223218129074070274972853306123438672018714362463750660257411105871603018152062625265626518272273456953692250844586884264668636534756536395010069276
1.49872846446265397890012477351840380300322618911982724910887555446374910327571167161843943627381165232502775834538518522901470946475768139876812629814865608580162614998220048157155 -1.43960736862420097522925377321774293972660656525399889538699762595793475977603242768726273951149837021208223320781825991446688812878544581920588386512007775891900820768796787316854e-25
1.50050258962562970984186125135079714815919611401379659817102923606769520982913641513572482215496626155499699320826527558460305340912629926859259941781272285094394708137807014701762 -0.00021534601850388392745395698705604902829130570346292170927915310459409999736388727232787869162396234555459034324086835064251279513513522008221892542594454088986183154529343256099368
1.49879529530490035758759911726927854761070035257811083057238319076160309031254332459205238709452230772810244386408410832750630443436345754800563217505870496493365159469158378463072 -1.35221236289109516509094979748610163078593359866641585506822025537875824041313786854041972181983849877367395569865506226619131451348795456531645760036842595953891093317933880854951e-25
1.50052170836712726438450814669115944135861218243150626319582317278845815856814382497484871143439194288243600558595325767374494980266350615661791219594575222566911113969108891666686 0.000227366475193139712872422538816791297433405905090165421729046808465718202236265853990397412292553975262761116848075954363424458513398484718001418204808060963638009061912141773849482
1.50045958452454623177761441011727213863312571112221910359373793326109512698942083361428863495568681470291152515329290236152216541406110993610068503249489601768817211476862244654939 -0.000191214892089406768239156288119191003354741965280785634997519000011702469058589623147233771885124413708614640559557796826044285395802578967159433604968856978922200616835418340631469
1.498857002351837572148791886575555243213024893578179705570042603571351296485145198463602461546219190760053188916063024876173142507847286713149394789133155437615686596823012372159 -1.2709754502358595873220370446313724616516133013862157784500146430034820997410186399499451268768756837832717173358081913765670240686665745794440621197044942160938553519678974878278e-25
1.50047646753425258019304057872957994359303089594372331105579496855106215376619827350602643498599232178664505774790373021691383507600996769690332309830011310083972803132897789366221 0.000201538014786501882263963265910263329576159765770126742508184413180372572489232685069393537715102413359844296667287244346930173855758391949668708077982300352811744852869795272157822
1.50042087612960125415799704697353259331541871752211123577213017029284582527524092875192983954068814125785172022738409725168062155273575393467415287686830467507545105754016547696781 -0.000170059550917151140733947994846986743482210630838010348454956354969450088168705586627842868005507161889853220513902186638288541395006718478494764298349582317755728167335005764953305
1.4989140953581127866136880051996040232565117597723823916427519636946292968504085731141532895692321725477598892556452704439502843768961068851521826409154381386880404112918711110408 -1.19547028114891244580023054111922666917564056655071130245672109907139896642612876319131827286251292012920916713839021434112754071967781715327893802557592116195104348074932447345663e-25
1.50043581757254538746604329317374684560301845941199551239259373815448093222034710220668547303165644293518352171747941304486056966095384135423162202654291101151532418143680661023795 0.000178950430037725536490853506447306625457399275346838021825522656692103209251022789869968114745749987199682848224461876881678751597256546384832638498594349484132877490946311845056833
1.50038589269342592983362415367487465856437828269419485225478684104608268640136123289256004526881327282614631954662695061293902557154403614142382033202854258130847963225366155399155 -0.00015143682187214710851029455088239458365222044698915807206258192657131632089113470384153274505131639343825329620946001707875154383955786900455796803266254620493303840288528171317039
1.49896702233683699498579761494251902704656016221055610770328056319065212230857156977551298638364085620121432324027876960026658783140333913632504081300521609862472092173175155106398 -1.125286299602555151891532491183153113323543022388707856962660383417206501711928733646870906745656178280254299653898108688811724735702921178534327926584800882350407246447439354901e-25
1.50039913501305356812052224525530382918488216946830099092025248350520359159760910010586580517053265181596826078817483236637061889319573803015762672287412554807785365485509294146576 0.000159106775679365543886568306720949097201544066667133645902485621905814459538668037293308705183502167525845085366848718335721431365563000080853556763858480910791968142891708492689037
1.50035416494416838975838191604404116232064721082678145940568881520168744455744244867272856472425332842682637188481545433103508065075492324214096971029625974638287790183769538569349 -0.00013499311822650999650672648148966600336286986073499262182576482080067306634379767090992075390481959323180148069816157967072382814875126025566907381396457663147964483287078953110731
1.49901617830568847483599773474043317492286990360370011531592862156620261328869460904355048061893114881527477603356224414767233060286309028056878999174190736789126036191975102300076 -1.06003292838947829314248494500162316529696768535068879073275657281144210156738560680406780237448957408097174170135993033696128310928586397705808697301603745119770613062231904754036e-25
1.50036590957062262168718558324175224008136350518448023155333765551279068897499443408306588715722013067460531283927884644904297687011401860572954080195618795848628915370491246335005 0.000141614744647160591892300494698385444307986915002065129932354097019064793675774869931624153745987979891458646198765484279263995222360295892211911848026260459161159397241417464159822
1.50032530412276506969821860203709350484497014548970377240357259079734800276105507403431663079582367144047113843698986075740361679620045847394495221586848466410237911638937210837395 -0.000120438592885908165245129382474291097380855368959848122869058526599341696286411290267593518634058827122257917522448364887575042479310889779632849672202269597616702063117431047954834
1.49906191262332304603046910664574890893530987976441046868555943320972518310759924040281916156398785534328550273297298656314387746366681952115025255338577524308084239145729074860146 -9.99341930108121006363549160282695132684364187603536120036871515543788449541775742818289028443680895925380691155812286962120725606776365313215516995370365697011415075058113696302667e-26
1.50033572026989597142565565765792512752171513212457879060675248120715310833313944754256744308428834355531331215160374455591189096535417900763738086149224646033355840918560999579883 0.000126155443520197825371299763214345791041095357808781987029851493954336767937870284503001749511810317648086150219452495709315466783740465397331367225411919777438067726618138213950529
1.50029898442906796385495401872395994889799687649244285426344884197036834782744260330297206097323009741783344772515354617940839484581676876578908835034153789279393671899242881513515 -0.000107530923659554324471749979268290183630744606016178857692473164474232490856258017576627156528088448706784422056954629948643762090165085766006402577856042299896894323760578940523693
1.49910453516950108164236568677445001035111373170897824855033165502665054852989831849315072254131607419045657150402051449578514112777088983458298425918907552824781855425155706953262 -9.42868479152307204179868728616202109030179998522615458872329684079615124139558137142257047882802209071671183457447464934291920820347477182163690150674460414123673105938872645448247e-26
1.50030821585308483003760281366190898038235562287867737881141981686984338280713672875824637854281568748383561615768228472142470952133313642399286978802742991032063192773497519724254 0.000112463942670742197834877709893187059617544434270239974527817951872207836046793619742935112961430669034646464425297372476607400992151453498227562178592373669493526179587492247609168
1.50027492968376179092398961959678304543391099443672808623385011866924420967816482112626779731481053416958997644528912613966209941324666725204411698910764815172875787594320994806145 -9.60647035475380682746629550665944241892828216653532411220037745485607668051662172020425327438631330058624327891493495651787323780196057872901978367204718944247126901886294802752043e-05
1.49914432157229982533164303907658759504679646118357451916246189368036477041182945461413304685979926104569134938486767355635433125087744432460491658563236480724920873841680340135276 -8.90291337234564513307479084293063293436915386262195636112293020717595650606762334958918019726217389743621029659451015880063525805714247909791257386593773908050445407152847279636042e-26
1.5002830997736576641490290605943743241306962091061506016765536730797965835147331941947983948054280397801722121222168636225996387810700562133055913334412022596279782252263615278245 0.000100316724669397736280720588926170853533467209187300167426216947264502780728048614227337643037494697842515022111019136497289180021317357316841826176598049066287764028356018933497808
1.50025290332316802937391126928202166695169066351274481888859242813421793122047026742810410283417155839593211416525590952741102911867498887794761521194671943362544889815530991501473 -8.58641225644889814482477934539192883333156211567455170736093945920596242721869395257677105303627466548091673536635332681049548889419301713384486860011599770351342804945168257577353e-05
1.49918151764646548617509040717126271516580053769817428079803204140084131869631873977778523358325458721659118791290967863798185866094523101352920046492943266755898295559450013069709 -8.41312419066467453864668651290280173312631941151961677874658912115204234919348513951224933993469834645014755007825070225953631530665523714679503216143695507558519187720256261639417e-26
1.50026011893916713441485465556524713368703598053203321581692173834992780443442549012607698545667016454881282045105953328161604522251290366574793281742555714967025660941617517386617 8.9523160933113672075546303748151179045011575563288245006189872907228463666992444795346189814040474793679031582290889907087614084219600017731467249192298356124967816181073702973611e-05
1.50023270086478713602326815212323928371514716630981084586268577282584522462098040793433229917547904549926401828854076632675938637483994652364932801521556205281521687042224860481261 -7.67776560425053681205302132074117967597864202106208381594013062876634222526380277433994242253835545271039834618826638547481880906365487830742020744699691122462237465382646490105253e-05
1.49921634317590008705716170581954821195191534536590347271019705159925538607344642370546916961363674910670289404952549520876823572619907672512138900815195091459277059059819561254736 -7.95655956427301699371549869137579399247232949658130407377689949817515541508772517107163406726404587327742385873366588941978030484451609006675093990591270376298707378343078388907174e-26
1.5002390552637419113788545076928537751986982945524334521436266279370576925755978773182359437665951369074868694307843702248365012662782440396310336160689121430467654288702153988136 7.99194153390904885786341388348734674056429702404052590275270641953862321647716779163747518758430767067400281205997240607821926414726886870166525977572252361562680398124334841451127e-05
1.50021414416853099449739973743996276620108796597419592242859551626617319552308887050638481769720626708780474699610769417972476176106268644770994890650292626900876319284313393583501 -6.86740386369839475242269915042570974109683349606598169166269135204003015232424135633972905319669891277573997498629144371969236418377022721075105820575626778172514905189323133497307e-05
1.49924899514860854890350795418821346088277912303427760690986014002468086682282058457528510001401613616601846606195390840479944274251110674257196500965634707712194009531097656212445 -7.53067410926337615424841933162503331257721797287157277916868502490682600587057791999012908921648895725752658122696473409836093412471140168806171849905832619707559068085415414555335e-26
1.5002197192662612771326187980645492661926267284090331996884634537885486602420613144486816169109127524757785408696845680661590696486160977360149855735461771740144922005510985105939 7.13638807958738980530790304941172501623944518893550941635600339400550358938244911816895855924884720139132306564050695495802164492537595528795418480891777963520210026508577345334384e-05
1.50019707700234634848565423122467589289297105443422026790554417234461625204578554057960707491666394882419151024214970646162599960888957790166990561983307599087810226775851831832745 -6.1439106890480356813972458719276636619640426995456650201077884609703525253554140367004115597185172770471445803310066239224438262500540346814473234823905249089028590072969210660363e-05
1.49927965053273700371872521161484300072840127420522190697756407082321364490762732533624286718362572673768934411720026439308034466236241564731886057532995747275661355491596953905329 -7.13312243042232735911683394936870563993866577743341977253883630100770538004842875102644434315527064558368045550234143819206133400015975752233449360455710064341050125463231783391204e-26
1.50020194515106556999392606505249015193067937701066457462072157849399556579080905564223631351498590897173043814687296452747500494739392361844260418834056456583809256710331089521987 6.37336361589084308113066874140180301820039822879981133825058521906865066443316476093663512562539822853177244561584254784467323116012368701755563524396251508375541225551281804407906e-05
1.5001813615633994918020020480893972087907370839352341086042934799805194292763058035689558783327914830697005288747031890560091377777670073318972410227814603452867420681387731845842 -5.49732584042482950712453197473322133182357218029006289390259588089711359548085241887091606637444053693931880296311599828201721063154753578398408247720586432086380516053532121175308e-05
1.4993084686665334714495478352754013729551639292119938379998444601719822503723027338517935724404619493618559087416597656914726499722645309767120489069392158541051444580292300850091 -6.76174613586088658791865476976968053680691201178413947179488666478157106170949370872065522470820666850736003429647607089189819277069199324334047621925398825888240976241685794519538e-26
1.50018558697011526155749502068695188343483229877018691784621349417053725794628840657150070687764314943047732829014096145243321502539907647815206700309821000271907302201274166209134 5.69216175223993769711159920627217866797974146337710875204705002217202058827791592197017264502170992353700905459558452418597550963802431261261690494868301214714886664962982723290984e-05
1.50016687570818569806390789242741278922032652993798307235941588449025550364043197779381153440269757155288514042601494355504847954349742133058476723921359481746818839175549082195616 -4.91893679681253473574119888781917587806835915487355003480672198657258954318086296606380337261333306683482075550829404272704762857437312401714312221516394039332489700544716717747387e-05
1.49933559332232709971342753513308013186614747792358411311573213546521887282152273694358385103553830603222201904187398572251402494348536606512158919600951617267428682437395117186324 -6.41456070666909521533741967868071471317917159644541339410189853529367880510401422200752808455157774924092684827545505350561989832839795655215402780847658905875183817181692466717633e-26
1.50017051558337106951459701520569885036680032898618755350096604051414818676748375732633186042260838226488105684374547736349290556575676259967321905111893012748188570923105873798017 5.08343125225008414384473006126764251213875164439729429549578987332828133265582412091168298881150889957321275713102900074003147203933784310071877212076042144014589076627904647699724e-05
1.50015351071621457900314438659470665134399064217973145588837977208400766203601933963507839145413136467509201163902024027971962047054928513220510874745387617921715501901503699553084 -4.4011054432726717333176000064042902472990534459427427134551033778035442426957526045588629791669859036643194810230986507551682391855655490781800364711235591392419372682886111698288e-05
1.49936115449431137431846202749307275054148171755844619092486462206952040195865618656548975626581905979564988354569448924687946913490868790646848748899062799069015332686997837217933 -6.08974258372388704029141868345661871841974577425797898218228060718595625591555462593253174603768462356196222337189425045687384144719597570570468741586697140367201684460966741526577e-26
1.50015661621671458692630048800097877253904524070317477413299479498804020411831648412295829975781194194841184338725486572215887074659186780705403766395424569189801079818681506834285 4.53898520108176863252180163377491328710487779516695254934595508780669611412828454747752403022697308510474593577337076465132573273341040569246795296647212374281959195666425437286889e-05
1.50014116946131203174314203221426551352020834166310140896877053441902823595418315894924356679077847054182138098616482478922411023682045845834117485491608378354824540461162740330359 -3.93712243229200755080466181186655119035476412558122733197900533369010412090128579090283819858188441396222797444556673085009013950799134693063805710419820218258296206995081811243894e-05
1.49938526995153253399711960337106446264878486629291831257399039210065564748227485029286005603220589103748716559954532137869904920276187666556910745123195387207038205950831667037938 -5.78561671103116483056154807893875066392096828261919531928072245335127200719329982205222387586760927288710317407275021922091548119756529066482905660217685847882726318711022957857896e-26
1.50014378647389539139151906121135658952389880606968693353498939597643324683905720788322106603951918145234126202598545335096764203282670688641013808198046370828076029364774788077552 4.05164126650920560065504408398800526076146828627486432858889345728932439710569917647846540352679583121597776151649233449995467071652203694723326583624747163722686651394008862695479e-05
1.50012976489890697254867074109802324161501723167432346838620359905134315846848321792759671259259758274809795572013127764125033610319912207607774736720228269214944192801821860854699 -3.5210838472123578971857699010806019663981452103676956251882911784119693249400747003562373746889106873640034776619697842476245720404992407837799099993411574636120229914063721815255e-05
1.49940804659063856680707368798853061949025442675280617379661933930312789085572824982036826489550342507492422128418473943308843247716985955318244759453281003795915513066403627865576 -5.50064468615610087191179644531860151876657888838536569183654831256561409671178276282945260609086101846886786472137941021595375039099089916945200386053510095772037419648138069161888e-26
1.50013193469861980303830275568904023457525126615069822824042586901966460592133420514787093231417150491122665853574325435807928244223047783847665924418516823183228892183924266088521 3.61508685106942834320806156221419662107903115913041789723350386361722684991356361010194476005433138971026147262771151266672056303298784521390699812818920640351503602790775105755304e-05
1.50011921880172798819589260427523962550176520048500785684871020125900709927905129586756120814935726824033566267007240035481121637921921900064954433822998222282224193684506531283958 -3.14778612933612927479367957137553162622861709362368698399783308735577112844450207323870778396490802237955640422613701018204052951780811803896063801119971436413286513183850343475258e-05
1.49942958161733207605522566727665165666770095571535474770001785824245064464976829435095923272015091500984576161196400851184078379943167416819017853319369807986675483777501251836807 -5.23341360443099571451028306913039840903511667410053628030746857660029326956693452201089492975032364615107995578237882463086358795161044562707100749732059981286683878265088684931573e-26
1.50012097861056514793225660026627007596038999854270783824554587670176797642132589879008665601780173270899966049348796289918463850925528733091239200808820431538774874033536828643004 3.22376451940006270474586967537064940544998728846516050525165768926593059809619869079411457656407789908451242731222596775724151207531078796141566856251061978004597374834657711583237e-05
1.50010946069337812063924329075255614772965405885106975832765146593677702755947897783258348029481866395185267105315835096750920970015794948928630062164046345342402253709238443705312 -2.81263614483164873613794524241779879796317002641204936596539423776310874559296247648909677446703408033311672931621556192164548034883690200658787296747723423984312499939204148370244e-05
1.49944996358085197315448363840536532272853193599064281625095486277926392516060509991118787820486402978883799920089005197234473640658655945019092483279712278170569927484915505240418 -4.98262563794319867953115169053935176891760613071364373798759338630210726513750369975182273385072865571082753242312410321488134225910178654408514816688812930816421429747462076331178e-26
1.50011084415862092381529801705697162943972343400435782926372340346845343350035454772922813223377514295018694566114265114659293469614123359119525111416123230688652637146360451693862 2.87277416094654050066716444318498453965295619152596802987779719580518869526348045404833566023684401463425610260757319774468439952274609138509530515312631817305026651169208593516687e-05
1.50010042694147719920506369164999514206010703818808874127801851309009164178553083823900137758194020033076709619972796820718457948709171960488209851916294496444912773351734934266213 -2.51157391931452321162219234965436051849641366648101441306872564700899673808743734950509701942159920343864808178050078753955512593936827009294193959690716184277599826679082486523878e-05
1.50010146454859012498183928091565433869568961111621913825869911828531343999207847456404948307384249433771283360629569374951455782269670931477526317652723041672995805455988519043045 2.5577891071912981859587952728412640996454660042523873756153314626594803984487028403110903920800957844364106390143789933572284116965011858686966152619719576399450922254369227781688e-05
1.49946927328199437420111217941329443985262733146761891683567958929040686226843590099465753623809501271040895036918606683264163292163874872800734936095572503290627075921726094437501 -4.7470883574574060104144409591398718574700580069381463196284193722220725082197552033475491691890521113631499330460163997352214369162038888844705057660220177962233387343088781995844e-26
1.5000920599809361121422470968521933185354341661510352682884866429403185018415198761019970080824694118125508654555890484773894394676233907675056642934219832750143284325756213088367 -2.24100604850956586345454506105824121444956886174292702231887186606464086072647280526913364155856393349793348476337003858427424159220895999510149743530817847784630055126010057228689e-05
1.50009277941265456253890940426511419592667620926165901665639051023607720575855720107407731687183992883525788437141057440791480119043156951282872146037440394524856417889338800889742 2.27498397697893949147362525746072996698407972037998982897842412151297132846040545224919215695916267997035339039798566921183556877777290313079614948629579704195308226470385935206929e-05
1.49948758457202115491180414912912030115997409607107496034216895192362545013851095042505560810638781360910672783436725791642039295267821520814496282900579652328743608152940144039431 -4.52570578077488071120561091081083325109150004403447282754380221905087899593158071358275214463182586029584759693658938382824512956959612186262127302525064013603402249110733670998509e-26
1.50008430764445507647618552272654663361215588597193113201286739139412200973450201935583811282260989845727629544960832925403629441501161104650325279189161582306338313134657267618696 -1.99774815809033649838765072317586099820139863875122238401767605544348599480481197958614608149426753956200266475244018170223302407200322074534827906427509879472159414847403144444805e-05
1.50008473409528143509425943088773855613468838805384866779289062177267430985137997385630745546775405215981491650417392111343417656621086179968356192384849599690487636181105992140048 2.0209724409720798526175798507601651790723300088292797638650239022976829353129902180068235783285263936748114930770875072922624591724406442841346400108479073053173879260353819163577e-05
1.50007712258220013055202904251856822018173597212737762197339870329060841689207131319797386231343434122243706238389711331000127739657790368181313313816676813060145653936274024973424 -1.77897506930384528554011417087886616020017707872809602122185993565678960194328529793532439571966799624620864238924679252045817515000465382533854138467236395795867111739126266797417e-05
1.49950496505717469901656761749726536775625908385940913883659681227651319838594162131293434658340923821795183051305452489507154541046381565006360698628400200184440417150223702174054 -4.31747010963737365415407691352510192240758856982513486946394690408049214819698019350883790117913252107208858438792776421480155290307839737034525789850968415355213244661775802786017e-26
1.50007727903571663401316154767424403338730152945262553785411409927236159677819426107930048681119789601538530210331694970494169139294287035839145015016991263089867120639226531433693 1.79275341875761271924634804655846553978598769325622067710744908831906833139809269847752778118334613413849964636564564228589268599482787312427033897882727627517866643412841046180823e-05
1.50007046175627867619569536550849900793786095791922141446330094345548095519973988206372672903714773798351117892478673923666166804490361368013775536994609303828884718071255661669236 -1.58217755175337298651744836004334875810960562359699349220593575216532023684443766747977269616797317474941233619076502860272592715263384481369808863742167560615715597743035849321343e-05
1.50007036923131730171949956109172601755198029330491243117225612791950854168296665507540949376172580562061690254806415830140209997831984201103421966914107943363793615289503991773176 1.58766447664936993026570115404856883769157724930363918856543209001778498393823915824299275888641174358724829263761297415492297724410721575439905869373581716852040371679009659667513e-05
1.50006428599843328547904349130734693622470759368662195827512645170807294161946253727991776123406362476374272985821683666563784824354955196582861012990207227781428562662209420685607 -1.40512472576794484753799990337511502161762191044247611705503060877329423354076327559069857639120925604521046786337302235679614180518702232718246321193509865313057639140185269977366e-05
1.50006396376909975519796742736219534185304147119585562843067767750906490647911205621285822696464265637708482862679592040919057138461196996532399718003992476003221887122566146741437 1.40334139885013522837640194746640253435749817861219060002173428900751629809215356292689182236043549223244912865944840453356974564233361839846832667529349992748928167075277998301917e-05
1.5000585596215337319067156199813905031955859216915602099210732415317286277406371377623868393453411482955231584372986183400172203865537615867607614869574920011046476628659505852387 -1.24583132455901897600510565443970633649155710155200920509926428152946504601757324978501791837530426579153353938194940220001573284395383262666192968471792303268580682586065079142376e-05
1.50005802541528462552594864444019198293170687349049371939872602874327840648794694318285006381035270273675592996098689485967223852910895992546683014246477556083455148421063872846169 1.23768307192762832491056599209218790314806043669741539331967650425176494562156221464322965623788579836144529094648499043512809532723310851348057448893529111861145850770901195799769e-05
1.5000532500771346555387424243109810965129143997440093541917545232873982050622957915208653720834948072823659630185208516253929103982075535245147145406498293747717318476844437825368 -1.10252914833737710996157913622379309335552862628264026481183092698321545976430765047743165530867441127496971684409299609233641994613182416255776641066179089778915299544409220037227e-05
1.50005252025449859484766419846214408083265405813461505338772892306996298319106947386511736145633272455944546448407992350894968401666479359011589696697961604341085894897092790239313 1.0888209618127062584083632514379247196233533439039889202742779259611104275853940321572680185034053194054689161861705362191977974476978337013618475688304187197230428534281923787253e-05
1.50004832765269921357742585666732196163129725806086127685984933196284030657252061300906429459050668221245917282942725531146157846809795550222402602911307411690288850547523606083654 -9.73642144308836321833389283246836714927226936748681014800755119324195912818014047393209099290064675555710559911774431977085563849703836741130056172238179403535263464659183942726064e-06
1.50004741737177998899995383586064401150804063625145812312717348887567586873654485493164386872498556529273192375608127236423633078202707308035558029917312675317636837594083665584305 9.55092581284381168362200556434182775484396407218044788089236681968859073508415687578048808653025658887008910032385560602097179394402555756921113466529523078326155744235307689302193e-06
1.5000437652031550815464608112447601830337615822932772587512346871005912971686489914919170690092623938757565671535496812941158446639853949258834643533855816946766551054326488238283 -8.57764632319333007367097850618105399949171807544999047043173168210241189429855729701979428050743666759205303734147279189477252769728012291525270429000600510866748651403494051054002e-06
1.50004268857173860258051028153801217254173909950936471658929597315787718096137576367963215610249230965683026567953534743411576379914029828157275795172715656292591291565385177387059 8.35018451493299996087931767159003076257709366933904826527788297976269327471515411573578512843308466917584444468184687841294518476373319778755556772051913478407297147051175817035574e-06
1.50003953791231523753691291301137300219403223599499665601462924757871268982540821874559673885622357034347909356285308313808986684511369783064825344636990865005269427722355604626222 -7.53642269442851508644941567069057812382093752722368592042859239154079025026894446443306891342956991655904813877273982263870895021227441214834226367785936941978404394159153899472308e-06
1.50003830813022047631330272716145379337840017923834735550339004853261871169928714163825398414837380375443276667168657260456776421820550239616210867731869897853535939630137518618268 7.27282162969347829352996329268483102687711964215300498840665330702669238847945916011239396618721395632486202915685936354468108125828899602420659199297507953523309121744162743868835e-06
1.50003562308041754803043785610937061958552662458224157268926093465608930702791919789375916808241874996246005344918642349645944006831543372391549635355033134410010833860093439668024 -6.60155411153121631288699440648168184021867717762394410253830490807242909429991877384358075181987747895403935163078303028675896631304976015122459059179088098617388321776843166198975e-06
1.50003425257468093479679762147914250028035637263870131131327488714851741731413911811403823454559685610512466038820741384417687564938555770811101014400669642165196505754408093412625 6.30713256161880680602473953795654788989773000346701023439981333230277218112117396315056319132520300930719318628273205826663858276857207515442146867189673736520477798474995909431596e-06
1.50003199993466833406616104575175288691937856446586799956907597310597836024127231316728731211621493268077013260810073812359022697543451247811038399719661769249354851491398504265658 -5.76304584882599224411599278100348548839536171941489031236544377219731143118319961748149999611971003079417840238078910345275066051764384067207306436324301393284967561732758462991063e-06
1.5000305004901461804429193084204459923661653711185613197964781149391165479310053074743113435485046198152329024629060016172309001890974694525083780521426778154566095832364890274367 5.44272802240151234675958898753723139295678521841375373585030033868992179457306807109236218341458488551660468585096411264324379776442998923726318274332292146678594967840709554647083e-06
1.50002864946028339354496288579567717487090160266848479171739160124259749955025010851108525130523733577945697971316055784050846169817288905368865393873167618761461927053047035626903 -5.01197846541012852695005366615663645147863986292926540634461090704617026989024994144402751857836125750996538164437337971805311857562085998467304757844229990821624565006989896009802e-06
1.50002703234780196647886739760330178080830126395993621478946421886604184336117980863488205591065714659698959669917634383140514557744017743480336664417373750266642951898793278291978 4.67041840123105737577123232140342495742663429322391092239367459939838763167730996603664934253359086735915154066237845150826004758804129623368929761769769051667784525661051630263541e-06
1.50002555425021187970219891551339511695154720856578746357786909186338133790067261885092756073356712226279405236464227893272995210022264918737971011692855334810350830387963772209871 -4.34039843537811786962535861461349675159249450771983314063103824293949804521759546836611571419920682423371228612498460210355733909287233317954342808132615755302138227462148512640149e-06
1.50002383035147199489309832294729132918742205759409758198895299819182589698903295335741262713103880528663716869693109455696582621745513128711112992463502660214680676274018926936265 3.98213336686121881906343649194648023687551367820885433711401444935380641652158153710413114916294406435473730412796996279822737854468603378947535564440778072864128351907418574381535e-06
1.50002269837269108268446290560956478596179197414970623700129749642775276201095996720807990096975106555867672311811709835491718561651919574048063261205184143743017897427294879998355 -3.74122455502082474232443028915889186736500116629733083236733960237192498967490962014682923702463126064993284936501640068042267153494827506953860076239467794361829340370828978738074e-06
1.50002087828902898131454251079306040331964658197885306498007498174981450668716037545405714320727535179335517411736718716737243320729026041339565283762678691115299259924527696085878 3.37089202238460638310220873271622572455132464280943911509652744135736249278604738405222132490817716896256024292119131032514315107940640394486347737556922519113944863899462278560435e-06
1.50001816134962504489221430898764508055749106485731394925539864012365551654121521176763667552321369792678761031782910136276044366867129301989884747199708820422468232879612458249429 2.83084794587994399880698128476149013337829458402612079391430683620874372016580524631936099678990641901037950979705122016699353408389290188903776751426130076623702648418860486004712e-06
1.50002006725733111668836278497999037080013649009566597639739778246795424886951064986989026501551270024226130860969158770090523868708453171335564471631558206516831674940276627695053 -3.20816905750617236293045309170564040123269948953307325631330853624611205098135922055122790691874109434823053438028171991353911470548410716541739714168347218586133665035207493126318e-06
1.50001566580400852829933124356833948977751091238968828758899220927179192554664400658247414068524052798992281350875411493233451748877882070526131593494858706068117455873946077587195 2.35741857664402606991402384781378281120604446776767534172072644956119022361205690453738636408045318918909402229670170195943371894484183669745289684241333042826924463497588284017879e-06
1.50001764760299712325150477139901642850482129029211184837062535584378923666280187528471053612179228182753816115319041734076119259486131418392025072491176598976514052264837714895618 -2.73567165466256254525346734798245635386943180569350749459337771375075810578683989350187365251803935649607007821503721905811216045233111618613244966124252516318038187253154582325606e-06
1.50001337834947231858035205703134267774828568109702982815488179135684510985465924074261343092856439096999902239656316820648674491488731142065762663779600184334024912885156898233312 1.94738728623726153879617595881956428081452042817197463273619338480682533354442002794715037659733922505827450965182280100942047014318578929251985563882201531808376484003997098629996e-06
1.50001128497163909044282623015024949611778684769432879058067254827218024324568485555307650920766134123000252120673026100074611963081967216209651664593960108897252910936855658447811 1.59851287683693828210323443582592394569039915798554578492443635435429986033534154286204561888312658714885409151510292671616944686196720164350040789541243940353880935252939335143685e-06
1.50001542731448977144275481668662105341956717361299783443732261031900642131725247409461363435255462271503788807848192071739766370189072729054962782904677645793848875111765382880755 -2.3188413545702000286333093621566959193052056246504015532299989009464014793833758436593920502822178674774471537455629635396374662670774355688134488886808464873698444557435403439244e-06
1.50000936987891714371550765646788403905763896963881898669085929962377336764002375521583163411765948329993488122561048072082382771163307101920381230558853312082138706673024499679883 1.30783543479072583609394525784818688039681701490253401753420104090275347388745078593259550177904636667754715494333988866718469898354401712269385029190039351877920984450486505700583e-06
1.50001339547817358499420319208868194878407748340954630384353452425046953463154706307536421801290440783092460956344465420028174321552535859661450595484814320582109692544982373609683 -1.95339143511740940149773983989019986532881770795124849500999629799763099030007117229068588537499457242768219502427880137288075908248515398308446644902085393281244343199262239687534e-06
1.50000761628804288684341591849413140390658297512994991692877878341349028784564509112780290020697829790001808493209540860915140637148709458131498896657131994540898277867682691361373 1.06885731057008893717878117347968229765006065807555600877478337292059880455896556563545481409475306165617021273047688807422708739967123558007544575222336024410276943683889057068176e-06
1.50001154238150600897287996957077682428652933671990446452979609567958184412849520361538259336210047875150479203394948655844801459880578359104233850265875109812446729912855276231652 -1.63553357512966858432646247050976889272840082973487013179343749085576797499669213991712609935733924351987512728179647873463906685610030916023425401409586848404817025499239449981222e-06
1.50000600977734128371596124628489769230564410602224927877932399834368734613494489547678710729516128948486576817045811681445051675939895330342429165838140778184605729304348498437813 8.70373449772942340369729216343270553319071860396133522573950267841436626399661051992646868106644989416105522251892261721201884630019024483333738577643943322766131961931505113241437e-07
1.5000045406326700512871668998766614180295896002491755053328869140196760279135741421795908454495060885906625816137739988832522120968713679113058187113752693040038926332361622033159 6.9902698749414322802793810848194824575137606853032638372359632486241694503900283162210127882582747766137292111175053734733736998636410288636398868814147629196936973212560269274613e-07
1.50000985954936791253107123148674978100261819767930763448707797757570182415577830570132927625240356469463953826249074956663311433424034868327049825619760301407079449167220625843293 -1.36177341348170433184856764110250089980510116795231412775789272032932440315401516398472897275080047612151430673182858646947800568122996099634827084221388342688746032883503852154172e-06
1.50000320067647116805953263240704180878989270923932084739991215642124138124036115929468728866127715185343569756821584497861399106280246014734624968249237931233113327094268339969271 5.42445257329940233980096816711309299487744724034917799521048528329116574780095975552005131059560728365463545934153699714043988331952314669948307504984864890340343071711575712672657e-07
1.50000833969426274075565056236442753267225437522628386906366267038883501729018566438336134532791549904976459254517307858182888327622917535564096917371197312664793799561808419412544 -1.12856042874859511822597714961627258437013402355974628486565560799413258925522474451700714037966965895473950377939716812795438074268952867204537427869180332318584361851185380131467e-06
1.50000196816528519835680264726193525510197674495926307320537413177195065770553527990842299754883434092109977536100927916186078003075159764330042520830515116324252138411032647471523 3.87711123082704817353973799317152927610780819887230373572404455951736933723388345930437601074607457056152923540958504450989479988551785267371834741689909068044363473236336253997344e-07
1.50000697640608731474883327156674139387607515429335835401453049109191233598239801585082513941680354959763135559039224624304246154779399509627798166984076457988870222720769408332122 -9.31863512329403054838038487598307081689965450765974329698905069433452011075888708455378512021169382142717781489200119696208014230880790396858746616319891193473489328436937545985802e-07
1.50000576350779668471342142473853648168549059849418229796799503720607262874715002782139422850757100638364031905985945085877682193146793490948403816749005386525425702325947397572071 -7.66948543369434577937866257220415504277714429934369856823448917808610202232673925102789552246340329388202122190258873390329714474561697319776987480487818836045284611706948165518428e-07
1.50000469433815811227717462643042290109252959280394981366086402152917749748912470982898758924901387967050802655753102852570317849087839560829903232294315196976768680308150908289 -6.28642238095884302252510703073579265976297579326735317855438856384899357711483334835388387803258864758781056454220885400104335352284428833964096749258864794047372537984635848648664e-07
1.5000037614046431688068627229292656459444470326949177563024503528273899482023479452628083046185395628542436034494859176239605097125276760502032221174773092488175888992832878888404 -5.11979973495018005760245292790209329020823695005187888713252180029913791038270662410593770779609686501219740955197240021478255131639801383178237141513604765054828703328827224266962e-07
1.50000295653307230938996263868537672931572670865127131760200918617565982556172883215829499044362633359386691803254841824254556495714525483695697753187142398672366165860002537843673 -4.12792179383905733832194879007040493965619778826131790450692426151077519577705830350915616309202728482836555252157277237972331335073393416762137936636166555952135579699581826701341e-07
1.50000227123309957739850903044154511341724584926924444843622572658759931830087067167131505617523601931643957360745380034425642554213584987217916923189951498304044224375858896260012 -3.27933825852767430798563006584429018160384398971268396722456288129607280722432434196797292372463076646447943708335318298524500209998639122813912075692481866252388366539924721764699e-07
1.50000169697119298551469004384004637727618466245470127132713141524961474296614000896023363137148661458888040068840346878678519258547439725111579756784006353756037562238508614891093 -2.55205962792638095872422604952407284382829522387184118605244640032702641085680826788601877535903160893349637207427368712427430693089409238607239432084696268662069702117174854825297e-07
1.50000122524341747424587742107764403627139200213924691340723421145151212254732004036900805260642687699133777305973523982237963418752160180640358312505838347560703037800502619847628 -1.93149349820071799250434922355769362850886916050173874672901893581672260216505167967985586475836100851396549511369590000848709535234878935592595363620610559107073655998085239499355e-07
1.5000008474791328119634496398127957100260670586401104981452722234329276871527009657762442240062545539973824750696204224810420537576920269653658511478738977542384378086793313102064 -1.40831905197824309470592080676412613617103684444656628078004603379975555324359026934686004649895679745258306061706936187788507128351857136536914579515667643587486798966205775723641e-07
1.50000055483685478831499501421479069095907489420438686182789612010897685395865005550169907216875688185226842055627702246562904247507900396299331598665970668389777430934202657059205 -9.76677905900419088305898788653542073549818670607743448102165922366617464655176652855844840702363926284661059094672657039661027731712017305545751531342449801355493979160784410035659e-08
1.50000033794272494743140888404015457969897387191273026051395952487701482525226359732917629397057348603384090795982895224106196247497638921312302578595226482453435729359319201533478 -6.32594191387317342579767088333439191358118206272715942477391925241621962192285584067820462727144165938477369057531950840259048633352095395595355270460027272771365455520503595016315e-08
1.5000001866196929394490194689744453824403267733984429078884374712382510180295364649075903833723728767432018248224032841613489284411191833076884920064181638677272648002150693913528 -3.72378146459736250963609368359400402235562057595413853364493897907224911669414062713823873342122092728212705987166307644464364444805119085915620141856574418106111654475151861208983e-08
1.50000008968198126923696404775098487451779196843818370708288174219498164784728935174141273438762726244998379567776603257016541471555307556059936248160780650805300733436737955096344 -1.90790828759298548379598080546188844604805886593516545102433936982846756931688088448438955026347318747151687074926465963167036088639770623004105291788271775098087646795380129368754e-08
1.50000003493131417861044495458018908368833732493907974642135890087754250321057282181220620481161493952907621535100959341902123064580963818387578134913830789215216771024740061409965 -7.89834726695212906709094726586194724738881523726372973483260557489556521928130321490158706101575000253161091539722577314347812890765258914398833851982207971704450107437014800583679e-09
1.50000000957240010740690154620891135647679202713098233533383477867723099287316550588436401365568746467339032522968727012952016595015293060018883475812070603914171977495374392133783 -2.28286180553845679314830524309004787771773734994737232725279892413322338194890065563925103078118480975650895074242465872099500716914294463047423604097527769747593072602579755743579e-09
1.50000000001619998353500031819696998207316537101930240374749167157910548855000535843857039365191857674732789084161341041753713301658357005730196575749761599222073080534323653641492 -4.1100586305072825021457563100708000481835657185104303965786001255774049818196831503151801283296169998415853923424289862573608321834280609477161034932084739914879499581974142014544e-12
1.50000000128713653954293240394935817194814841890023639431522839189039569320143558715007293218550738111948921480639706228283179868706272195028029581116217006222042378908311070254327 -3.19533762507852956018840799294173880963033338190439610731636982387750059132616111014013636074048840145619387772307918333702297928874057881524276505465228479282248690813862701710558e-10
1.49952147672132271177748885855643309747811726785750536035417164312979082594160170226942057597798961768408145946568094608489896689493859495420070789754094060940287196952224697799993 -4.12145409225768969094842911100422430701670641716994235120711242513941908311003109103351459660818829863416497845256879889380367203562623553268950869932844290835953726768189263730155e-26
1.4995371764774196809889901091793891537299072508172706448200862327871202716886823378009806834665416306117395697292416718552213731294968439245639297786365518286676074037118097823868 -3.93680390797236385329550532060119031855049895979984196115501944100742717821707173485874283672117395456428179338866699984627453275358678653917471059217651334227386582026220849967539e-26
1.49955211665692871726467820227934475108328124372221554861896991630237132242002291751669250545196302232761435077064122382773351467454766333260998831519136663687167430959864162496853 -3.76273239134788266822782086638502299960534053071175656562068702611698256901972693570622581005602899626113088018357351306611173469542342099711308122900152849239148207368216160862171e-26
1.50000522900031486886130082212596506171206743926347927408038697431066365606098004542052207760711180342699927915007116017581773644728653670994244902245256030886752493000274721616747 7.17860950669752373691760725185212165076262698318107185398735756726803563425986403704788183563135149438578254161988600688777198233193058902965856179025743576875051791412315746660157e-06
1.49956634544504804886614251141378609110954560653182302199789988023760548449208838424476176251716970503180894923871892471133766074959487692081449104368680385991055558892464910833952 -3.59851224932592909543991130721174904937207246309645601548725478333370589759953237811554247876409148808662154049782642093932255569359694413095935338057949960824161582896888886053304e-26
1.4995799072684888354990043589577973920141319761711368247763349321121735202941197924667223053133852633030055366048794453901474655435358984403519857886272441501840352028849641774627 -3.44346858440794360079371641838205272543378470136883159766174403255467856527252219791878482411244294474922374477401830249534112204456199164750924259484999041069197741044392537796605e-26
1.49959284314162126529097147248932145033089858730615175772155642393465710065447902728241293877532212498211398339964284447101434038434717348746880920830972418130331653421522193469422 -3.29696933596911629820103076318847041546377019271063733478688248613137249187697103311122615671617916852414798955017992339916643551451569881977168081111320864061479200928760034233471e-26
1.50000085847332841590600220889437709590820746202801050910849017641201945889528069601431890186773838857878575710349950639758045972418263278759646758679717901104534586328174237565782 1.46664732322184130910978109900212165628172626423917729140052815343222692769285374760193658748607619162921153491221005097114783787142970139924117944461545007827385567307264451875864e-05
1.49960519097601630022966127450762172704644401463957934775175673834848772675458967306982883813440045431393679009414324667975343183098557050875911440732496079013393115929686947530521 -3.15841082996996826345930877568279193009456908434766366739882980872562015546006966071871806774640784970717316393590277749658013536091812649530268137130871340345738022106254187249494e-26
1.49961698585773807475705203423475136002804602759545840945660871331947026465840577581833079985623024368426880540306759162493849238367494154161700611350244328090750966138282231253999 -3.02719278496353320940831779983992424613120693677242866783260171711288633582680319329114672706162055027550210281081044602298864276555942222703010384562600511269844337744739913307829e-26
1.49962826029616797494662975842468298503238087395793969434573660310731491178269751708634162644628048837264318107360526224077249237136842600621885260314862806057495217718375034692687 -2.90267151886880497838465773329140649071598712308105132122377369385562380238525905009953750487819821581821809574112199425640234070858552226557749682379209722545337674748715183223373e-26
1.49963904444765023489315803481601734242200384330432388207253490936056724864908916003052393297747478235849140017131087037340663200586477379018025638643731600804970340299677082087128 -2.78406919890435812315956271089409664953555893105307969402043088457491725720148991962604617365009788988459265920912273793628890079140221128403715044520032501625670960742507410716703e-26
1.49999301926622987257239080006234547657730942721645700958242055592116682296489523728409266729706915116239668971140070395542149333667385900751601510926429152513007719491233097622125 2.0502613342373412213251415749891748982001179308645753385368683494272052354753321519597625323208472428208470202582821562713115947167788740900320847181118204933602884469732429506497e-05
1.49964936631682754310476525012547403481896854504390025791171844206583639405857209981256786129595921761680173860128186496271689835855749231379371873405760251822670416260608749228495 -2.67029602751886747344623420018040575496639945248387597966964140054978827733004138215713987391966492912566520403111671796968416825705001948274492307155286524704891047474039561743027e-26
1.49965925193817288930562911718133300715606733905604371733418716544450926582047796864910836666794786401872213913213175605491282880101419333136491045325833877171934944875174187196789 -2.55960246939449232873678481384611335062802715198982229891161412153301258965797722403697499289690291889001601951500843875015879752015681681214872765210009322885990660946087900060415e-26
1.49966872553991171965981350858960887450642920665917889457524864501524459578218307172515436304461983384917061419442841005513181353533458289107029189590352758109017578529127529446544 -2.44890389270178405997482542722715081462016094106319178444037059852232224591219325671636601251257363916762766397371499238485747940355479990212366965180429170422180941530702390002033e-26
1.4996778096922588928332914002693806963938823262337445866460107720205187861111923790098449973710567249720511605260088690595302023734245695339077714315987570376477350622359863837977 -2.33248109990679221037454596726981344216097082006232872622911756568417953485728932603996646028227100716223661072938564273302929011921389489336788292638498347050811013118224412171234e-26
1.49968652544166163924209023262874553291910366357967574020956948216663676632161455350608585443888275422253784320872043481305116815483768596525645306222723366094335157962249450865978 -2.19950462889128920644646878583213195295916487503824537670645046937454751721415748031622658185025592377343201984754257387818106977544978475571923324042540007171873530233718247547994e-26
1.49969489243253742306368707011714511723209125841046913237673634763561538914177089250762200668010195822074573830976491157286803410598671763119196538166773987327512305990152870710921 -2.02936480613509201135990701260919545012762633605733624212810620479409128690552222155428015397369106644801768794062592029581390246566836765871531516437344183215879044960598433026399e-26
1.49998294215124443214269701486900312616379072035686526919926690343101097794607243010009049754370949339813366826822994516510762957757161521655514445823817345706193533163099217862049 2.40364818059301024123854526840100567561232670190803846548974298451252360448181208021493006087043369962067244833409069044877606093631884217729770527839583007405011522307036620651181e-05
1.49970292901781982532812979557115386702717992133582247114644474587298482509423347689865889870274424932270050472130246205805601963308131087337239726638879892853690766188595204626232 -1.7829479047648536605902182687298907870658217001470835810370956467674832764936188836914202675663891094931970952072498905142929671000980261304819124489884559873031603750867897312903e-26
1.49971065235947253352218896010588628279165128697758547542231731244401345009781976809769967142436271051363320958751512979188530930100127395222730604447407284442635815555871297315546 -1.38649135336398988183480453706153896890374404032188205512136332209366618302200463695050554928923815048724413473094722226902373949853370233041584063937698467191970710416805055267782e-26
1.49971807851999804331663217036727068593971945032240152499778076493633450851275703250705327376917597380290886303941627371115588904721670429506128145032171748617145222178992233207033 -7.01972990306976512869850835299150037830411853823697098845407367003622174384405440420202071328771990589829119817004774085346095714193382900945744745405795449572570286770017847658756e-27
1.49972522254585103915701304270742491294374943191769646572133435317600019899750951122401132235415709652041178860464232490217979972707425904174399911522173587094109684414128631353298 5.26731363483466515116864494561692543938331486947720934546381048467787544763640913324401113742088337314742365934757447659808550520865093198169432846712242382519157434006759124934806e-27
1.4997320985435643155077698372725856489259296176906878695554447708536842261700155179019292034710559796879481114316239591279389828393004152196928020213040071774029674370379213157189 2.77094830815896898217545510825106971612109299427164185199003288659674812103116098379709213074453834070526928851815586139430105484072484107196481441075271224935814825530309570895509e-26
1.4997387197493055628404692052502151753691212013428474398061420162763467619020897728737746433930907357918899156150647551345593288667974636961687022956128177519512547195337221083157 6.89094513475720931225072367899976808218757491295026445120814592516346367650925339634775059120740312624914007374519434485234504422169454033762782797818920778837454091345707417892591e-26
1.49974509859250469199464699356348027114285739637218461164047247062950967549479071770158248994382731933471117768701776171703364247163064063169377637208377803190571088411887732715486 1.44444604444118635136106898614902440583013202445744151915212465144036784479294143055163359548058001416867184413326550065961968011073706935232450184450392742633513024911090851845107e-25
1.49997186249399492380928940081120784704969966001125456178646567150212161206726770887340248101451967070741843875204164128362078998353492530420711198852450482043473765987567409696734 2.49576035253698316729240964196536505829781524868921055496662932754471083427784959545833358773854443543577793220502122229970673906341938722197576996457856800201538643500972676257458e-05
1.49975124675412216925198952225223795118357230411480434843093772087071840638646080757263916999957890353573995140225142992782178198588027661511729306762826802787248908713796342211362 2.82306715197390694062162979658566238059462147082618774789362730370894762320189887245326240405270698375167405633732848271425607243231036244473692197437316597825379449227623203113105e-25
1.49975717522006784895762732840632065565444859990956517610787129914415365959540475339573872609165128845553425231217089566740605530169168260431304521193891314880223900909966490761258 5.32426748621554329933382558395471297326081099383812862388396201655907057315266338477817337678251317953563523762166693035766366488694712838541736183811509713282152787789846077006784e-25
1.49976289433022596089739056467744479443210271703059672088525566360885306762413824819040658122418323243941710682939618653525541039707694777896314281675478970242520444737440788642559 9.83243188646679877556706245644451107916407085700535530259930140355843882827571830371091711528964465222675032546917238823078089041333202782452527645986011859937204274370183291025545e-25
1.49976841382349432337256777652377164817533150392260427498032617809465343349351107897715790077511632251258975815979486498720462595304019625595813917692281292787325484718447916425362 1.79034151999181746864371000316037565585436170250280863812753002819372770391534926306691936506818808431203133425643524470018402173520079719649759662971098431916360022411623623563099e-24
1.49977374287920372291783184463546144728662922599846529012794837170622248262500210032315103033434315820115430092467273501120589012771246949302529569857733675738229648050765982635441 3.22566212158920355363298112107166075458471720565579394417501863211104248481383531451212195083403959753297865608157131274971402592359743523824430539833589144526066894434628381925439e-24
1.4997788901552460477746172168493450567148716989299533045133344639396034612784284106897442530350603733981713578117940914427577992627525246483399666398779424976561475475456755573502 5.76156260392101264702673034548903753943416412494186423285424310978573794880058802585045485389384241328647117703921229634145763949471205315103787612578893483683581200753384784049924e-24
1.49978386382320659586071101135747819174921018642596593672411184192458668022947033769556686482283403526969762201204057923083136767277834211205022566857388676534881272808892402336753 1.02136329784341771744652579062067316044612612913915910819623302895906879244076600758036389857135458497053528342864400964389925386110431977980739215472246380720612847681852536796282e-23
1.49978867160076648861801861261590585220841442286405294374844837697888277780415351383360169385815775861888037064845618423768844051837055562985464879881763350021023653801359662452725 1.79820516045399282985553278821539345021540514786276558110318404035901691212592759859683948520999628107657957363805764615559685950188088788734234009802127023063293460636817979689101e-23
1.49979332078161486643623973671641166247585367706063916558743285731938327674328328319294713925517415168852146189079533260598783620110898627275664565926339457798916743995523901781544 3.14574233015197307935972497227652167614720542591939226621075683128718490410516499035994952733670121211902663153409242401044375478817100264592675969587594550325337489999633219155125e-23
1.49996097169466859767674699308296579866028011130023539611655189027232533775283382118738672668176771140484901173187100828185885395469936837977886474387731920171497409491227287098151 2.32886673884677277511065638556284751305930351845027974369455179086278532832357422284218177657990010901096602270848026625667639280094855551541351747221883582945011520497541536258024e-05
1.49979781826308713366181621541329779558624685320281311462397365659156489348184156307264455943771426583420261956211850034372865722815133874905006546017263391542931408176258248810517 5.46999129843898092083663256824054541464112549766502495386366107434738036328452870151336280114368370786527275118441953059355593505886721104914733323141461508368592186847764332055354e-23
1.49980217057172462545572288731145024446238985120865333111704216039443301140590191023702820306616683772886922238259095024914519458882886149394217112409942181843682733918721325523622 9.4570494072445646325574597573129704440150559893679698196563938741541148754374852479034008678465478223009645303229861352416616220518145081755997879458674249620587802454862676880752e-23
1.49980638388693239169102136446964725569365451046676694859195436267527018709535832290911323799970767303349951724317519431896100582880830131244107972382411360921793478648181352907733 1.62607024149216432619026220021617851157543113750377162133988632322460053425516521553403271520555400882675035420059107716478001929159681709995493386189470684932474033961583606680333e-22
1.4998104640628950783590856686340469874720518370269974719377498547083269289329806337678223496719820062205064784103001449698486923761620369607870125235722093006360348399422132256969 2.78122508988425622052408989883562099131899334795454856522304159981985609977244161609073090145800161431640838385596180066990666742853408022079711997909773430477173714075634235154944e-22
1.49981441664889591021798803580405442499289464651050120577416424657675532476037967339692019783678724652469685584622534725404503183824891993745074303527008938627068725444714001071661 4.73301288691890588511577361427916449198450129528497650757116020696109879409353542848084391326400034356483872317502710834562478669334784051635467139372714501319840961871480197498885e-22
1.49981824690817034299124924725446358164475928852025283544189154214142605670179697853165668795656060411900095100357635169182445909381632162444660977761431571322764046259066226251075 8.01549512856722253275832339269018036990259866821457141657614632778813155894226878118108469430950695021820329929609486666251008267734740846613819994734493588519393181684895072622587e-22
1.49982195983541388665850286447333475637393611526172736600331748784485293851818557654388798035039312662005824224683373178272746878421518832806873323280920747482959391389726693218709 1.35112821447084270041724325842186495300900776465560752077621223882402954430358133680929109463970685644282373083745603304960081675925414766592472882813348049050505665371357730984123e-21
1.49982556017305275149874586052133092215066949891116353710670170874593209749601466993205317724945220857372944333896118221658686406212888957358890478907236749321812535292502208276105 2.26733365396193937285261144877005926524291104020252627306519167556564215914376183322576029415054108937226879280018835905744632314817726448352495578517316644833315884087676849580123e-21
1.49982905242637620195043491912534262137977638178835829369744378982829802282486703589010045928417435421742743729249009791921176021610156708971575867083906705242554036438135923244434 3.78846459712997739885339750882881165376319661787837185719254314924698170054988546226921383090284083987121981203363253328358624439658206330673653583948950493974881268651455805644943e-21
1.49983244087762070227799713212226760698869956772896665039345764233257128524116262085052999116189409651600734370570064959459795480499326550842060686479322308189065296609135854859576 6.30396330890139822485098116987748968405482412586037677797411202455812722104908843066092950106835868248994058026809838750584181108001522963112903000980268931388813655759935542994575e-21
1.4998357295990879985435341448793537624479112449213404268054941476449205584456389250241291808875000730975680843482803933869137180573144570379886482945751951491820317103376822366676 1.04481203276747739544399961710056658224451869387112725465298372315995599196491077054130534634923473984673664532266384185811346683419052687364341692898947957675623596724925796459035e-20
1.49995132486721990595478901919536175286598876613341535631571000736029529369016208377316627010373729822704314612964187258581065373854693969784316995816182133090905909235025980093286 1.93109972375913937070439587154016893333418208973432479864775411217809408130908782826939964551417327932157091964256346929432261956922895038561267402885261505352607602582101749385792e-05
1.49983892246537211162200385330850384372218617278116284340621481191016578877974028210408504874881777897903508477411933073149877723549836697054850968157427074318097207906727807815604 1.72506700831531629676259426947278554332272874864539937262911545292512853743526755040346840789752077612713794734184001104923414934260172491539340540616815600267277475798120402954989e-20
1.49984202316476373469157071545115168137538272091684988242502242634232730580934885591625852850091338721274616874486593146456852043740979856140873678335683905516632898657300194902538 2.83781699284742686389986017609590474511891966198947942928605319210246960168537550545072674439017877884822019899740576753937428143452861745387496997481279007678386050987694141429766e-20
1.49984503520989466377235540489981139081601942977800825844560061718737023416306181238525923431664263209392272419249435801535286529908200673264814679726290027575670568320477857200941 4.6519910996989738835133420504090349170451137345862984824298814758006854355322851264477049240977156686981013995296468005367441601202310806688785316203629526699341706852121108001118e-20
1.49984796194767957760688476578697791671030859665055238996924685543365182372464273232578033156798830386835280843824644233107073638439087602814282998900327301989711111714259363283597 7.60034307161229417008759012621226731501559351268579939581311603739628623643029535522137699825077318785514335460773771386414702982978029904027229907997883459510989972671479394650514e-20
1.49985080656860766675432129278031701268198336804270652191831085397011801627501736050068581052625224759152695298719612712955184034987130998207591044919590852434513316300547321017212 1.23774025442782530515964789481506569650078213216010700496572877624103765091397477441814339301418724886350611936570452882207022418758136667577222745693037871434333229029533456611902e-19
1.49985357211543224077916662042280335867002441087197561265599017081178215053469203128953293958743334843289038370640655796968204449989780509044491713186026659322743392259407961592066 2.00950236246285671293134469666271659078509183789022970614881469763915060853600060085300752902660455938853515702954932429955586865848952987882263662607374362635574777783734295600519e-19
1.49985626149130247196688948109829844313085417195699933418153087816316040942850917853152006224230565279437308549588440635562936079486984788407499226416529765721764176447762449180942 3.25289112345543582920473564879538484842145450319746254413006520299071525323975400082143539955131444549715538043360200577002607635543699689551440113319756539562540178528147750066363e-19
1.49985887746737782409560957125073504063667609058258785749122391016401095583943487814115667945317046809468111775682542778812240774938225548238725547672298501460670925369465980438145 5.25086163460679467236469687229464965308226100485612973046659620843438409089427810251301576295283068525397899412665529600545990101051361949472774891151556770169033275742440723602253e-19
1.49986142268996242975341075950602837226388776782221270650552703975197562336765684745096071163293882290195620351033939145902741093834354315398664318750484850141867747935076851613887 8.45334362425382749965132422285498304962567847097219266702593250094407537755647766704558848129859113577730873834226990845931823986514798730564217439152049117418918343332477325040324e-19
1.49986389968719368765079285906335591377007313586654401604471803758789631421011250545026504740026821336727979559426580864349927781795644045862800890302073338577482323510632617091097 1.35743532919057506043455346284073759584323871509231427576328719215705530543471752649909975213101454997040455092324850999287610297245852135607674548088164568906808384316940315531254e-18
1.4998663108753166238515097375229905955806965525151529007684622335651204718337845390499377799588159395421752469660291382478725244440054768080907341589884231181802555553365106009321 2.17448904983857086359104315376349633908153378000172905448399253145218955948230016692241067853934343853021653868588350517775846968398538605757648238589996157671945166576033999668596e-18
1.49986865856457307234086311639026507251159071444337395970240001725117676461032501787997307624259757312430045878723758469310506855534954961141093136864581464776258205293728886644838 3.47533454233252517576546165162396627987809112665352778075014665221022657854981468537891063961875109812694456685367281551867808185139086849480132736931190625688680623441672081374813e-18
1.49987094496473245803279559302608068615533742857220010981958872872823495407286255285665852196588571610087176673258336792262978409486098560979711370832651902669405108007681776840461 5.5423041791382214867761555471287906123863642088069581813672987107776476634331252935826524023716492166440734986661057288242219016902947574869425235511226039943038351887906271641183e-18
1.49987317219028888870912096585818418131104730701017993832638087402081663901698364348738386995859347288852941040099439527185040164224594982005584067260855919419490582225669683791971 8.8204497835307344772264137334041126887530649572680027191581344701186415559290774880779567553131193131677394585672811238881906372134001705735125721674659258407451885006776649474887e-18
1.49994377874894602431825013618765782731797133310316892743285485719528878840735023555427445918454935412464936518701795478903988638176735028764432709942095159411155649594503575800489 1.34828398176690835828030766760802597107705347098035086376703729758904794657796382576737622637721551506889074228244894109431629637034653560229132336970017620827910619764412245442134e-05
1.499875342265347363106399267918693299028237888988655976917034048012161307255808984453329152628586440342083646837393482578021461245193318040306660646167608211452221836430249855616 1.40103619447781677405234387024127496166052108520496009633969900328685583900101294390833863356733334092631407149220027359332649125965079221144351212960026357440876428708534862062936e-17
1.49987745712822016390520715835779517072385692881009577313837384100058219826079996522746822415115559464247593798909520067402229330983649505801911168340629261447092102424991540717679 2.22135132029510428008620745512399001657166469669716351077844411775229130168227323779154475215488774091918192183558969987571721609977410477996495039721061229913471772240900653251397e-17
1.49987951863575291188253238321512195231896067056868567400895947471904660206850484250458027170085032432402232404920252950940090009693204864761166881250659643474071332192971624991624 3.51596808483796890895786991053011644314797765134052107922323264157874508363748226638058113112749727661773833439571580264050637620706992797616495936400565794516427610117444930390145e-17
1.49988152856739829759313263628652975049113441678970233136982184473479352500203936479916680910917237304283448071265941462305327227348925340893638861519665420546418188337784547838884 5.55625848700362932727618882962749466386135386150067385369327371564029899487933517725703827654239297601876517238055904182032418238750149927880040762413619693892051686133199758674268e-17
1.4998834886290541676057495315158902858748104676520171398199526761043141038717165344504806978029612706028872259705174684322586228457343129920590054623659150508627970633182858088706 8.76757519904440652411953127220831060944049184656326455511047827370460170732744070934985027328159957094572264709495667799442217982015886674299752198076333589657256456680231844888568e-17
1.49988540045668141267302711687611818830958298665829054509826696373207124943026125477252345651550718606941009368088722918345871928609855496981330776366526467511288091308861372210917 1.3816101001591773680783160337608130816727445174798027098773258128101477319533045114773158974534513801763670653635891078434167518748799439919181209178514714551647203514649092012859e-16
1.49988726561971597545452657832359033293051436717928446899161070254468432009949359303611253795397066943306072335506255998994629425896018794946093394396216551931096129382969705684632 2.17445097579610103414661508880804172846909454490648102074710095360234652195571274868059695172166090651935728510933708262319965938941287495395917109754148702421111435216395850260159e-16
1.49988908562428825667998410561866791254616461155015058995974142611765344885770306175295071662928765312611501874958033526562951023583000391479149896669432652299968097313226692917872 3.41838435180598016367911075724753005831128518994857361296969893470734720648818549044329223375977042549017807576090997664215597375722791021579087359063052740063928394626559029118183e-16
1.4998908619162622429195480850737822424280950075324211634068297657195953764469024466904225235963364718549115998204930509750403648273959967843241003253468914536720746701560516840941 5.3684419617602037792833686835866121840866413906085328182425796208128588922513558531491625707001938878475543289815197314196233092709419038509644178961185511176251124835073414437138e-16
1.49989259588410579915873509725066606126900711596238250039934361529193089636524703825394737611172717005032119814723170716732497770528704151754493478972829830738465355269754635213117 8.4232690904916531833752364959760546558890788991287988525414863741845976040971663984116530883733285501721481488648479120856065022547495776942763879103067452859213145788893530387967e-16
1.49989428886160275857078189061949068011047225914344891666936974226334740466463132147638668375548661973657899465092464754980871123363044825517887878534350837129164281512678899499904 1.3205873621382519856769420018264828321033056281652104385767411873158384970744238383699380079440133344537275305507728074360130952164663015378870503740369152897352583783093596174577e-15
1.49989594213041669424722503833339133391290701123093581922977636346380662589560769922574465812384984590561332478152035078980503712584716821452973341905934429358249607454734339204244 2.06898237815840668222341333766812401344711949038907831916068687320374542526523628331766664326345333275362341114715503057459237948204829367775106211737176430737011142123467700480195e-15
1.49989755692251556772190390678674441123167520874023086830725906478974665541153567465246327110473629770873320217109535847561844805690316052076539899552667338390091373671898152947857 3.23965670525846208291873686886357688619096313023961298453508476028077430149200674505516196691974637350745324444392558612511406865855673834929090849451562742767485537769234135258787e-15
1.49989913442246581188719422006168048605000840165844289557267947612542433010528158000775974690532947455592150444899678686738213413151606628689756082032037655567723396032047562472626 5.07041341520635303432855189495879520284909128683975522902262853242069524394123606935438286057080054219088507515693123164571312088752594798918500908930873969949229075903287383601345e-15
1.49990067576960381670739981680068649285314473705425790509396983270202666713192586423285593850661715043788395594232513537277261159691184456933144029835195773827107656954470998216139 7.93304494440038697007551490999459004058217926224444104122747570427551633001107654922096232186995637138793991043896133305442391595989071400368421349600385051730955070289163574322786e-15
1.49994794624827254215237915723220326798735050580333691965453437058512707292812221036347108684729410424041797576466172567182812228268825851468782594225291450342241439497981369451554 -1.36061139283082071779235425361838556117756005189357696537665439081198611756486559772429276736160783732151089719267720174661211617759607955762473170272219570291746914130228498820579e-06
1.49990218206009224061168725300218264654238568490085499993967168473140215620107175015665459604114087390851974933777192522654753571479751522952524427087675018469096611494261223199869 1.24090643217525581391213350077774337245069168919937085743913913871482902870451947582419882757670902653819972524424325116443686620824391359654320702893028979030903338622966320222128e-14
1.49994735789748163668937685069102174095167682725427988553145403133311263528828110857311975397877821956167520328548998864024376549167155418537900578908754689774550948118253758817453 -1.20269831778039926584665175061948221165410572795339891538492960363009203534645131216883193237011714107651517738272098343434658738643544675005355149487657492065472059837033301259649e-06
1.49994676032726261129806587472670983704035585877244453796609940755680853263924333503765117375143843312717906285768900877872980551523574010331690215368817036567531575742360117065869 -1.08257076566011828618190556187132224006741280492926945914793848745367068952692563451484291829016920298267313360548926120168779761817083149312916293872414014400787173118459842480308e-06
1.49993895987991511869141266332292525546151435275527815529892020783302632076221018037052259425973962574184968204377360557949560288727877068325220838443379239553085380276223664643755 6.37153796608498364490486554241271619214069231660564346861464535026249107044125975950119417663381755204075301447697831923410394635383297224345232837828595213121320410599824640894579e-06
1.49994615356407872547088827315963216921477061926360005116149733252508424034146363853778021881359635566571214816592104059442614262176460048584739760375989347409524858720848145015 -9.8064608414978450375603069374555860232154227270191495097362779992856200315185972988153412856294431654168547968029487837608932383495035225124566381565320767966472768384662321024897e-07
1.49994553719584187726928911119906219222868412070127729343097827229691612406523453546174489649419581774542020468071456353309180210202981906679489669057749960160402938029751665316345 -8.89363812928772837600128639491965073414230500067441118613338338951418803859889309127002501146124394408337177298607946064793664381794347079461627651665070459828871016329018855282438e-07
1.49990365434886806437862501328488906675701555864796158199612798741367288889105109518750895225840547331833990551060271108823354976094088125374812898105768246549254528288410068187287 1.94084853259188555299711659723051505203201028727413305860715239195227314890125572299015842044187332532289666944744381835639380782658607424216234521186958306714284356761962997734691e-14
1.49990509365148883346369816179531369416338547990599232060776471747259362475464153945734264041211711513654465733191924356775609142884489876646357528492155038528738148017766207310397 3.03563266651215738340115599064588891722569353054939593352945637848745452613066486816226150960691210393766770397625080730117301377473421776922562594068840351913857899776300631981174e-14
1.49994491083964988395486467286268741943727467900080401323280075161151305785703735138500304685449464674886185667758965537857751576264946294992651399540032199992895462667764744937783 -8.04916765979676862397552987091944355382387067693672665765732487251543933929373412168568506752426922103344983216294005707777984604983052854968274072719371210306482573651591685178512e-07
1.49994427416307363387733504051118931204150082953545766027286225273097510467395176253486369691303269710258220641559826291687166918951019032396364650105317659268315572176118195706961 -7.2507407205162146053581427770402383780783170968124010972070726361642600111386995389281311798312159247826172109917064716928181215317589473929236643912654095664711221813621173310602e-07
1.49990650094588309453774810898577095944030381072073493263584217894343959233726688780832521791320751472231592532871006110503563387141967590476867961469539254160529586333534696815001 4.74858129246540080250513240241981646715263876193411249798889579636208659322272263009141533031447927668487183824213492458229999096692003650732188115880206297270108695163558922512867e-14
1.49994362687872792814418402266673923525644117491265749427825538589235488014052338440557758920849129685894438235612599833425056543582001677670495681521155623620560918204812704826397 -6.48386718352149051965030389444490933096847514366360660007900720240474970259648189537993483858822647755725162754759546893114114130103570872409223442776706484673007143618087689559319e-07
1.49990787717401061725343027078690229710308221319060957389888435980966156704665506365405758586345509943712223994174010553919694443814026666735306437830603134080654714247326297182347 7.4299937862585324080372872024965774717227111127231146315471288663331483096719528263655418700047697934015362329765022063652068893948826795174213203374803872772860001280663033148563e-14
1.49994296875090713965799357464075274298706518779524467787338156498377167013085491410387364696704962740421066450189263456799545686286491854137881338068776974811849077018459198442242 -5.7383246265309895161053268522885717423916080076222575692813765932932772088399563316958780677989880761560629642719845367401227786057459936218168638869062730343042579961562930185321e-07
1.4999422996239800241117694444547819607004027475404672897955136511165864147171231430653043655660255086456010774439612695401396616834437132049671508791106672772277201602764319393578 -5.00628940770494678099582298275770033217831147891967818602513424561211248733898945220851465030512830263475688643878878407817224092779826688479591336923646383575330664835610618299933e-07
1.49990922324343759629114728741092974752764349822037117119524021703434401229266554167717819910306803485175188623238338663753284520834452890073606869951811276313117543566002182709618 1.162991500807589701752120481457874072802967342020756215572347599189089442169446375181977897241921925225120913689325764860414439751090093612084262319058524642052068436204847420589e-13
1.49994161948740713843832376820210129789923353759187464971253569733749405172165100754794222319385471465538160767439782701859145261203164844847158103363793819774436396528613572073959 -4.28117144742776642160930746483016000139145818263763481578988740109509233074498733479905176865694759859426809707052155307692701945407352593016276014681102821802805437275397385815087e-07
1.49991054002883164235662784765138118038897248541596111611332384922449508359824156234414689324419896076693542847970748808966346074834924612765021587305758617947176556612024986756045 1.82130461825935441810284070587891463715746567631936440080062572790363465507383011316410923852550714070381164591266353406747566897464195076968381793015604520553280148205232832867613e-13
1.49994092860890672345416657226787219688486816037870650551263749110198210342181464294781681875119870005310652220570574150171741723818892814475285079467133871534479021317178927827526 -3.55677737887586674041007783719399466189074931300701790575252676954339983474628771302753427326781441585679102803159682969906200419179144902586632354354663397873100177085802698862011e-07
1.49994022780220592803071078557979436256267894672889315825714912075168216896608298858382657540488528308769820588764146244722512452350182512495218055450442690064236042977675418444549 -2.82688560547469918905017885781625581949203517696249239993048282292211511742168429616479370174608220708702318558086630511422327328207821416541181776790894108917178459678681921715612e-07
1.4999118283733809803226767168444271368632399624481227382946912771964292642752925116486213315497752704251449793226839007444377859777743740429433756328800697294445632829611069470876 2.8540523105872734483984673912030527788651587619596736847696793441135514359577307385472094548161233651858434373927259043680495745315637088835653153843414564970562862282283394698018e-13
1.49993951895769836376323615659680783135101440691102403598568440968012597824836446325920907436284163459434251417466054134882811001613119381034120716557581992157923348073854415729807 -2.08650638389036723971332034079761590384719479273334008543365981018040038133792581315209096872771231082850397828753003369198286840510246917940935477478717732834396407113397001431699e-07
1.49991308909014185665970291734821990150790049420493100634282875405711495140789928234139315662767577838785720813206033165683392911530004769642185756586519294365507815674061190799919 4.47580171061560196372177858899601685546663542154620459217968747697814635929654403150392648301892277250033319141678774505942559802735156001134255557954575525025427623998285791901765e-13
1.49993880594425894830821897984818567331755995843347262934289958976635772872000922441226354100460137218273957279133945445324092727116242571145083689569432115194116763106744252955812 -1.34034885188861585879188355425232094254233831728120123680483474779899396114638789552516750199405167696760769002565638292403853846684233997755946116321578125550708033336796518016631e-07
1.49993809485370561734254024418239357747720398103333152424854814782859965563017121902412087500699192515163841594266005549201678688789155711750736125475650899639393520221887139795235 -6.33909532601659223129243266107130357251224173344268566750073797936897777115532039714279090795131381187394116479089087498567541875148967862165301102176670903749491442816840827462025e-08
1.49991432296331768179091967930972061706194441222375762940193967008566069257671344782057687467920019209469119194595706628001005457307418281556268635258603601727711476948403883449326 7.02532748119307904478896693640442582640905765627179157952388593222063424081236028001725730764567108072683548978972572429070730570154132633066481793639857412374094688330108646157304e-13
1.49993738776942013297996562515494280027225809946856580985562796833221339609827466847401277348791311418335202184873176315420068785308196775157031983814726708594554378991012226708144 -9.9544808561900162153506048289642886912172044603299940560059179566693592749479241719341180280853535639439900629927205931570284790006871778014543778612511279624244232707604314479871e-09
1.49993667027475429763753112822228553244649088439844727814076027963176732064213779650604964087795677125508636124630486951383577297881811952061620950011700392158669926579437441931858 1.39531937248813324299650738748745417588305937625618808710674085844094490120218575632754197519024486210070920978909093992978563978346342131456373877911438961530570860143397175928935e-08
1.49993592427975870510240810158896967628933834623715996743732802427835894746764922093905147053328461705145323283475849308185298218800513084441788882639398937967739923393191291232455 1.64026301580131683453998752330955672525917887095306292132368779855642652049781119059989679194373396652777756878298650706939885282413885158226501347250053946552681477662247617063256e-08
1.49993514822651883014284113136974180683541026374911481858957272400397568085615923621319650121788276637960359681945579187302176981967795570014487745555100293432070598105521528118924 1.22724500016450183542228803867119384318267469222176897598916244687380367400241878320455940957667126078163490830052003234353886831437859099273339080083067784355156138694231225850945e-08
1.49991553074947283798662464189435922944131489116948513682614775807438111853544654120083922052594518362757895985111282492563867247079368560019301235167408327763334737937282828543875 1.10384322245578204431838858186158668601134935644319967523825137489013330458541214239588697164759395177922546625555442005513708557795302069775256498093200340033987621606708852112107e-12
1.49993434778592854857658375780570387320471437478635402431330733279656169860853677354654415072378810596073052770836726354066469113183905625664558526226954331583321852094637386502347 8.08236397830207457656433094118340472184319062025816434122951422327293933342463929393322155970489147572937341378447261030777906431395613910931546962363729564073143718625622697032514e-09
1.49991671317868327176524691512448433396018460015006202959062276597499277201343516461943526370307116617663518353698118957671374673980814834485241149029976605836061733035024829601789 1.73641116316728721557609930534368656934727829856923393000375239892703584700727963479332248753541677840251162409802831256875262173315453022442152788250582213902789026706993574179985e-12
1.49993352706604899092304432615241331211503984495572249989368679854123919805095250051035917256038519772315642992675176339082146936693402984479689495857695455540062946909143146218413 5.09346963164768306252215902283546866695691501521461316712140061954345574818579302806823085746420419817478673490579508271264508379205507982135972320301204123670828014049583362728401e-09
1.49993268806778913474814065006395513782568615086859313223360395783098040491959483282021724747862401863686842275966830011183934601600848519613310087554416768644857293330027732596551 3.15920880960776945412266663802597688350301221127111069709586359328928491112905995775988386551439770175991063018190136493622158458258168007051289025739982447929229570043094316798742e-09
1.49991787095562479378875788317804105143569623127905819489776673356602987432811044253180967187808706154421756461803415254841413604823989741025327940324901464908625426882634692783568 2.73503153884610291756721612754868563965930742924646387609767677913562342121403771819197030331111538848554832571332015342528969663656635390676659177252862033401866311372028966567984e-12
1.49993183160315298219494489678599812327912466883609627888205416511685407614897624728421116264581106342507239116001891286271113024707657763114637078824856696057306665922200208603436 1.94940909562006595242446527220067821600899099747297720850927139209916708330374703784598967119493616129510002882120625603968621765443608800400158899501927801409552140424524523316734e-09
1.49993095788426182866696426060139212285112320592365606364602797145240849803546467106176514011568979018716874051592569826896312339103991590962832473229812359182740237952316950890648 1.20207200635393777155486593643195862006516520929387996625330007058721495214529167476972112986210597346480643718928404984989422337716323241611823104477652204660864108004535580976146e-09
1.49991900476059813965225038169682245456647465920527023567016930448785892609038516142257845496260181543912407868462553646447258400408245085451363033125003107330791340682250817583366 4.31417603375183352143387922990932040357202427704634055862344103778536507045351788887582148581611166757957484410034686698081449002656887779239757577456152505530357306526656935470619e-12
1.4999300668156870651058915006191609863454885497055079882389910595150520281427314924553615651382215234967943536892155149315170670668407053453008915321132520830800531389884879783351 7.42181842013121066966318855694915573825576851272016180948131339478386494884840878791398009629926544380322895596515189991400152885962600880812094653400020369615047419732724631950356e-10
1.49992011525048679880152029008575147815457309207493370820088763861809162332666438585558098328352780050817609459692905513135030129156862545746549166371830820221391831202542254405371 6.81586673406219263997388858027906585239437533810968271737106221067855981127935075045093332579520347538188847056423596367819834594248037709123516490638316581150972953210189527202916e-12
1.49992915813650753802679579250319687918952935520023199233329372642610771737118907724401197531719377121632407003646517966582488769249054934796592929319530039140358272066208352510037 4.59216602062505312567653218089111413833632249020081046407766218995923722418218977739983845312798820300350161939146238248366998430353837120129459221101840369472277410812257531976495e-10
1.49992120305963851473776107856207347795595709613032637382376052291237662568398808780942585021362772274488050714451606733988346978263736091856115911657527268333335299252647105653158 1.0786848301740486083907832630271239963837393333420986461472292465174148028238049546721238347512858540636260374731802467280907635469857323933825516426936794426102781892640476292967e-11
1.49992823149105196855186321351432672834556730570611604587719926132320533020578631040612752539790157092098341895942148653352397567296297661358852293411714148126103068240408884086544 2.84844843483868327552212642482822819294314693292440202904634555389710407120616351965221194923933413498424132955735513669136888721415774727514500398120370685693686633721816383638873e-10
1.49992226880065264096583404028177295001990654594279618370515833155961841686957230466427173258503559462075635066022141850388122753297375131652220873822388824648930789950959742372455 1.71033479437563873338182318378749681278885211385495140589789314966378537793397978259366878569661485151346678909714949524938380118532386137259939849532362851670228879145889389627781e-11
1.49992728646512732652059890488103487741886927120637855790220219070284420770164599533042881822455812071141322677000852385834286874954777813278572317483693791071384293908505579496942 1.77146523737297890497672355886166532138069465787416328056598503071290562772741481514394814238415039699287765097660873028899655759699899724731983246637933888626259175307173090740817e-10
1.49992331306504043018807971731019855439321829882941421309280833470952797632182431132380795492689604123496124956870592767735031872445312335732673300912306258544945390895461559021263 2.71733623435695920653495721755166668851288601438080453797904127977553777428875006034388489459720251521502599678590635640320189789837266864180314146638307427757151936672333101913941e-11
1.49992632260494659392967331800023044607948459102765743269352246483057554081069102415494975504389741395674066916901334146066175820631686187803275546796518123640794760652918414725761 1.10455351237227750955947817815487164221166022222796917727855248001218701406909524881108905597378309366812100339265909886973055007950756025190810804905802373833793009781560585929834e-10
1.49992433642369884878459972940751754749737151527502703597871269844949054275883398893273172227167710038272285701462542818566857787449043023710778554386061342018392488010849370325448 4.32656193321863735978383034178017665681597284604116288692492944872162076290017488824359217944384318287198943676350826351295344910609977972633108058321908423556253240961521728952115e-11
1.49992533942709156377386251349116609816642057779598996535337478221098457532096519013539746043071939140419883958158601475640237965082419523029980964730345714159827462321371814038223 6.90460898452593313217958994354304406476939118636877108933171145744344152704321150443635858482549741874610756293447801314803209753595483420772943570073432812696623361924213807071294e-11
-1.45710490937127556075075684289039949929237498540320129483466868300135087310330890635331602213090928464405399711033895788899991763509286440407192516794979977475454443962101003505552 -0.000307962301250746749755486494100636794610900496206461191810919468298155071850565803732573723617137924347759054448793172556918244072840778428008834733193704371804111532260168686707987
-1.46849102898689072137469581262746258878613942403330528012294176179238226283003128818660847554768469805052170861892880760981448829467886653148505382099031414415314940248750724291511 -0.00021867998498373258085853095591573765253699523438931013273497610664540050863389061650992372922567958170453906424015120720750228943640666078208402370206382707194371642348643642539943
-1.47810117255448824165849570297558481198747045013555576179415032540977068516187467441319124105905644993003631050978948753350346391172428779859486622069582116464713116607873982664247 -0.0001493079002010885216512035460293693698867960334987438502139917542396694553691115375001690031984410109818914357880916321908786813059059469566359512886121135874239665030206746622415
-1.48532463209657320953887131635232625706723994219192907229632372425811016515999911500026826213572480096114572008962057130054721958201988262807865875989965707830890890907444094916262 -2.53897532070885541090556231417299321674906770057817175861690843788282183933770071983831755028822517117227133487883490076937856445508291251586353839864736508011514980780579397256938e-26
-1.48669201415008405535889600164390255778847367981706704460380196233134413795399194313511434275585807870981257589693891966525442467737004122364351318824999988196509423235000797264817 -9.89553628338297729357341632128974664879803339296226403885894615240732052366925480268521403360917818902688826215051780891813234421228481154992185741541938943232226740939778550580677e-05
-1.48764756231794994582584979871815353941365666773308788178357125208138621088516819135126420346865667699896912362757969162962021357929922515663827479647698596621953974465274087371273 -7.9258390401545876371791488040207451965494896765032004848112175911458373418118497015589360787372941864544017150744436359034665084986997229567365045235413234633988759267132761994589e-26
-1.49078382000095479280791893593129783040624265752440750095080984779422806463193510568084754278735543239915460832130622610488985614947325400157488150208526879512500482748393153960731 -0.00289390270073438421128852299831583516294952083715129579656349550465173821368682692650690364921245082296067822430199476190605523704888692691749200361445157682220608025375140128911594
-1.49136023860035525748571107754768158282709261687939727414270637142805825381276136944159004383571972495873982046557016397289593503081201483021079696116169208626125770773905196303955 -0.00403690140923820275196683137198457086756225590003184329726523024001585207518504509200838015053244475455437588177902511371349430125917208394093793941789810169917803606425206385927293
-1.49038786142894410193172257309722833198566176565087548489977029195810351700570584984662633726996462455831587118048689517019567049667534665452010135915900734334581733614969743367954 -0.00162961988642875246261179195501824902903384510580056131938150593225452654911307745474808378659844011643446067411080808819730668791308102208470844515451470512292667977150256236948393
-1.49208852009986555948135472558769125120050375047441004115955338203711158917341644170980945729590379022434275300565844528600305201199693039452568914549142951632958495162898571853624 -0.00502845493758607744995134211814235569390769591282833027242240486509737963233310493737144312000901059967634810446560278890302787951857224738444359563176223105593415767788030836018084
-1.49021519880738681443259442606108163421847833506500430888624179657775110426711115013922208765549164490708740432667551075906971262794476904069080072044450608642099013027908511439336 -0.000278873512937898715015307165923443197952719140146835530358974278551978197773217150341063789024077018541014013953081604408151458990205765481027549715005895404439257075242816673818281
-1.49294605297690091420246791838544989667692629335877499800656859116798671360898481858304724155401818063504134210163615451115137838893012964681248003670992657983468382037063813559867 -0.00584471827960221381930720160669486796503810237326883201731814528357675678772710800411414654710440369863768809678764601994462717414525624825666149386939091881125300586508869088743932
-1.49030415069216047605982448878275041123322483169687405831103790897951890831584793170468568690879624514379259841711542974209227440174169835047422365482250798431036013675103592441239 0.00108381342192289008079429396934361257528866895541988923365704682797488753887789239878045818958717433402315864963503096850145517532360061970910517925150308645468894975551718764037203
-1.49390244553665290712645043119721836663769155071919281664801742844947690578394270745235229100619262484468050670684385080991856905073185175823160674412051234026306144741781686332398 -0.00648154542108555276096895800331012471088206479062928324092158099810033838547612759124982126355793203728029154936186144532812075698761061440382319845428953109290919709926334493066922
-1.4906280324054366447727336508376703119433621550677673402699969763102909736487235486071136572855568977519770630818323030729530272272669318983351446443783703171973781568793601198315 0.00237345668776167257784467223721568581643685613227883343833452033039467939116316156048227777023817275228530363288833376649094631822355875188755931577840904757020966652520453579445679
-1.49490960237581704662519812597679474505876220248281949075161457078315400934088107470587629701964444815138500165548085221847776191884307582830383856354780098957867269028375858599988 -0.0069428708977014795275949445673417840414912148239882740134167176410402592961955832415238217987974729108464031639003079873112501749213746450797742610641008779073193192936774790762216
-1.491138814480743732687626476607018118292897190094778527031253719810593064619226540549113497675554459115949318485694436447231948990977899042264273629838775609805241274376502638444 0.00355087594708426820265278377774246219049794857603600875455526985842613955066352098866061959435107953210985018825333304555221171335055053922268162058148240237258368714874894908116013
-1.49180432958688122816120360916713920136337641063977364741922175538731256339165839458637509968779983875269677080478749775972991480956705963802168435761258715704821658127688227805511 0.0045891807831234440035293319043109145880520599644702463845939188759163309850439273826967655512867014307676094990202333300426228982312931836923706258691357441740243301303684878398271
-1.49591977028169608651679294418787612606500942540357676680316854836410971720294098857340495564035455092122976966308822045473821140792422912110216150026533312172015546342716433980951 -0.00722637436615504570672057855943174881155170415230747619794088450417664967353022479132798570651918257166154851266941507437662159101855043617344770059228266111506131664867480586002383
-1.48946856280542237663958173976393928387132747441049342238515246489313013846740939854528949053788846327616082900002360782050540512382261281148937246964111591364928209066168795552352 -1.48026955924565522136018929522715541774030030782145100782499631389842466032075710948465459729296238916633300423260909327884421941624822945274220526139654712712420997385765583313638e-25
-1.49260127642198413695926140582914913126317495981787041840720348240828237095421112229528952211515036328753600613135292193157140947563301011781294774983218249600598752896784986649851 0.00546264904359921895309015030088221340142185857548675819746836317865471353474823839270866582867761517544690388245509008346336548650045814764142253921468814031459511295248083338560364
-1.4969047534627878933975508790192846912369487223958615915016586607674285786907581649484976548651454251738590316239644340969263881370467509598191352758166643005349538513635711219151 -0.00733632003363406604575723819408754979281559033363984047703731770369297347516345516543007040480997893987495873316983335528763377572344083107005777935203155522421080687556081510848867
-1.49350596296958056080541816503151304113996856382773571847387912539832365986348183617049561162794115283144424854443096887405208051560496843610215543617582374816842573067638019970838 0.00616133342228510552391067343011513491704282878565947815409497158370517084584022135366707879498084515727803838194024332303667778224394027945021992669517032752499776845409719322844858
-1.49784124737183892598043256756269506300306049609840468617437016877180512113701058840648187459639061392655847886137236303691271521884983230498416464595252191335717570330955532715805 -0.00729802505719356013664682633256944941398329491444216933151689519108688368462186027117348791702725776346120054042874155164334881226169134072436818753567744927336890216211491592927696
-1.49447897200951661541195816948945548235679433361326986264259315221880684606436076109105890278962120230352631595109536903163013260176423565168187780582937226153856418763053091637278 0.00668999062576491065209161354213984652204187691538985900837912970611739706290185098169473787305289891273509134600627847078925450161737561084803585475738084063332528775455328865033144
-1.49870069862675450075562620958904875606087847066315787597776497096355618529921909270611345454625179977891630673837064580288354485840086913544434650610253138175288473139017426485139 -0.00713405685559983466632246518733376231843892286264095823454226199410990923150323380222314057831312037050566252548282349896263083890291056417293120172854094550354717177817302223374171
-1.49547176892405953845820572284950834345206075783201735121078141921752664634448128650588748213669828507984574466089579166144002166085555561366848068861078921754778388535563705491564 0.00704922480639913090388980896989805168810831973020309895198375187421635269478542839994482554383150167700477438998734711403349969080866529693889010519024291714766834757009743714501892
-1.49947338388039546102962030098661573326143929748100408454034258710563641562776242598406992008905616867522211842727795640873967915264388046311656383282444067768045534780028152884154 -0.00686362095124076012348471744889557040679375072191861547497320133101458899852970794329738702348673150394865066771193662464789250176604754745695232719917970526886555163642407494218828
-1.49645036665293370100397151772948380922969555587921444526817861751500706505513511906663943111218464976977666708054397869108277790492918221553401519533627221565872936413386017962847 0.00723672078443514275429020822522019626993922403671582556956620638285861511896061363532642287090028803063906751179034672903003249874880260349172765009654013712737046956599689563815192
-1.49092034378350308551136573333467056408313102316278642590623890785849553943217253766023434943041921138393169304014515296005053040258300425880491296492858172686848851866974603027649 -2.16685254381949957083250959183950871139094865618632676882042456799497868727241535404406008354924060553323017092456154532640524041662407638581354887484581105905086084018998818683695e-25
-1.5001503459833488098953685099925366136927186688255179090435180262007296258868895642819157055594004069087541683686844972869974189930372529754095936664039079467600727280325449904163 -0.00651763069955179919946011481833497699944300724054108868134984718263017945186454379616759556831380787064308122023873396895601396942916252669006013808231391164126150217343388751475568
-1.49739533474372188232689941851352048514816423405103650038321084547927939251160019062424182049600323709156463413905177139633663227361402508889103991684149526909977531532959198668449 0.00726883252326821889186207443694782300784656420854113390569831304012144241184456273189324129891648883272407628913616376661032220962004845612170258953634531574782045873017198670315974
-1.50072664088804570060516917353467452403159060603879987524164561680105070909419910021071178358298962180855804665122534828161231647139060398692488010414813027120020140382113588964814 -0.00611203519779731938161886416111794210362876498595261221765434464086233641892636369978549577098235192879028061351412775724269983201804804370498467223868709427241861679619841589784848
-1.49827877792807555518820630216331405746331839562873610431915844520112688695988732587086011799128299654244851641971410698561968800658842607139164009641196451932068746896694410469078 0.0071714617704504881101768202796381951143502988129088727174515948157757999260905868810236294050268424237949540348789641840484834541301474276822866043812816701565229682375323056583957
-1.50120909415863569374453427330306413754300931007866121552348279275475104095201895525461617627780956989759067745533473446062293055665238700555029108383448947248216679831390701393237 -0.00567410387356951331031472768098524948117538227586203797504410606018175803806633344639147954623355435434430329739428420702639005184358060962649968705842832173935944018389883819568563
-1.49908194331064986605024380842498877689927848424188204177892274230826008881851810333192406559513734422104217369359452364513028102737424447451100156726740731200541664493664333543047 0.00695900465455272844203948540086650782221314472168837775243468828401817528714540924296386780733165374864913484290983289284921160591819851195473967266378025248621019484596065626503185
-1.49209508750794161949896440190349642229883358520063888148316798828570230285102316702933228229979251990691634587621664130725365154764076924233304252402481651367140636631856571148083 -2.75451290284300328435451537222161858760525686867687277349819247718422156362012535192393667811076659881532716453375070058037403103924476066550243625914608055314416758674172629092081e-25
-1.49980013735359842050912542746358522367966722405746808242978653503363486539259771589310553821687806231826384807724487340455253168592310110521364125998949337031129263410920023062801 0.00665844119998323221589673519510088798590624577648885149216698453303075899190207512690354828813260578579919511872265589849794487547088446277500918056731242306626618090806222673313306
-1.50159469779363695938968863958896313235318734900998064080881936092208128411098207690423480971009326558871184128883015571011476636407093899622065212177601286458767554207763701927501 -0.00521449147714555794100400159887601922065023747575308477318763948356251497875173164357105558162900918844882131142015650456048813738906750262766439484017519875382677230410235613321107
-1.50042004905286402370995307530013908692334424607163315949923925990523343886397593286208133532177124092243537006951342916879488966792670405925863964484034114832572715916845522677288 0.00629155340329999328787634843376006208668538131510714040635633722926888356152048946841681141345655401598975555640474711044942610789074809194173641136611211780211944956032038073962058
-1.50190281662878799162545136144159876348328047347333564079730260841433939568626202224709626855819319374620965144604766925853025279777912239360601130391652388797410908620703957548349 -0.00475630973738821744761993229753187143796913841521916535584843973445810163024417615813694235502631002081787366876232615941951644422186517574691373026422770171634054713356967646507989
-1.49305824928576315556640564175200252803583259093362058693529194429743248211630052278859493379420347093023348752680244560075116355981755267097508384201373825387778460560173757073869 -3.20108107820718359848583171752337768703237062400709718915207785202802378440523022230946918474718562666816050012231969706009072982220158943533151350571005770681194310516436884081652e-25
-1.50094905767871270930953762257001152408893165532835366744139568819048515662743001106608469160726345863329977514796134946207269148725277125912038539665238529348791528741317695501712 0.00587613414216655330312189349983366674173965328066240589973060123959926478721545579203783134305775450087377026654100974221916441127460135989610632678001581074086557846560755654164843
-1.50212370823830835580930154365725294550729427060451352090878166428846863235249345969223951007541130298801736862563255417407852790064242663329499053740420936638081278694829840042948 -0.00429909475738511040556419847540498366058467780216082683530327079331574078336854606182821938913567705672212155801071846504495516274310072104690089376329312453083508451801914662804851
-1.5013811445942469192543253960727519621878266427583393159112423580919974091102762438778124216888715068748736567927105063587543128904492438107788647268921834257060973713995134007273 0.00543680564966955579759967954546012216994318173862654081342150390457336595893841303191915067275673437458634608461759482293889272567051414540889136606120902144894870533369868754765023
-1.50229582000433370971435225243189719838768016870803269126771263853942349412348922480704055190083447194339684835097196973402049659068875694257192943572538442913122615383206459731685 -0.00387226608777163552819576221099706485693481720913390845771253238732330438831139546975310795815528140433294264407435839849773588214752765672441425745785647770515579567280713784374173
-1.49385723955448118382308785072353740954535238954710261383339407789027395674171529191848489956327679291240208618817361125679149148985817131290367970537211417724179725908339141547661 -3.50236233155544333508123466987950807744380559636789076163789170345242745109499691672844600849636355068901637442732728176455064689673699138610577312199359816314582994515245778631309e-25
-1.50173192682172849943091899320691520224852961169285208290905518478578870206995868397932115876985741855642932024908662063225751862458870865803224234160649906881706717156001749096898 0.00497954657025978068642461496472937581804837477359016709751473996009255283622128306666864692824345726886629715255612399625328894274128909914008665704323797802418492411365729186744584
-1.5023806653951143775387889902502872887881144268934393107374261020694753498836078384132054304581278093677897412910579825180583328080213477690891496465559838124541821716951393448552 -0.00344229185970410134478786470475460837574491350315696048138430727744246063853720581624585598633128392066281525007022466284447938182544807694558994021611413229273211235501639801279204
-1.5019954262738414880696427485108902375817502604184639250773650606696711273115284248898079692567357993493866730346070822998854148170073148373545004357458659175964785121420706555875 0.00453255983376208677409506689544806281729830544953193011765188951140228291501286452527520805830568998034166180433179647760390635751061382334529598260221051302405367000321536666697737
-1.50246647281954249967515654350462419394893851621276209182248757828939530592299354321940263523251937156975420188816312150734787631259447595464788212369361373034908869727696947007638 -0.00309609147669462733447761640464790330758481220374936155593891238680129704919875781085846443803764885466459579470646167871671614468884990841661739138184975133800822538757264157692824
-1.494527020881344872568739904713923997353445865728142139823390396555549221805895409872368701476688951057755570772399094514133193840010370027028704332242534136427377620287565470369 -3.6742439115288751398461838375397916795157698705376258106235896268729759345466847991371235827827804152872973583143611980117412954883023939633297614603467928403029226311612410484165e-25
-1.50220092546814225182382020868599619933842298001472435420798676414165631975606775643423075499777907953344949553038404440952831159210579944294473798882703202693518470867513137959953 0.00408273419852940475504419705529446785835522438780681343546810791883416778323505805373127963273638189048290861864298024716101571713925143160419420524039417318384168234968531681138691
-1.5023207991173387555658084084010680169710513083050579209879289868669615610418794795072287736365996123219727242811848302812507339794212616198823843463352402785574695593474472507783 0.00367486008716447912159130784832612427831955991945471813949083211494134502019301911936987996052229813221934787306375934759468974867274020371562169059979913479795152468703844018311413
-1.50241133220098736155791367649344389949292167172011717401732047689419936588183506110692641822976234060295884047025440394699520776847781473470901581998042701596762434797544461311142 -0.00264738985340477757222935249439870576961879765937302269926342098596195066614639863004259039675817424219544099988354530038842539909927926907792699199444169920437260428051629550077409
-1.50250666081794096216214805813862506139880438502284424190666919977904930080541453859304292520230089840170219096138744802231481872954519336128762144726427768716288063139770940628419 -0.00250837730471676521410557043323261418893274255697533435433996738909159911591551434724041361650942383480357079179728873417891115144029733314675000772193579809962277931210400919876651
-1.49509379880062507051971820451257767009337833561384999532245874717536336095995529442375721729236813586917028770605127515991039460656398638549146273856593427402546783722286665961851 -3.74036957162268063656964399305963918365277511865401015610826439649366533387628009064955460723388734624734187033675084972934775545178696124124154594021512002594292247107539404900658e-25
-1.50243658380742686492935448224102552556826586009271037711147672637140629249409170321521044819147897459383981611720641958790150111702037451763845593693301037476373209960901391376541 0.00325630011207958232263328483444434817349837771987359889626552174491431356755240895503430882190483031546475843652458470566820020068212885108424245768066345419423431592624752594277293
-1.50257538112442795657100754498848938070579418902731810839628665995403396255127845475507081515240032381894497461094923101904977213510904897200691929318537379847248472904381103959359 -0.00198372178240463945821388786617271847313275501243881084863573807739945957309829353684405589975755121194182419880031539890993945007783564173139412259351635157926435285109522492006982
-1.50240763846737919920633449059709762269926997311784189734899665539675796878219816658404839284175246970772279837287726175888543025126876771719416154164238060487354381678266564409337 0.00292298233377444616373322304900775440265017508431802025508409225449963344104037829745370529269554645716591260275905949857332880891207948263615306408918706006613312546912506397491946
-1.49557750702818639831152198306090524844119445307702733761710154589648746149700358944109212617370376744734982839188595226804145731899305029200563906185062102169122340480572615197078 -3.72515168616125812355420385416024611907899180547245775856973149194191911872388934998562496877505468960564109071193519743044759223833828122498972886710713643529577772983146693024576e-25
-1.50218557287763695480500891119773818769417308922917024498365936188282551056027180090135613146458892950675683493026752918725284916431749908935483902441192727501968456670181081634533 -0.00205311570295690879952125293969530910710195354051776644932589820500579923089804617683825178138871964404226979899201692275702302492186999147391427669249503360342323028943408399395842
-1.50254467518363688005100830045513954683904540505388643010375278300688210470564430795365906170757813746711214251129976876387264377615931781086724252001326264828189213820190436616054 0.00255904620069886342056805252909003903713713135265966072760745463291509642712033139585587574661626652089820663945699032437568077423524523907914968010307179651249944223013317028105785
-1.50253147172987075745148636887570917645705731191880992818134072116047939541700918320703608043028518142326912630640020320120675771668130971195381013014118880841839324425006012629058 -0.00149794587618145899049054218695603685553069487657399578803374955870902087403932149312233302964185681627411838394435655181046597685212652542663224260140952572253441604801977226373659
-1.4959935133308521550977509400303316174514988533623017082207028331290280227556671498803812255930161989665278873139928126813704170362306374132230422593795537695875633816859291697773 -3.65044643329774359231504072378732711867437079412803658310698557805005732194153834506870318574099032103398448947342304189766490177577744982350138289187423008176433746228174542489056e-25
-1.50227704772094274109102378852847802489904780768084350863375724832044631981874931050442040437651808621553043062620517764340694872527613828894216237933429039149703192725004173490163 0.00230626421128635236249088698363242316383899120450977614449607806408234461432495435823270438653656760281857708055914886528292609388626333048422253946562851764013347209368830190617691
-1.5025787011882888783088980507751578696000609806274291781169731073674219871235809019182788540547967803676621779790816382684894281825721423796447833948814995923136520407542371919073 0.00200458003287034709584891392204840424776074443872072689432019159067681454622114133931359048216831985182079768071895912132929653442682200131602747444089927699892563568732213814379993
-1.50241939580165242456950097548221896746003144861944713767133423160036190192855509559952391539875362072771259231737354886339949545246601623334500854977357390727677747342974612230453 -0.00108199739907610610381661487252318057698171033252868634353775829392236346707317704364457720412029421559027183737808034727177567096518173453885464296323959968272678994237415996422669
-1.50196124279775907208932558392835185543845929740591951367474345143860983699440205027776647527420098714944999159986016107780671744728462017428298364747225979807590205891723141499221 -0.00163907727367061938194839429118460732031534189227736133860982386272445587907778304131627837300966207617579988378734299030956934467430538740957316425150919762181850254289206652927959
-1.49635381131494516177821205837461787618104479773997937797924651444041142653990511910072250556374511632548984501297521074323007434616838367823956628201906286449790222027650587204363 -3.53437015366641417273583487496944615884733581889101596389105608782962062629902675854608485618527116893742980459964562786499085412112756890196828610086793846471962487929718775909141e-25
-1.50253843991965070417426526636533949055955850208842877436752830102670181006016437593718512868186308170750029623267506954713394765297607603370483547111204595388750437065217070622035 0.00151861632601103524227742182569912966376965050659592032608784189179278466270983408090692635775214556078835812421091429324233394390359507127751626525002495783194609717134116419545997
-1.50225918129727333674121708247707407915429886509103652302882673606755475133091390416510686251295059371843976428689442767920592367001472405363263483752423942294729163108563237508836 -0.000734980924599438350765700222499828748739363774050878426630182674416409922607541682789284249183111984947608755531345326835743950448925040664384854580702440418067296416456452147133426
-1.50205943721482763886075734585199077071089005523567127858036841584055892024999725034650812426460262151373120284639960945514232610707625776222963851800697420763746865024490142345733 0.00182881405961180326473870644904277926789353310215752674994396681878885220085938694661294102794392314699983220004120503033632359434220900851033840720027648500056090209183335406372036
-1.50175067053907884587565349914490900718032009033936261960068919615279204973685949567349088379094566698272338161759855916443354038914296193669235102342063021140301263819168498431128 -0.00132735496217473388495724656283887121659300280165867069194738890673955018683588623639736587943108706452141325747222612917845135080664151009441560841120829968055025566158332132091152
-1.49666786670121261712090983117304923984732153611782026627170032291799890008194137568097591632538454131429445932000373353173615893936128311418155745059857429031677942570659545633087 -3.3912221773229212236682758981735614805888573977478446268498354896688035724308243517017217228162634612836730048678584899880726145966663273308843361454617929639643936100299975145539e-25
-1.50242918731332038793790540069289561647038402787896470480558020622904255369779297289597225551300092184278195590208422329608685735626719161648277855697413588908172400096480223579162 0.00109954517332791261717973062365518148338426949681277654168675435613578623216718778238045045493943178222111930907111098836769028898644669215043277864919163005067627561547058566279135
-1.50206698516287883679160722909563211051101956455094656410601249351174448843711735759864598097965507728268240859979389916043795463760305232094337946113417815781013606512865892559012 -0.000455105313221572911874539744408920559027091836800080937751038688792960534612791096603749929746792060154705001234451350361608729901934198005820674685038598055544233016397134257853893
-1.50184307656740896786332953411666397749178977495389170868427538449803790582289200642917499169275808950665879891745197074135717215493579934735388592969200565794733684541873462471399 0.00147010160263448023945946510167050428594102050947312260942274840109486531139037567304184076981922062868330815487503341896617774667577616267154480065076175779508818009158428654746808
-1.50156041068113595406749338020904130230663445740274065351962723872691119159765257086482377327774109978765211279388391692053775160559286036032885490764085736687727330425661251548826 -0.00108905552895746562922446974700501077674727848286153909464280871444934215001685392157037128038849503928918028496788880164713110519313845633419924247790497053997337289002147635527972
-1.49694322732106662079018930397777229545962638368052547353157294408412611630673844190913510527681747328220385541686573576052132272765494929236202917336292590040718572621980063400008 -3.23190061826828175717346276014946485518854556358512282012528978796818841820982528211339023088606584813185869714739448352445266413780360279506192819701476370360941071603212603005409e-25
-1.50227080076282243038321258284584749020181656265121828102924089102301184274902272833741014912161796661895559799191193977742772206819512942709195414891295650319110220394388245287414 0.000749308877732646368413783320394624822656717665412434436589971681481338995954255065593014692465886424122122497657729976230818967225300860100006740945389303490996286807588325078659822
-1.50185597342787163711696217606103729050453619128007073883836691965843789263117040697285946517102482963269643352083700738624047652909506106214593772372615145668716131770487860816019 -0.0002395686703965452014715195553694262221393424455047371598450077259753482207218958587094876459677619717444406139918747340080716645350149975031429619238945054216810843150683555236202
-1.49718596892120354252461752068409647085086205990491087858960368789456213442047051375471525613032369408744453798125974226774220018517077674867436990808410264322111174875636299974612 -3.06448065335121117092339263810147686788412443225813196820239789200771902423481331571434739892048110107936126935202688499735738151659863639359945025229358954066236802257553485817811e-25
-1.50164369321583944278726987692737990089283990051415636597739634449936099790030605323553437782088327838308742721601619718428535220856250034667986702722289734704886793764047581673455 0.00119795639060075448910224082264480643770311687876110752682147732460930960358336417056498378349616856639160498685313185581383952317457092471397126707019795996693086757992917480590699
-1.50139168203779586281738898095339313279446711591848737872740842738277154592539440742929994974117592268658648048787915939968160962273960276126114846305025918171688036346470964796843 -0.00090414385239582642152363831871039002721804562147362854154406902238934882813148669298426709306293288997884513444484036253071463703779358609897765126658682592938616944595247927263009
-1.50207966108699679202393962450247117799848866833096329187259695271270249580440655197271223441254220212782255295244412531156645679322372845323049279804083129249525055387220865152462 0.000466235011791478953330794100096676870325275834269548036790603769344183916912572487041939008050334917660380998818925467238642053868447478003612125839127404548226927300950917935637972
-1.49740102516149465423004689060346405721309254872096462903122832045855651413446436214102271520468962733987388117720709455458356837378356247807343997561921512250195057130528252100745 -2.89479364937609686931912276092378697466784778458417847897310582003466507866070338810686373475782703693755528475173731573997367476639146662568305072276024882644328351067469051853562e-25
-1.50163714216496387659784972858791404629967182317209189610340452860791413992282040543293282591691128348866176819625988255192697031610214629537706868467775573361716940667328272619478 -8.62055826488917513460327934126030609898116303037221627007798949176902997244610672537870432463776588467965187338746081365893477119240463270516977474977701593272081276896315395559569e-05
-1.50146522939189183833440747927232401665203010983996948053197537399118884577988021600653578624526011096118989681717601626351480863300858505728874687821910136772972226747729831052757 0.000988452757332548628005157093375868633309111147640284525040918120894789503055558624322148119366358406822438035851453708231568027962599733001865070856732545718275099061936991310209567
-1.50186904373327697172765722442656809104233733746619537318904393082099942133949718203491537994786757682976692921398995418907031449416302414138175061448820467237029619037259241012502 0.000247605926073832946435161864184601956346333739486094289216997329475800752133434868850799867931556972752733350446339290228350082064116743945878384640094076288768884101019628330700966
-1.50124330284749774018445133538760634494498187716529256923615180235688525103726378829529781264084987423514826803103194955894781857879524628184171398314033435034242555944545188192596 -0.000758587544047677527329061272577830698503656307169846206566514559562182913095215212662346907300223325797257715105801342303181568382601171458390400966023357398503072339856126042222261
-1.49759243479811528417881078018777585445407294991967660128907353256673004700102518353145944913737618251492181272803984861308520367149751668235085340137042433697126231714004423429774 -2.72693860030867171264846655533772777817168517713075373904296926863803371335994026113067163465054858050120209699236254904349342619247785126693633337001840370016172264819906796099298e-25
-1.50130762929130184022139536725704996129479318065494227109139992644405727951356893580571850967166807715878132671655097619359987520302261531156959551184956464608121087379432859510866 0.000824785690604459029614829205597889580717853990062308515442424541756098876398667663361618977547174157819619357445190304842609398259756661723244294274558324697940732299469109157873717
-1.50141548318575206866807588156321892574421472857619141117631901671395871661705780180635293545598158368408906559179100136817125704152987008538641743742516980386519683913630424843554 -4.35457850401240113703644844856888007251244811809631227831669864724834546796261876034101979038988206601504411848681396744416428137410818854451081390540862011183734382061939348775692e-06
-1.50111322344332241007305863780338579405987666528774046350944096924116698829185482259915640824845404763236637574036742762100254289698463635627648084950720131586795616635881054966975 -0.000642474674165681246188106369385649583054540564033193196711560346263430522665333863952035435596792924086814880024312912246058281913585532700050982120672454940426797005053124354630881
-1.50164998356143884739155786238571747386693628262722838797761149482853970093943721337814458412691879297125569584247945048393180913074641925801442627363454019761906487398390297190859 9.12188744012772178023631996311231167079219534179845395251419684602913089977462945072377311270064872892213204741826717950461374644328029852131670946541669698603561559010762574413257e-05
-1.49776352888067311508311796589783844884862810109100808570918190611615034139690968380213207585899761089846758949692517224628391031853858629906377830431553025997296086513752409063079 -2.56370516297511006824510511978869866964448876860687770815846355992068090718665996808404355941405692005015895166990106882787771063115856022525179643968144969370691941707177109424802e-25
-1.5011692539302327619482689105408872468280851542734051550204332488414943927977474171074001403842621378797109422594868356499528834619047370113539857867587567986018579288962735519835 0.000695137825206469884296124233342056611962011340143557625276827104420218189414690122496196931850183281012125135356932238608838870306962132113188852984740381159993061213401385220750681
-1.49791707397736949986608172417493621450880375768873517105132660462518986385102644470351827851844437429901834163588128173618234171834564324036445497626452136895033394102345352744413 -2.40691009973847439926440051612487855228562170375528411987129779666227886696272211950729383310052378359484227317518169377630564372409695047273004722922359558889384940627002270319136e-25
-1.50099921553417362651879166439972244849054898231383247182686370136271581712665755527907702853800929367218905842558613739180022687192089837239309998665316184606291138226082611523028 -0.000548714274169803597984791597237921747276724929463729036266817428569061042012866012513114039674946688202379068336252196307356014921963226198751384381348670065827691175507908530561783
-1.50142833780670493928867566045392268693202838020514457969603467929697523139304337615623445574120665620452138260840709040593106212940977941981756702393376660531635242148810941714357 5.80385266340598877624630020631825895937840160427532481289106865302724265044870614461728038822643674287684641858194911913976426502597465883033498898229048819368438773592762714161353e-06
-1.50115556344855062518366458476928662207575363463845950362191114121506105421014305817510627964304714734157207521783918924744610323912371552940612646046862929556027254799181048771499 1.07187449508802781360189746558847837546801070769373213028311917534767044903569936413369343719188760573853109745946801240825994377351828433161816914688452387734251616588605198780736e-05
-1.49805538280626210792325034638959902346079303372831141641017953829095350211461229282633098857463088867133920141632385911970102786403157604848471549133805732621211527549633997358442 -2.25765807333968538533712853817009259821919334970381516050560810266478037494981333383430708741973944990941565369278370702921710571764409102364251634602890003548248998300541101586874e-25
-1.50104796413486150480858423373747481106110293729787011121128380577378096290577465174490590906091988442813875605601590944845837029339106982716891395090656654918663928991345552900124 0.000591113648347405710897367222911374270924449232170266229880798739182701840779287537847776733601097101607985323618616974051357435023190878898255542795080965443838253880641236614964981
-1.50089916436487511193914129516218027090188189862922285157748534117370579478682925767003305732438257021006595571064471837073452350293499519146493694297405358798668493737016152487914 -0.00047215817114616617343252126084560859291223867762538064124420184581753602039381558139175985985900662043884635164433380554076395230632018021499910030440874850679050586989258235773518
-1.49818040045397052514363830312043342285356091450698969209419931898441177225550505434594559236103239880741195865897686248814239598706764278054542967995869177720989248382670572761972 -2.11654021207654278910922133555808523339964754921592712846060001213250299899252420492306280659749564792450070557996011368114376546677680496750297116746236556572514872378394418877907e-25
-1.50094159771031516931210135434654423110028417697578268484817613698980782905631494118835618371544015415368989127183078700537489521586920802217903540357653996542525933928671885512881 0.000506666676069230397479528495616259107699965159130851774225164183389611268187991505226735994077658638260477204964491568709529955782384756755804260980845722341040808767213972250433898
-1.50116943027530272956356726268220094570147782966468439814869685691532690108501090343492484748759628712537452974763718525298273730879839993350743410627459053477661478615952588925957 -1.09304279829399851449742830700851960804773567438000011241030346556595085576079815160402410762352730275434495836123139212819670179296491784247962132657635162616174224448855950258128e-05
-1.50081117083996018420237874093260969616612880074408436208897130140991293271120281210879613189098708747270818225968343790364851697837587112561162621165723161681719567533502228995533 -0.000409016706533088762402868541148392804921244837996663938628369505217311846895929960032389476655337457503804158267327132935797932369459239735574381096032974958733110536560133787281318
-1.49829377213074798050230969396897351357927253133329334540851825569765121014310829614631164393855763986868321732064400843795079000330508313851285314586887947465553165511814426909337 -1.98378329208441333374018927760417355208345584882031411747548529689745642073091019409195968696712340829074810628635669333077413776962502299987306758807726037458271700676177455752029e-25
-1.50084815924624634229483160280572216806125805797386914704167812438770717675718732721317820718662236550257003679963036724056053467000903978900697872751718707394440590957612503900818 0.000437377801223280007625169669197275551978780062393253121517187957573131384997873923836374985674546476130233715079216678819275245587136900771410985708654763769780047227765487030058665
-1.50073359397179888940243977452744818303672863156868102402104226785619906473689197591045996929987465439233324247923519142935786809687393688220860278943730388738238290842333057738112 -0.000356475863593160084843460053608536309386333700923951327510711961299020492223181798966422246901356515123918683740690844244593976454667410177638841046484305010985424662197366698768255
-1.49839689683318999125256419007914987744972697891880181085134957101293285165299539297480321662950513335634816845321952075482115904273676263152129501115421442932434549799762005784385 -1.85936063131845375137851078373169420425355338982823137760100680603089920103950674084098260044789605479745635069697765279819906076461425837894189687526531958110282216780202744281715e-25
-1.50084823948109422029646615681971090384680813915160551404685088172171044600267869785401487880249399856306846875438252835119735732384003955688715188997916826848368879782416873897623 8.15366152662517361041026450725378343425652727568526668715813424521244404675398003441421629393671069651468665662687084071804802181346763418089843317686199370528332796743714960110416e-06
-1.50076588962161283309672455358107375867682260268318782410780203291140319431798542574054719668111861873692305292843495988731365309462177222034001496161516027281443581847666901119897 0.000379983647519370705085499956771412585764562869143480702541394826754821159601407968906845444931248807617692479084114645151750173263602887674251463476085295218350656492181302643253386
-1.50066506869744300489269247662484095113731144034810725279117081506744137820722566058745847997898202197536416886675653427673394037847806166543959509858891900798392210952911334944352 -0.000312386362583710464864207260329637322967518013105467034633788250233682935809345619583133849795458162917613708528245607840176325592168999714305584105326712292059252314825532719044791
-1.49849097015839170086386479638205030926296823840635189016195883064971028920952584445747485889076831801542803834887280690467463172704641531395199469540208203524253582357440319196571 -1.74307376355055399534863420265903696068208360826316294011852650836809380420980580031597091379896382453829916063927244714558111853044362501712893165617071855315777677845681479090822e-25
-1.5008613706671569651303165334655242867870554572154261065777800732558387128712411991334958554833639074589835627560570146881128607005053784677466699534295148153891757696624540259905 -8.48201614712229992272604159067230127258991251036599028780035129546739708324070126425692612376814644129556019053561308190359177404958297816875379170069978428416641067895871027813221e-06
-1.50069330571340894323504313958355630900506059370559964730082700927040831555812009459674027360991476358879360905200095287803041815008655546396822733488478595950442883524556092221119 0.000332028728152745665209610814313421474158657026517334893071402631445097607223287861823636752851524303212709768144680981485148088193531077868868810767524111131240035121089491848061085
-1.4985770186991170037111861624593955243741657441676705011604629870513228166744894992945199551624280306848586847588208024427584952448561042758925225778169941341970328864761799972363 -1.63461206333985534530571514598914473946890831992619405104856955182199321571393867468861087937292962944003310825617042465626323915512453739964692157524336687158040032498982472220812e-25
-1.50060442447663466161006356605147444480631118132340791582090455823335414973521214464709469922413325106652564588705615540929036252777284428102013898247224585539356577501716198849467 -0.000275027219868882085041450052577373398468018857863189075251877652055225525935833785520737685477270654950087853074802300455066718205716839842848030697235384495390107749069842640920216
-1.50062915355059367348766462200830080760277890600937863792836494474756030736885298980249961222607639611097381409604363107017533937583888211611560317336685262650532884093612799207921 0.000291578885435183007388101493326329046823690105190439015745296065563049694523998864761201806193950659876867262225722206622706460701804620352315988079627352819304654462444738390068835
-1.49865592785563869632339461027247955707656168484137701007097511891874317376963616338569487981906462740384879141290314561769968472929069154212923877783624147023931218247481069448228 -1.53359587313426016665332831512930066404903653962140597985142750288095343639117135070696740824126981922049957422278789166865556821877216870382314726167794121608511743589269133721604e-25
-1.50055058945234500483477775094798165968265528696355453128993988721923970230755985846381250288005308171625302980071339207472727344986400283556035856306905339908037992526262431240462 -0.000243027286728796595798661089589644444591171530257729244248268333281770487731438717435751647711648049828742555327103014041899088336542587980941400914857499106709006048803130623571195
-1.50057230066454274060188207973125738917570476820416129853088626935527379417579201749099752609424830551273263506461655908978545854174432036153769975559746772193120941844062806844021 0.00025708724263809930045625563867859223218129074070274972853306123438672018714362463750660257411105871603018152062625265626518272273456953692250844586884264668636534756536395272806597
-1.49872846446265397890012477351840380300322618911982724910887555446374910327571167161843943627381165232502775834538518522901471317746066462757187116765506075713770523017205372823859 -1.43960736862420097522925377321774293972660656525399889538699762595793475977603242768726273951149837025900474923297003512605833175499466560062310359434048168292310724912752391585767e-25
-1.50050258962562970984186125135079714815919611401379659817102923606769520982913641513572482215496626155499699320826527558460305340912629926859259941781272285094394708137807014487768 -0.000215346018503883927453956987056049028291305703462921709279153104594099997363887272327878691623962345554590343240868350642512795135135220082218925425944540889861831545293431934339797
-1.50052170836712726438450814669115944135861218243150626319582317278845815856814382497484871143439194288243600558595325767374494980266350615661791219594575222566911113969108891522148 0.000227366475193139712872422538816791297433405905090165421729046808465718202236265853990397412292553975262761116848075954363424458513398484718001418204808060963638009061912138657692432
-1.49879529530490035758759911726927854761070035257811083057238319076160309031254332459205238709452230772810244386408410832750572779466467562844801167377954436957051732195241505174522 -1.35221236289109516509094979748610163078593359866641585506822025537875824041313786854041972181983849030266822046288856624187145284127711646371389248222002768731779152409617195224728e-25
-1.50045958452454623177761441011727213863312571112221910359373793326109512698942083361428863495568681470291152515329290236152216541406110993610068503249489601768817211476862244699871 -0.000191214892089406768239156288119191003354741965280785634997519000011702469058589623147233771885124413708614640559557796826044285395802578967159433604968856978922200616835417316095232
-1.49885700235183757214879188657555524321302489357817970557004260357135129648514519846360246154621919076005318891606302487623685568920128258970181484508498214925750539645235449701362 -1.27097545023585958732203704463137246165161330138621577845001464300348209974101863994994512687687666512980689373689809616297935769110671695443930161793914125026826045422867674913059e-25
-1.50047646753425258019304057872957994359303089594372331105579496855106215376619827350602643498599232178664505774790373021691383507600996769690332309830011310083972803132897789477618 0.000201538014786501882263963265910263329576159765770126742508184413180372572489232685069393537715102413359844296667287244346930173855758391949668708077982300352811744852869796950633507
-1.50042087612960125415799704697353259331541871752211123577213017029284582527524092875192983954068814125785172022738409725168062155273575393467415287686830467507545105754016547473038 -0.000170059550917151140733947994846986743482210630838010348454956354969450088168705586627842868005507161889853220513902186638288541395006718478494764298349582317755728167335006034240831
-1.49891409535811278661368800519960402325651175977238239164275196369462929685040857311415328956923217254775988925564527043842043853952261659605413282397202285298937237682247509833689 -1.1954702811489124458002305411192266691756405665507113024567210990713989664261287631913182728624260325602631428214369966326925425272093645415963476093714031332845823997149439214873e-25
-1.50043581757254538746604329317374684560301845941199551239259373815448093222034710220668547303165644293518352171747941304486056966095384135423162202654291101151532418143680661071039 0.000178950430037725536490853506447306625457399275346838021825522656692103209251022789869968114745749987199682848224461876881678751597256546384832638498594349484132877490946311992949097
-1.50038589269342592983362415367487465856437828269419485225478684104608268640136123289256004526881327282614631954662695061293902557154403614142382033202854258130847963225366155297107 -0.000151436821872147108510294550882394583652220446989158072062581926571316320891134703841532745051316393438253296209460017078751543839557869004557968032662546204933038402885284999019016
-1.49896702233683699498579761494251902704656016221055610770328056319065212230857156977551298638364085620121432324027876999644467289363983380675292515294513014756691072815105975489681 -1.12528629960255515189153249118315311332354302238870785696266038341720650171192873364687090675194750617119625622875625678580892865770719507029080329640079101400779947514634104263228e-25
-1.5003991350130535681205222452553038291848821694683009909202524835052035915976091001058658051705326518159682607881748323663706188931957380301576267228741255480778536548550929406395 0.00015910677567936554388656830672094909720154406666713364590248562190581445953866803729330870518350216752584508536684871833572143136556300008085355676385848091079196814289170720015899
-1.50035416494416838975838191604404116232064721082678145940568881520168744455744244867272856472425332842682637188481545433103508065075492324214096971029625974638287790183769538815102 -0.000134993118226509996506726481489666003362869860734992621825764820800673066343797670909920753904819593231801480698161579670723828148751260255669073813964576631479644832870789349370006
-1.49901617830568847483599773474043317492286990360370011531592862156620261328869460904355048061893114881527477603356221999958690427247655174803990418326455925015418764170818997079434 -1.06003292838947829314248494500162316529696768535068879073275657281144210156738560680406780198813123433463307852567291460273442538303318586861037390797990253182767304851677846809311e-25
-1.50036590957062262168718558324175224008136350518448023155333765551279068897499443408306588715722013067460531283927884644904297687011401860572954080195618795848628915370491246425822 0.000141614744647160591892300494698385444307986915002065129932354097019064793675774869931624153745987979891458646198765484279263995222360295892211911848026260459161159397241420405412525
-1.50032530412276506969821860203709350484497014548970377240357259079734800276105507403431663079582367144047113843698986075740361679620045847394495221586848466410237911638937210909222 -0.000120438592885908165245129382474291097380855368959848122869058526599341696286411290267593518634058827122257917522448364887575042479310889779632849672202269597616702063117430039125062
-1.49906191262332304603046910664574890893530987976441046868555943320972518310759924040281916156398785534328550273297426484724642496783914809899096095252596773086335210741055861137913 -9.99341930108121006363549160282695132684364187603536120036871515543788449541775742818289049037823820905774036715297831181981902700731979425204931813428850111084299912553954856438818e-26
-1.5003357202698959714256556576579251275217151321245787906067524812071531083331394475425674430842883435553133121516037445559118909653541790076373808614922464603335584091856099970287 0.000126155443520197825371299763214345791041095357808781987029851493954336767937870284503001749511810317648086150219452495709315466783740465397331367225411919777438067726618136104341852
-1.50029898442906796385495401872395994889799687649244285426344884197036834782744260330297206097323009741783344772515354617940839484581676876578908835034153789279393671899242881541223 -0.000107530923659554324471749979268290183630744606016178857692473164474232490856258017576627156528088448706784422056954629948643762090165085766006402577856042299896894323760578410623288
-1.49910453516950108164236568677445001035111373170897824855033165502665054852989831849315072254131607419045657150396085735889045709131572182674753401542471042975973146334106775413476 -9.42868479152307204179868728616202109030179998522615458872329684079615124139558137142256079503523266445091209489957375884723866853731001701315719096452484658067087555515594456911267e-26
-1.5003082158530848300376028136619089803823556228786773788114198168698433828071367287582463785428156874838356161576822847214247095213331364239928697880274299103206319277349751958523 0.000112463942670742197834877709893187059617544434270239974527817951872207836046793619742935112961430669034646464425297372476607400992151453498227562178592373669493526179587494621958384
-1.50027492968376179092398961959678304543391099443672808623385011866924420967816482112626779731481053416958997644528912613966209941324666725204411698910764815172875787594320994784849 -9.60647035475380682746629550665944241892828216653532411220037745485607668051662172020425327438631330058624327891493495651787323780196057872901978367204718944247126901886303755002696e-05
-1.49914432157229982533164303907658759504679646118357451916246189368036477041182945461413304685979926104569134938735087424511219271196313054053677572948655876632208021114216578841473 -8.90291337234564513307479084293063293436915386262195636112293020717595650606762334958958679719611703178485988598582783303522001020663632525769621320325230162772197106822568956134137e-26
-1.50028309977365766414902906059437432413069620910615060167655367307979658351473319419479839480542803978017221212221686362259963878107005621330559133344120225962797822522636152773911 0.000100316724669397736280720588926170853533467209187300167426216947264502780728048614227337643037494697842515022111019136497289180021317357316841826176598049066287764028356018222884991
-1.50025290332316802937391126928202166695169066351274481888859242813421793122047026742810410283417155839593211416525590952741102911867498887794761521194671943362544889815530991404937 -8.58641225644889814482477934539192883333156211567455170736093945920596242721869395257677105303627466548091673536635332681049548889419301713384486860011599770351342804945163043754002e-05
-1.49918151764646548617509040717126271516580053769817428079803204140084131869631873977778523358325458721659118781986801255546140997306643699338320808164103026806278205333571566824661 -8.41312419066467453864668651290280173312631941151961677874658912115204234919348513949685934624323912739475896444584886591670657043855766724304195187455896977375901842114498068374337e-26
-1.50026011893916713441485465556524713368703598053203321581692173834992780443442549012607698545667016454881282045105953328161604522251290366574793281742555714967025660941617517543674 8.95231609331136720755463037481511790450115755632882450061898729072284636669924447953461898140404747936790315822908899070876140842196000177314672491922983561249678161810733989013018e-05
-1.50023270086478713602326815212323928371514716630981084586268577282584522462098040793433229917547904549926401828854076632675938637483994652364932801521556205281521687042224860559003 -7.67776560425053681205302132074117967597864202106208381594013062876634222526380277433994242253835545271039834618826638547481880906365487830742020744699691122462237465382640651505508e-05
-1.49921634317590008705716170581954821195191534536590347271019705159925538607344642370546916961363674910670289721132847489113535433625217758495959832935432542481508411327680271366489 -7.95655956427301699371549869137579399247232949658130407377689949817515541508772517160081269171720658960541588736879691098676774230093579773772532718120396294203424823833965968096087e-26
-1.50023905526374191137885450769285377519869829455243345214362662793705769257559787731823594376659513690748686943078437022483650126627824403963103361606891214304676542887021539729497 7.99194153390904885786341388348734674056429702404052590275270641953862321647716779163747518758430767067400281205997240607821926414726886870166525977572252361562680398124318443572335e-05
-1.50021414416853099449739973743996276620108796597419592242859551626617319552308887050638481769720626708780474699610769417972476176106268644770994890650292626900876319284313393544756 -6.86740386369839475242269915042570974109683349606598169166269135204003015232424135633972905319669891277573997498629144371969236418377022721075105820575626778172514905189325906579266e-05
-1.49924899514860854890350795418821346088277912303427760690986014002468086682282058457528510001401613616601836799515744584741558213632471756818533045554603337091424521916256769548109 -7.53067410926337615424841933162503331257721797287157277916868502490682600587057790335467536799349280388798291165168953136984352279782800559272498614631292386009016303425416618203551e-26
-1.50021971926626127713261879806454926619262672840903319968846345378854866024206131444868161691091275247577854086968456806615906964861609773601498557354617717401449220055109851090482 7.13638807958738980530790304941172501623944518893550941635600339400550358938244911816895855924884720139132306564050695495802164492537595528795418480891777963520210026508597731723138e-05
-1.5001970770023463484856542312246758928929710544342202679055441723446162520457855405796070749166639488241915102421497064616259996088895779016699056198330759908781022677585183187412 -6.14391068904803568139724587192766366196404269954566502010778846097035252535541403670041155971851727704714458033100662392244382625005403468144732348239052490890285900729692395354924e-05
-1.4992796505327370037187252116148430007284012742052219069775640708232136449076273253362428671836257267376921351631015209500053095192331728480684028115075152446362560860843631722881 -7.13312243042232735911683394936870563993866577743341977253883630100770538004842923173902968161104035070637548901697180344658709936907886874585942516018548407528723172163630933735315e-26
-1.5002019451510655699939260650524901519306793770106645746207215784939955657908090556422363135149859089717304381468729645274750049473939236184426041883405645658380925671033108954925 6.3733636158908430811306687414018030182003982287998113382505852190686506644331647609366351256253982285317724456158425478446732311601236870175556352439625150837554122555129015226474e-05
-1.50018136156339949180200204808939720879073708393523410860429347998051942927630580356895587833279148306970052887470318905600913777776700733189724102278146034528674206813877318530211 -5.49732584042482950712453197473322133182357218029006289390259588089711359548085241887091606637444053693931880296311599828201721063154753578398408247720586432086380516053536928458569e-05
-1.49930846866653347144954783527540137295516392921199383799984446017198225037230273385179357244046194936178268092566673167069176762677420861611707495992836173820574044027242292483473 -6.76174613586088658791865476976968053680691201178413947179488666478157106170948088023117761461106962297201283044906050024912681422003494666119943147252175535315610927747562271636137e-26
-1.50018558697011526155749502068695188343483229877018691784621349417053725794628840657150070687764314943047732829014096145243321502539907647815206700309821000271907302201274166304177 5.69216175223993769711159920627217866797974146337710875204705002217202058827791592197017264502170992353700905459558452418597550963802431261261690494868301214714886664962963855378264e-05
-1.50016687570818569806390789242741278922032652993798307235941588449025550364043197779381153440269757155288514042601494355504847954349742133058476723921359481746818839175549082254679 -4.91893679681253473574119888781917587806835915487355003480672198657258954318086296606380337261333306683482075550829404272704762857437312401714312221516394039332489700544705398261109e-05
-1.49933559332232709971342753513308013186614747792358411311573213546521887282152273694358385103553830603400028933792229703853907058665185476197836489832986901605521007990064051680363 -6.41456070666909521533741967868071471317917159644541339410189853529367880510433166406982108078436252349133456863861303855449278453752086868983427411264914327399148595454445089519597e-26
-1.5001705155833710695145970152056988503668003289861875535009660405141481867674837573263318604226083822648810568437454773634929055657567625996732190511189301274818857092310587368411 5.08343125225008414384473006126764251213875164439729429549578987332828133265582412091168298881150889957321275713102900074003147203933784310071877212076042144014589076627899237961125e-05
-1.50015351071621457900314438659470665134399064217973145588837977208400766203601933963507839145413136467509201163902024027971962047054928513220510874745387617921715501901503699550646 -4.40110544327267173331760000640429024729905344594274271345510337780354424269575260455886297916698590366431948102309865075516823918556554907818003647112355913924193726828865442350672e-05
-1.49936115449431137431846202749307275054148171755844619092486462206952040195865618656548975626581905975553829183841294288102294262628052922011619423863602834428473154385223769352534 -6.08974258372388704029141868345661871841974577425797898218228060718595625590824490188616211215449734310145301873896569961856772174028380120108447815156858556508000286460261276398676e-26
-1.50015661621671458692630048800097877253904524070317477413299479498804020411831648412295829975781194194841184338725486572215887074659186780705403766395424569189801079818681506677095 4.53898520108176863252180163377491328710487779516695254934595508780669611412828454747752403022697308510474593577337076465132573273341040569246795296647212374281959195666432410066185e-05
-1.50014116946131203174314203221426551352020834166310140896877053441902823595418315894924356679077847054182138098616482478922411023682045845834117485491608378354824540461162740298893 -3.93712243229200755080466181186655119035476412558122733197900533369010412090128579090283819858188441396222797444556673085009013950799134693063805710419820218258296206995070478514715e-05
-1.49938526995153253399711960337106446264878486629291831257399039210065564748227485029286005603220589188054102577650330730545503614852203894252461332272973594486109501745582971212731 -5.78561671103116483056154807893875066392096828261919531928072245335127200735043014764736818890416036247908182297247779775037834435254643776014325845135541385130972099203454562420752e-26
-1.50014378647389539139151906121135658952389880606968693353498939597643324683905720788322106603951918145234126202598545335096764203282670688641013808198046370828076029364774788242275 4.0516412665092056006550440839880052607614682862748643285888934572893243971056991764784654035267958312159777615164923344999546707165220369472332658362474716372268665139400846189566e-05
-1.50012976489890697254867074109802324161501723167432346838620359905134315846848321792759671259259758274809795572013127764125033610319912207607774736720228269214944192801821860746624 -3.52108384721235789718576990108060196639814521036769562518829117841196932494007470035623737468891068736400347766196978424762457204049924078377990999934115746361202299140638308012562e-05
-1.49940804659063856680707368798853061949025442675280617379661933930312789085572824982036826489550340851839021825592067656687026051497701906585313877843266245427005225799308925264525 -5.50064468615610087191179644531860151876657888838536569183654831256561409354971243378976852018449144750239693807128753863719327652893009482615355705302803098261749603027408959530991e-26
-1.500131934698619803038302755689040234575251266150698228240425869019664605921334205147870932314171504911226658535743254358079282442230477838476659244185168231832288921839242660444 3.61508685106942834320806156221419662107903115913041789723350386361722684991356361010194476005433138971026147262771151266672056303298784521390699812818920640351503602790783808367064e-05
-1.50011921880172798819589260427523962550176520048500785684871020125900709927905129586756120814935726824033566267007240035481121637921921900064954433822998222282224193684506531214588 -3.14778612933612927479367957137553162622861709362368698399783308735577112844450207323870778396490802237955640422613701018204052951780811803896063801119971436413286513183863206413178e-05
-1.4994295816173320760552256672766516566677009557153547477000178582424506446497682943509592327201512195899648848304024701797592066839116014114389710910725072076888877038672996496106 -5.23341360443099571451028306913039840903511667410053628030746857660029332929011653282896319082520327529888800217717151613914240371480037044830691309902295704672236475270397610955106e-26
-1.50012097861056514793225660026627007596038999854270783824554587670176797642132589879008665601780173270899966049348796289918463850925528733091239200808820431538774874033536828627016 3.22376451940006270474586967537064940544998728846516050525165768926593059809619869079411457656407789908451242731222596775724151207531078796141566856251061978004597374834646532130594e-05
-1.50010946069337812063924329075255614772965405885106975832765146593677702755947897783258348029481866395185267105315835096750920970015794948928630062164046345342402253709238443801628 -2.81263614483164873613794524241779879796317002641204936596539423776310874559296247648909677446703408033311672931621556192164548034883690200658787296747723423984312499939217079087825e-05
-1.49944996358085197315448363840536532272853193599064281625095486277926392516060509991118787820485876922866527627285676843228507770692009893715866326986143500786583764473687249653855 -4.98262563794319867953115169053935176891760613071364373798759338630210620398709661434834345472341283207082472918692919265916251816952041306268761218705093586029980154443366312009872e-26
-1.50011084415862092381529801705697162943972343400435782926372340346845343350035454772922813223377514295018694566114265114659293469614123359119525111416123230688652637146360451761338 2.8727741609465405006671644431849845396529561915259680298777971958051886952634804540483356602368440146342561026075731977446843995227460913850953051531263181730502665116922572396186e-05
-1.50010042694147719920506369164999514206010703818808874127801851309009164178553083823900137758194020033076709619972796820718457948709171960488209851916294496444912773351734934320114 -2.51157391931452321162219234965436051849641366648101441306872564700899673808743734950509701942159920343864808178050078753955512593936827009294193959690716184277599826679069883193256e-05
-1.50010146454859012498183928091565433869568961111621913825869911828531343999207847456404948307384249433771283360629569374951455782269670931477526317652723041672995805455988518991526 2.5577891071912981859587952728412640996454660042523873756153314626594803984487028403110903920800957844364106390143789933572284116965011858686966152619719576399450922254367258415007e-05
-1.49946927328199437420111217941329443985262733146761891683567958929040686226843590099465753623818048897350487536369358186096081497630300654186359965211343933856471067203458975339066 -4.74708835745740601041444095913987185747005800693814631962841937222209028224961519713418499179403204280804813613909362195127723928584236520200147326539187964437190489097137266035989e-26
-1.50009205998093611214224709685219331853543416615103526828848664294031850184151987610199700808246941181255086545558904847738943946762339076750566429342198327501432843257562130932893 -2.24100604850956586345454506105824121444956886174292702231887186606464086072647280526913364155856393349793348476337003858427424159220895999510149743530817847784630055125998780597517e-05
-1.50009277941265456253890940426511419592667620926165901665639051023607720575855720107407731687183992883525788437141057440791480119043156951282872146037440394524856417889338800880454 2.27498397697893949147362525746072996698407972037998982897842412151297132846040545224919215695916267997035339039798566921183556877777290313079614948629579704195308226470389590232994e-05
-1.49948758457202115491180414912912030115997409607107496034216895192362545013851095042505560810507880568172572314628412196222427978537619443338161393810998524610903796717189434421164 -4.52570578077488071120561091081083325109150004403447282754380221905059780351851487997743199015099334633672927191051943925649753994498172203692475505701193300148598715801414638800545e-26
-1.50008430764445507647618552272654663361215588597193113201286739139412200973450201935583811282260989845727629544960832925403629441501161104650325279189161582306338313134657267515102 -1.99774815809033649838765072317586099820139863875122238401767605544348599480481197958614608149426753956200266475244018170223302407200322074534827906427509879472159414847414049184374e-05
-1.50008473409528143509425943088773855613468838805384866779289062177267430985137997385630745546775405215981491650417392111343417656621086179968356192384849599690487636181105991961889 2.02097244097207985261757985076016517907233000882927976386502390229768293531299021800682357832852639367481149307708750729226245917244064428413464001084790730531738792603537116513993e-05
-1.50007712258220013055202904251856822018173597212737762197339870329060841689207131319797386231343434122243706238389711331000127739657790368181313313816676813060145653936274024905895 -1.7789750693038452855401141708788661602001770787280960212218599356567896019432852979353243957196679962462086423892467925204581751500046538253385413846723639579586711173912647901293e-05
-1.49950496505717469901656761749726536775625908385940913883659681227651319838594162131293434660233469591801339424164323015070140100515906838446613899299175457256425004819073638152865 -4.31747010963737365415407691352510192240758856982513486946394690408470130327266917813893547192173317914547164120942550915398199704172374289900689488573364933395661747456690072243294e-26
-1.50007727903571663401316154767424403338730152945262553785411409927236159677819426107930048681119789601538530210331694970494169139294287035839145015016991263089867120639226531792694 1.79275341875761271924634804655846553978598769325622067710744908831906833139809269847752778118334613413849964636564564228589268599482787312427033897882727627517866643412863912090358e-05
-1.5000704617562786761956953655084990079378609579192214144633009434554809551997398820637267290371477379835111789247867392366616680449036136801377553699460930382888471807125566156579 -1.58217755175337298651744836004334875810960562359699349220593575216532023684443766747977269616797317474941233619076502860272592715263384481369808863742167560615715597743030865001919e-05
-1.50007036923131730171949956109172601755198029330491243117225612791950854168296665507540949376172580562061690254806415830140209997831984201103421966914107943363793615289503991716849 1.58766447664936993026570115404856883769157724930363918856543209001778498393823915824299275888641174358724829263761297415492297724410721575439905869373581716852040371679009821014635e-05
-1.50006428599843328547904349130734693622470759368662195827512645170807294161946253727991776123406362476374272985821683666563784824354955196582861012990207227781428562662209420843762 -1.40512472576794484753799990337511502161762191044247611705503060877329423354076327559069857639120925604521046786337302235679614180518702232718246321193509865313057639140184838694087e-05
-1.50006396376909975519796742736219534185304147119585562843067767750906490647911205621285822696464265637708482862679592040919057138461196996532399718003992476003221887122566146539333 1.4033413988501352283764019474664025343574981786121906000217342890075162980921535629268918223604354922324491286594484045335697456423336183984683266752934999274892816707524778887968e-05
-1.50005855962153373190671561998139050319558592169156020992107324153172862774063713776238683934534114829552315843729861834001722038655376158676076148695749200110464766286595058608513 -1.2458313245590189760051056544397063364915571015520092050992642815294650460175732497850179183753042657915335393819494022000157328439538326266619296847179230326858068258605483574334e-05
-1.50005802541528462552594864444019198293170687349049371939872602874327840648794694318285006381035270273675592996098689485967223852910895992546683014246477556083455148421063872900267 1.23768307192762832491056599209218790314806043669741539331967650425176494562156221464322965623788579836144529094648499043512809532723310851348057448893529111861145850770900813456447e-05
-1.50005325007713465553874242431098109651291439974400935419175452328739820506229579152086537208349480728236596301852085162539291039820755352451471454064982937477173184768444378113847 -1.10252914833737710996157913622379309335552862628264026481183092698321545976430765047743165530867441127496971684409299609233641994613182416255776641066179089778915299544439372076248e-05
-1.50005252025449859484766419846214408083265405813461505338772892306996298319106947386511736145633272455944546448407992350894968401666479359011589696697961604341085894897092790187432 1.08882096181270625840836325143792471962335334390398892027427792596111042758539403215726801850340531940546891618617053621919779744769783370136184756883041871972304285342868050709916e-05
-1.5000483276526992135774258566673219616312972580608612768598493319628403065725206130090642945905066822124591728294272553114615784680979555022240260291130741169028885054752360592863 -9.7364214430883632183338928324683671492722693674868101480075511932419591281801404739320909929006467555571055991177443197708556384970383674113005617223817940353526346465902623038462e-06
-1.50004741737177998899995383586064401150804063625145812312717348887567586873654485493164386872498556529273192375608127236423633078202707308035558029917312675317636837594083665746382 9.5509258128438116836220055643418277548439640721804478808923668196885907350841568757804880865302565888700891003238556060209717939440255575692111346652952307832615574423476503607599e-06
-1.50004268857173860258051028153801217254173909950936471658929597315787718096137576367963215610249230965683026567953534743411576379914029828157275795172715656292591291565385177258682 8.35018451493299996087931767159003076257709366933904826527788297976269327471515411573578512843308466917584444468184687841294518476373319778755556772051913478407297147051434850764673e-06
-1.50004376520315508154646081124476018303376158229327725875123468710059129716864899149191706900926239387575656715354968129411584466398539492588346435338558169467665510543264882472725 -8.57764632319333007367097850618105399949171807544999047043173168210241189429855729701979428050743666759205303734147279189477252769728012291525270429000600510866748651403310290051574e-06
-1.50003830813022047631330272716145379337840017923834735550339004853261871169928714163825398414837380375443276667168657260456776421820550239616210867731869897853535939630137518589399 7.27282162969347829352996329268483102687711964215300498840665330702669238847945916011239396618721395632486202915685936354468108125828899602420659199297507953523309121744072435327299e-06
-1.50003953791231523753691291301137300219403223599499665601462924757871268982540821874559673885622357034347909356285308313808986684511369783064825344636990865005269427722355604565746 -7.53642269442851508644941567069057812382093752722368592042859239154079025026894446443306891342956991655904813877273982263870895021227441214834226367785936941978404394159475311377901e-06
-1.5000342525746809347967976214791425002803563726387013113132748871485174173141391181140382345455968561051246603882074138441768756493855577081110101440066964216519650575440809334554 6.30713256161880680602473953795654788989773000346701023439981333230277218112117396315056319132520300930719318628273205826663858276857207515442146867189673736520477798475073418289105e-06
-1.5000356230804175480304378561093706195855266245822415726892609346560893070279191978937591680824187499624600534491864234964594400683154337239154963535503313441001083386009343989374 -6.60155411153121631288699440648168184021867717762394410253830490807242909429991877384358075181987747895403935163078303028675896631304976015122459059179088098617388321776639333870802e-06
-1.50003050049014618044291930842044599236616537111856131979647811493911654793100530747431134354850461981523290246290600161723090018909746945250837805214267781545660958323648903025251 5.44272802240151234675958898753723139295678521841375373585030033868992179457306807109236218341458488551660468585096411264324379776442998923726318274332292146678594967840642808806039e-06
-1.5000319999346683340661610457517528869193785644658679995690759731059783602412723131672873121162149326807701326081007381235902269754345124781103839971966176924935485149139850410887 -5.76304584882599224411599278100348548839536171941489031236544377219731143118319961748149999611971003079417840238078910345275066051764384067207306436324301393284967561732920559476593e-06
-1.50002703234780196647886739760330178080830126395993621478946421886604184336117980863488205591065714659698959669917634383140514557744017743480336664417373750266642951898793278041223 4.67041840123105737577123232140342495742663429322391092239367459939838763167730996603664934253359086735915154066237845150826004758804129623368929761769769051667784525661176795079028e-06
-1.50002864946028339354496288579567717487090160266848479171739160124259749955025010851108525130523733577945697971316055784050846169817288905368865393873167618761461927053047035693923 -5.01197846541012852695005366615663645147863986292926540634461090704617026989024994144402751857836125750996538164437337971805311857562085998467304757844229990821624565007041900347935e-06
-1.50002383035147199489309832294729132918742205759409758198895299819182589698903295335741262713103880528663716869693109455696582621745513128711112992463502660214680676274018927215133 3.98213336686121881906343649194648023687551367820885433711401444935380641652158153710413114916294406435473730412796996279822737854468603378947535564440778072864128351907452201483497e-06
-1.50002555425021187970219891551339511695154720856578746357786909186338133790067261885092756073356712226279405236464227893272995210022264918737971011692855334810350830387963772413518 -4.34039843537811786962535861461349675159249450771983314063103824293949804521759546836611571419920682423371228612498460210355733909287233317954342808132615755302138227462028209455537e-06
-1.50002087828902898131454251079306040331964658197885306498007498174981450668716037545405714320727535179335517411736718716737243320729026041339565283762678691115299259924527695504379 3.37089202238460638310220873271622572455132464280943911509652744135736249278604738405222132490817716896256024292119131032514315107940640394486347737556922519113944863899241961521644e-06
-1.50002269837269108268446290560956478596179197414970623700129749642775276201095996720807990096975106555867672311811709835491718561651919574048063261205184143743017897427294879308072 -3.74122455502082474232443028915889186736500116629733083236733960237192498967490962014682923702463126064993284936501640068042267153494827506953860076239467794361829340370989674583958e-06
-1.50001816134962504489221430898764508055749106485731394925539864012365551654121521176763667552321369792678761031782910136276044366867129301989884747199708820422468232879612458440817 2.83084794587994399880698128476149013337829458402612079391430683620874372016580524631936099678990641901037950979705122016699353408389290188903776751426130076623702648418941276079025e-06
-1.50001566580400852829933124356833948977751091238968828758899220927179192554664400658247414068524052798992281350875411493233451748877882070526131593494858706068117455873946077958771 2.3574185766440260699140238478137828112060444677676753417207264495611902236120569045373863640804531891890940222967017019594337189448418366974528968424133304282692446349710244886349e-06
-1.50002006725733111668836278497999037080013649009566597639739778246795424886951064986989026501551270024226130860969158770090523868708453171335564471631558206516831674940276627725538 -3.20816905750617236293045309170564040123269948953307325631330853624611205098135922055122790691874109434823053438028171991353911470548410716541739714168347218586133665034806358941308e-06
-1.50001337834947231858035205703134267774828568109702982815488179135684510985465924074261343092856439096999902239656316820648674491488731142065762663779600184334024912885156897898501 1.94738728623726153879617595881956428081452042817197463273619338480682533354442002794715037659733922505827450965182280100942047014318578929251985563882201531808376484004522208991557e-06
-1.50001764760299712325150477139901642850482129029211184837062535584378923666280187528471053612179228182753816115319041734076119259486131418392025072491176598976514052264837715659365 -2.73567165466256254525346734798245635386943180569350749459337771375075810578683989350187365251803935649607007821503721905811216045233111618613244966124252516318038187252838053895433e-06
-1.50001128497163909044282623015024949611778684769432879058067254827218024324568485555307650920766134123000252120673026100074611963081967216209651664593960108897252910936855659123896 1.5985128768369382821032344358259239456903991579855457849244363543542998603353415428620456188831265871488540915151029267161694468619672016435004078954124394035388093525231685661473e-06
-1.50001542731448977144275481668662105341956717361299783443732261031900642131725247409461363435255462271503788807848192071739766370189072729054962782904677645793848875111765382624257 -2.31884135457020002863330936215669591930520562465040155322999890094640147938337584365939205028221786747744715374556296353963746626707743556881344888868084648736984445574505517343335e-06
-1.50000936987891714371550765646788403905763896963881898669085929962377336764002375521583163411765948329993488122561048072082382771163307101920381230558853312082138706673024499552177 1.30783543479072583609394525784818688039681701490253401753420104090275347388745078593259550177904636667754715494333988866718469898354401712269385029190039351877920984451338614681637e-06
-1.50001339547817358499420319208868194878407748340954630384353452425046953463154706307536421801290440783092460956344465420028174321552535859661450595484814320582109692544982374049698 -1.95339143511740940149773983989019986532881770795124849500999629799763099030007117229068588537499457242768219502427880137288075908248515398308446644902085393281244343199419690873858e-06
-1.50000761628804288684341591849413140390658297512994991692877878341349028784564509112780290020697829790001808493209540860915140637148709458131498896657131994540898277867682690950153 1.06885731057008893717878117347968229765006065807555600877478337292059880455896556563545481409475306165617021273047688807422708739967123558007544575222336024410276943683736432736227e-06
-1.50000600977734128371596124628489769230564410602224927877932399834368734613494489547678710729516128948486576817045811681445051675939895330342429165838140778184605729304348498617389 8.70373449772942340369729216343270553319071860396133522573950267841436626399661051992646868106644989416105522251892261721201884630019024483333738577643943322766131961930086643264881e-07
-1.50001154238150600897287996957077682428652933671990446452979609567958184412849520361538259336210047875150479203394948655844801459880578359104233850265875109812446729912855275788739 -1.63553357512966858432646247050976889272840082973487013179343749085576797499669213991712609935733924351987512728179647873463906685610030916023425401409586848404817025499868163251736e-06
-1.50000454063267005128716689987666141802958960024917550533288691401967602791357414217959084544950608859066258161377399888325221209687136791130581871137526930400389263323616220345902 6.99026987494143228027938108481948245751376068530326383723596324862416945039002831622101278825827477661372921111750537347337369986364102886363988688141476291969369732126273699568418e-07
-1.50000985954936791253107123148674978100261819767930763448707797757570182415577830570132927625240356469463953826249074956663311433424034868327049825619760301407079449167220625464529 -1.36177341348170433184856764110250089980510116795231412775789272032932440315401516398472897275080047612151430673182858646947800568122996099634827084221388342688746032883308133834966e-06
-1.5000032006764711680595326324070418087898927092393208473999121564212413812403611592946872886612771518534356975682158449786139910628024601473462496824923793123311332709426833994805 5.42445257329940233980096816711309299487744724034917799521048528329116574780095975552005131059560728365463545934153699714043988331952314669948307504984864890340343071711681880296219e-07
-1.50000833969426274075565056236442753267225437522628386906366267038883501729018566438336134532791549904976459254517307858182888327622917535564096917371197312664793799561808419516732 -1.12856042874859511822597714961627258437013402355974628486565560799413258925522474451700714037966965895473950377939716812795438074268952867204537427869180332318584361850126764376152e-06
-1.5000019681652851983568026472619352551019767449592630732053741317719506577055352799084229975488343409210997753610092791618607800307515976433004252083051511632425213841103264746565 3.87711123082704817353973799317152927610780819887230373572404455951736933723388345930437601074607457056152923540958504450989479988551785267371834741689909068044363473236677807630012e-07
-1.50000697640608731474883327156674139387607515429335835401453049109191233598239801585082513941680354959763135559039224624304246154779399509627798166984076457988870222720769408576729 -9.31863512329403054838038487598307081689965450765974329698905069433452011075888708455378512021169382142717781489200119696208014230880790396858746616319891193473489328442231121391703e-07
-1.50000576350779668471342142473853648168549059849418229796799503720607262874715002782139422850757100638364031905985945085877682193146793490948403816749005386525425702325947397732872 -7.669485433694345779378662572204155042777144299343698568234489178086102022326739251027895522463403293882021221902588733903297144745616973197769874804878188360452846117034486246283e-07
-1.50000469433815811227717462643042290109252959280394981366086402152917749748912470982898758924901387967050802655753102852570317849087839560829903232294315196976768680308150908187859 -6.28642238095884302252510703073579265976297579326735317855438856384899357711483334835388387803258864758781056454220885400104335352284428833964096749258864794047372537991556346509658e-07
-1.50000376140464316880686272292926564594444703269491775630245035282738994820234794526280830461853956285424360344948591762396050971252767605020322211747730924881758889928328788811022 -5.11979973495018005760245292790209329020823695005187888713252180029913791038270662410593770779609686501219740955197240021478255131639801383178237141513604765054828703322421732357447e-07
-1.50000295653307230938996263868537672931572670865127131760200918617565982556172883215829499044362633359386691803254841824254556495714525483695697753187142398672366165860002537985435 -4.12792179383905733832194879007040493965619778826131790450692426151077519577705830350915616309202728482836555252157277237972331335073393416762137936636166555952135579701913029074644e-07
-1.50000227123309957739850903044154511341724584926924444843622572658759931830087067167131505617523601931643957360745380034425642554213584987217916923189951498304044224375858896212175 -3.27933825852767430798563006584429018160384398971268396722456288129607280722432434196797292372463076646447943708335318298524500209998639122813912075692481866252388366539752432785515e-07
-1.50000169697119298551469004384004637727618466245470127132713141524961474296614000896023363137148661458888040068840346878678519258547439725111579756784006353756037562238508614778472 -2.55205962792638095872422604952407284382829522387184118605244640032702641085680826788601877535903160893349637207427368712427430693089409238607239432084696268662069702119250558000378e-07
-1.50000122524341747424587742107764403627139200213924691340723421145151212254732004036900805260642687699133777305973523982237963418752160180640358312505838347560703037800502619801197 -1.93149349820071799250434922355769362850886916050173874672901893581672260216505167967985586475836100851396549511369590000848709535234878935592595363620610559107073655996945865876451e-07
-1.50000084747913281196344963981279571002606705864011049814527222343292768715270096577624422400625455399738247506962042248104205375769202696536585114787389775423843780867933130951661 -1.40831905197824309470592080676412613617103684444656628078004603379975555324359026934686004649895679745258306061706936187788507128351857136536914579515667643587486798964717422339787e-07
-1.5000005548368547883149950142147906909590748942043868618278961201089768539586500555016990721687568818522684205562770224656290424750790039629933159866597066838977743093420265718943 -9.76677905900419088305898788653542073549818670607743448102165922366617464655176652855844840702363926284661059094672657039661027731712017305545751531342449801355493979171512178965589e-08
-1.50000033794272494743140888404015457969897387191273026051395952487701482525226359732917629397057348603384090795982895224106196247497638921312302578595226482453435729359319201457966 -6.32594191387317342579767088333439191358118206272715942477391925241621962192285584067820462727144165938477369057531950840259048633352095395595355270460027272771365455519744269469047e-08
-1.50000018661969293944901946897444538244032677339844290788843747123825101802953646490759038337237287674320182482240328416134892844111918330768849200641816386772726480021506939136323 -3.72378146459736250963609368359400402235562057595413853364493897907224911669414062713823873342122092728212705987166307644464364444805119085915620141856574418106111654467020299914733e-08
-1.50000008968198126923696404775098487451779196843818370708288174219498164784728935174141273438762726244998379567776603257016541471555307556059936248160780650805300733436737955115254 -1.90790828759298548379598080546188844604805886593516545102433936982846756931688088448438955026347318747151687074926465963167036088639770623004105291788271775098087646797214271457882e-08
-1.50000003493131417861044495458018908368833732493907974642135890087754250321057282181220620481161493952907621535100959341902123064580963818387578134913830789215216771024740061418644 -7.89834726695212906709094726586194724738881523726372973483260557489556521928130321490158706101575000253161091539722577314347812890765258914398833851982207971704450107439930724863571e-09
-1.50000000957240010740690154620891135647679202713098233533383477867723099287316550588436401365568746467339032522968727012952016595015293060018883475812070603914171977495374392135929 -2.2828618055384567931483052430900478777177373499473723272527989241332233819489006556392510307811848097565089507424246587209950071691429446304742360409752776974759307260482173207031e-09
-1.50000000001619998353500031819696998207316537101930240374749167157910548855000535843857039365191857674732789084161341041753713301658357005730196575749761599222073080534323653641762 -4.11005863050728250214575631007080004818356571851043039657860012557740498181968315031518012832961699984158539234242898625736083218342806094771610349320847399148794995664471474587999e-12
-1.50000000128713653954293240394935817194814841890023639431522839189039569320143558715007293218550738111948921480639706228283179868706272195028029581116217006222042378908311070253061 -3.19533762507852956018840799294173880963033338190439610731636982387750059132616111014013636074048840145619387772307918333702297928874057881524276505465228479282248690829207401260078e-10
-1.49952147672132271177748885855643309747811726785750536035417164312979082594160170226942057571927977428847340339254957543562342655268847535559837613505053430271823377594054725203975 -4.12145409225768969094842911100422430701670641716994235120711242507970675429051127589194755041401460408174740696081572477169480186291002965711141755489515329566086626991790037305449e-26
-1.49953717647741968098899010917938915372990725081727064482008623278712027168868233780098068681491089624312229891969391568690426496732359092112731978040018885693877567186030268365849 -3.93680390797236385329550532060119031855049895979984196115501944181143634140980380589682336498118219321120989616198382476875414602537268754944955804637682573316306558841139996054285e-26
-1.49955211665692871726467820227934475108328124372221554861896991630237132242002291751669246437112742706515945146106912439232069897418622324100764110332113925503305754582632391778724 -3.76273239134788266822782086638502299960534053071175656562068701582763458743762351310222608626015438297336221335825178824960467160438253409522545193243053981323558681376073302897573e-26
-1.50000522900031486886130082212596506171206743926347927408038697431066365606098004542052207760711180342699927915007116017581773644728653670994244902245256030886752492993588937807573 7.17860950669752373691760725185212165076262698318107185398735756726803563425986403704788183563135149438578254161988600688777198233193058902965856179025743576875044829309233880865789e-06
-1.49956634544504804886614251141378609110954560653182302199789988023760548449208838424476224082274814730534854360525647777533158576651465553317044249113747578992916086728662562242957 -3.59851224932592909543991130721174904937207246309645601548725490864877211455790607183818160715382279885038188648936856223851240340931601684819387564771207515841817832187639744418365e-26
-1.499579907268488835499004358957797392014131976171136824776334932112173520294119792466717015369369607930739316599809504156410778867868555119375902645699276921866845787489243397184 -3.44346858440794360079371641838205272543378470136883159766174257834510889767924675324636739476966148113381653756744738980854909117711530524168624860841786597334234492388221839375729e-26
-1.49959284314162126529097147248932145033089858730615175772155642393465710065447902728246855991560227275446566749001263363562916292371259363269866792856295152315707353351057580006126 -3.29696933596911629820103076318847041546377019271063733478689858307246419247650006666919050157071791877193388120572333655934119569448223138484829233751714956213462137895627574902936e-26
-1.50000085847332841590600220889437709590820746202801050910849017641201945889528069601431890186773838857878575710349950639758045972418263278759646758679717959682508727165176543787112 1.46664732322184130910978109900212165628172626423917729140052815343222692769285374760193658748607619162921153491221005097114783787142970139924117944462703263102902145422277538570516e-05
-1.49960519097601630022966127450762172704644401463957934775175673834848772675458967306927244900266460288693704743096462832617533045044712109778985268121049703656561375738281282963196 -3.15841082996996826345930877568279193009456908434766366739865966944598863314696627257663812233385408027218184842459701543498149065195854606598001412105683332666451093745494111865534e-26
-1.49961698585773807475705203423475136002804602759545840945660871331947026465840577582362882092509119331948163051307589153477574390728274056495423922014173270391382648729703923615813 -3.02719278496353320940831779983992424613120693677242866783432054976644429712130104299496258877589503078728130286993931620930613362692890395812852096363109608301880261341310163542101e-26
-1.49962826029616797494662975842468298503238087395793969434573660310731491178269751703829918572633303821557736017294933756281934663593299033932121214952216671145255115354980698942514 -2.90267151886880497838465773329140649071598712308105132120716152323601996176974476276606444310672419777277151687346003725679938771908152788827144016446449776084425737014757310272288e-26
-1.49963904444765023489315803481601734242200384330432388207253490936056724864908916044549444178387867921667109592689170097094295466037839871109521542774516898827947413249481947832771 -2.78406919890435812315956271089409664953555893105307969417415933547470677811457771176022487873866670955074449035675837358535288211440366706700309721981814166523825774717686722192661e-26
-1.49999301926622987257239080006234547657730942721645700958242055592116682296489523728409266729706915116239668971140070395542149333667385900751672161858445482649174995145970483119763 2.05026133423734122132514157498917489820011793086457533853686834942720523547533215195976253232084724282084702025828215627131159471677887400803737451206049964719433081643438543188297e-05
-1.49964936631682754310476525012547403481896854504390025791171844206583639405857209639824216665094240325531652456338022318681510266550813056771983044219848675382289943583338446947176 -2.67029602751886747344623420018040575496639945248387597830642214461845052823331887026779597218251651659562656977425235037410757565870677717730131512520368594967731435415919014036128e-26
-1.49965925193817288930562911718133300715606733905604371733418716544450926582047799540331155064623733853864899874286271638528666669887069921255754854663601655543635514995441049219594 -2.55960246939449232873678481384611335062802715198982231050441048913104980730277567045092451617329753654024599407855277662419226604463682696460811781947746133916973280496295630502282e-26
-1.49966872553991171965981350858960887450642920665917889457524864501524459578218287218097770941644459162194691993927498598392419212360399204600367738976769745444195508089223142152067 -2.44890389270178405997482542722715081462016094106319168983198347779162833125939872623118109535393108438094422470131120374164749704775936754271699378544106735640035803783072103911462e-26
-1.49967780969225889283329140026938069639388232623374458664601077202051878611119379419523822335596930306979753539411270519937480096593615665244758665025699819813507765317936462435966 -2.33248109990679221037454596726981344216097082006232946767548850060163421749970000020784303721014288733791055356065675878153211746637541766618989328772937209303947665899761631965275e-26
-1.49968652544166163924209023262874553291910366357967574020956948216663676632160502535691135638905049077874810938092018918050701947589779385679086012535759995589950059396865419181641 -2.19950462889128920644646878583213195295916487503823979314456273966052967093286466333886681313578359468458458920260667905003931864342293774167649349538342415887618881289177535589606e-26
-1.49969489243253742306368707011714511723209125841046913237673634763561538914183163751149890301202367604850800455905394123571469659102748566307760699386014875635997940760142027555827 -2.02936480613509201135990701260919545012762633605737667004947970464896105597317106077274614170602771788409819574717409108429261444965385053707672337639341646879421859774540371435194e-26
-1.49998294215124443214269701486900312616379072035686526919926690343101097794607243010009049754370949339813366826822994516510762957925876529058152486466933345986582594639951127545117 2.40364818059301024123854526840100567561232670190803846548974298451252360448181208021493006087043369962067244833409069044877602483503815776728770065714456553508638107502255757970134e-05
-1.49970292901781982532812979557115386702717992133582247114644474587298482509386825228495213716831031993216659431640046776434893449308393612219190752652305560866438122119150195607218 -1.78294790476485366059021826872989078706582170014680198133966835187394137550037997141447103755443991052993308973480010960675709306015440228873820147651520820547233777172566649575837e-26
-1.49971065235947253352218896010588628279165128697758547542231731244401345009987708138421751442892492953018687508503525250990400028762983893906761013638014086037163316364025086351553 -1.38649135336398988183480453706153896890374404032377001158202759395242478772011494181843982188308753412692091055789170799371001393073271788418062713157483055164653420135553598934453e-26
-1.49971807851999804331663217036727068593971945032240152499778076493633450850202138795435762167825786375529424835645692552897634507757212496272663527925776066938720974653548095548114 -7.01972990306976512869850835299150037830411853811507874630348936419441735613309621178628322822566391725644731513004867368494538269567781920828758756719502702512815919558484697569118e-27
-1.49972522254585103915701304270742491294374943191769646572133435317600019904831348005193082492513006840029269621288319097670147290083479672654354518720763084775844756944341249604231 5.26731363483466515116864494561692543938331486871900293160478059697193937683774768921732722073936171659972829724948332105182782779392617335642398470132609536101805249861298207690992e-27
-1.49973209854356431550776983727258564892592961769068786955544477085368422596201702927691555952684915447133019734965498648980561663282899592477007811119497414686656768214974433716823 2.77094830815896898217545510825106971612109299472622940846652066653405898974083293352261157770357023628145737126987396171368984139167825089023457943420009468525180116708797751884158e-26
-1.49973871974930556284046920525021517536912120134284743980614201627634676254114085909185266649528541085495460881649052965867011908086112665560521381342266266820404518550778253507974 6.89094513475720931225072367899976808218757491032213484027835026548618237560108437245700435773359644334545572470924838872471802934887129442437570971715102452023534999319627143690534e-26
-1.49974509859250469199464699356348027114285739637218461164047247062950967510267164906445809200435543193663031476428746734979670095923049279475157837817641384186820370797335733525475 1.44444604444118635136106898614902440583013202592314197818534752703876349351075401843017755640232661442109989900456222306676043076677333704788773667923497269076452510917518382989862e-25
-1.4999718624939949238092894008112078470496996600112545617864656715021216120672677088734024810145196707074184387520416409015061837409095453274494641668689722285269773987698588991476 2.49576035253698316729240964196536505829781524868921055496662932754471083427784959545833358773854443543577793220527951693699527766712194264555755709227295786782312691114846540209633e-05
-1.49975124675412216925198952225223795118357230411480434843093772087071839125722155766308184792705870496659723525164874997310918001406171500467271659213676168099856986015317669643709 2.82306715197390694062162979658566238059462146293807548379269952432466954770171962543862027696439484099689022000175017260851992443479913593774679262145981770175726114789031146477114e-25
-1.4997571752200678489576273284063206556544485999095651761078712991441538287055184277340876555589194981648777592465765452660328788685160216019320261787619209251453530438590913781384 5.3242674862155432993338255839547129732608110348189997903024705412573366722849976730375906817923764747673799567265940576104082053906643328147107465547924647720712908709909573457045e-25
-1.49976289433022596089739056467744479443210271703059672088525566360885176002603704427719718375524855533956577163147107002132731223315961791290018900607396944453397452878454950139344 9.83243188646679877556706245644451107916407065141088729790144270958111612728719663476547677287151951337386640575868960867316872348351915877922055504607484962653770558148743771697655e-25
-1.49976841382349432337256777652377164817533150392260427498032617809466202241058996552128635339582672263899592306859614529595684649137357057587462723112210449426987889960319477231364 1.79034151999181746864371000316037565585436180213441812318062673170982305992338874374310999821585194000400873947056347425571748574766728351249259763047084028454145401180984402565104e-24
-1.49977374287920372291783184463546144728662922599846529012794837170617158263802634029537025398448635036245841188012212070558310400969082404565186260943471684870822556670395581329193 3.22566212158920355363298112107166075458471673914304712064286822530720956340780422108552044133434896158098471991166924460784504636113241434590907467357547017881009471130083424851374e-24
-1.4997788901552460477746172168493450567148716989299533045133344639398828347371066290630870351182307390944856324211029805659604628435149633661136577403322831451017312546430652780486 5.76156260392101264702673034548903753943416623613436719668144919874666606736631321832447943112361890604074343820928187451372135756948104652089320734669528636871590482322317660586467e-24
-1.49978386382320659586071101135747819174921018642596593672411184192314670111690932887466193728374180257718010042624998455954142967388763006107957744631993407957339654631875024062216 1.02136329784341771744652579062067316044612520550530899874974244061280798380862230425067118548110807527627480659916105363935513038274307568031235145518276858948055414558770558079533e-23
-1.49978867160076648861801861261590585220841442286405294374844837698591063373623367899619070744343002488819407391782966380883509231152811300270727825633169657131708423184534722249816 1.79820516045399282985553278821539345021540905520951702333999591936489334461834863336757187773827350584482736280644149766875616499962193410562926984835864221790745460212156030164739e-23
-1.49979332078161486643623973671641166247585367706063916558743285728673070685015395907790196760993273553690166995812026345200122495485943351108463228397100947085376367612592709987457 3.14574233015197307935972497227652167614718943882614941671404717377322225018151230044536769065803191736440823848733253376371897563562139694933827376457353588380735605791641446499598e-23
-1.49996097169466859767674699308296579866028011130023539611655189027232533775283382118738672668176771140484953739746830925355120107559281973161565414965693115907552592689842071689444 2.32886673884677277511065638556284751305930351845027974369455179086278532832357422284218177657990010862099233313794675421550041998546230251185239193258443590431724675460873189164344e-05
-1.49979781826308713366181621541329779558624685320281311462397365673652560724575410759047870715674960108541457691341884195908450221950611915251357956034149752694921190285822649637988 5.46999129843898092083663256824054541464118877540322362638941670426890581929901507615734888622315256847230846423671471815585497286452316847443809123412526172786583082446083856414368e-23
-1.4998021705717246254557228873114502444623898512086533311170421597778552388331598451055865355030505274344152938346396861063998827052417384660386431172245116428454083795928360828752 9.45704940724456463255745975731297044401481365891675036039105609723564393013628020214652293130273054365678848313860945320088698834458072661523657186998308689896078048659457949896681e-23
-1.49980638388693239169102136446964725569365451046676694859195436519298552143519510533547660690454265403611388592204986576364364779121143023391214970408461198238546329167136985286042 1.62607024149216432619026220021617851157552094565779192986155688178015393213040519345207941782531023984676465158442249792934197215495835746226514602227223273291501927338510408836272e-22
-1.49981046406289507835908566863404698747205183702699747193774984482311940699887225021481059921887561981314472791225124455994670206395330195270759732516170040082059035348815121445841 2.78122508988425622052408989883562099131867120923140183848340375036339407186675804654953868190555654437696813872394061856382255266275423098787269468916612125248471251031949185833119e-22
-1.49981441664889591021798803580405442499289464651050120577416428394173427257356071289191110242106014608546115605733081273609991342196254160227807771857645664854919461736053541742229 4.73301288691890588511577361427916449198561983581557651135238230200585398879169465976564906210768542316983493383430362233029008868233030232320768903617509403527297809352473043834049e-22
-1.49981824690817034299124924725446358164475928852025283544189140603437891427487991530711767019539148222625583323759394905408986106484687569805198806595808062871212738318308339833857 8.01549512856722253275832339269018036989883858000779202344274630038949951473359378618941495956942061049623080585502289651562033122898359085662617865559797845281921134748897828677487e-22
-1.49982195983541388665850286447333475637393611526172736600331796602731809391088989683711275605559362607019893031860374122623861886500034327810389860020636706789894415973085517851602 1.3511282144708427004172432584218649530102316236830078987038721522931850685103256674532187817966697169486107857226089397942650277905379299312265237018152748324136967764208615154067e-21
-1.49982556017305275149874586052133092215066949891116353710670008729119885978289295660196905448901981511654312618544216169573181688536948963388948724461267861210684007593340122054319 2.26733365396193937285261144877005926523905363744317844355770107656334590685399813804981695010379439862523359829946970281840600548231563249050611557072260916463190391187004790144655e-21
-1.49982905242637620195043491912534262137977638178835829369744909950951354783516785521539098345449997416022974183209322538666947231120547327911037080096601052518945613681286017133273 3.78846459712997739885339750882881165377497065920860687212050800937010541551493198258216574638188765149373242727001416778816620512872126652966057427998908559918855891472408666840211e-21
-1.49983244087762070227799713212226760698869956772896665039344084264301010083001470301969654113258249237924782297166663060176011773107691968132904732527688883893733415351488746811671 6.30396330890139822485098116987748968402001818878342193342630868585883584795294878137345861086958803735040723521039595330069294632694161758288467442958744633411072315803548656833922e-21
-1.4998357295990879985435341448793537624479112449213404268055455270745287019020517848034226777961765128961014551519107874094298414157988431578669176439329912903967909571014187985737 1.04481203276747739544399961710056658225448425769445695957990372625996238343184184853080823885068140562672083327470058787216954636893648696643844451626930359661297708428714285352944e-20
-1.49995132486721990595478901919536175286598876613341535631571000736029529369016208377316627009732111668556855496472532604741505895454051959447451436858321949162777590315169293412417 1.93109972375913937070439587154016893333418208973432479864775411217809408130908782826939963385710232847173842084294535410425683410274024443597105392544727342553543208499213811303355e-05
-1.49983892246537211162200385330850384372218617278116284340606286462490316059654624539937813853143174107907341661406336085176193780056733692643097272541359082005149510006996805380052 1.72506700831531629676259426947278554329509193966865815659486247146693644331969762607890676723615408898446208691687088498341489924943094647028203839276343352033305612851401913602163e-20
-1.49984202316476373469157071545115168137538272091684988242545708770388168663353831335861183752589557732105980263036588186091823037214088148469036498745066932804496490006626112829159 2.83781699284742686389986017609590474519315676239306526276060899204821344896102646294057350580782659578715825190640934319602158585720156800853056590932709663052150178722424482864446e-20
-1.49984503520989466377235540489981139081601942977800825844439756702283449254147436108635085997361045905181262155956223784611023122783059857074389292926506014668162942969712043937562 4.65199109969897388351334205040903491685195988287559730625604891089917016358865241633064519560665044875198230558048721632475131562507511539939736141192426835124270761223947369668871e-20
-1.49984796194767957760688476578697791671030859665055238997246937111253035611336149997013054539324864059278802637233469309695632444817094626996273777872716481067894788081542458967199 7.60034307161229417008759012621226731550236977489305363733875012607776328801304013488811350481706154272382300389523853088014065177784147440885456616059522423501948892887256995001234e-20
-1.49985080656860766675432129278031701268198336804270652190995531170626994684165308786543027967368846740020283065184808949055703565240945008445356271084160469478361440402144112687972 1.23774025442782530515964789481506569638196333685078501190912442777044068753034946293530545802603725740048414353685311642360716373813780469051463885985057721023670598873566731376813e-19
-1.49985357211543224077916662042280335867002441087197561267696504961357716247715617270737901984423082466870280975644690290524035606204123828155561305039274095999756173314214008357251 2.0095023624628567129313446966627165910659893163192188849383157028280836932676725399406108452014720943945811246292662942686030882300806481723912776717469996347116291705782744483494e-19
-1.4998562614913024719668894810982984431308541719569993341305467666390024620021260966528537020825798167953551111068949449554929427417997539116426620187382493433218717600452974862336 3.25289112345543582920473564879538484777834476736081345601256752309528692420893106572221966495368792873188317951730845874314165462544106774968823610676243009543329710111934387939769e-19
-1.49985887746737782409560957125073504063667609058258785761123892954005261936791288208600207172614572981198577738510383107414581683198040431306831928058559663020094260307275077569841 5.2508616346067946723646968722946496545080458452447195371032282419343431721700617066684775168199328284284647884813847598294432134452625301281649440214820766199793604110063338869599e-19
-1.49986142268996242975341075950602837226388776782221270623190777663579997944606824077720997546772933227496472114739556146509507754962424876130804758113915471427900233038290650887751 8.45334362425382749965132422285498304656512404307631294430832562149554673122307014957648079436445876062554652236457554012338024146193268440732616706654264994073718895644003059687625e-19
-1.49986389968719368765079285906335591377007313586654401664895025273222650172487380879949881048837010982018687689551770989281941570535720356429812501385794891326739927908761048637683 1.35743532919057506043455346284073759647923715537959689434669708543615257750920947010631929233475607678552519639543394115006592578809282390902088290190856952783824489937868970103658e-18
-1.49986631087531662385150973752299059558069655251515289947595085449847007010099847047833361798757070882306634788514517664999114903658183197692938932940149122978642624915408354895473 2.17448904983857086359104315376349633780232962731899054411976304516419190898375435218547482440008907373563784318860856903439592239738507523260795424690953456260856503852221436120319e-18
-1.49986865856457307234086311639026507251159071444337396238068667415577703427071588427240849222483802145123971032968910627118657036243864976280979479855820123318761886440931041229118 3.47533454233252517576546165162396628236782486395066780923056050052866680848149029641419306080688659862280877973276924494050284444920533198017993400722151356325132331402108146905054e-18
-1.49987094496473245803279559302608068615533742857220010444329658019369329675826112114013190117389952372394398272894224734102867779704869823148537477816716996587478570002968068936422 5.54230417913822148677615554712879060769847602461934346326952089211765160585755136602941117423431155468967031846098864076214441760110707216111161153146749742223903147383441866743724e-18
-1.49987317219028888870912096585818418131104730701017994878116312135009972167068060694454059218932961044074005673158851242262126979138998914746557101822692369619551624397262614589359 8.8204497835307344772264137334041126972894162293334403569383629255520796036888832483429049364004104325693104401133037289652433665009947935165159174898204320182042243558848476212664e-18
-1.49994377874894602431825013618765782731797133310316892743285485719528878840735022316420354861608141685125759490208368077906485424677103024444244691682370444300643249776780147008343 1.34828398176690835828030766760802597107705347098035086376703729758904794657737408419490262047589456977652770190800675977987329813200364508493392343138001124455257485587732801477422e-05
-1.49987534226534736310639926791869329902823788898865595722234674000475458361179022385622192831223775927316096906848783989786563065566868276971243306369782357758572141426528736007479 1.4010361944778167740523438702412749601578276250929778447124052281018639949370627626523553851265785735665951523767432159817996817493841923005946429432360264139664099006502726296999e-17
-1.49987745712822016390520715835779517072385692881009580907798024585783577362684331195989756822387574854669406105211117946677370661617923361752590579721758692352525900415265691871555 2.2213513202951042800862074551239900191277261886361595555897403150754491702679245416289222606413608380596448610776578313919971413180965064236614659485762635219522626506518387273075e-17
-1.49987951863575291188253238321512195231896067056868561048048981727169529552486267730006812411149602036509873562603098839105489334985867200996714788501295832978549167659182876671697 3.51596808483796890895786991053011643894908835942781341078627349545931296971901792909471781716030489898699832051533383620813961803699361635777740056421837356304246103438476141020939e-17
-1.4998815285673982975931326362865297504911344167897024401394352592236486642712890740059863728747545209285031891264445064365535087754756799345157584142012562745601785212312401917505 5.55625848700362932727618882962749467051820307121371598516618464111495894603832164327539936909874237762732397507603848088241067765616995775702942303228916876978860227615477546447782e-17
-1.49988348862905416760574953151589028587481046765201695945314261690545157165041387593390132119774065734452200887287497049510192254871714085668048021150020103262221571290944889005321 8.76757519904440652411953127220831059926352233256074913113873597166187148163256603455140480891971975939083206651110982640378337360417990788737991860970361204174290929876626600357868e-17
-1.49988540045668141267302711687611818830958298665829083474830682040737759825290324722135303882293484156425861182394956073329155470811571256500250256773301105335190201784393085234639 1.38161010015917736807831603376081308317154320833774746852781952953170722084053700822018389289065244457970021718364985442750230821842918821649392539145866308733873527123234989702161e-16
-1.49988726561971597545452657832359033293051436717928401858086975350291360020475426753469532860906590710321117310225955710108498200204129462970859039251290117555894124179768199664956 2.17445097579610103414661508880804172634541452041743517784498863041959101218894476950293648926243015137559507457419518053531882848164532137226035757799583714670986736977397827964464e-16
-1.49988908562428825667998410561866791254616461155015126807614110425038847625525829568080222291462200252816509526249214677870528525844046792346709110706151516820902171846993491440507 3.41838435180598016367911075724753006120159462056224004496271866426812801627658436149778760095847103369479163644841412091211233811467512131381938304904753107470018095390547702373033e-16
-1.49989086191626224291954808507378224242809500753242017509510369766314542376693816310121148142874230860962571896299299806384680072585473293683249770969480525356416092163191832269507 5.36844196176020377928336868358661218031637090805863191793720443875251089518503924688441925395464906504988877523602056641204656872551873601325522321929424442537464262004415663790208e-16
-1.49989259588410579915873509725066606126900711596238389452832797221077586450083211517333173398895203744493232928786989548314406923476758770957321592812500410100467863413808456342601 8.42326909049165318337523649597605466058912087293262434327388568506034824238797133225645077694158199975480337682617825204748753725701976680903098824954230942908006304091863852795254e-16
-1.49989428886160275857078189061949068011047225914344701363230138857404389408231407568429535452914348814395418095826278162990708171461153425721107457393413094081467390092648736460682 1.32058736213825198567694200182648283154568890418832488822351378026433798717730869520966665069307579295571617210974087767296035354347704547222333199411745828108443875228492712205493e-15
-1.49989594213041669424722503833339133391290701123093833246507080513896929430325879244815689861136648465413289672405352441678826988771297349407663467501482358918260325507295597175109 2.0689823781584066822234133376681240140728775878496952561372792232993750853290841192207513059337422465266756244778539364712456438231301561114015982787824713565654458989124378622568e-15
-1.49989755692251556772190390678674441123167520874022765792501980721215646961077920387093004082110114952544296959994267991010509266194428449812885651084173605109983051976685462353741 3.2396567052584620829187368688635768855331912480881809559561074710333891493119913349118626843595758437138558666069470884395651796374486742945727971656681975809728249426517102613419e-15
-1.49989913442246581188719422006168048605000840165844686112019980884202748019929924327477121363280059419612083971864421437740610677094312212713601437245722881522891709843660799438409 5.07041341520635303432855189495879520348581198802277799459191674125386568301252720894789822115540608773862551418798513162980858305050958444276735566843598474628783355919283839781487e-15
-1.49990067576960381670739981680068649285314473705425316981314627398164869127653791196038939712477282816539570594178180651731316342410643645505517213295796059623904005372788235816666 7.93304494440038697007551490999459004003367118377191124140415612689494843020845100619533234896243819037016561128968752506235829891716731453937530395215298152881021299277932991603849e-15
-1.4999479462482725421523791572322032679873505058033369196545343705851270729267885729794123052201682351251622587879675491215436295015347967229833157361261337707169818194275556931086 -1.36061139283082071779235425361838556117756005189357696537665439081198619006196802647324146112234724915364778612132248507742984723469583804965165126878574078550885573362099847381989e-06
-1.49990218206009224061168725300218264654238568490086046437226165588405765740377878005812801883694988259169423316833882815045055347828145863270894001649745970120725502537540256644999 1.24090643217525581391213350077774337248922424202386415970374214728980117120814225789426708935940348021518571074538201569036711202854216076529148909523929872749848329085015865411141e-14
-1.49994735789748163668937685069102174095167682725427988553145403133311263540581869790427025030968516302784723792306419056283717474342692012024475566498511331623560731448636107898841 -1.20269831778039926584665175061948221165410572795339891538492960363015207062111771512100167320655856586728014997059774745160767087835681796745620014235610359696057342680317914154983e-06
-1.49994676032726261129806587472670983704035585877244453796609940755680852827284917167851387341035417873665659192360266107122669906586370671977113665944462293595133631275565636639516 -1.08257076566011828618190556187132224006741280492926945914793848744913591706359893297119478239754481103222648802196133757369831561462016487413134127058724158381686546616881896447909e-06
-1.49993895987991511869141266332292525546151435275527815529892020783306166778147924874665287595410105612794720508499013286263291009823396128427009419659581769108450125191534320084144 6.37153796608498364490486554241271619214069231660564346861464540115149126232145014765386014721951891547016736789665329829969721527142749362908795749252376038685956666613466824056449e-06
-1.49994615356407872547088827315963216921477061926360005116149733252508433968355168638783367825675022895848050852615573769148551195657767307491087428056508880110768591155412231701692 -9.8064608414978450375603069374555860232154227270191495097362780009646548484145983266902505764043797752921889620433691149751388877230052673177762722843594487448645358791689373144136e-07
-1.49994553719584187726928911119906219222868412070127729343097827229691454324074567737176603158552755131181024753765601517227632393144524356760806903688069819316086463165131833697685 -8.89363812928772837600128639491965073414230500067441118613338334795806234006443663663971121538034366423827301768665848772423218018857853366388643212520198307291542436723020920701138e-07
-1.49994491083964988395486467286268741943727467900080401323280075161153160294969404392414830472307938189748883809322008241134898035065255409690259020159297706302324166797792952710898 -8.04916765979676862397552987091944355382387067693672665765732564821919778520386497547267842620471125165609013160442589439821400922009317740027741753987021358577497988957378500729051e-07
-1.49990365434886806437862501328488906675701555864795549016545636326864025998779413831026438932145188990650729318951843833942459231669542756076622622230822698423020982424056567097636 1.94084853259188555299711659723051505201714622977378618937598685116662745952648181002498300005203674661643677417336780565964138242986474129191453400261842851654888888065550892611458e-14
-1.49994427416307363387733504051118931204150082953545766027286225273081530098948537246924986900358963951118238090990810737799990738022596297080257374745900257918567969861811263292538 -7.25074072051621460535814277704023837807831709681240109720706099098078516907976935080782323685410788722656566896717823602712158864943065442873503294449746098248031079030394214999336e-07
-1.49990509365148883346369816179531369416338547990599887881836800529248371278630120476939844949635648332233034992742925669837978200365090935554978351415336291066829794905250512646043 3.03563266651215738340115599064588891721077979795312080155112512957091852424631943320735589695029255759278875482122575467494139430648846079249681796743169776138578758675472110716249e-14
-1.4999436268787279281441840226667392352564411749126574942782553858932521909973228385385789078754991261335207492122566193604981086958319878750870621064361731142706487757648433405338 -6.48386718352149051965030389444490933096847514366360660007915350143127081427268558316269608321022387492403919348746998457316951533580022634152772128643550610577751252052642201781815e-07
-1.4999429687509071396579935746407527429870651877952446778733815649831301027677319985789571874871885568368505591779608897359429213455473739013701482987193357690303529315799175254699 -5.73832462653098951610532685228857174239160800762225756927979670150407314008149713588818297372173535210690863740970269228697344622424925157635843763895578813238450173831190417649438e-07
-1.49990650094588309453774810898577095944030381072072811753788432344952231114881883810982452329607301772267073144354681274351819613718507079806467821345773108827259351667987697901246 4.74858129246540080250513240241981646720113881441408782826776388465436527189156105322547766877267544076783134994203560094286830712305914606158965827543394364316103017476096594108052e-14
-1.49994229962398002411176944445478196070040274754046728979551365105755549580920780568481713032161697400496250913338252190783065608159254033994098844367355025149587205200501191141803 -5.00628940770494678099582298275770033217831147891967818604008277818916841343816390084909977507663153825286318950119975229133193327044962041683090505376775544421422389511332834962775e-07
-1.49994161948740713843832376820210129789923353759187464971253569826210510101460697055011705293495181101658009035372205141188993202904218421111804694366377296268177602095903724977904 -4.28117144742776642160930746483016000139145818263763481566421961826961264748162321728970092864944179439554082324518406123570477751523763148354956175148446790072631896359379053943069e-07
-1.49990787717401061725343027078690229710308221319061640677493523789982260562148492975286691577879585395383675338221338645282254018770401966446224288595860205946069222386902140624512 7.42999378625853240803728720249657747163991551473639183283802986988225969484389911618187640499917506713767986823719928235192279390133595263390937678731739518871315160228129381550636e-14
-1.49994092860890672345416657226787219688486816037870650551263748132515992851342271683515065110864531548979932743378632343045790076722179758301950265351040129344504252549879079977308 -3.55677737887586674041007783719399466189074931300701790670068611924607933674524715569209064948890070881688401537879165968534901482693278028954795471622730757368470401884361878399515e-07
-1.49994022780220592803071078557979436256267894672889315825714920803611510506032471235434561475544210399228819499636362687587062434842092260589118307052512612478467939970785740104707 -2.82688560547469918905017885781625581949203517696249239346978563474664125839472385768086077806154551794480190092040051530305725055234990459743254592961502375655895073673071902559631e-07
-1.49990922324343759629114728741092974752764349822036456496332288349860258681791852240948257485397805397057075871876692373387301592485041644836516485537224142206103634065481732998293 1.16299150080758970175212048145787407281440317185501003056689523882002148476064193385734298579343409304970495869943521318098515158316358138842422542761137135600179290966091848342263e-13
-1.49993951895769836376323615659680783135101440691102403598568369190339315500404751161910331501398857723705080868474151545430699548102739359461746855256777598328557539935080144538102 -2.08650638389036723971332034079761590384719479273334012520422195595881869686699812478502272993690601414537400824622144123679616770605936074067111940722649981279046073872832034044806e-07
-1.49993880594425894830821897984818567331755995843347262934290516962908292228250159083312153355958392627895451201731860568148292894190269148943001619321847382759822717096486526075791 -1.34034885188861585879188355425232094254233831728120101836661688835622275194679839764855592973976741279662368404506604343645213312392603638696859789192305765168120094146310092099237e-07
-1.49991054002883164235662784765138118038897248541596727174655204058558803897103226755806838340521626631895952478536026616420215631672309236522041574857430234822431395371489037440929 1.82130461825935441810284070587891463714346922010561455140536567953807443219427985697680973867201672355428294302469117031461095257253150108821364214202179891030644391329761942680825e-13
-1.49993809485370561734254024418239357747720398103333152424850948579216175349513041183393071890124837885249610226356547123633058270497977457951803036355456107965902253309524369244183 -6.33909532601659223129243266107130357251224173344269599531624081384963237863063323722325125362294828484744857016123181857729207856718437291484395543134445970844877091520817530317291e-08
-1.49993738776942013297996562515494280027225809946856580985583746974937526241547892067970582469801025386161074045206352724813037177553417915554077481988458416629486370055227562702651 -9.95448085619001621535060482896428869121720446032958886965226368719944941088063803457849312913417662995886898303106726239493335970070604324030179886278633618974190568203390119253387e-09
-1.49993667027475429763753112822228553244649088439844727813992048890201276209801096064262219592990926982664961058848626566142538059112666129202052640513292934133782903971612571305032 1.39531937248813324299650738748745417588305937625605107752661724412264673169962392718923395798999130620520665475669970147051177119185407167933638867099353559029685184885254557522398e-08
-1.49991182837338098032267671684442713686323996244811721393312549520057827919425008244379900931890842204423144336487308062960335260021829977787457107920421695727291370663710098374993 2.85405231058727344839846739120305277888087389161548971442558491241780187431411644970251078367881485950605394667850404265063596555132603289246728645736434229734303729209983342729665e-13
-1.49993592427975870510240810158896967628933834623715996743998721791305778711539310182536345903513719170821328961609333039603285237220649470724146017197056617711853402974049140625062 1.64026301580131683453998752330955672525917887095349551765324727108113048223098560464115749102078485836848218412245635873145774033630680090544988809413099456644348506026118624036737e-08
-1.49993514822651883014284113136974180683541026374911481858240634419484281957480129444881004251292060249184085948947013649483949544045188098192525162098466152878203624761930235474251 1.227245000164501835422288038671193843182674692220447562234758045115702786305243395205084462026778636138380031383318466808458744388244668436725805885414400896265686841606913577252e-08
-1.49993434778592854857658375780570387320471437478635402433032427734980534689280988514662736792504935052265792551986478415567256760091956421748366805499372048119895183824363377975554 8.0823639783020745765643309411834047218431906202970123468779536122497227489731458714420343871128522229984062766438517735989255856984297488206572555813687190615347058529628513799959e-09
-1.49993352706604899092304432615241331211503984495572249985814983277737877236729209466898103539263073893459967230391972232211935469870318997034371286290879633052302983299808194517304 5.0934696316476830625221590228354686669569150151059405437211756997998309162356273867384238798343722301091273110823163594012089606197104630202543611180723290157106234924622927378484e-09
-1.49991308909014185665970291734821990150790049420493577801959659935141919698663972624202615703400339923917754044663646846962603963196495819390694962393126625089706304019855051130956 4.47580171061560196372177858899601685545017412830549057399060486756976621462486533574715132745732395195089039250288271171590384198517890178282746693136958921666079073165677402999061e-13
-1.49993268806778913474814065006395513782568615086859313229644937941622963040481770958652236056915239127716529525727754346448545830852993326467485285990395576987584106565441299240683 3.15920880960776945412266663802597688350301221155860365169028065958244016140491728790266853752951303897955007034900656919153532888270253120498848711912864931925301616732315634383093e-09
-1.49991432296331768179091967930972061706194441222375366580027682896169366105658577982043358814898572558947532774732031174052639970441335238583078661222524828593663916097218324959702 7.0253274811930790447889669364044258264252940099906236463241604178840354139613181215025757997744355430836012309218695439937012520261359637415702164275895789230462277371015829959431e-13
-1.49993183160315298219494489678599812327912466883609627879948956365565992094300506470415799543135147896977752228240176141757509192118127545610192238179472665427669093385718113494502 1.94940909562006595242446527220067821600899099675503465551186704307004285723439225330917078727594169018399564791905240264752902456335542928736010454925996418747724795738417305419205e-09
-1.49993095788426182866696426060139212285112320592365606367281892456953244274035498496186783176976135963707647368167832376165307922034017677375548514871257969577033577308872741680707 1.20207200635393777155486593643195862006516521098686562040606591676034446040753377750137330000193527655859692797473834365547701920322466310034672848585594633633559669344728950507012e-09
-1.49993006681568706510589150061916098634548854970550798854147831804818574747260542526196819874083097337578229679038265339915772240218129789729978604817397789418107990179293494491307 7.42181842013121066966318855694915573825576847497494320832555676108083379690415169765462482495512678688509485468102927680960041143180475904798222345863384330693555801641293247494332e-10
-1.49992915813650753802679579250319687918952935520023199094442706790550649601301154065150151638707027813064279425081925219664609285769756652149305312530163097217657117417704978740488 4.5921660206250531256765321808911141383363225698882433045761566966386535638082665540667950210733434121292827657154377789393433601684547041229094091419523553918041906842753860542682e-10
-1.49991553074947283798662464189435922944131489116948830014669244672851506818104913429737141104047420185924109329414778681279632249813191919915784887406958734080720677604560588151942 1.10384322245578204431838858186158668600983299487060021557679990908536487810765589732244855084129937078725002324582676365322895050255569626876878282440160187706392174380190396870052e-12
-1.49992823149105196855186321351432672834556730570611605015388638598090173512921380722617013749085230383477844227580068853916157100075399291671375475515184751444448372590460129431512 2.84844843483868327552212642482822819294314677336644961731145937544548754670312713220776255700847489986961485252370934487661124447874513578352597346307005929873120711169517764859039e-10
-1.49992728646512732652059890488103487741886927120637854689427363477219351097433390012773587295818134872287481117390575087069458280951965936992933422597530969953107412357089108603168 1.77146523737297890497672355886166532138069496132142736689325688930235415409306392396021657901573317964146285046405507893923159283723613368514787843535539110978700084770067085127011e-10
-1.49992632260494659392967331800023044607948459102765745793411052809724981688995447406732803694432302504685325456604796523318417364545670986114728592090547377728351903336768107855865 1.10455351237227750955947817815487164221165967338016469516578729276842113366646839869544166579021892377122562391386194930090931757993378084552392461820812399388282427370560221591201e-10
-1.49991671317868327176524691512448433396018460015005960645238154964489267543107904246205960548486880390540972305051192172281735135860759949209962733912422512243361270047368343756871 1.73641116316728721557609930534368656934862389628536940205501788753192835804466556873876674062210888888270281962129441258054466626406245390660497775649197130585464814737912249175031e-12
-1.49992533942709156377386251349116609816642057779598991234008259594389073936443640948297032859122676181377027381100074758306490818770339812509445509482901963954776803849142177838477 6.90460898452593313217958994354304406476940063822431719812770867268507205194067395798889102414456599301706622043652431931501022848977657382636909496959589456561179678658868065556076e-11
-1.49992433642369884878459972940751754749737151527502713950821083026375288259215028772337898075920157244590665829550696096473666021868195673497197588695670067704926842165433272656672 4.32656193321863735978383034178017665681595733311955622520039132896398903717208290913209931504406862698299238048157616314945871212614417080625590001921397415449286686525061204558036e-11
-1.4999178709556247937887578831780410514356962312790599742918622814434817394816743249077557744885258403322461917791300768980406593631158496939423167295048668675011803480643155083228 2.73503153884610291756721612754868563965817036016280120672478725067328882368135315283097731358439231224313210362494090301023264908940180894490601914006486255976687192521291087420736e-12
-1.49992331306504043018807971731019855439321829882941402337361773537166364746713267034726708000831501668539215133673216740967752232449904751496955330749291411520578125986404657788116 2.71733623435695920653495721755166668851291029823645650569931088631381175864220121709630053453632024111039035831738320688318002060524684490693036719606821899073944453673954058639283e-11
-1.49991900476059813965225038169682245456647465920526898479863236033017541642539334156969310155902831477086605512435374596758774072137593694064517960873559050127222510727647272894976 4.31417603375183352143387922990932040357294054487636509044340262908420520878045085259336161448588687951155025139428633790584911660520226321335973755982647105126115458629964459271383e-12
-1.49992226880065264096583404028177295001990654594279651193629403074059644107234341967615453238836761106294270493594964568944742625784394849795402885232397367632351801223887156717389 1.71033479437563873338182318378749681278881583579294541362940906750776498707751869600712266399569272365067994870335126715394732445053718798756368026455922724545929782739683215932952e-11
-1.49992120305963851473776107856207347795595709613032583535463376398276259926910129011898107108523083925624785584767779312820279286053478824833030748352715297405755276751183020821011 1.07868483017404860839078326302712399638379107509866992803691118756901340477172123515288270421550218106202477520785154985295049541262970266346689761701428365547277248877037285295368e-11
-1.49992011525048679880152029008575147815457309207493454857142608580939786781108502104376487850066988327871529598603940727174410962933100520460023637378734855535794189496373806228936 6.81586673406219263997388858027906585239367067614071483268518888919233890337307020490427865340985937954671856585581376833858773136413078047106453721931110292017641519381404403572628e-12
