-5.9209960876668918741420886009818055832681108281887652025610816769344400445439021591112526745826277186711506923828259265205211843738179692481510561589432721674721050878853556232188917810783923759987393 -48.938859412172929836157738662540434021153175568221120174290322318896944992011428562258686102542018948945102867252125917782797488046039686424109776214919439299526745199947750283681681733014367841445085
5.9209960876668918741420886009818055832681108281887652025610816769344400445439021591112526745887631074911203370954780535864606426914584963905574868869628555322530873580109480081133939372005673130261468 -48.938859412172929836157738662540434021153175568221120174290322318896944992011428562258686102546562909910281897446019544387927870155599560850602330713578192043648713052485977774573529686201803367936697
-3.0004622594140989432168270535035946795498009167378726571490744667518603308701696839974895401719959110064660696947380790712286959488808837752888665670121321684589492261309125434524212409170402714767084e-83 -49.736383734512435611317715806462822235724051285722296959555126688713385968314358589212288498665682092465874365881346872313265046262640172314412210031634138137553155691599755159032699960369707523957481
4.8474823721639319434926653752256217333602777276459618819983776131949210765396557435725713481922824065611641670048367933580512864467273899579768321417539149858775432803763560990296977196657436096560743e-81 -49.408082958812336955241714132256440570393620386406781281205321299241800216932801798791023565152679129101074055357941632474727188825427474939545568823661047907104787936810203322672362824000017793951523
-3.1705604746284110920083870870104592412260088183300148632978091098731913544096108187878844156016688299080273742451271045535863082090354134784775413966085717165904104311051463814987577938431929953350875e-79 -49.098669353502981477586040925426919399267274630337528017136906865174026145071156575160102604140422404986601687102003284096091258169911808978724733060734726494844095880905345308780804748671539649882709
1.2327405967807770175672001993025014787896902861140901049661101012075337596650906075432234828142221273409452877115939682365523428956156428286218248451733317395354484214155859882940160699819113009216872e-77 -48.798249757234543379597548316170244137779128192097713589369610882916385001093320612520851807865382348938990753367298688109606346587895227514467041248336104403964879309941617984854135024257373606634502
-3.3203486015919094552047150968351725475747397597840759496442295389711740403151596699760551956657308904110264412722944222876477790018550183461880606894523279197882807752663127359337188280466581549859991e-76 -48.503307362954735590340866793776860928122054567863754120333724462505998752117447838256791505258289390315867757836005356545389000374126280195322475009741110014549362315525458215339898511279275913364769
6.7181524102423767893687267501269777320564507596494619239412804508537244027853261041246380978194055018765211196312633774136658690779765099751999440734605759638812487944887621505171278261119781932289207e-75 -48.212145353483542494288790854778243793011637221171795891943608792626919914126127977954674647691578319557012450988217767909483585796840112606368085414054479411784979415737002081119726452891080428238598
-5.9538934572968851034976515248797371434875773339396063822815180238363734892053420071474564097452677137958097497850117589254051629302010850333771033434556499630278791940924024100408310076938677148495941 -46.335563883882083146917371655734280489769632884613157581618261699618416587071426920639054894983354082071550285242458328187003337155127810218411086441486266969892517364467520754143852280206916621657376
-1.0727494920045815963903638113859518829982673273882971273758034552030114817616716746726466556893021251861377300840378537076769285007856883482056660263288809413223105972586362903584627320577778691893947e-73 -47.923818190919435909738397851100175938562395158836861111648069728760661031203066091151091308088780281124497314775869902306707026148507827476191106811921476901857985046031379572785515464751615124541246
5.9538934572968851034976515248797371434875773339396063822815180238363734892053420071474606842817970562026277516033827150216006446791511781585697774816496807160148712826068560761474010998352288332134463 -46.335563883882083146917371655734280489769632884613157581618261699618416587071426920639061543606242913910977490231140177812701826141373616572349225964812363410261927709965233567954878615167052077811457
1.396645445337668405540000741256875004629797040517392699444924812155967473217538987109651257710391114997323871805347529556247335007087926966567997277569328499738705213291699308754956182516069531076116e-72 -47.637761080402700554039555164570130671539654355515941639770270293013675255941991689524828388806918449842061882273251653454365307774877051024487732477158994789174391600224044705322262330050051054340569
-1.5164199583767143948900904787614464792238218822059431881052880909654930463871167785421556637195739423969982426865127770772246043110153886610834157219602798145966694642181096241303608047859785611203156e-71 -47.353632802150823151705733755671696786970755485981671685145279135725225191179889024068263732184033783098726726525882838607656428271824367297199718520380252342252505635205648930029499646590630590888293
1.3951908804803750527992648947075260793530079591445804300733926510882436888689393255215475524291842014149200270542925736343767807557901665047268228117868541439877945132414090998986007769134745624781341e-70 -47.071241545661195224943059912094724609806790943521265158691081636955606268736211984622638682542958939520282993271731991324437093622225172560060976830487481262817400605593491199837682512925255506187976
-1.0999866415799875260604759392078133079989714781512817144037788859529908341792167471893914432707092168410752274733273634616482229295374922923065561121134491914772567460117533591985906770143319098317535e-69 -46.790509353772520354036465072606505887278726660451756915102397502711777789455391347369219195233929072090816416134311962038635345041925256581430131329100681825354961144137462256150959917716191014702387
7.486449983034816906179568628437944028241855025202834277811076679045272381167016766561309705848477054858756249063194435972995118474414196406510311878345277013933965203496284425676196975786449582036534e-69 -46.511457846022133765594748234297863276970388844205454470924910785505506060052816304359128746670309368502155910385463398378484288421145537821135092972806514543410417566792757784318674965259741141585667
-4.415546717349316773422692139165740611181245623311729246816668377182874849164186254053719645684514389578991153147602267761397916141147917179748306681332497131146817660198724745497613954766056001175267e-68 -46.234208020994851645460600334379676112913284328508233932434962278365717123023066399922963201734792932080455647073738904849900055974249124459175935358272377548388648348796063547370792074693441279628952
-5.9241478738775460430011239472102488675429941818576042709882324456070404818262261674594585376652295779802414222704490663750069176524895790942019018369645004496471849364290348727400307025072453435740072 -44.250205297009438002298234634986113964777103531644307262484648132045085079332375270817262201386817246354330804508395451029197123623135322734203055035371864515575709462468110760980626305015080187948428
2.2574080956073313606123236095981873345193343511009776817225836516662648850237069071576578817246811870376979160604367261396474894342454666575647956374786267552206954433036095093783923891384464687617086e-67 -45.958990850461643377100443464024356010039476368374743054030754653185152105199505251106896875219784773659269933996180134553428504647476752591493843439811860050403124556719569432470302411885860165550861
5.9241478738775460430011239472102488675429941818576042709882324456070404818262261675321714314102525486371530051876424251863293245792649606851272658199630572681995205527761792998621843819623327184746588 -44.250205297009438002298234634986113964777103531644307262484648132045085079332375270789332033830780325510870452575990748736490520902479608937529603481139104857447554883593409120454173638097307597383963
-9.9608827589030938339569390495861192233655358349225651088699449978545754859593928424052085567620835313722967334474903102425421846563589586198004032713857204749221628297797566382071393183044436877208292e-67 -45.686165384442166141574157769470853578512117125089357132487178848800030821504200551816372955737973916209515912707647077537291530588762536663548799532437775487071070611270987383030213981687927661528282
3.7534611028878792554474606546440141700855475327970706714022911357206641548173777643254329891773149631060282873588233394175406894337248269184587498541432687109359213467853214950339538265306451496790048e-66 -45.416235184224095572784650308871165192995208190968655019699550998050579644122208352198253510330687938426757565322549122424533618546917321166244108530722639709729170867884988872400678723005921324501506
-1.1830262218142599905615295092641079729222231138237739626056495490645197052189613888350315847278356010965857211526322513425162857224026354320835968323028231688956204731589467285308853729398748755745258e-65 -45.149835504534158849967262701399674644019771195709350443174220417704296222944072058665769378883764688303613458226162397399356865529607836660290049692342953581493358676495560306199893400220593569855939
2.9989200070588723586547588625374136416304441757902587233530804528981802140572157671513333395493955564374115841119336016625148364139321223614179252130494836828245889381299832362988010952079705680246235e-65 -44.887625357837464613702991836607332805079596719460100788833312547556762272234617603766751579914061803636012485381836640626030337777470985579891709117681873802430105836868912324605631264152887337215929
-5.6335812767079428512731276003534282146203578335375543078273304470631374125717043307674395869217093875842170847332606808841865869365516626444172439487102276023240673086981003383502089322603326098603855e-65 -44.62998474472925121788180428131259926447380103423586620887623581357350295869344332597725230612253999976256378045650160054479129536837667206142890518291341221952100614048366316038975794165892840199817
-5.8680816997641643614964351813029817312860022596927173812999303515137168514637171209462782883639268555801462762798405774459822153549187318963639867028780316415138726592745328652393976373765451666883831 -42.460821661589712613620540100790790872610905541523413054383443769061066082398535894928965962179828343570087507288878848802230498866770662621707406390673692747401011732332588414483948093075208154305995
6.0794083950300054230087917089734354255163396684674617031724027696702416159917312178591340945332233385466430101218972792383863996680929673064574303095294342861189334540805219161464550255898717432099527e-65 -44.376524358927708679599135889356914468448683972819176013596324684916145315288512585497114149619680733666110743092425964649721410283406464925407924389328105801678594352294359164261510733351324413057583
5.8680816997641643614964351813029817312860022596927173812999303515137168514637170726715588161156820867015200239319761915936228328102570991170569744472278578515281421404275809828826765514598598641464002 -42.460821661589712613620540100790790872610905541523413054383443769061066082398535896682592710540744810914380560297751675023338376267706457831274629057962524484424294631273674948597427672290714406135879
3.0785619451498037463265021396707093029989086473674481000608851790829250760482827215130888352007838543901905312579639446774174624924171426036980095251153500884257326769441581375750140696234005022770284e-65 -44.125815429477649575801148757785115789258113571757892922458221435492788155847966919340387553492291177768938109333977894389307775724042745198375982336581784015254851175250000409470980226629889332896982
-2.8242927718676937987203844828125373725663356962722227838440798908173795204250700226078721766273655717470194523530869296837453313733388080725206821201549365850077557508262874945409439760277546241235805e-64 -43.875938291419986400688900254979703134689992265731845037794389610520619502143055540734843297754032093258901135196629614322783261719841064331307017202658614571539352186536540171213683455526987852493574
5.7515297506444707848818693641566663230906973611508843231908447748579266061002638270258046132753626694546416422843367725307966435328015475968696222671192891444108377620565147607387568288563071048706279e-64 -43.625545168822375809907580796777937739386722536863194517026251298051469406141738069763387415573269269469985836551056980586852898403652369995199274303198008746214677144676980099784512209956692269772602
-4.4041793551304681409206498452657981353100095670997616484202242575655070338989082758167603227849440921308107933220419833955322560003450521188889447316914088881814023489273453664130071635324699180508142e-64 -43.374326172260887964735935524511840268479512854744833273081610970033937521664732807533232144844941843093481401197808468844350976864943285413991122700010446968782549098935878450469425095653534868129816
-6.9337810518799024541511732204730322356080616276616264731738132927816698174731596840421394243393773084560990266118756557705456672223943306150271973937849258575384295408770534982467372250092009887672314e-64 -43.122627660543215082307152076071475778703419791500953861618796152690775563802502638720137196020982332149730749380395158130268048734588168526642949159221814165726431026954550362418869972640072983439688
-5.7873458071516041239172055277042893214057812389380574277665732034494718058509190410025976931936531778105569908872934411384958498771436085180335715173148999485661817828323710249229612296497901762778587 -40.874267008362660391705762270985147141254002007130743969209375662227768796639831518574613450724494969098872768749626807450108361794499164084976884437799111494720648143832232782939063076241784702244799
2.4840247080998671350970536353306059020883329486740285591510508868659373837219208405544260637222921985075253521275680183755739559888126276346654253230697118242323718063624167174150451619786910084025104e-63 -42.87088036318142301751110953812937779718418552862673833295786505264782494490099666104235747003745849966764137827550846611707833560662622387945954974658070703615188720897241614921673497763281436306386
5.7873458071516041239172055277042893214057812389380574277665732034494718058509221805506217073619892001559109821599708821135492505471020228711382263969497954603473807707321129961725966574529358598948903 -40.874267008362660391705762270985147141254002007130743969209375662227768796639827145192989451638987273039502915347334980322906109043601278277513907227250150518287290590606152716890638858521423655953108
-2.6648572874100391520155782577143605906715134025921547580980912302774164398040586404166524733765005624849389984034735695301907519698110381509585128572066820946022879596089518661861230620268396459090585e-63 -42.619292823574566591163491595518214936218408431935067487906866943808843885424025286822402883093957447457400585735118513229528631860510515117338852446179561544761813519381610388584633617337623074498963
-1.5161689923210882415641024749259875689759583611129424531224579218842156165675896437380368962921922791651208334178565905599347532006698552415576932084154668352223229504975455376735297032781269183447514e-63 -42.367840081613314453907972744438003440282654690985410561912771027555987085277572327082920942915985696156199375050394363465419033550866716904300143034716132107800602483278361518115538966860664064015716
8.2924094914575953866327514260654767301458978086295437585134068250517451014352866979687467167558867533447192272271545875721537412903986821660692187790223469491408413761492441666101703769461406375250349e-63 -42.116405076286685373181323478344568336667505392478788303355112253827928328273396944799938631720698103255138302196435276887384309173439736794215806608814701299077021361489452805315679978375328212427909
-8.3945777804854381091490387267635017872755194065610986484989588270798356004848736359514039536213033645310890886715668613347702904634839028740910397889315753062319273116065708916692440827948987638068906e-63 -41.864911620758653176064308916392080349781188618013732710559225592501604357021886703543034133368323337056388408801988366453766001558677970501141960717291571886204961993194537047145986022091425581761341
-6.0410867361542707489510041141977978807296994064835913179616428164404432390257111807789807431721529737486950052259972337551729934492229987838061336846937702727415381941167690937620551541932615929201945e-63 -41.613361195147073165118253295775394243363870093536991177806247615836777573096581372321256754892331429267383505438794033270470757694655567659859865280601492986522307198403593093740078658319800809639005
-5.6835766836561313955833789993641731441393610184579131579720672002210415472650763578281289462753597034520798400042929614633041448065313468281448112664028081621911775016427134179161920750298674528361243 -39.435714825157633074600956227754661931542946910059562646444476112276563032604496724386719251100546969896116122765333940283313230174574435974177589606421037862250813084178521924420089696983726758877972
2.3719590477917869266538248585109939192567295558188702447432519414245061969714388368999602558491414901548472676787919054985564173779712701330395743316423468542579193795720942390308862944913254944614029e-62 -41.361791783975242339968356111889355953650601575789182084467439096418975234188530101285558324915937433256561477734033648743750462566062352537954631408657055370627101929551652850569494749922518102869512
5.6835766836561313955833789993641731441393610184579131579720672002210415472652631696379815711827077064803394090497204378825732792400117878274138842911934962906369180356878338512324515846693625991597657 -39.435714825157633074600956227754661931542946910059562646444476112276563032604551578848417219827768188379916466075572107189673515297016051937900346211721141811109340421454809715608212704001305919051484
-1.5221366360826178814002404959491141185111523451408808740220079334047830990703160964428574306122168903450080754311393613719331413188310162618072393338382770031444716380869056133334812504530639423342959e-62 -41.110227530443287772327073129115604856788073459870751359939777483892326530489659282171778329867260716396757794835267325836176739929828768891609125717997171971674337463302860324016428549292183391221377
-2.6767979825130200447066862275849922272816158448758457485836353003546542401656547191736911667644418222551580670866724953841580511964752186045136651880160931560040738906902714159156115097094892742115874e-62 -40.858664219567243519600676576209472450916146628174681864332058895238603525220233039478800017699997192100030575547701093618661040323309611928861509437511823561324509904113503455814188959766248737293141
5.1755831318766939020224831251543898135801417736767258350135770680537045678840517580975475268646667711040991706887488601230993212719539315853842112111326048632017229873970681121055133045945802889666061e-62 -40.607086545300995705899489860503279986369868400932624130540130761695552445433549364613894270910840061121412675632102072229407206450964387695645872951177832728775087940220904837944218116108591864659659
-1.547989660192074251315423619705538562863079365321184148414439403855776882081619334644937295576953594175498197820132168396648212334240382964726384313349632345413200524970742299098764612357512865097145e-63 -40.355487715453521380135664456466039663171545352267897999024492683604216507587418315699301066823817661192826878679325101948687134942917286697740633144620837731696311398384182010634763372570329408876031
-5.5600788465801308657394798711975464725692237280939285037823686589679785233036730397128500364551210060000078299875705312819975115095215053028497596947803637374756635570680037856461835529515514468130354 -38.110324044092266168633092883773830092299967249610557084160598029271622964459301830043719145176754294005261528517521152231750760948684140813443189969132840091834239592309716985805976302630222563226248
-8.0707928322006826468530714595776220893085622254360147234809366039234929105435511111324340230594831852673671824302997003528066423446657474438060435118900218158121568936859123938225049037537240912091892e-62 -40.103872150844292694193598717076846532169762111510673733845602023287347488825926646254475965455821158899726374409321145575016554547856985458117740454639306923296412109452738710551937427264099304633143
5.5600788465801308657394798711975464725692237280939285037823686589679785233060409870592707693978857545415100047301487864833646255546816661838736206100556308056417884307998572713103161073663307283721499 -38.11032404409226616863309288377383009229996724961055708416059802927162296446143099827923255390442718437366520382094305968317552064094921828270746385254068061990399902861276130351316375768035047435909
6.276159549892305217707747662143720248648712495789068669127474359327103475880290107626012956813506098983611984095360124840418892870949089754566419023906513964244788746475610221341573268665549236898505e-62 -39.852245785283409812528835241212277428883250404996284488403568392301467282499403071838373181222572588375458222985216618741165908140717211654072600517415442869693944977951465417414818126983001110645814
7.5042480001374879634032944184868909485076013577298931997255227449930807103317158012154849101855036169457977666734005449500631287038879679714496525679055657063861363201163603273106941154069105453470605e-62 -39.600608844357646691975972463192432779852822920529532718289470780905243001954410871930796175500242665066847096088203612669858786827491229393873377596148949919459556151700506940527691200048105991061029
-1.3559041317166283337928222849462288486730667634059815542447067114632041259401527512795889625122758599211939475436997994985556921191817166984597741398650108954023176908395622232243876788944059968930356e-61 -39.348957712559411381660821811083031796324220805413348581284965954980915385159527984347087759559829530433305671980677665240666770190066072451682982051028262167542044418315380082279343120136986610488887
-2.4062193256668001345531973725213446055567924746983794638210144208204450456004557502550802879195335074468393995353845295538107542124172872689771977748129981445267401080291941131938452794473846992015208e-62 -39.097290380962431585861464017982021174426236343109454657232552335168706724114574543972187594111708174491748982225167488691703695307202538710647123974139957470545685028753117368824463273558151482713139
-5.4204115171887753065771517340054123354578288868004239675199767535027529846361300377779069457019232423182741243891345702384246074216364171591135931530134966361793878837752316147476354746995242555655437 -36.874904020358524561869260667082965803424955968901428695802523784161411953065928930800919541327068184447383471807052201190888006202296898452741612258283754435173805228869941970299630645911124472197598
1.8979596211745870868087100311395711857936361619341230491240178169631262351530231459764443216502031147727054720133725679715829584257737948043010410348978039959183947690646885080055850674956938784451473e-61 -38.845607980569755368037746243307694949238422005079536936002803835342598866643253727785915907730150447845494578070577329203612271522347152991656576312398518136932945301929195907226205891338143386954905
5.4204115171887753065771517340054123354578288868004239675199767535027529846605694168698299510667571948782120290212044722904152255335347131621814712921037335594262525605261014158008088115497626929267846 -36.874904020358524561869260667082965803424955968901428695802523784161411953080903184363278023718434955431307642201128267925082102895388765481834727356342482492514012050947072026417607387022350978691854
-5.9186698493555360048761725715639439353500791658731928397296169156287213964483631741743748146794978558334683914025268478837901871614922432667333886060572879714257130258390639629818931406827865622412333e-62 -38.593911974410206352702061097913710478035478449018576125865856838383474226124445679781825952484404378994949243216951799572073377078902495026797449611900934041002617915531164194072680490575725318029379
-2.0558326497138234813164874227936428595511307035564287300434399726100999976425019713360103981977976932066668882020249277609842446161314111878059829435108692838325850243465578818382686029471142719715135e-61 -38.342201891463595655013518419865218077631977790685383241918151354907128057416636811693432587717845952654202435074609121860551274098846779810568421989903033938752451907304423001913768650253355410212815
1.4749617666665262080726554644354153141629145482694514791302859171637083359282965390482151694788306166709010486135254458014204265115910557359753071369013613460647852547681980479094166715496108294689234e-61 -38.090476288566325686043499650119113358285634095758496059167924940329248126908622339230055135474122007984524188352911307609149688415104333955762394923306655541063419048838255530415633303758040127357352
1.8306995728355988755677849862362031762888493293140003677205502052662082899166650821113087073652782156885537057045031364052534888868585800813483187729414452064788228917941209004914370578779617389105394e-61 -37.838734704672218519172608674197723866542498852570133246566602975357847690963797151933614237116640531498271034950628030344206277079836576254234760053631856976073126472300415263210493738329760433160006
-5.2677570921897111520753032846285247665020670300835376960237542435332864859210733064420478746925696725800491829413354284843714208349664391881799040185737559391167494876864654221550382680778048382804402 -35.713315783599847746706224312028264733177145236118620419307567157627564749569275019596440630796171533467786351577242351643059723283594076757753360987263910618171642381853281564636642777458230610940089
-2.1560181479448677978163214264144967940473426179729296851753749452905578925800227443595591305589523161083197878463699106873176316073185577568468455790147280068688223925845691245638429680185121175989757e-61 -37.58697768560780661779408413275208592483775726562314705381849167609508807474272814411262114283015757009604037983637017475573357144936628030705948216445171127216883424201459475533933683998934483565116
5.2677570921897111520753032846285247665020670300835376960237542435332864860800373735752383302302267246274675136907322801574454003804214851424658013822192940419305479441952949918442834237313065134258179 -35.713315783599847746706224312028264733177145236118620419307567157627564749545899991990376615254918428099775222591565737703800092886725479514028723014083064955611733261168463473800090998781391662426521
-1.3782068203287981959949870776530661749679530661257791656314125890894380163296021521329839291169825024632077976217940866174599690350343196854735769183925011239869442984323221691888109072615817068208873e-61 -37.335205363375805295386454671665421927821684256299212884947375173364829948077352029370310262889515329402706698650076503902004042025984300195524167818848927573011808116411254657196043636397452155750056
2.5062516931011816712571135220653945159025537102757399440584583745786160833168517274073271575274546040807891891719870946846807333129701750878215518793021607174091323108509506876984000269392601244408309e-61 -37.083416997043503824671923144095153227481708019049048020278655731347876771925853368064541658096117593341559611344447254818095702200154968530534854684213823109028121426681535097150237333151893891836868
8.9489605405615119000356736463646065188736556233046110388335616925142942380238967819773984213586192046255510387709055464462551620131072781796112152861294555863611939566459613664780539759150198814428522e-62 -36.83161193328502055010268998122468095292191984122011775717395122248551483877782478084620422629818690228088789508279365765577734355420924778630957543680723837421080473220209314155300235579674238832076
-2.5290237754626690779777401197909002687128517410654261054855546859656500179361539033495441375304881887494402807363951790544851186835250444189573545721545415757486379321730457085202442004807837994872416e-61 -36.579790212414911854146818898654702634206552647803423875394405687631586550223892994972959906836749926300515674542173910550220459113972694145177565721309284042305594555424860073400454200995816731561123
-5.1047834856759156811105705345843931848001541842091748993517912187009807442810802904273530266365794847984043494547806195025711666054299280561513565538559919132750105374357032733289022236789984758243403 -34.613865496570180504431550531649446141219973091865133202127998692878801947783962557555043866522843513149190147447560619225438070255739477500137958421858492397308635034783670403331705969412299784245763
5.1047834856759156811105705345843931848001541842091748993517912187009807444626552108959037285328155339995684957527133872377627105723499451535394889819096200555838627545103245108851497510746414063724899 -34.613865496570180504431550531649446141219973091865133202127998692878801947202221106685882228720348199963189921719316051273681711494443680398583728843826287751876400895178790901112366276705216986389295
-5.2283720192562006799199222485692635007797312286540656641104557277157039958129119418150717213146224770997404192341492886093419031592554606045258074736817731549434466835063160404006587962427573053835196e-62 -36.327951931944628262868771118781535215782081708771013510199104671791914708230208084817101260523698751048866005542377277102119351063191680047464915111499519797737177970073729829919128869216408583930498
2.3067980853867579295231068863627249934974832364225780103380823809941398941114933404472208870773074942544407944287617234958255507107827980151536702440685017458654291590893959869169876518470733385450763e-61 -36.0760966187534592942207512893447316323326222110681633505229141036609600223655665727597435645037849939321865241750566530583494860095211840762062463433876178285723879266907136257274655553392141353775
3.1390590320844446284941105014107936017015140875767174527923338411573076145772781014580792351494372095457869781679126431138883429027099500673698230146663138713834032085404680195186975338560717079425887e-62 -35.824223659412724270110436336227799389254746737373807258575844189610766595663071017230407452287334042299499239820041563033861922235941086599290265962472646452045153017018767439272903502385191669887111
-1.9415091925020399484370713882599096954753414717479749713366889142952262303722074621282207292566126556389995939680764749865103200143025208032531347022943418542064729210548862991379751804863667625993128e-61 -35.572332905620879920507597698831967473974926000074593700261888691673040011851304743058775144452544950750063939969311963398631687151094549888307587711520664964322768743215656099841709194064247363786695
-4.9336802884326789805339530610468675830367552149168493955933823949417929375651093926464150862717505597429455429201658917362452449295162746343565360429653049107275179617903215057155221378715321444106814 -33.56778086314675943053443243617612900822338601723646864670788853421533836246633826169683806907313083299119365565966564020242144486307229300694512559565423801942144287155582878244530752783856493518489
-2.4497707489946903884109644715881683354760996040138282110556457526788796722021091380179215749002907932600519511773989346667822034707237240051695080583133535497146896633449637598387907674004364522143773e-62 -35.32042436116949318480146705791555070696788824604524138799314973052162960171269875118959920870599977748676717080604275074171574208747764553864696428148570097523423760610248083683066459630146835022162
4.9336802884326789805339530610468675830367552149168493955933823949417929360318052123578366287448870735543812551636444895883008121368281702332856539172285878640316271380272072538457857127393843195325412 -33.567780863146759430534432436176129008223386017236468646707888534215338361835957228303755888691414813363780808418494042971173927622732280869716976358172309120740562487736321486408938734531521506176627
1.5193375440664559608052466555618459972733264834909139707499044741025257522722104286396765644681883747632561656474662240145723195005213246631921211290152312749475697525231613862238449671267751078881294e-61 -35.06849760414882545039614956108107730777670209439005741169269822868367600573148215123370840812057327279893330669890345710361790946408676280144848646614216716599970328399862572107244413667940299601724
2.5560073883064696512033655017355700491971074067711941370200524253700143786620540044733618418937442784418379972720573233619344774552378351759617173064384754687538974442923878465932302496001092536151349e-62 -34.81655204558653779617971272762123422900486837499463191560490711384855450281747855200495256935018659401384034837840429095171273992585684739379899540636464086671727006009531437092547415845386433765869
-1.1018155516917216672519571241601569300090494612713766510314686020330544762463273437996136530535652073036347706073060222733544774319725095198951412141153972211263848273750304698012223668775107694186697e-61 -34.564587487172334119310083110002579969983713874858412598026148051135658050279327774050304012012460763702210090786038131507176937542792556928068914552712667478917478470544310927881016683015330429578228
-4.7562377828373928440342415841742224977933276308903889097365874588445204053641800284324458269039774139618458416421728296600779279947921865050400114879058163744943727458256454758912155645920415515926043 -32.56828554572218167622613831914298276545758097425262476623865094872917582625963579262755039826295507950399398049337640176561415205470903447233842782495978228087811083878435915473479613918918142114407
-2.8383516732424318994769951546342916134760601732065285797205021122856875460143543416670827627722772285610030105716613927383045118364728356644599004294946670586536187022740907222812942609026475622750753e-62 -34.312603866226371892739151455395056979223443096803921570162017162478835485780725057334164288185104256954422432030107324100343574388076379137085774224532146294312674422668113204290969964998603111674919
4.7562377828373928440342415841742224977933276308903889097365874588445204048025636718750866869857552012284173594463199705949111360000389717355960890379027255616604035076980223143743744486130148467397749 -32.568285545722181676226138319142982765457580974252624766238650948729175829588424804806152742399626032466792633807814330641919151619139710685654573857477552736706508810556029702270755754356257565785137
7.3007176055063685940085860934453474396034171237009921965624837283731951771572678516323301388916467859191479282272668749642872827494671965736769206952318679169305563039003977448401343207118707836834448e-62 -34.060600705725122680715156774568916833071204695745914706102319976479856925846288510965295918858757981167700226098317468167698089696841292943850682356359374475142024078106748399122008721764324904793332
2.8862210871408971092907940176958809247183840572162165407265308042534014599482865214406464746414702865687881933872670992568561867812333169956071460691357458456572371427802719653292717083545383464663426e-62 -33.80857741052039654965663479403734248705460144856764332545435969314814917401122323031552402546030214650145358136131358553503744760601983066673994050409026358835812701373342589562696559878124967117289
-4.2994774468632793173750832082702000188591235430715715393985673773176477975291594979550245043381659066975439357763173187936695805736919642379908527233200766329378483032615922470242592300607495871731016e-62 -33.556533815433940541205868172077849371078735200375899553858994985467898524987588805051050677524093400425987758944334603707438887569088937763520079750935221349343321121510952235317168700781383675381129
-4.5739252737428805892387518329901169390216078321652258066179215975154368140324730282272439702652402539205638356294699643954834967524763360030326777406316355177002137132205891629502225969829110290718524 -31.610014343632732867706923232195402167883818142101248410540533351616479671707770929684042941813685595886965261505571932540958986829678349800296868915044148047463406049495965725613760046045887070351404
-2.5662040864200850877834629485723489691980005003553281446671804718137069159455696148981669951152750359041218764097556621019488229934192533181738355079289518110927769691593317403039399004921100503201428e-62 -33.304469796745156835564146298327993229787529129182013009281570448496167082227211015583981365319442390768525132454430892232815647767699467508827007234078096863568870247401717294785947878128278859420453
4.5739252737428805892387518329901169390216078321652258066179215975154368190670065162155612949129894404983575636923428537625294097876730223411290928679239661915125584832142621285630852854557346008056835 -31.610014343632732867706923232195402167883818142101248410540533351616479670003317703569013751163626082828502738847268426498159219862757307072019704427220566086625693836470526717254305952857122003387689
2.1334619958442376565683364392162964056547348736395498440445991431422150385075545756345885171284589772444235834673060349851867285836164668637579558935318625603127044404501918357293422115188263731185072e-62 -33.052384730691248662007559005330533939920695034212316711306641925941470185543668241164004621784401907121693630603148406209391651110985484434018745439449222944153245378631216486054956870738867558462451
1.9680427309916951702772340880744590418836492411066986820022260660792065229685058755136141879944201476249962696946904370341799059903532706365393956072939039663685091649720150467287293762744693798485093e-62 -32.800278033954557614935924025383227685976468727180812637148052699497934333532511853333844697631770978160189497235885064533930217849255042892678858306048793960520850770166201502149159202094785001009814
-7.7901747736355166771931352252854529714211311207997996127786728911566488247332639474744285766726805500008379931404864147075821405742999569868701510037900201718544351474580439565627022969014851484127382e-63 -32.548149665469012040950477486117133116409936303573798073844868976487005851667126979027037247669249769252501680769718143644243949756546321154600178239249585570014638581154854602424899749302912271301653
-4.3879570896882808627116191433407639449544378928143867001692013298735306182583297902594165269256770245318517987767881151882159914021977695707322025532054649624467527316544512556655692553216400048552547 -30.688629889585530853293344190346655224957660327967909099509190017641162299377883376748185660790017830909536606778750086833435526820400214101513758933011662401420111507437689626090135796110400064785504
-1.2856418911322716540163713677079994583270546279237134662928235405647798776159682663160967219843819256593875776728213795182247566427438955616985026327118152698351447331169182788326751786040002149518881e-62 -32.2959993586079046927907251200568047775490471833576161828533631512505883243735988891131255102963496036372370882679599015359040904986864587523824839825993394344766175149671224393527849496197525760519
4.3879570896882808627116191433407639449544378928143867001692013298735306124725082466057678063782459822448954663931085531085563563682442790780164115238790032527599833962450559065574947517815246544916982 -30.688629889585530853293344190346655224957660327967909099509190017641162296126926214692748697746996321346616565576137149264028147840238248710443771352597851710238725889600694872873057802218868061589324
8.8206740034736453290865240801316889379442973616752540917548530894424971645181514937584677170866183065671217196735374986434556786991972661927812441806178514437379964930941655040330280602475966101112313e-64 -32.043826238796551679108639881599504863885121747383080109144847053336914390428365290549394867502716858131847433292396333835719611598563672952027293918737995674645511793764056662826135112276960672966175
6.9765415178528759286438262847294220032428368806819820365404158706900748752295679152460557457699939394816088769967551916293982228542607679649974096833190528825057534577335806535317908987220864487423721e-63 -31.791629896092558741324238117513738255468745702971107351849927855204493482647427650136114923962347906024522341568963296491397069972199002501857376521600605016071060119647381006023568549741975478254615
1.5609904246566963932891383728276161916543403741108713602585839528554431873391384771609344004329866569578055586648319938277045237495085647154610707547653625755184270766008757707706743171626682567955717e-63 -31.539410479994021368022436635355543613630313183214035952166784274762061612226528354107167439184816903910293601187415417851411153777915615477235892572659281381454509047843239250661753796923816448028588
-4.1993451433812477977429567739103070309983184032535540851410867960922354958752371777193574863501925898778608529656536327590585598219333645744638964990231389001780276036997701761845181269003447133319517 -29.800563015180025376579832138547988494193340412322083288062560770637895996674645423733132528363477341405527974834027937645042743067570290764499102284011698796748970154685644924092990924227578984662617
4.1993451433812477977429567739103070309983184032535540851410867960922354986920877203884611826080728828489900846550580635617995667945630888066374072854528916697700509577400936816119603498925585122462249 -29.800563015180025376579832138547988494193340412322083288062560770637896002759470182747359119922697516424776377846149443207690362712968617458506462381113505182890412970640805564832689856855073345943738
-2.966727925095267029027506802353559069236733274652010029791474093349032857116169152862156724481908616477234937595355095508777911151829458135477279568809863521045125214961273311975526168490307117911669e-63 -31.28716727298987776600655224189767352581793284951808893015734765717902481099094242660766519241675086269383446890228691481728467025714093419665989561197474530750428283690943908396158047979634943269093
-1.6801693942721531851910142652215596946405794425558980406472865778732068116490195210154022582309043709626749436346331345873416407973403427096739002118340552819365188091159571032665489991150568794313039e-63 -31.034899181681563739782705977032033590240506367278553503640824069961456520584918543522123829261536193072835489100744449629445647197691216719157034665777508338418802656242109297661427954653788926929425
8.2484067556072120001996042644325857074554734507985567130657781285897335780476406670684426275064232946197062046951038468168048926549654674612309894777888469464627717010622032607759012873248029783094396e-64 -30.782606437353509424120307584711274740405453732188838446986948583060566639336449069202125828991747140908945431739827409912150128115678278722584548907105716180593836212416488056599723039100643187755077
-4.0089399399730115117415487968300936243962140339562346232461185450922374154594903486932738551558291707993033966296705479636875277665554833601587859794115282095206473088205241304783542189619662218641564 -28.942831681336775314889435675703916345471096030576643045070353134924461092040559299187595325404882564037987119151231024186756308150427763697211513371757134486806645003550521581973008013894526925145538
1.0353488558986137920382619428279439743109895042758538150367806772032080741915868886951495920459480464240438054840527475312973556384995935557857894682553101432784219211112108823407357227852785866532965e-63 -30.530289051853774651273406822300565379936488453732714184347803406423441459174537677451729423942194198010490143755933813052441599163646834915126749497963277866470352476788727026420867376601191240299723
4.0089399399730115117415487968300936243962140339562346232461185450922374154591966217938354670945935031181675356811379206528295356365263847812277952798185035541388208381516666566997154353113979006138978 -28.942831681336775314889435675703916345471096030576643045070353134924461086468149290969646047050624648831360396332186976247755099141307756497525106783552155551982923053957206325387929647721942802790857
3.9146937507954162800195564109438027138267079653394888395095407778055629669078944437681877189718463298638442143667454386496599711853045278935844969713356452977355950000777692910048781902524236689198089e-66 -30.277945245812896068080501620774288587747061063943837989916329092516911626580318918554047759890296015492415411588574781356231032993614006998974879321859925921078005394629042577956964096034420331763246
-4.3632395750854459042452407412278667759267359477442646654792994133953659988274606840495294346149811799786012195878486458210267898394696843279621149297549671603242704581322072549295876865277420842657035e-64 -30.025574604309863491904777530635987098712101379991494549224259243009047286327188736065760522568623396607797879172708061558174581856879739951900480434778099165871422480144432234218137141726587056231162
-1.6422222521130360387592944131001549325626953124856102356824404526197023926590382091947903982848172436646669845899996040394853446050190618382788865340315489311578990104360153166979579717129089275494381e-64 -29.773178444337486697958061848525137715493832289418847865213723788873046806887017770700678022935334446252488306942568438356151061165766831327253810972392832505297468248625851596084148835997665640034631
-3.8174624058982457862736686894494466011865750599793012665798777612284501961023015424782472898213691429783290802066118245098534945644353425771157405523239605467121881692513971417847945043834101042074638 -28.11291141206227925014003519270301105155209462003709433162695517055055942215156024668172212640765267694729650687844027489320746481784273289987578689781410282337468423385288569374424629457806149235239
1.1061954598888023918035711367153009989835508250683886695768187768828724323211656059237537464436177781417402227178230948423294050480741019320859782776123210303898259542813205644905610583434142979791004e-64 -29.520754778144468961349194806878909610561795474694194354172628591970723995567259905961021049223362928510231128704000379837164292463386882961158107820240244322725318274393079120165401021491058862001943
3.8174624058982457862736686894494466011865750599793012665798777612284501951123680590785666204775673857377007255048455184111252201735812801859605522744221854339091399125028071608592213878146814694267051 -28.112911412062279250140035192703011051552094620037094331626955170550559425883690595439481527881337452142781347371261624449474615815397289598893990799763454399446058728008022425751534908840143601695885
1.0672163855274349704650252652084352308434211331617936417531642865490937415832888345964431387444361695853561679934022324125235516823838604719118102959757738373414391333159601308846938713150066487733409e-64 -29.268301279169075885772591262885937900700134683262253882535440452036412550084326804792535910338070588798157214252050377191710980384054159691648948627225683227657880717987517583373805372884274916635983
1.5052971239932597274348729936623679539320718816962385303182330444168614930910511086905924243484804251160364240134739019720137971715203705629260240102596659966968195785939290675998302136920694510691007e-66 -29.015821077446090575870319057661355053203316317399134145976630939020466502675026213907272292840626791233446757912942187270487875651876383138486895454817152610962791765670703734466689011021209416860387
-3.6255286419387312372661213840470290234739628559024329217003618753657089579075372739207362104325545753685681228766924674661519082844015550821580483062431963790071146063669363332934592977579877250959811 -27.308640456571171831102335353674794169878210793268194746498987397710271672449339063822831717243067458183244713444256688411900719370317479403210913028166565170454009989203942696982481974384651795322809
-3.806093489390201505514462852966763792698152640575780439357644060582732692647407789174307900936767898902056454141813829664428195901612882345433653370937830373031167190831222382327839566747850089495762e-65 -28.763313384855696646102777250106127147657313806540811737971950168437820799744552593310876853439805605218950358636446980860453721678618513613338748320311940525618422687497515979030259801695251733575298
3.6255286419387312372661213840470290234739628559024329217003618753657089587007278006053905533575316911730683964321174743565265319586732790738565452043478590609169945513140604852758045284312684151437804 -27.308640456571171831102335353674794169878210793268194746498987397710271670337221685047412722633692994750279164194354973642355942185544570122713061709963620579132945179720726889114848256778946966117273
-1.6462587023235059553805975513516358048936138247859875372574969338420863031683218921574643658214556608246092795901726501605064375681430843520261809279237586100208680401675779553834696532567305949101238e-65 -28.510771620203887392466907843949961339552633758508697283000382379588671540824953960337653747072237572657814942781306498037283160644706280244024860593646435502791520319159624995769752242668624329237755
5.9413733617234889239152009646865295578435133088955231366502084841609871049988166955717551678429587560559441253796593868491120760643483654958890332113029046620479569575458333263420766034654578724581336e-66 -28.258200982484406820892177273116420264400074644318791675711862487113441913820950771543338252408182641452704195706653692521675141735227952319270964412867064053885547351294583143459796808438796130053697
8.0132505081152552468282880294255687242040046755267299607725700754545316165195539163792034132377222393693775094899128135874290664205952044465645928677497478035656230550410215371078787075990550897279711e-66 -28.005605624896636631448690247665589816941758544707358958688846621210505545577679212677712355631517600861467457046920190756874495222163480275522955966487823129193124805688383920293380766577693408302704
-3.4336692796356683514433897338090738219722906161827715130787014910444085621766284748799928404839879630205912160514430900128577442770041951899624189558169923619220661889571553263203316184440017065101644 -26.528148966205520740092827935862697715506889647554591581003747259405415465458815642269888535470966499519224692181386385845909817346032436447701658703879355369119189505702009082605121260272747767556033
3.4336692796356683514433897338090738219722906161827715130787014910444085618316624360291206298959193929503062909866734309239515290165891486497317387378715554520001552198847323735339317853184046716088809 -26.528148966205520740092827935862697715506889647554591581003747259405415466526884399381731383035287514425949346890319859329837231325269123729254949889022107623267364734541258200828114623429439143794793
1.6341406160198381945351759578298070377783114735525431354268688100707267028888573179262134470781124213426556642418765697898506255636733807992477652678019032005886565563516850102645881493534576677933159e-66 -27.752969702241824968828675164875609271835450097220932615698534943670820350725521033370411940683584397355851336804291955629809179746820912582936190300908342984156616696559129117194073023886682166303312
-1.7525131072183205045141674860638213162119141961821011011847123983608321632393788989185697136588995775233413604590199273445692074068389163440566470406393122246934834375801418811419044180339415803582222e-66 -27.500299767088484956059509451888863827640613684128183115709323157454135820690035588046517612613836641007258400119209560914558751240253207792542082529799938633305370263123920303912566028994028966606338
-1.2868254514956703289028919715935030419503608139769866050923577993812349578933975724987636237148896471578178685435531697827841497278989479077919960170855618936702767021072762722926674582629776082275347e-66 -27.247615435756555563688622358416998695115032920620298935686783014715289610985237097200024544852756669516346286483737768951170636998810671075592954334824005759751867460654227467699084297244371399743585
-3.2423447269967154936069088770680035308440091634024772257334069540004058751784319823800504568425414481479115415762526557508946481110178579482137960820836972665907495475301322470884154830106495051932956 -25.769805156181252132708358571806740171634029392862665628009215870861417256196835040908321081609714002018027346439029206468179515748752920662285158801316999404795543217330893312254058174412949119390249
-8.2187495494821453588503557810214832976293100353796348828419992339556221491394680396652733321860039528215417042692340052497231394228504949653305820148555633317153409164150682759640364175696591606330948e-68 -26.994878942889807640090594969136362238495309089520009088759762552441627122145829084919335813182646800487807005539414943573792241237755935741183233155285107225497711979056774690312798838104177488571866
3.2423447269967154936069088770680035308440091634024772257334069540004058752403055753466637030401105684444362367320209028968314834606347146756396152732460282816409191771747663157358362139484034892591607 -25.769805156181252132708358571806740171634029392862665628009215870861417255721537970661678971517025350670206663625796395410125541800425329267731393150906719838974637752304081769844987625177663924603777
3.2446091827232705032418308762301028300875018302424252509833416711892208499729619339546995638637719909563333003403373117076886635218462722854034484507328874581554554385981438050027558498032583989672962e-67 -26.742094138334024406218104962270552426386109287026982903333018092146476919077673060440375592930505161011285822973566919410073808667336070097514950416469351314353507840387718166587276217584378639404373
1.7525696255748575150506116607018587317636621986197687207309385369021751707877339131564832664600860525415398797353141566690384716916901051766716883471795483392750028606228422081277366210945982573530517e-67 -26.489328327239369177305732596198636133180469622199585325353780447256276851391032328989631404272220962066311655522632132648999490632897186301078349658176655612548981686434121249556002991390408551357647
-3.0519572723232601045723587032891397461552854624548412637906472932447828805638386851688695787611349723745099536486664391585116438687240840636393380163252708620195616709531777235739729375096787279234371 -25.032173725171204265470881562436160179373252802335506732067052422910123299904679587456356286528946514194609896762494202384551243092553001187364990015229721312395973781465429041348684800289845888566029
-2.3454494474388181471883924228500598073236205977506113426060949173914463559203748365040151940443732562875775110342568648131030580819053066091207018476889847282931375683870851257281347581877230570624532e-69 -26.236483428228345446253993138023324725128960169985793957849984941442155903091024147630279351216894127053989569732315503256220600547455308025805813795915282673590165475936531002210656874704996626174781
3.0519572723232601045723587032891397461552854624548412637906472932447828805955920716223269954913466601597739567392700850609850496165287179523953298801530964551906148676922531192268093700166015303959405 -25.032173725171204265470881562436160179373252802335506732067052422910123300078749599222972680207158547124212156556447614735620427991569163307758013242460111919728705550131373635237247774509179241854431
-4.5982353619296342431202163373242162686078459878435321834497798444561486423901980223075073843884360799169438099610135599916186507908292398582331723937100604952913709043514505788308702692078509507822475e-68 -25.983547254439123009044210270060173067458550974643866582805293330137616545132259624343812217393833813265649752439490781970247676958828423039154278293638061278488378458883187112513215265035261494264282
-2.1704049079988898258981445209609775223264946959084906950196617915568138653111238830743413824364017568056490821383266263457812763008175186876334860499531081333770285402284169175378869290333708630382962e-68 -25.730742208479174567478075260084247740877327415910472020552909572280568399799490768272745460261097631602426371539711985372782840795203815615000795731794744022465027172190570481830261788084467823368226
4.1399531410964935961047363371901977984688681387230448794904777664261447539881075316512390632272953935890926707388407292465781446199926824617890835015762833224531642444544853834194898225998176941534164e-70 -25.477769349670138516558294179486946912138591888523706823858221853905541442328065580110791128010363481353000814453495627425622606830947230921411181552692561517081564064713598563506993949072794441002254
-2.8628607726384263846442474608884938367033735211964382343501797485206210157341837442570394256138928910489729452917164296924279499755349809954408637395232541880546473512317370278823152565316311801408569 -24.3139832833567702024863768173213699547983270177318409956539029880947770183031688164339379005472699132755305245493696794311313292847427496018013964189191607804347356757426632138836168291292272548366
2.8628607726384263846442474608884938367033735211964382343501797485206210157016684607892410677701779685051740639605948355638939112256023342716170994647310844102957746230602712317364599490628233027233009 -24.313983283356770202486376817321369954798327017731840995653902988094777018256579956013104811281507750936638053491819890346953216988237790059153221961917881652582464212273426592452369472418518698750746
5.2388476350652209578743011423722727328031050042222664534427462786964230389937688723083866803158573397824706075463985737806971900304545762631818304776410330222189180290355510774510800189555606786140667e-69 -25.224576602485555036057114184151478077259881038180118941347060463376717487834371103142251436050260473031659997386912412872019806384659749666061480975701392560918314448594294482895449547570064214841225
2.5013280616975286658285888215297386840740552561764809249176168477406353979513456285329279901826043038386227486284616141197504312686447410405073070368923908665443920906272136377527366107017993782011551e-69 -24.971922803726487469510443814305397748531381816195419939628866036408021427394140899644463319255261101589844727216658980373333704954726296158306059926870784894725273424548341888627872593069825507931813
1.1138371625279555228011355822847450921105387362187900278292091294690973361876395740139126048094049215148845106991747636978992635738287006430224482872273827959570792444950728562772346021270778432114211e-70 -24.718703524779679113425762151878862860153190624223036039840739505612279860743407979852752738384565134268316901979702185692866918616050408039457247112198892515731842311987806617384960867564609932638608
-2.6753684721594262538907457696174070041246772177941618896269061721351706044691707297748035511369818350409457253597978844002340285364311427562957093336014919773045718096867195461499306310911732325269118 -23.614100510292603680295310954562355501213939671787435355574056374945061704237141918014874500716681601259131159752316746636851927210430513594193985158863546816408184334391160105245844025119864343921541
2.6753684721594262538907457696174070041246772177941618896269061721351706044837323808715113367091929151362448261914118159879686709875898704033136183985322433330620637496287100090337506802680034244083467 -23.614100510292603680295310954562355501213939671787435355574056374945061704243652093112440721780999448328233016098280972852745123319656659208122845636569201465223465844668708962818306578558617315330471
-4.6908796685359904273130037257641912063718869747982522711477360946842829897502854824309214719537463622434157350459788152350897795415874246785758426262462059393532273691023627604336013506179416228179763e-70 -24.464940755339641826104320218685231526947713172666462986660108818178552313108244622214389506592180252775032202719480624213628169628103638329462275482146560441422156525038484637105544857021800099833373
-2.5841985006806870408216648788159663737782608656672415274952731776738586662701506321339267290140034755425080426764630471525870776724606816337727034954898350096684538231456923946440823385955375719274702e-70 -24.213290337029399999429268897211703820781815620161228311042399178977703104960617896281950788858121752717543255491926446622569746714547620812367787761590029125290742547044740305852047128123386442273091
-3.925426987802851920984068971242034164074624048819218723702276225198176931310403536844929295213081688657237237930747267489235631144251260039048440634586809361884886082106782582747519740674899677125585e-71 -23.958960864442723957413756195711057725191245084456476157256185435449048733808102814759179212999877425763057225441543798681597645853603427855002037283606731385665248372795155437294817085409261767816603
-2.4897593621569059159873417288934200104105304858253252571418928182149002828396098497791180452221568105864331723616169954619082643958849253053370284904145198013446626257297828407374592959058682999384339 -22.931509415496001616898946283231277378747717466744758731435247239619037366597351682329067078290958268074475269202885927045343693646314243474496801502330511412183090576006646939915711061827574363119375
2.4897593621569059159873417288934200104105304858253252571418928182149002828357766122477170956349782255945375795282210694628290543175470457202804059986239418380268117689777339692518810763710317587025104 -22.931509415496001616898946283231277378747717466744758731435247239619037366598236371897005926664061412950688189299289741164690566662692780443345223272838958259847128139707652884493019357896130414773012
2.9089185002048023762963172601329101612021762980152289672630971343396073083331551145147022156219466163269966455374802818985454208289535347689130690364734900093605492515790891064889453982759359600016015e-71 -23.703962536111410051341070916242691379332163835956523292131279654909471902788446333398345619631293158623509978701542484115138529766549645983396882214436662098656393274256094688479378998010580811080028
2.2030387265499993849300496844676882742170348368050193820400392505854402349568026101905494068972168002869015894987579054152487385494248911727659534920664854393407143669942637808094626139840100238676864e-71 -23.456984576118387975447763430524396904555270859729045574185844657770902056022761132507318341838908405409266370079177671601521654189996144611054410263287261282493985844230095326993839428322295202999245
6.2508557874211911555551389830035837314922651280555879818921560970738011054894558554475013084006416577683502253952463582524697129292678158777984767110500319228523732265975975626896697729980840114127377e-72 -23.195658741934596844158924278276871504056766549270893351613885726896647189297621697598971710051167827656187355180102259070864756030701818167576774215809509686233183394043873775142775312671364571323107
-2.3062833943393616534259410080274950494091967007870788870842272107130043092336340842217085634088828804695836959675821671258726650256812575550075085893478961840676675350767051063840693350008783014137618 -22.265294520692244400102098245028880699441099773395390593598237634413960432401030874349302160483110557437157571785662504121296623220637277566558098846289255539458128161552236579612707905918044534210666
2.3062833943393616534259410080274950494091967007870788870842272107130043092341142960674250730326726711312185726246439466904346144395279081183179487507078687652460793026359436287774355789519078206807275 -22.265294520692244400102098245028880699441099773395390593598237634413960432400322464593340672958042961370460613685713242513152636743529778828114642685889379050135283496943059448264281238101339040846598
-6.4559689085915841888376523877637290199867443379682721978482640943318065747861594359998197100001007895726448781797626669545394705574830403473496222733002298813464627948916865841542461195623378587652147e-73 -22.941346397901635025192013656412712036739691774892344496715696978573896518027060282800077984325209752404972274470417189997270988469335668745744783485914369767248542913329775467772181961609577733367347
-1.4160732865386774331589556712188373231764223731248144700227855716679041372857293946306405001794104312395606904395525391592470620824316006032453103020208715193902497937186578946781410393470497371403822e-72 -22.711074441924071729622973546257096715188883947941666113863029143425219807661636722455364889515260967507468304434188255925933147081419381476029802994501237641353125300329043156156135324681615279058808
-6.3215125869923633626462587455281310813273398461762584328231329979222540839216588054155268446563542843644814739106949510636996940740964011312022059093548633478754617855328799038360572183142362485864277e-73 -22.406748496030080468270328126946480471651241527185423047578821775474273303203810121331359308776736192292534475465357150294332129636618127401860574840399069677934177402302026416638160291760163048473346
-2.1251657866402213287366294116086565693665868264751250929952616802669688886302721099974581229601780583892803847162266552323675058212596476600633298405430071408224769874696261956095270696797277808378018 -21.614627093451894425849868190572080126169544507619821921979075965766762791489848419306776662159647106053693517657237357603130448223464821410732253395545743635965853660045386596990674759796405957805594
2.1251657866402213287366294116086565693665868264751250929952616802669688886303127299417956043632810833327560593551077720499968485725203541804459640506966169836345024786066749287836411841957395519276803 -21.614627093451894425849868190572080126169544507619821921979075965766762791490008150035011158784319922356363785660836101687784983336722177146622938888581188941544296339738231696105271356056913579910345
-3.4621553253010927959044638169507498473618020661586327480326474821340646032836804315351558235272909017045144418842394447323345546689074767576680036776239044041547825877950566685830874118038934852081834e-74 -22.20195487613714789083011069071018129536356507877048959309874524467785437672258553949830955758391172914291587309515280596684616212855948426076387178481001935751608410990878927600412737732714313607748
4.9273284906569526815068122790346669006444818922649985334191220650615639331735297136930632234334154631848614323419372083656471895187077780024144082018426190092214579906946024299847934865408712934205387e-74 -21.977495415690204686164724810156786385895698827776802550214298214395488914077713793723878821931436506979832373639675495616604503148237517785666847655050762998251883047490878806734255569628777928506107
-0.15277842420852386417554955444815314283937110346760160494538363956633305600265177206588975468878248915777513265736780379240845032335635578580892516120147789284733467091132527269167346648364583354794519 -21.575103043175162200041467263825399930455147032095691614112729393473359133141779081064507916309208554313213984913605332800192284924412015933390418631122173037442483117839576229105590554704217980928006
0.15277842420852386417554955444815314283937110346760160494538363956633305603413825748683793839093491744268261826006510785207026872240911065333525339406173521464513662397309493549109913055839648319806606 -21.575103043175162200041467263825399930455147032095691614112729393473359133136730295478507082610766015776800570499272191887206218434864546351834966135030970203165130058071545815263651277906869679510349
-1.9466106112648435911213634846790207277448992022812870322170186638746424310516515240509953670935272873561649919346871083726344116747744289205038250968130869118584481308829348951291475439298437515968449 -20.978753778548868541171338066132174650466636259836012059808171259601930716114002669815999354508203659289576978780353731741979718217693667421679062631391268485717367948818825993303049530654478616522683
1.9466106112648435911213634846790207277448992022812870322170186638746424310516253960996084590139439598005091850759759356041399401471217789834307905922477340523222981524480732505590390014743991359364452 -20.978753778548868541171338066132174650466636259836012059808171259601930716113992098279019447986077474587932083946043485962985187583928311533086995333744496947118452645519855040756419441717566252451007
2.5930950150181292408407265077237555146307389311330853882049021698501999723244806489581254415586070676493970852479387203898242714649271798628937813084981208890080821510012581423646162014688979420767227e-75 -21.130750904845574278422553506511490074271599746961789843177838341018860932319208878092697492684280811457648995576970054591421657768534398477969648003278343568335881028582569618401390689718527383360612
-0.28169980710101179286201802100773710559616132447670006682906971311067788474631162303198529606208299434510680695042206499246084335466086905000173556898074085418888468202823727828754485584032691842940372 -20.90676557907100715958301956785671868490367903596701156553084480958026759364395143417622132827929952850387048558078650662482966993735807731274317267320651910494765233964491032717497986224845116524346
0.28169980710101179286201802100773710559616132447670006682906971311067788474632781895741033348515522468716150267438831921245503136136955576723199327612789265154216109699911165260912210026438518056140061 -20.906765579071007159583019567856718684903679035967011565530844809580267593645587422729364269592222003176065222872216761923082502310344942683156931335386469773734421203768738071960870996739432565616515
-1.7708038760986327046235532838209297177564142366562614839071484530782870156925736481407846991587140453422805007748202278408336374474931062285151437174143638488107256723930207403439441214310641057726163 -20.356987009557215513621318533381787004136987041921017427888118788679392569922775588037943640134550346669038686446883829159474980399547116841497129330001880759108551979619844090398029546160199205570532
1.7708038760986327046235532838209297177564142366562614839071484530782870156925770859109765838263508964436725462776882012441341047162858088714121751771170851912313464965213343192641284061980378888323962 -20.356987009557215513621318533381787004136987041921017427888118788679392569922773017974546561047423293053921111120426636268370163731730725969334761977586345469185173281084977298849926803303635488136841
-0.43492502285912577123670319886798560677372571072503308962020323845662440053058262306981145578136277744512883292965832377418045789302610822138025983312889045783700603005295751774445251410862534435790899 -20.317898648755735649552863819877298438689918975809138247658769027267227124894446370225895717198869681709919265254668390826615701226391073055379522229871930510160859928276214192492368615490934359517663
0.4349250228591257712367031988679856067737257107250330896202032384566244005305095838692383938193779662927891450058213407877055041321926106934880298627222769097300691581582215084517687548059615485710943 -20.317898648755735649552863819877298438689918975809138247658769027267227124894520132557343989458796460399773423915427019454522885719176164299685714059699690697199743771182182365357563904731681893057631
-1.5979158754555158133522182291472808321135412363689877103119335129828030830159708061290546743209309293642369677611609588429386605710610602823041132282783275536295186353715323188636842255178777538972774 -19.748693857691126153837633387558312108972140118114941525853880728926085093999113835713419397302933694172657926535156608174328532732390000788534525114850930247496189303400318337254793277186687135620203
1.5979158754555158133522182291472808321135412363689877103119335129828030830159709127023288325660849394851969832807950812648062477153988377267927075792200090977015994480835627617809449514699471556518237 -19.748693857691126153837633387558312108972140118114941525853880728926085093999114409372624491631417221982740198494880317184291285747035441931676003866833559293003215659780309780846181421555869795604771
-1.8849081772939699980264610607527045439532912897601876488847339268621550270535585677706352699849581346218717356932257987623176438897061945552062215676401198505762101057548690430142707455820788124186112e-77 -20.007283191678577971987031846354453681793261653593918687362518728976599534352279824365324344033593095875157020737912561142284513394650570538173744247071217861627176887822971641899730187101272927631414
-0.59105344765711779544230276566897832055303557580405618685081344337145771118845886305585216797669879235689458788468869434509725229542664800528217534054584764832959007928461535305315699076651920595747675 -19.700100377486158575459198563210487883100679894769577660428624749968945406322360664904504089713916720478160642201884378882266048732311632571003548337768525344444437123439461747947888403238393693399511
0.59105344765711779544230276566897832055303557580405618685081344337145771118845416354923931703565651254085156213633045483411794493980027066124553943351244064975167306853661012437518031881756991379347008 -19.700100377486158575459198563210487883100679894769577660428624749968945406322359773559905170337986778629169751859595344674582074056151870059497094205611811465724589336259292886377427327374095261465452
-1.4280568225628856293344840197100995038868198687790491868942851000533335609954979308953228107477510252013811011613880626795531939545338706643334216292458640488406324947671426480864272352341158803999566 -19.153236877499980961542873485470417676456482962841004091567826907253406456728653723304153970701037192833700408458083254893306355750450789363786627644384178190078006673758602622347606561674564394456343
1.4280568225628856293344840197100995038868198687790491868942851000533335609954978612153430912501336072545823003225618463043950030047061267064052294570171449086503816532052766069199474677378292663960042 -19.153236877499980961542873485470417676456482962841004091567826907253406456728653709709686961466026041544632149704417875654006868689527769232398051330190881884313649334450912346432115903573543245440619
-0.73935318622775618125827492026014618953906758062382567934714816087054951054723141434452938753836482076010731065549460245658041038363840492603443078725077014164632367477920689873746870712618217758855576 -19.113670118072438060796082469888020836200557260552853653042993806799750588680474509873209301001810161721908112523868508405904805399638885676005352069826672052535615490050887333984166217206606801099424
0.73935318622775618125827492026014618953906758062382567934714816087054951054723124136632093354083424973538949155808921269573280716056483240226426668606472908117509307590834313760326612084373435727576106 -19.113670118072438060796082469888020836200557260552853653042993806799750588680474311374028806970362581824289519394775483470257248831091687589220099109339579158936439227259864181435645923387933662315477
-1.2596471723851728249884773284889212104005347055396952748095130331619209725416223539426207602739993874067669680790525731363758340492706566587589591794996940028208608342010773850327356287552113833656466 -18.5697730829404260792492619210691001527239999503695841289286282462859320843057114383928286053893793336166816247776295183439354638329948448037743152116826476436500681645310581070012955813600949839219
1.2596471723851728249884773284889212104005347055396952748095130331619209725416223578506147719317395981860224755771164630093678865467891419520952543036415753381933945785180095297835897852618562874580641 -18.569773082940426079249261921069100152723999950369584128928628246285932084305711431379399018619448403944208224289579263861102987170282824265165547981632879322636770606446604117924748006732242051118243
6.5632458043605638021646480355392393767983271735941359674916245753147607272329087520065904448095972214487681539719150774416773701966870072010079106615903500322491985993544239678566339246744145598956102e-80 -18.761951157911958780529589695656922782958441901424283411217088678391679762308629762986535273698145355315332963913930068370886963796687828481179581878649873630489866278756073283026183167326648428479824
-0.88974030821484910818986667761539534782884366708658454454870803664031312729614786662719955692159820781461049078157011146884143764381385230139594148904709671812323030136823626971070363356940683341039611 -18.525942492518539259542277197075976971577244525807572659250486133279191496206396142169023580193017128043380763940374061120025084834186034258239222883698766599297363670652796674386006592184446663731033
0.88974030821484910818986667761539534782884366708658454454870803664031312729614786402914941746979945833489076577895137317596901457050550430776773481385152794396977361877472182771261640341723103703423674 -18.525942492518539259542277197075976971577244525807572659250486133279191496206396129079931333327079474467784256361111709889832281346784953721853058443400280439089164064568109843828956630511691936289623
-1.0843406965398269144738973971861747683943808667801727639674227352743912694984867731383610231975523954608942735049844733079678110386962344083412750002723506366581926063307187310964925139761630831407778 -18.049182006762639152473013180925232646735619636488916711171781102787069185728193768762770310470901804122049892127480579086552059168493704362693843223159402114194950581706770132634067146773450390067504
1.0843406965398269144738973971861747683943808667801727639674227352743912694984867741852270707615550449383401593643727093756570521146985374972927929019000572656777040400794554378240287327578919940130873 -18.049182006762639152473013180925232646735619636488916711171781102787069185728193768503282351680503082006963636711843106001284645650077097157962396564232670636779393033208128861054407425652904124543634
-1.0454900285602537057911339924230252099098745848033122284895931930731325113900139032214014721111646214353797898959808379872993956246890293085268207422796141681300474273856348690594248976761235686523231 -17.88885562923651614941010387230633589606139289552177760183887122311475834886744302190900678676007350153183463954308370712999921318276045451261794968660284297064346712424555097826260330836983217594197
1.0454900285602537057911339924230252099098745848033122284895931930731325113900139029313942622089251303348998414172095681248604312255031679981669812784951747770880380142470079070772086019966639503634923 -17.888855629236516149410103872306335896061392895521777601838871223114758348867443021775951253906818934212449003668956541737261127992045462140654895529396790434417779834840718125461039938649645122595584
-1.0584015897955680542808513551595512218153742239737498680528623533652963196652700364478545423212602581168180909100482217241690643421379807355716837050187892633805674725997492986383022888124198898487386 -17.518999692676087559301547123104546336764810496604803295007807358488256534648380116894146977660658691580379068895306968963557737127928519461213656296621016265204054045442879527371023897385754617151514
1.0584015897955680542808513551595512218153742239737498680528623533652963196652700364671840115302036004124599398940175433794705621493334564156196895278038119026728253461154251528647970787087301418866433 -17.518999692676087559301547123104546336764810496604803295007807358488256534648380116905929119764180708069074331710067843070959041054906056375141400058967422435667745842623899332616955247438613752862005
-1.0496281204902404128012706525372263222676815243105682386455492148651296914098324542804659568168053911765524653847968323292516723501422667073527933537539878790813901226058791740768002542205153362626682 -17.245987437050822538122230241337103331640654693004103225320012446513606173692252409761566488701389678533557814564251144958607196024825045986831004331474819225599287414495503504857573754074438660456716
1.0496281204902404128012706525372263222676815243105682386455492148651296914098324542811235292794423551306413098035239368753616666051321510868800313594020475992467276983287522264930300682654184573579943 -17.245987437050822538122230241337103331640654693004103225320012446513606173692252409761237214921590365624162891921099497769920161087368192768736036001024859052883736075697825413736624828716774209939494
-3.5985880684964736485975332437281379290028140917723453622517266479806354597127912528698261176186699975964891861065637005831094591279417110822269418865466869903943088429120727676973704204648269815254209e-83 -17.265835409986775421882763455958054394884858876000692763992998870151989473444665583737615938604711705232573167742814381571743517339033026487765489477129923493279578041092927991414029077188125699084324
-1.0489845173558243153244516462330981602192689291497825807684211262268807465285327996282186729440089882887695241375832853409897523479806284994118764625705474928267830724866032071683544440055029676904943 -16.939187035739984099108346383694681792271591153419569385023492430193229550389056351998326469144259504159606895895391122890268917596414542177638138590869901463473963686502353354160042535041385651428135
1.0489845173558243153244516462330981602192689291497825807684211262268807465285327996283430770583560582503604569233647264590328996423555921983932078366817511258148957726421574182182802378964599275971362 -16.939187035739984099108346383694681792271591153419569385023492430193229550389056351998871074292889995980763986285256151420978964369234286794766582600085758410156024395178367925544186803676371218477902
-1.0457301928216094561217923412945399462539562266930330747171189392269163057425498360698937731043750135649736958506446285291955141221273084081275554971061252833400693470564849111317302656379158350264872 -16.651647861188207252542033986461046007405295939818932751530999981899197422617829610138185621675743471005797548681866100188704552810718587108414823380092702131548176002568585128602567414636323430971533
1.0457301928216094561217923412945399462539562266930330747171189392269163057425498360698939478554352699289265553307468539778917678166175176067856513958520274172150440182383652404491334345921376649531867 -16.651647861188207252542033986461046007405295939818932751530999981899197422617829610138258294872315484567651262641260129996929351718512124415804294536490894037552860980987207462203552404718107059099822
-1.042923262067612629537700329522939766689556553533464989942777544833296462367011684078927737943097077966514955570378546234892168170794877728019443555410154332518900504181860846363956725943913370697192 -16.361583739072728754193469120418405926023441482393090476609485708317953932907564289007198716034523720696315927811456815145309050044006906819838414162238677587523932732755841702207597339316632432664587
1.0429232620676126295377003295229397666895565535334649899427775448332964623670116840789197338036334433391935257478722295711884783502093699735604281396714069669149051423661422166224437068417383283177311 -16.36158373907272875419346912041840592602344148239309047660948570831795393290756428900721646480732211856504458909229662362869755227168860854761278688369350107265102523497483031603385967822828269891523
-1.0384301755775241675587726614810275467757909786540637973225793697801517995412289386100983844641308308906811290311449184982738692303905844361357613973318649262052747303490168473618782328595481835105559 -16.076876305904671161913593752933380574819360021201285368868188090937580929956467027528874646941549666244977722543807362519302653446249788095575729761076464671292036210896815266349037052966461178948888
1.0384301755775241675587726614810275467757909786540637973225793697801517995412289386100959785772882472941621152456690197178444737893846335642626996059311038614422610223864478333115803453298413803060205 -16.076876305904671161913593752933380574819360021201285368868188090937580929956467027528877579315016083740778612085526491248594663499768485272063344577903302516154802952736642861415086721578222188324706
-1.0329377413173779478642564202005367129492068644979523623927906299004509031169498964502663848928161619404413722609126100183776612904324986221636638437734359210534697407613282632326858607601261593669265 -15.792927940011177641242606096782201375018603583266506630989958075498164425341703016721798941049981635673574186819792331985561393331635768930034209660807517086008272153087458659189492548541143130055656
1.0329377413173779478642564202005367129492068644979523623927906299004509031169498964502656643993363870622228390163379556289576664665372843577781572947588241866878517351977858620169494800827120175620373 -15.792927940011177641242606096782201375018603583266506630989958075498164425341703016721799405809721232204658599997713900385425409077989506905056470431978173882979500262514167731117851831319714788558822
-1.0270556315682781111705920874451010430888980263220774438220419659764386377453609264572365852109202574510363917231975255487557054096967632880814225366558371574048218085077546322747484181550330277925698 -15.510407613627607855995615348780908622144639623516340783163827270357149978500387609535374865011803969360261582236305447755890465696935858475101041637417990884470727800670326812646123859974723203549179
1.0270556315682781111705920874451010430888980263220774438220419659764386377453609264572364120856634400090957875372294129492107979099155734784166802146514835880393694097053563453787442393656610576719773 -15.510407613627607855995615348780908622144639623516340783163827270357149978500387609535374914047096410579523274859207081171530635815097857907793577536541426727608883075312288454239319064428705013186611
-1.0221915774533739649822750985647789341550420426245750606440346482432777862597896948138402231768575168968272881796303959570446170364748598542051368537363010996491798338075876675732761090260291468735283 -15.228629022717952624601341260463103036714917798020047169076255917793052162400077346475871112469118270690326466187681378743902114796009594645253829185193986455037214468346158486069669983327488097769202
1.022191577453373964982275098564778934155042042624575060644034648243277786259789694813840186408950600172860682177430131583731588263594320342462137652008936252279657130462824177381414590772231594532016 -15.228629022717952624601341260463103036714917798020047169076255917793052162400077346475871111125722660809390873285442059192211387948152739448368028289383450838578883435333811262041921060463558058895976
-1.0194122625401845094017394210076191480742790941441072062998179210763900561343514948044537617962903085751870303185700968934698909597209355657144806325914467266352627336931701251105424252847500605142055 -14.948875204698812618872555116261029849150268432586774557163714540119933096250328149161909955059173418624075946344330280686833894706278986453354283711137383345332116137743867142080557264305576753001845
2.5070360854672105251631410629402565868917069629308740224673287809332847666318202607528280954867832341881727521360335401737730389340374397349023716898957065450567599445377849354569223540186506229546027e-88 -15.141730831782437783221546728978751334215001145753811556144110063981074920335191144387777595715668525310267971822207146508609580237009144375541956824051648702302751238695317410161472925927269063560002
1.0194122625401845094017394210076191480742790941441072062998179210763900561343514948044537552227358143568479227798666514409208282259218236857804139233210803145094001201533630876667680591996951214021578 -14.948875204698812618872555116261029849150268432586774557163714540119933096250328149161909952905064448786583487162825343453888686095990609975265020853384645226822297782647735126283655384802596656366774
-1.0186406764455641690482341110793369497430946487710923173837315770657692162618584494784255827723039449952629669568871816749030262088264240120834157510093944699555451646219663742093459579007717405775649 -14.672534855109369214422246700717166565545491916302600103940827924994781376185673579178745873990059758408103102182422413434766782806782640365263401602755218428475606435271600238711706220613590978440556
1.0186406764455641690482341110793369497430946487710923173837315770657692162618584494784255817135226915926898016857278647958827169088153886001242381050980588431110073998209012628883089938658955531433656 -14.672534855109369214422246700717166565545491916302600103940827924994781376185673579178745873369256961428576417470690267067173661276805399230395356870087330556300966460651051497822815270878389378412814
-1.0188898709754910271200395866787069731389512537001208228636624005340840687799793159280285154824021479256685897913490527637887538661790044831779011510600042682145821289261148283850658195466778830619236 -14.400375638185885782223534644584967980361702044619333652298031839463550340284664088086200781029028108687143848089808781406721882297053963538948806208821150828162563372390597223472541474315151158555854
1.0188898709754910271200395866787069731389512537001208228636624005340840687799793159280285153161655325340708644730735979313719235276035231994192307893687187942525426863085368874117697282669050260501675 -14.400375638185885782223534644584967980361702044619333652298031839463550340284664088086200780899450484543645213582857380951316850459393841661341009977130643655316559293854171541397965124998925605519803
-1.0193157417989163415958080302652613565500662084148452736403667485033373554866025166622033566716662444409448072930292253874508832655354047538273662241610124086589552274808350332411397569978496284644832 -14.132243682931269353868840719522011661420901048036722052737988419906038195230703407682016676835554527289760473636642736267670996068298003497885483127410741603001839129863697569732651347444321496580049
1.0193157417989163415958080302652613565500662084148452736403667485033373554866025166622033566447302927808467568855380945326493226415387477184144761433336825041243909437998770520349765807826403469815228 -14.132243682931269353868840719522011661420901048036722052737988419906038195230703407682016676811825436591890895058268347694326992336794953588074182822676989264448283661744031037184362186123054020836117
-1.0195581462988538905653090946576390490531370661424197177264504947706089652226736098193722206590980074598007446697729420690510159413170613901587645902357131450710841513574920942479520499644431545818125 -13.867684989247279689371413862337570228373849101698401760389801053318821180722296409416870431223787223819404351865525841193105733117069077007616619847169530755994497839527791213254037835724701925536169
1.0195581462988538905653090946576390490531370661424197177264504947706089652226736098193722206545331900626229716677117348313524733752842481260210470644635140114735347241661841803641534279630968033446698 -13.867684989247279689371413862337570228373849101698401760389801053318821180722296409416870431219746469678636406274134902355175794272173858200069470027173483535431079686875483423392051988128781558091303
-1.0196180212081798340978495668671263884747676280942570050365073672277613167026197991153622840176235355186413105498634053568634473322858434432964372268099273925433513396970257028369180667576677470388025 -13.606242497664350252884725556237243679615279855757877488678128467984297403679778944874244796322084700877894056537242862899803058318952940923310971460368227227257800187464267585058693447347141760570757
1.0196180212081798340978495668671263884747676280942570050365073672277613167026197991153622840168231272229675756159734055893437602744688852820713698230497018542946348845801636058773778794386506703007134 -13.606242497664350252884725556237243679615279855757877488678128467984297403679778944874244796321436294116094267651657220529387420287195682911169907199452390967102959732411829570440130708537085620123363
-1.0196832416606628830440165455341211434373013194830025608577827386524963478032009488463497813554236296659021919130194646902513323095691404143086855264522087315624704098318519723776826310790833087073487 -13.347525008442632455998892716840077508382196693363703195752471596578499318344812251684057607269161947952855732679925249093159220017357262834811298252230933133256741931218630991763744837870060819327413
1.0196832416606628830440165455341211434373013194830025608577827386524963478032009488463497813552816596370545179354206966965373968068012915355412830910419525841799983949427007956447869283851425098296003 -13.347525008442632455998892716840077508382196693363703195752471596578499318344812251684057607269064961084912491228668674882270404885549693886057001646962798723489174598415424845805632512333167356188895
-1.0200159778638043992729600333675959562619615964663086683144725094257932722730256464991780316964655206669257892861486926702745333154407158151051522526408870739164568984198517145607268534210763702014899 -13.091162763464570404606196752948263689153060894688323664602068284811509285031844958245950365322904380505913896967884287134733968971951409606319250579579999587592815798349620250323785506907500336130023
1.0200159778638043992729600333675959562619615964663086683144725094257932722730256464991780316964406802741609235537503174364281591437484726791724735025687774187313071595679650941898289044632694521835559 -13.091162763464570404606196752948263689153060894688323664602068284811509285031844958245950365322891227681991673820285955113324510049627988437191432891562668632419216923065229267074021363611411171859388
-1.020871234024462143944801152435932783379610374398601743865882128922339395736845069716079696917495002392839760481106554309496998217578548062868337962615661744079143432770479804237639360640083069514437 -12.836756764607620854046862703167837480783347604495040511444571047201698385868960007608671435930823048979259527013689352403083518687036488056787569151514551908550472972171618400485383359324328494069292
1.0208712340244621439448011524359327833796103743986017438658821289223393957368450697160796969174908140466724809444120375664187640600153174088350078690274761601101964274105561763163225002757816025950304 -12.836756764607620854046862703167837480783347604495040511444571047201698385868960007608671435930821514312671952460703810795003741148299587735776234222252627918068615329073444869400189262337393845550393
-1.022427753143594631940863909137461121952388224098994862045017287014352693177024007595162554419570240416690707932517074656598518967733003397984632062297792311820385045920647160020111266050712232071152 -12.58385282811358645206121534535496729416703298837034524835965448357592219759673960044692869320738286191759937948810254062265062230288386396342622912968361056075915702087482591412354180086047320495099
1.0224277531435946319408639091374611219523882240989948620450172870143526931770240075951625544195695722209046371245701936296188515381802319009413235450667786864544628048390525290106798150951867179395312 -12.583852828113586452061215345354967294167032988370345248359654483575922197596739600446928693207382725607253155179999501465207987673810447438552854923520796100980674750469203081558757069669113613285685
-1.0247397994558113607704678268661318130466083868510906696212394221610564095626850095842778762830554109028195389072412306395559583955652640853898069348219745607699158700985196594541222119561061083676844 -12.331956021639422681613065684973061551191246369513459228224870449110573146429123032616809818567606248678169198483581383268046128453699224470245386249259203165732353926240175987189760766941963707873649
1.0247397994558113607704678268661318130466083868510906696212394221610564095626850095842778762830553111232104713180103978612495530738610782959507998728453978409692863044313822638020800141096747642117469 -12.331956021639422681613065684973061551191246369513459228224870449110573146429123032616809818567606243883723381060471180810170834880335597881704336928042396317572408384295543209478456156134766918606142
-1.0277329832752960742705642881866105141103178400549361154959424044574337686654255990237672694793273840210358466423293631925769654693932265871579115277272525142573201597123317076228588908553664374043504 -12.080570604607049852293907729375665030234211703143864550547689528964050930642771795373959585126318091359452723907153695339403469935952667084612384119526559002182469636367226674749129301480782171406066
1.0277329832752960742705642881866105141103178400549361154959424044574337686654255990237672694793273701043532264052445699595507619790962192275374646863862045077227683720631896611623060332294226135052485 -12.080570604607049852293907729375665030234211703143864550547689528964050930642771795373959585126318092702101362716764907283033284148892656886478398530112026544977866828142166163384341504803110609198241
-1.0312534117658227863684665838783961854330387113815098666051562367733103586293620937608840160620014323205724188116949158846211517530637647818989337838255191593690894597288907077340251435618497198352165 -11.829233368270799834782819326952920261452131377302079061255070623142162084855818424484391293131992204378178605698105136154969662117934185334072980490092075626592357778126512302253507922321658084643711
1.0312534117658227863684665838783961854330387113815098666051562367733103586293620937608840160620014304971590919824226726860654112058351923890447295027303915458980629125913428803892800410897894271944256 -11.829233368270799834782819326952920261452131377302079061255070623142162084855818424484391293131992204783475916749005012145092093807183046605528338227386951378981690961942858008268126138039431485776747
-1.0351570420844361691302708200080000907724631721141381208649859398817636594104989401859535644029237471886087249745748513142203484710542869024271010265431122916544503603506242852715778951508977177127337 -11.577519531125925956283143628852303598376969823984173358832080347711710286679861482131360862127477220172938421959784729765038758085525733121071070918050457821388774202607603019812034469190612372190046
1.0351570420844361691302708200080000907724631721141381208649859398817636594104989401859535644029237469618101750856477491498624396273985262969974996683091613260869522555247506517789634938247227657944735 -11.577519531125925956283143628852303598376969823984173358832080347711710286679861482131360862127477220244911977314591273838207457200785877445233939957774336982679201874465130426595588844446291974798318
-1.0394212393301717034033526307882083994620930877871008776321370339727679140804590019042470333230814511386964057776946179377270016379973148370786241074811514079636806593477553291465782890433504658339693 -11.325038894107900960011189258061291697280940752540988754032117390600451090750647239030476736699191527107889434692489990828457228059184709973821534043051669199337798759370251772916232253107054304376097
1.0394212393301717034033526307882083994620930877871008776321370339727679140804590019042470333230814511116679780517383620275718812872453353438542930663409706002035054139781983331895863383371141357699273 -11.325038894107900960011189258061291697280940752540988754032117390600451090750647239030476736699191527117776342040364458481833745745307430285966096144469036782278388288476886163086258639942469701035952
-1.0442592835957006114628785865266325623040691152268653321070612801064138456822405601720194933809184386826814366640661076858137626896981993173221654931866121238643640900647195249165467030267376419035875 -11.071484385255962320118038922907396440354520264806105979633859527986910964457333127653188154442312292016154791018400598520118496101940641731141675649116557076644006778856855743499268556646105294927754
1.0442592835957006114628785865266325623040691152268653321070612801064138456822405601720194933809184386795980044883635271832363272851541000843197580921768993221185425735119023197705688710371707609189912 -11.071484385255962320118038922907396440354520264806105979633859527986910964457333127653188154442312292017249191849263532735349673195038366306155256584728957347208597442548093244514355263395196317728281
-1.0501584879776857568377666145292921482737332420769103440942811436228599112574537330404205343714925858357842393036849754118865810425427075962097515515837679184422006067125019448595452826566668714766997 -10.816810502624467074149915853215718214122853470966997169868651504397276645924477926870031278658456636515886682300192004267189583524643640554999047352954377603906160561393009125855827778238806604915902
1.0501584879776857568377666145292921482737332420769103440942811436228599112574537330404205343714925858354536070080354051316177102289816217683704842468223810199926671683834497050415330422217809543344276 -10.81681050262446707414991585321571821412285347096699716986865150439727664592447792687003127865845663651598165348680751004103807339223892378028300945148674825498734015727186029929334724357381096955738
-1.0576469212453421370881453196874613757561952242838154145438426396707011700429785553097979369509516864366972876505200074243393435715098823058543598683351430760565217952846451650543362249133388521474415 -10.561474551063776233968775674719600099446076852416198696778030331669158127934224344935222717532476786541512579376004872724295064232883319734148599770580000556160445739791092110026598262889597191808266
1.0576469212453421370881453196874613757561952242838154145438426396707011700429785553097979369509516864366648539289420667939325589966096778952056314268296007154821214425691107508188951033101341424220566 -10.561474551063776233968775674719600099446076852416198696778030331669158127934224344935222717532476786541518578049495843445907098824680985345797874209164237508416209362787966458114492945610625559197427
-4.1614187566006447621005997001423401812740956347291645672537370411134296673373535151267189203346695575769884734386174976911008646788570268123648448792255081808729384788326421029900925972707301087022978e-103 -10.569223658730692614239207656370685339064093686333984846235855960376836369436133215500723310978983805205025960019231622265256852963662615459577578257764970128996487536083165129808645977670763242069991
-1.066781188208890224021772059667614086269580669956789130917991697778680964564889604997549408853326236617748157560101679289098596916389052460607026132894709080893281117686755313772650407235567883867886 -10.306336337270703890370617606407325170623283121816139989368794597809241964496511774655887260070206804997743869660436098364486593198759745497688576385574513819063914783994067936868366646755856718550427
1.0667811882088902240217720596676140862695806699567891309179916977786809645648896049975494088533262366177452732674059221136810328702552552483677825914331310010688336545986840859631837911237918630985821 -10.306336337270703890370617606407325170623283121816139989368794597809241964496511774655887260070206804997744087785554125932152956947660074787799200215636000892214302506413272878285962926272339246659527
-1.0769643009369720078817343236377454452789027397881779020981303415135200300536918675249905215501800382084067493735164582738864928351889275173321191004832827109437203607666333979637629501987176251497756 -10.052043295572684726196757424408449581710590204576415348649547823646874344693632724979950001695919398763186327775915118345024212210016041481279557335254726859571045600133230685050721456460838388922922
1.0769643009369720078817343236377454452789027397881779020981303415135200300536918675249905215501800382084065126104200608344906200726269539271924546707765871290688084030918360826329222376392799128411899 -10.052043295572684726196757424408449581710590204576415348649547823646874344693632724979950001695919398763186320933761650877374692612987883638714473590041139886361129601428363916254341855839588468659557
-1.0874208011159339789902061410360589588424914734766171465823610248842320644038994459887928613530219862972036850960563680802036169664806905302330945218599775078584689537797976853536948871888458193913236 -9.7986048543168260972167106601990412284474538755001537224936444104469847067425905007427118379052076886118417087644516418357364475184092890854408261646028781990683137121176840519996266517307949132123503
1.0874208011159339789902061410360589588424914734766171465823610248842320644038994459887928613530219862972036667788922886270564018368862161337907392766485733989089289311938681785398094545701481450222969 -9.7986048543168260972167106601990412284474538755001537224936444104469847067425905007427118379052076886118417062401344270230936923172587334126073687952067910710049609699930236409623721957967744710599748
-1.0977054673736172595133319913968238148143961014052012869239441086372548023679140346352432802342521688097823783821451629754465872504795893813290572594282142938238667439789436280240259282157334027019571 -9.5455656798383149375610921353702930406000920969842208080953019338966141235577233593455610612881412290860120725355284610627216473102087338986924096173049867128696602121093100790943875945854435328139528
1.0977054673736172595133319913968238148143961014052012869239441086372548023679140346352432802342521688097823770454378008564044097849422773404337518430024335626497516572715277595345674042539898079988782 -9.545565679838314937561092135370293040600092096984220808095301933896614123557723359345561061288141229086012072171122785491678839592687406073088296284476078245567717180554822481811959543740952886579567
-1.1078463239178058049803193118345779067484030070497290229596937444740511957756430261670835835861459045423449517219767133181814363817981225763306145920916461948844738421476648316467324366364375323825942 -9.2924008122272418807727492815813904493396925425798285820258247610411679212243050783667918448004433758667984762407503989351136941567419409272318360994186000503367226619157241970887302173740715587285524
1.1078463239178058049803193118345779067484030070497290229596937444740511957756430261670835835861459045423449516321727767284884823290669086109340938336862929000405026397158975500929824662135093287021178 -9.2924008122272418807727492815813904493396925425798285820258247610411679212243050783667918448004433758667984761993816035918126332365713827239867685696261945598635617887114499353047764285115885679820221
-1.118201922837345235832615469465286133870692259400093557767201194810058928530648631461226823459572958876409736816132943699982770299376990875258770578074336127470522669552177969834069015938251989816581 -9.0388459284645277541133468421782836019320407181026284175623182241972882570040282823279542830485959030366152406852529485346188510693807643197368721627453866181026517175583938625913924616932381201018048
1.1182019228373452358326154694652861338706922594000935577672011948100589285306486314612268234595729588764097368108167142198656751800669157277826023621056023140884683492365341675527903963368878108149046 -9.0388459284645277541133468421782836019320407181026284175623182241972882570040282823279542830485959030366152406813130088334950040316105884700228764503992325250123556117545413221973954898865274854947811
-1.1291208614641310244064226908016453982091261717999169329248036683877996979396572093412553496222541740887448448442313364084008374812995507074218154670984800342723025706719675917040085672877546786316041 -8.7850183672672536695754787980545874167905390798662207309207644828556117672101671841850976574706880881955345924613820447731973359367029496565919529178590979436859490306380549133352594528890133204415197
1.1291208614641310244064226908016453982091261717999169329248036683877996979396572093412553496222541740887448448439688115695113781300083109497385045457516147854913888773678571875645686030094193902622702 -8.7850183672672536695754787980545874167905390798662207309207644828556117672101671841850976574706880881955345924610665384829330846051284881260173911865947538764342103098948304750820536012575746664881686
3.4645522068688945588299596764610188142670981545630889909985540719004366208366059597723462128373793817413687704487126899008711301936557152466038736948461059717346791659683680795646013228830766428602512e-110 -8.9060132103319995464642192463214231298751615494218012663655662217211647745127691948301784604391057826321773489330584216429397238971671771707731257967362708000017991715453964552530980013705053592611008
-1.1406525370684722774354676880157681618236064811393190811278816548339649008331217724196105018789869434131085277747285341344243323803220061855256617518399115191619631051491487161267169654494835336135018 -8.5311829156412147229792900181700784048287102295191664031684984013509635187133370313963649206950404999965205167877123599857228776194002236634334051233892360139027199009107581631601694448571147006435223
1.1406525370684722774354676880157681618236064811393190811278816548339649008331217724196105018789869434131085277747186641772117818485878218681051861962190084629706129598944877954643466605525891062571375 -8.5311829156412147229792900181700784048287102295191664031684984013509635187133370313963649206950404999965205167876909504479053319212609411576052937943376865903693064768362397343237917798478846543551364
-1.1526521780833415870043062278391493894059300486622512987781928110666522412696227832207613527573261820745105343153114681398643294988462909127877564004285491790441257789954833484919427136785714820514917 -8.2774162241486361116281312210140213742019502501350480674613835252133390950968037060328996083675999813998648891669993393796602715860145693514035307441699142949402139897864915406936145742762379967233824
1.1526521780833415870043062278391493894059300486622512987781928110666522412696227832207613527573261820745105343153112806710744211443296854137828511852654958989707833617440701165640966799430379270555631 -8.2774162241486361116281312210140213742019502501350480674613835252133390950968037060328996083675999813998648891669980949239899663876376820537074948468854151674269075433575265342548922527215820067012894
-1.1650788364742799989242953160089496985968716952359813992854883706740492620835035654764815133548642547325839137634208618376759027348456777990873058704855197178723886818529184107916305064365057691767716 -8.0236177131625170501816240160193394872357161933514253155530230098363521305553073681915223237946210199063753445676759893708535700439920140611349147896883767249532446280375148027921094120035853770192938
1.1650788364742799989242953160089496985968716952359813992854883706740492620835035654764815133548642547325839137634208714459204565904308856933928693099157373286782692947402365417791253089000686080375209 -8.0236177131625170501816240160193394872357161933514253155530230098363521305553073681915223237946210199063753445676759277284841843219574818324066250699319069099370168942670747654303653879132549077586928
-1.1780302237376498628174495841144149504688646561884201106905815065677095032546815845439093002017953737318324306842859147520314877601090566169406258704846024691171588963965584985798474639743025161044412 -7.7697392572342389961635782515005415020049971971955753017092381895624562259153356565320469366472328511276722858015679521941044117356783903192539107925716851421104332122779609421464307381612648076600059
1.1780302237376498628174495841144149504688646561884201106905815065677095032546815845439093002017953737318324306842859160683827001466558522480888345816351388037275399337983849313270680312563884682997963 -7.769739257234238996163578251500541502004997197195575301709238189562456225915335656532046936647232851127672285801567949652322627222237219307001625458471165258392925818339717464819290715405703396103652
-3.7081401917233832116048988978835799392060501205523515204731958394981895929443253853858146935135370697660798590071107127833855736310811195103843188013453400651530209583686479325163336763879767793301694e-115 -7.8677534208997103048354555225191464559058159727888080246023743801381656070160848576840143631644463663612823850870668990267075175415997219893417027270519620129340359034408907875075624211967666716145042
-1.1915774197439820127725275902674240225653787792011247558874056940080677343312915915108749029045488737786025688842325657341693923402566152410982304734185628293712121380905843364579330202702171540335582 -7.5158270665684958251129346082189008173203225556800928129758079315818157278164572478700035376873139150364301503024518899425522309379145644596047803575582257753084505099731947389527348125433745456371507
1.1915774197439820127725275902674240225653787792011247558874056940080677343312915915108749029045488737786025688842325658227016688814664514097420378013205813769852852447900301464510994159090878399676418 -7.5158270665684958251129346082189008173203225556800928129758079315818157278164572478700035376873139150364301503024518898590691233991370878195570723107383388779976196763866154699283504441953600010434865
-1.2057377106404667689317523217843743423771171891421072465119542562746291574343015399180693457895903869369166267697356328701097312666247395042424048170686655490135405010937534614668771136354134655714529 -7.2619060787979781554706112138155508718693496081000150802009285677162541237033905032646314390202437919358879082931329753618778017819417907872172835734756049181769453024815460685337365793707633209238774
1.2057377106404667689317523217843743423771171891421072465119542562746291574343015399180693457895903869369166267697356328745354485970213634005235343086446556492756847813419306588559128796186311660894359 -7.2619060787979781554706112138155508718693496081000150802009285677162541237033905032646314390202437919358879082931329753599655602141073588447765981899313315202288455107557477281443768190690687371816527
-1.2205526668284123748785581489031266945560939873801206704117142095681991454558583787526432912972171708681553073152113144943998779256592755128315026043784752837219737667684651293824996274537910087331683 -7.0079724960757952538104895032149337515674052746792050133018447073544225097628270844083200955834687894870316953050893307838833111162959442784387407076999681890710648803772515366850158653569321043692062
1.2205526668284123748785581489031266945560939873801206704117142095681991454558583787526432912972171708681553073152113144945790252929108757603314774178523657498376435959697229595286815125278304306237658 -7.007972496075795253810489503214933751567405274679205013301844707354422509762827084408320095583468789487031695305089330783875180897523102830778015690223373336653922827630913070555602348025807075200328
1.6517220172079453304003187865432982380035905910128909847596077381317524068356041318431503675455429751572336131413416123557323744327936634751829080481901024447777631613941707458386374969129213167113722e-119 -7.0749775721367942894613254243173724328395274121835439229491723983414006012510769664271286403036073628656430768831813826405287786231613672560908512536414963079474360640121563982946331477209429188040184
-1.2360814264553812698134545043757094159876460255151792806732709583873744257812633053116434277980874203411028945916242061797771218017303439613219850830636090287043477175611774369522770927716394001217701 -6.7540414380515358535336335429928433579125119341767017490733460332958375813584550568267547035751436822205394175531799651394299535438425438337173578564102598894295033859165494150917322922160406437758154
1.2360814264553812698134545043757094159876460255151792806732709583873744257812633053116434277980874203411028945916242061797830600560431130657468460546779620140492615479612882218780084379525901823300716 -6.7540414380515358535336335429928433579125119341767017490733460332958375813584550568267547035751436822205394175531799651394320595383455482280357881040887607314453632944363245362818689048154927851689792
-1.2523777396597991981851361693885034562164277132107606257639244766630721651095754655699650892327558650294162974035739409978686801469839685778411069012305107741794752445308658251720368259363026234057038 -6.5001339463142576891101229185265314054645286934394355124550540579547517351142451793079588524156562543752324637570524768422181601363616730480626199439126218180899067622111277443545883997063068354821668
1.2523777396597991981851361693885034562164277132107606257639244766630721651095754655699650892327558650294162974035739409978688307872293671538322869293459866360060081621342317315020551807801138167593218 -6.5001339463142576891101229185265314054645286934394355124550540579547517351142451793079588524156562543752324637570524768422183050068348050351701843103105053245648997788103228376737002095807916014618811
-1.2695027789410236585678159651977245426513728692787214331775953113924694814321857146484323716817399587802473557119367254269517565939376231074771326468753507782208214289847107505327793424313195487986559 -6.246270317527338616722715311510150546741896156927744356659464477842937505979753026908359172633956275304226435088971125329975414328063658663546680406612798251014212772689410411811058723017153360695315
1.2695027789410236585678159651977245426513728692787214331775953113924694814321857146484323716817399587802473557119367254269517586692904786201552875647167465331269621406583743906513614105235949028278907 -6.2462703175273386167227153115101505467418961569277443566594644778429375059797530269083591726339562753042264350889711253299754204637036341240474097364301383664200600009233081526228012158013714491938498
4.4286949994232183496478883975487136108637695854765971596716691988895559949873280336205079533932262581295259938706839177561587722671906182892440696821745581675028380077172328595873709920954915778715736e-123 -6.4239037113781285304642303578831279634521172736830283844796200944835152177986074274533858702921183567593601550192116561719645373310543400444618511171256562911237112148551570548107943920885229809216539
-1.2875251532502626327892730566065861813405349383522022296467548312156300323931749490225052677214948625805428755934430946900829489756221059686276313273207053041743566933233803251710971783189895716446342 -5.9924779658229353203466972849577856652232415353659413861565955126344320227413579490449109599168686823945579326029619207593791483747465867580800668029704527241605712584048455790895040103401425588362877
1.2875251532502626327892730566065861813405349383522022296467548312156300323931749490225052677214948625805428755934430946900829489364396604964764614848334250786999560421433357438552841016580367511227704 -5.9924779658229353203466972849577856652232415353659413861565955126344320227413579490449109599168686823945579326029619207593791485549286371149420846473583237906554884026007393783312101296846422430010891
-1.3065195302371558631482968514514223251801538236388593599686382140682224237859115895971956463343868959190237041208152478756139855845469427468315621458734742468808657694691220917072279584818110851009836 -5.7387901986236091489131296208014717926326508411190990064008419223012909743600680474848973457067901274987234074473557757057628260716964074374570909724073123562294455531210254073417907118944391201798264
1.3065195302371558631482968514514223251801538236388593599686382140682224237859115895971956463343868959190237041208152478756139855810952479543699377913032406406214718222602115181371026047684360603167505 -5.7387901986236091489131296208014717926326508411190990064008419223012909743600680474848973457067901274987234074473557757057628260749435175600722257348400669426801307398913637893673396728381650726925258
-1.1429026133268157134064418780794606994711492131797477835007536407147586281817492363053384842502682884610343983755770950777357394355680769457156030909632777040902609041952055168933375109196642473000245e-125 -5.8678842691735926136069558605441063744076234995544705556686623883176244633359243552829922943287434470922231848136976194399000109263107344674606726052131184581877014608162254990831249726482722631350002
-1.3265686153071447879427413203335229925111808080881682268049779941491866976531349334398508294404373434628976768269487542674612288999745025234479651489684945156392615657158749384002618815209081204959302 -5.4852478332066451264242001715915062944284241200622848426905755455732391855602252066150953369159032901193000982619300099896522805224361109311211201484577663199971652185035714774891979491037399918266409
1.3265686153071447879427413203335229925111808080881682268049779941491866976531349334398508294404373434628976768269487542674612288998665978035841433373626522521735281085621799925923438682275733862889548 -5.4852478332066451264242001715915062944284241200622848426905755455732391855602252066150953369159032901193000982619300099896522805224465796343416003926451907835806673496695670711809835208548672478386455
-1.3477634779129581541519361009425305646579155196895165327459172935824557105614205522957664176363981647703648598298615664936247574776268813126409001176675132002171463998842662955148372691993636534780845 -5.2319010606662048703655813788214349494282191488036726058302266450827142991293912322557667629081329620527176863101694454212893155667523749912590985622889725740872580662915348705798507969862144071411453
1.3477634779129581541519361009425305646579155196895165327459172935824557105614205522957664176363981647703648598298615664936247574776250905872363145338770498623534347558934642897621854462979352081255462 -5.2319010606662048703655813788214349494282191488036726058302266450827142991293912322557667629081329620527176863101694454212893155667511218630883654030660109446073389987722050728971271543123736934366288
-1.3702044724739708778963329491215039729237261863575360369047740431619641839897682866804377470531795929874362992962340877739243506218877106831016750604448645716129298503543444143173369112426111958503823 -4.9788114485498564165349314960117639033535067816039714939238401746337272644936143065830497469870887398808083430613202196446968440579657798455733117598305573953012999895644233321593430259877295117004097
2.4854147456298241158149654477145925588786997939728503859174728821394125414038712282137831762759573068119603119422798534553563918589213316169562354228332784526417774616320543494530958872663893904793712e-128 -5.3811329588940466698513791077193603220574534575567250953934543302016842072288587293474545154007378721389827664747272579847430311389578551859102486195623131228140152121896534543278717856326961043314926
1.3702044724739708778963329491215039729237261863575360369047740431619641839897682866804377470531795929874362992962340877739243506218877026077782806288868562316776682559280307750522437304590924844372692 -4.9788114485498564165349314960117639033535067816039714939238401746337272644936143065830497469870887398808083430613202196446968440579657421105996559812452208082675237413291861591053677815798813870042105
-1.3940020238719250245350590211610714570839264108207948010885377091817072448704824005397795835378315824441893409141968429893288966022795324007513846124222780712644753448702091683112519688042576906194205 -4.7260545960812673608954336569350415497490344191794312535319248498545219808761685041651449585142439112560340708501733882327119577590603305408829020146401158137954686002883652291310657133291037154655338
1.3940020238719250245350590211610714570839264108207948010885377091817072448704824005397795835378315824441893409141968429893288966022795327243703164407474980438572190735373935790200465994655849522569095 -4.7260545960812673608954336569350415497490344191794312535319248498545219808761685041651449585142439112560340708501733882327119577590603300419861419469147055658571222642344811206493121111206016218078344
-6.3723445699231492762675540902222639470697113443937468235004328177540188387530933131123009039533510588633671824217099029101935758477849565852204443481589959380407983132833131285852583786481515291391127e-131 -4.9475797999520794963645836122385287155131204980901894314598602852887370013648775872412567919563433353168044551137505991468996578847022618456691571981829010551719830131331760770465797784097635253189918
-1.4192774184535211038905730782746846124071819556247329640913223488671748428146451216552436489085362594306182465501262195407006975032457636107155445768009581571372645460309794020844917081535593011234553 -4.4737233873077743281245104101763134710182477355950844028071334229070710522001700746528889183642999604780522098286184905046897479635976088199688567654414727704837052266935198996900081546780126461221568
1.4192774184535211038905730782746846124071819556247329640913223488671748428146451216552436489085362594306182465501262195407006975032457636185781474638475256239066782407325055749165848023888053120228017 -4.4737233873077743281245104101763134710182477355950844028071334229070710522001700746528889183642999604780522098286184905046897479635976088185864215679324421129548968552787886684683795778021507630017536
-1.4461634972603171821280342570549159783577531462006409673404710688148186094174972134814444587325922087253553211682015814758124835056167787036933779898036377917115443733986247205380511739792814848365419 -4.2219320945065516593749470545041724789695082440549421607785107113792653903845426302741427553610920022039681142011663034106244911850889487586809001340834402380431857707095974609468695998989063774607675
1.7838267688107632928536048582004819488685498060751470908267853400554791744548901902023512845747055530921503974860832649235247018093693010510390684237138778425694340575449521586836980759230777412263467e-133 -4.5563771203893150476586712113796509467897247073038211689821947392841462454771655100838928869527501410581298071177260239172557560120249897809965112262407319337023233903856316069563170377171562980552082
1.4461634972603171821280342570549159783577531462006409673404710688148186094174972134814444587325922087253553211682015814758124835056167787037654810942743668060719383495737955177061854284681543957082496 -4.221932094506551659374947054504172478969508244054942160778510711379265390384542630274142755361092002203968114201166303410624491185088948758739785641339309947532749570645425861227874114804019027083857
-1.4748051542192454595993765552359584208823297296381262844931755839353046752359442966224401415469196131738364978536912922131711440450087097929214266526530080801596718359560514027583464876350862270962046 -3.9708215755055825919007049832113185951092161159051670557708661414067446857530299927886100234335711232047151628194556197400091987562600443540235595384219181582390792336367687756021968340998021672106208
-1.5053594460800194555955721335540420444125916755724890313184670762417808884680721946341690925205466012913304439326675034422039959084989638582539489533866367239947454112532023655098122455244314270461288 -3.7205659309737716065269530514768204350803904898042223593632944875635948848456844727344500133453472897586095834378916845990922389295413211472616547861961671326843542757272348864454486541969749377542716
1.4748051542192454595993765552359584208823297296381262844931755839353046752359442966224401415469196131738364978536912922131711440450087097929214113655190622881812786450232520255723112998020190143697073 -3.9708215755055825919007049832113185951092161159051670557708661414067446857530299927886100234335711232047151628194556197400091987562600443540244957250356511662144723062665165296849118156820853258372856
-3.4963065553158638548689810638579885508925754905714727827373733989583901188844955317989344472765639821574694565781070986648138167981446963487620268488604491929749550688415374215037035409580443233056524e-136 -4.1997646446988113318718750001086465327996285697749558158715381702336309285325560241431179452066132089755589071208147296216872611889849443559529288733603920228391634465400609443587725406489970829518971
-1.5379949666935448816269753576066171692318637449797825376334210752340727026494453052444747673026921801916191622496767435008417402564302097232962728677327617715520211361929699172348096875281304810610677 -3.4713811247712253151687229261592292044961953045253565691299646765056082947051744166239009179472474629987657097593973092551732917421687725638078281476063602739698458302716166629159557199381759898304129
1.5053594460800194555955721335540420444125916755724890313184670762417808884680721946341690925205466012913304439326675034422039959084989638582539423489718615798672743760863181118250653489297978034806123 -3.7205659309737716065269530514768204350803904898042223593632944875635948848456844727344500133453472897586095834378916845990922389295413211472616593312313637493478620946701403562297929623529012650582906
-2.6546602136398817335563813237240965223618819003007770482531139226177267501070021520240690259406951942514425533245549801088453801750534787760305671343458193754433464571854608414492692420322734852320234e-138 -3.8719345526267098708129104372385990914620679518594576032781020989022459359766915524822820672678339025239200933507018146142187584398164676319992238442844699631994957866181768322420504119966418082425249
-1.5728898416813798444455546988378219692207116425683314652881096443958452967039450917911249806547808057866847671660712370543221610181571210431802608679895677911208004980562821443226927236833863928436502 -3.2235362458393482980156033897938347222686373218907239699466769185674087107505714654217651597343401567538783072415103909696361649656984523148804412961598970976987405087658693964850908778907018820207075
1.5379949666935448816269753576066171692318637449797825376334210752340727026494453052444747673026921801916191622496767435008417402564302097232962728148897262251497253401176550184399851568891404353916173 -3.471381124771225315168722926159229204496195304525356569129964676505608294705174416623900917947247462998765709759397309255173291742168772563807828125190746097452468644850045977373326756876704691402498
-1.61022715925702141547001829476136427219477142140136987063185838925801904576278498708056164070920381031580412792877403656516661120181962927569164828180534641844613043258571694538323911098482035763034 -2.977368255765921127061800039767445701367873566145461853671674921074645581123234673636835337781939276599142868270590087343971223182107923676120390347168274976702131075874173595877861874468059016172191
6.99701896178413403874094040552925628884369380850673348787461162377671660843030267571522107001558365106848849753837066039896383356882692318503268862981338448546322518137623657535949546181859244503268e-140 -3.5683753096558331508991471444114095392871195971644768137357670513161284398181591646873681470342342093712470642538484811646684719060842651407938930870954607880562684973632031566461063507592396737662477
1.5728898416813798444455546988378219692207116425683314652881096443958452967039450917911249806547808057866847671660712370543221610181571210431802608679508501801784183208769289302491987345517707315241257 -3.2235362458393482980156033897938347222686373218907239699466769185674087107505714654217651597343401567538783072415103909696361649656984523148804412958253845034247944039066549567271018253145359366847073
-1.6501857140708922886702828399024435302953685581535530095590459515195215593980913748600252449206115898075151778281332559755850529261163479904871971509350703794256237435775347397756016573033165635375133 -2.7333010843091745284645801035126143981008217021760508325340995787883537377437341267438055423028520202582531386571265067731832186365811090170791738560738289350255553905950894920475651383932029105471723
1.6102271592570214154700182947613642721947714214013698706318583892580190457627849870805616407092038103158041279287740365651666112018196292756916482818066671102136403396203602427528977176682303657331111 -2.9773682557659211270618000397674457013678735661454618536716749210746455811232346736368353377819392765991428682705900873439712231821079236761203903471673968770696865479132304230332810936223841741873902
-1.2210884641025635878296529469675467852816771165767660261971909378706310499427291554946272458616088822329931255996327439828076300142050993638631665237572069249774375717999061821040282585589828090028179e-141 -3.2854657438632877888534743458328854829837242544583989385970979586336014338461853629497783199428789613070680123411712520169297941478883598695209708327717581917788990505054174145579877607720809325496098
-1.6929224408164246438301353159981596920678449784188379966749857873060693195382359036823050509073762027280423924294446674040287096681257819145501510337602994941971073975340613706750722257839387414121265 -2.4918694666227404569572741229037761100742732106189529488686137996068482071648382564751645730019404711425717779579677801097213010094465887582665265973305851726069540181431909532852650705946252305186721
1.6501857140708922886702828399024435302953685581535530095590459515195215593980913748600252449206115898075151778281332559755850529261163479904871971509350753911946188774745273849086042204252958081343727 -2.7333010843091745284645801035126143981008217021760508325340995787883537377437341267438055423028520202582531386571265067731832186365811090170791738560738320044834624367723934678691803440113111958341633
-1.7385408448982498580343489243574216217322040382013106053060647024896792219068435169472621828270090343020082283529608027266679050035546348529637014214523159035388733406087758855256544381379223340375855 -2.2537462693612560291786932416170215379656583026214411333079855529623848044175938054613448714766044315952547288207493431599251634720044717753085173444327516395756134512397072053104980492701819351267308
2.0795201278994719094006389226344316483813437660394723348326338836322331030756197343826106653733732753277188896882502353056543816841083486007873151471220958863277151315573820554207041417125393101137784e-143 -3.0202083717938996061326698768166830459091003765729223529208803036050078324234299304487415638761743019333191111955878309580249976425544657063733853315217452317025989573382675966208339134556193850610108
-1.7870376872127565158001394049200917146592470473914698216214651616327331616675578210556274405208885155731926461181139647161577552144657084080961119982666396241745195241203943951130305070077457393738211 -2.0197680894133571660628288158231754966345132215434699865276206392887344944672919664880424752512907460550853821229264529617244246776288629482722362892610330730394151884811638636129945978432679076507049
1.6929224408164246438301353159981596920678449784188379966749857873060693195382359036823050509073762027280423924294446674040287096681257819145501510337602994918060275850125711578064361952514177569108396 -2.4918694666227404569572741229037761100742732106189529488686137996068482071648382564751645730019404711425717779579677801097213010094465887582665265973305851892239732866640442693711716232184655714827832
-3.7156808947261160847174691553184642558544596059107690073969815902246765187131390374551495083504981913744238163910586180379286775202565703570569384048632436175832722244166927536802562001115321149250438e-145 -2.7700431473325584382614726702022587625943167542905376919716239497050229281598693380975415069618844526856014957505520926546443074107358591112528932337804778359319710665614821864240851028291876509049499
-1.8382201944138939797886831200404214601011087433695016022830257761279121287983291693161140554981946934557190927636890079366246450250967602240406089053967551090932344440466940712732836132307931676969976 -1.7909463901646123333979803592732156827174837074901589472714340785351046913365889553815760369178345426096922844463854604441833468501541875812729264611830051438318400115761139737664498412616165196408156
1.7385408448982498580343489243574216217322040382013106053060647024896792219068435169472621828270090343020082283529608027266679050035546348529637014214523159035038048141209659042137657580054654776840118 -2.2537462693612560291786932416170215379656583026214411333079855529623848044175938054613448714766044315952547288207493431599251634720044717753085173444327516395844203179241246308705738224965719870465624
-1.8915925919195446255880342028320994344859485249280927127873015860406177190213528924209264958022651151626892969028082183021033093356274483250643182073716348418036233917125994068167445328289361064368721 -1.5684407000090937118080696600539418250922811513057035804133907851787067819533520345586167254970484141607630198206389623638888741515841487021979007978456936229563802103259085178030151436017004350795323
7.1088748892298879852181513242026750045282967627934508619890004623181678017407707858589955937974387138434796238637060995739876501208833889645693402483143532294425688343209468885768001158188463770263163e-147 -2.5327074995602938169307444437013467960884667602169491549249049189626992785936727742384134570442287470400638574468861043155059566780083022884570953336492743522796679723034482790137765713207818216341476
-1.9462296840893381035266322939258258994665715460503335050974332449653744183002618601082049622781517915605957395402478258734871470190336175530089759201898809240249271762941214130477506662440507114181311 -1.3534621885760155041816870564157589647247705368737558070297815659610152376839392113178710423619150172571344039325578105525575298537633906231891362815481781214465994489404634015467089811285610900347256
1.7870376872127565158001394049200917146592470473914698216214651616327331616675578210556274405208885155731926461181139647161577552144657084080961119982666396241744858205447225630718298355583100673356553 -2.0197680894133571660628288158231754966345132215434699865276206392887344944672919664880424752512907460550853821229264529617244246776288629482722362892610330730393689221749227817460623534064317707934109
-2.0006867170658797472868992950082647065343864508172036382334032280558301439465960387473549501783913318310823353729451801242325083852383274536039995999842152950527969068831280154583893359823511413357235 -1.1470850881047002350415911230537740484444045405427268603744821581155055921687017226065099019923526240310336024371584015667707073145990898426845696429722311567658568419100197799581958359689043239538197
-1.4628242292016875359391850265325905073628281367813180072985551724920889229581521901612115719617563051574229325068880956333905377983306627132198800239385045093683428601117883145476594502070753004508759e-148 -2.3061201967711515132256933202094670711916225832046689306801737748777019763085759806993260666689472576376603361098596056156787289759105981172908401907622560773013365180942679328647145253620281933688357
-2.0530194098255166465248737532112980349398539563198035871543255435729604268789159138736163060454692281151504918900258664631076535871009568840399294648244627835533061954320982431328551668525437398427225 -0.94998661013969128261808653088288968178216682705636246030065021855460418546168864512851023581344399076380289179286622440988418574346129073925397244097575481764747760929644029908210921542336455569005181
1.838220194413893979788683120040421460101108743369501602283025776127912128798329169316114055498194693455719092763689007936624645025096760224040608905396755109093234477654128986707280877791109766939956 -1.790946390164612333397980359273215682717483707490158947271434078535104691336588955381576036917834542609692284446385460444183346850154187581272926461183005143831839956362382410495788879292737874677454
-2.1009655895689688559489797334338798474468130416148121388451713028462396427623038138743610332659445169880794354638241133345552960858035741847148653660241844900079074583137071481573863138215690143048908 -0.76220282165586358806789655938822370073387678182242871626697310316884616644152853002227059974514541101495972233801375253239670719664454617657708495464428559746431893644043882717903481295454893827982841
3.2318487747880307728714748871225084733495031133257129336081543889862188312693697079331320552598482498708489533065483175816082074440264615752950020009400252165225594535593005617043089268500919958362528e-150 -2.0882708042217769273090194827244630797981459560710964008844087474627138249653833734786600416511353242189974001929731955644471073611029285393572210872257792457590538952602927078816325019493060957009573
-2.142253287802119338079730905849355747444327842948848947150350442780345140391332954193956303314537853751589229256411708616991578277311116519162478031621568958395464714014332853270072255550620570754884 -0.58301863508100851333810034322289709820833355165809175468658141235414301009002530079749287128442405316746542597924201966549832538542148481986774599790200401399838598118215815481171085449829074129354466
-2.174911324708511448272253705101528791970070153390109707625096948155258304131764053131129834480846946623084382137093345079637616451089783409406857148750058153717921444494947297169357773027031218080035 -0.41104765761931442954809993060300242120155819482343556654898866497160557662495108290311660622390866639249402368633692462737517609732434021229712509404427942214645989760395849463088622630810770019211605
-2.1974608591238538203814372187367447038330734393126557763103490884654882724547560466407886230153432741820277216267424080701802632906092813482736541776104844515623633891802474670533997125341941934540025 -0.24444220978139196792955926473062670104280021081618561288520693916126282752108656769236224802567851505256869204699653569847799372592719759936088096918358386500186647482535846100701106599242105804114688
-2.2089596113814892762448482211130641567493387080178814086678159497343386896841312817964029254836966678771245453972694643302806967166445684042089644981679245245404866570726382934228941925773452009269003 -0.081114380221725987359004991772254042320744577721850022076633686761172459508931702379860713703995951915361636905281249966527303842460537226310344859057227839994288434612732142765573169454215491275799963
1.8915925919195446255880342028320994344859485249280927127873015860406177190213528924209264958022651151626892969028082183021033093356274483250643182073716348418036233917625215298673352153000971985010068 -1.5684407000090937118080696600539418250922811513057035804133907851787067819533520345586167254970484141607630198206389623638888741515841487021979007978456936229563802103318186808135067196344890733223849
-7.6304248719226389792990497275915882590618270975924016052465810117511285714064279792930799869082986083253188936038536501554040313254480884531500727613536096117940896186941754381027292452976663962888881e-152 -1.8770945151040420148761586952911329633730689843507814674138715014716530065583224732415599931662719540945183645258173327640361132700688593539753703686211357447146057989893780156787363505607145192198732
1.9462296840893381035266322939258258994665715460503335050974332449653744183002618601082049622781517915605957395402478258734871470190336175530089759201898809240249271762941310472792865948670941848030461 -1.3534621885760155041816870564157589647247705368737558070297815659610152376839392113178710423619150172571344039325578105525575298537633906231891362815481781214465994489404874385312914622301736746209325
1.9129708684695187304244341575317898533169170923989899416762757163828864442797109059112999664321204865951308430533046418075477547562842851582214188745962839576307633289682398040810176060131933266655951e-153 -1.6703011511049408379799691064341669443130846940126401346846218522445964501794954492704098056908293019764282372852543976687837852711413777483674721351725448461574077034380596912769393504841809380979009
2.0006867170658797472868992950082647065343864508172036382334032280558301439465960387473549501783913318310823353729451801242325083852383274536039995999842152950527969068831280108697316641576836439344253 -1.1470850881047002350415911230537740484444045405427268603744821581155055921687017226065099019923526240310336024371584015667707073145990898426845696429722311567658568419100197871067855876465739855755875
-5.0524482303060243879567204989358248160520963301197027705669804164913658587911264610256175932181799196024555930841459721376544855249812814091594904539721799287582148966001905707083405948174696616460562e-155 -1.4650962031447126478534300684389806055268125644428401649488650931456045319684725723825174889304301423830816426019778868935002718206046957201469757069226462369502828693044198217556367212013327284456151
2.0530194098255166465248737532112980349398539563198035871543255435729604268789159138736163060454692281151504918900258664631076535871009568840399294648244627835533061954320982431311911965891199677745399 -0.94998661013969128261808653088288968178216682705636246030065021855460418546168864512851023581344399076380289179286622440988418574346129073925397244097575481764747760929644029908251282164385439330878249
2.1009655895689688559489797334338798474468130416148121388451713028462396427623038138743610332659445169880794354638241133345552960858035741847148653660241844900079074583137071481573861141655998707424677 -0.76220282165586358806789655938822370073387678182242871626697310316884616644152853002227059974514541101495972233801375253239670719664454617657708495464428559746431893644043882717903476011916932891236496
1.3918523926809530176458686619814522071039266155049349144522873296825858340539972499641518698342701800486128695888595501388723600516656478721961065699836457026934314959950054784740182241522852745522686e-156 -1.2576439143568927590797210173572603037252917166629520416202922115888547336176110678761317978689898073871974780647282434017798911435818935175734457683870985825549051183409238389880605746728205668887683
2.1422532878021193380797309058493557474443278429488489471503504427803451403913329541939563033145378537515892292564117086169915782773111165191624780316215689583954647140143328532700722555372301719751183 -0.58301863508100851333810034322289709820833355165809175468658141235414301009002530079749287128442405316746542597924201966549832538542148481986774599790200401399838598118215815481171085449293760788621351
2.1749113247085114482722537051015287919700701533901097076250969481552583041317640531311298344808469466230843821370933450796376164510897834094068571487500581537179214444949472971693577730270306279235659 -0.41104765761931442954809993060300242120155819482343556654898866497160557662495108290311660622390866639249402368633692462737517609732434021229712509404427942214645989760395849463088622630810768086238312
-3.9427963977011551917425772656063027577659328036912362786511356856405629134457835108653621027753309455301063135436668068946224923674395257892204788657031965405320585024912183656560597859648615194381265e-158 -1.0418326867413228817593177072320692939591642298679737452342036859903040282558934503321020718141653202656376831424674385429635612364063272046957531930710120207035917565065472678966604469702464063339988
2.1974608591238538203814372187367447038330734393126557763103490884654882724547560466407886230153432741820277216267424080701802632906092813482736541776104844515623633891802474670533997125341941934473026 -0.2444422097813919679295592647306267010428002108161856128852069391612628275210865676923622480256785150525686920469965356984779937259271975993608809691835838650018664748253584610070110659924210580553115
2.208959611381489276244848221113064156749338708017881408667815949734338689684131281796402925483696667877124545397269464330280696716644568404208964498167924524540486657072638293422894192577345200926803 -0.081114380221725987359004991772254042320744577721850022076633686761172459508931702379860713703995951915361636905281249966527303842460537226310344859057227839994288434612732142765573169454215491275710576
1.1187308687403476605327165889470903176977343376227264774747021192094425557306783691341870256813716607633501391880017348089181336385004497155294275671153673619770090607954538523722474580986887454932283e-159 -0.8056583578329972428085712843082208757383677626322699386503643891327266795119693188374323244054800270938368557863222371467932085348752113130966114823939663001405226135072490310025262986821325786203304
-2.9117617881472287744333988089146363400656689355403541572802789467886028792752742853108467045654273626738856745422861021470746299629464131450707420964155789874213060578775315189609447962302042546089983e-161 -0.51464185495291377748140960939240242331309098672894413192281932463082935409106710330433930015575898797262108886616088664279284035900041063704839136877923904184105594927959356991121103798855872424550461
0.27553745997913541417903099852443257576943587627765670454401790289980413826543440729846176629791225262433849535563027695284129407875068947353397663795723987180463753313728983196274346515158383266097664 -0.0083687215606902562367079538653716267848610600840569258362341666303848323450725108207898290698341198148331089131501243246341431663675513629303794455952126049937450594529598757418918988867537447794866894
-0.2755374599791354141790309985244325757694358762776567045440179028998041382654344072984617662979122526243384953556302769528412940787506894735339766379572398718046359038908868010783818145400885592176525 -0.0083687215606902562367079538653716267848610600840569258362341666303848323450725108207898290698341198148331089131501243246341431663675513629303794455952126049937463211524157739764884681524419433365672945
0.60574998636013880665730497679413587252333989969589928282217589185076772658270576716491887353923937516341025152068575332576798993808968480305222886000240972330736223417482260997589931765044331744870535 -0.0069708129333470562082271865953106034776403673879674863999248812047130005668410739138296576947213818975188466593520236424877646711507548863091092091307879532030915013559826882723721609922258041501976116
-0.60574998636013880665730497679413587252333989969589928282217589185076772658270576716491887353923937516341025152068575332576798993808968480305222886000240972330736228998961154916895808417893178244006381 -0.0069708129333470562082271865953106034776403673879674863999248812047130005668410739138296576947213818975188466593520236424877646711507548863091092091307879532030914509010163671982298210439543396013130797
0.7892651601692733213653111613070420194347468712653805909235538208890682552460574060066727646492651894339618914418183731128749017913278207260650878382121288140736438537195301719594603104888167621996906 -0.0057947474525384101005216902083781720837707735890445280858910441190403959360721664237285362688080757795360567499981921237882211766147746421812683811087562259613829728478978002172581752812215239795221963
-0.78926516016927332136531116130704201943474687126538059092355382088906825524605740600667276464926518943396189144181837311287490179132782072606508783821212881407364385177894981907034286707121719411467486 -0.0057947474525384101005216902083781720837707735890445280858910441190403959360721664237285362688080757795360567499981921237882211766147746421812683811087562259613829750724288241611354876844466550123953128
0.92083564065263210107805615658300580351516956459341822390237705767186285456261695159849895371780438625063314806459094060654623994696906847840563042516141204892151849121701992286727214215475744234709602 -0.0048057189533349779642861206185293914808697828506698766634360231677697289219912773159206001882582759462362111269850842660131328896004069916722883857095422279013276291086661549496408061991761300512591804
-0.92083564065263210107805615658300580351516956459341822390237705767186285456261695159849895371780438625063314806459094060654623994696906847840563042516141204892151849128492664369293275789420729940948539 -0.004805718953334977964286120618529391480869782850669876663436023167769728921991277315920600188258275946236211126985084266013132889600406991672288385709542227901327629013960424670536168272929469647303529
1.0224773678604936613854258164216150669246242180962208968401101360755435994013574242961181882045525944492088952745200580740580568618065787390503023215399492561999663492526584719197068079901774041611625 -0.0039745443428001000697888796133393550194963719623517370992818193460592856434188291808472686496283785312566562798457398188423276925973510317194899708794121781606036861805064382953541951622698130844030578
-1.0224773678604936613854258164216150669246242180962208968401101360755435994013574242961181882045525944492088952745200580740580568618065787390503023215399492561999663492502899712084298028751874229104039 -0.0039745443428001000697888796133393550194963719623517370992818193460592856434188291808472686496283785312566562798457398188423276925973510317194899708794121781606036861843995563670695601727197502807015396
1.1039147654029513086925438216126589008469911713738691208050999418088372790767441397981441128354428728438006174324003325450215643931889685738330869068904552491797719523919453712340143127842858770541904 -0.0032767008470429685632133222431511010048976633303292930751141074111708705308718174829197707418057700253284114669608746382775609492865203399507267039506289198302028417757566556110653814454086228818766551
-1.1039147654029513086925438216126589008469911713738691208050999418088372790767441397981441128354428728438006174324003325450215643931889685738330869068904552491797719523920267236478141965053856705987687 -0.003276700847042968563213322243151101004897663330329293075114107411170870530871817482919770741805770025328411466960874638277560949286520339950726703950628919830202841775603364225776562286082922972806231
1.1705593644795154100682847558908330960720579068744295775160422011884882987500582038973656207169075652799366395376489437389692503351984886969531735231259863857302689854661914796668781854114257714962682 -0.00269154039364871667579965988273853515155163773886914824680682626804555813681789920242465491005681085203618636467987447932689851896759219408396109816338280246212355797881124900511674519269954447788834
-1.9511661487128779656449061786336790065075304648606977886796822003096521704340441150996667794563611009841696675238391011033465048530956823320969787419036346434329781245742063023971747081091798825735667e-161 0.4945816787653845007162551702232943760113431192980612944337293924435235062054209956016596116274530927813956076780877018222139556382325854505263612867565106567819865654188934643563403306518882837792716
-1.1705593644795154100682847558908330960720579068744295775160422011884882987500582038973656207169075652799366395376489437389692503351984886969531735231259863857302689854661887726627425608361536204280343 -0.0026915403936487166757996598827385351515516377388691482468068262680455581368178992024246549100568108520361863646798744793268985189675921940839610981633828024621235579788169223055416438358996596100327749
1.2258303723641831626325183874832578819491953250389829119304843839816420336719563709627741456817512016049708183188880404374567594281983603865310316141677195697642041925326419995977403547055054269622792 -0.0022016457358682970778291211691689471602548704215760767687985907553614177497413925698079546774961405231951062518543997970332657876786050873223509455131620212572426187204966344759251727680243200282388507
-1.2258303723641831626325183874832578819491953250389829119304843839816420336719563709627741456817512016049708183188880404374567594281983603865310316141677195697642041925326420847061240615042252091501977 -0.0022016457358682970778291211691689471602548704215760767687985907553614177497413925698079546774961405231951062518543997970332657876786050873223509455131620212572426187204964442512370801345108088899860017
1.2720703574254666297380316604638204826872713649451955598736076815291457350043620274473095933592113328147042639635440452856335548244864387361617057786805373997786033575600185751771852464272492916682732 -0.0017923006681954046971158257321348584501756457393599227672066136130870427056583842366534102155396456797469000120925547351373779731046638635397013819271364866115434966047403751124557298382143888161159762
-1.2720703574254666297380316604638204826872713649451955598736076815291457350043620274473095933592113328147042639635440452856335548244864387361617057786805373997786033575600185727600243364714345305658445 -0.0017923006681954046971158257321348584501756457393599227672066136130870427056583842366534102155396456797469000120925547351373779731046638635397013819271364866115434966047403804324263961064446249883287823
3.7578817505547601713220303048214384707965017289938729971996103469106185387079388990159101583940837476590556654581795667957913979962736552004958587598694987910772419686900139676241009443460470651594272e-160 0.78164875090877898755394314642195166385527678473340366130144136575859168332280094207365268031540182329044376189604143220856998651655854768978892122837296639522565342261565550000555749106457116972491621
1.3109768240030980289952499396437877862444414436041551192086064083581589552500553395697065340333908793755411458768584229055268586364093503507391855277819757863271939906086058844557827036969253849962903 -0.0014510525802491724532692350727280800233861920895559071319190412189172453146732938742386116399925830872520254463372161085523764036400428032066104400981149868298729497703153488278154033022313581030200712
-1.3109768240030980289952499396437877862444414436041551192086064083581589552500553395697065340333908793755411458768584229055268586364093503507391855277819757863271939906086058845115849835273834272442738 -0.001451052580249172453269235072728080023386192089555907131919041218917245314673293874238611639992583087252025446337216108552376403640042803206610440098114986829872949770315348735702918172160465924698661
1.3438313579455126470391494329803349659285114246041360243425346997453694265101929230639805568190320306877728964348825255624576626252796181968103806810369936679054020749354999148972876263364547584849772 -0.0011673501173514454939875590155683068971285186648279009849755842614504723918060734940249988517462668233125654187645982945398983873816169344758180258895598572776317978282001284672902430237480539412991671
-1.3438313579455126470391494329803349659285114246041360243425346997453694265101929230639805568190320306877728964348825255624576626252796181968103806810369936679054020749354999148966329304383782339323257 -0.001167350117351445493987559015568306897128518664827900984975584261450472391806073494024998851746266823312565418764598294539898387381616934475818025889559857277631797828200128465586523685286421645707971
-8.1780151492969785947485234854996115614533586741706752527083329140821980314907925962627528682441018343996120793521710104370761667846764050889031181189755247392526021594732878396178773632005465150170729e-159 1.0131269626661921098126605981000560397030471861483964294082300542523712844228340326933235889123288172244125276773024095660297119584081228640945118696814188527957919896087348451037488230846374470355133
1.371632282437270220298125339622414911349899598341851018063409080926814916582668332955869778285565556702349934426988325987674428839013413103507086287035354568844767144133531406915604988392913541824975 -0.00093224220553316319081536056737216129243252999048112943016182067417285107141902896621767304130234341024805345629683315644404447825495177173895027817329994514664522591428427708364449204451001944155277509
-1.3716322824372702202981253396224149113498995983418510180634090809268149165826683329558697782855655567023499344269883259876744288390134131035070862870353545688447671441335314069155780983950474845850704 -0.00093224220553316319081536056737216129243252999048112943016182067417285107141902896621767304130234341024805345629683315644404447825495177173895027817329994514664522591428427708390649333087619892369720659
1.8988878538901384487539994795615768125745952205450133287219107468397731106840585370808533747859868745431610642014838684492818915025643154500819494460677520645979637260120329187174201658005940768763677e-157 1.2233506120060371391257814467343623756299214023361526980292716129832674783160643415665347410912672993275746065747576529634693579586231486417198860863882374643616939002889648019293721484621051451703597
1.3951767318785732637983534457851049387762124175692398291794270998900273148072529887350859187377841674375965177744215778922502822982778711972068204071094602156068247376078898321280253543732669531717171 -0.00073812741103912188492635487703797065803097778018543710133703270623860512959618834116635529068717231555677681842732202496313031945632064539045100430205183912814436972137748789969105461876814850434431375
-1.3951767318785732637983534457851049387762124175692398291794270998900273148072529887350859187377841674375965177744215778922502822982778711972068204071094602156068247376078898321280277802428286670835972 -0.00073812741103912188492635487703797065803097778018543710133703270623860512959618834116635529068717231555677681842732202496313031945632064539045100430205183912814436972137748789967582647492618977125363403
-4.6326387411044154724573893205649622130310306854978223481028368910752223738408629660786380276611368843106456519083405337174440697535852245925556803959091260324797443637821783188304028272830506032264469e-156 1.42414852349145626320103709354480355840180184150582382950336518527073573241387796108350133542103159703310239692037357453854449169045395488585309351386523258761682708690215482351922523465843314816553
-1.4151142586474784478381487275623236504279299464638160317224388534508946092793234590444634293543836976320964024482017069403374835600516356387234294460981985440118297360136136486138745379635008260201032 -0.00057854473530421038629964787626746714894147946966537094005714033963895697240972343204400867704214338421753306034470639345371358071714720290247830529772302751179996127198011107106828034629299825227206036
1.1783074165532250238160534980571279248814309212760917919983663606805823678490637041212617075004184955253883589856099567303522522260344410867895277631982278780678241442732889526449549380885864568862099e-154 1.6214190499404740521938655566015320188659145282511374474429171813118128453164654526042661532087599906900802251126180373512026975717254300159000361887930763792692780255261252150423194525125131802251976
-3.1018837177403961382873158034500874742743275838177055604458046209993291963018258530351657080228543437330991526844544530222105072237946521100396989895938540050460105470373846766316004161190235682557049e-153 1.8187373821615979838044117468461680524928864794458307051825981298424248640641736998849609182648248616121522878864198897059553464320347947052285854839421041938369101690081918278142793240302306964168644
-1.4319836005846244724068100182867749440891980803652970038074762204699630891517664607200695616028745640604660561383036327305108493918897753874719094024760792024404770506544018124244424885759736717841064 -0.00044799866398047502502613950126480085375554627575760782204830623422882804905714124770098143557155552255542072940214252134214904025988678789555779343419131059113588630366024989009280879427010082334137013
8.359466915823604567011574941747802265973025140486251612500408042188293684579001616363999266592493046010842637847036567869089076128092428470573157318987967195732343696984823793036706032050062454372538e-152 2.0185779652498401784490284253406293621842639950385793275725002288668768923654824627621290142037743702324781473526792117264625535719577221597715211456290427691657578795141451091210925170254990846503215
-2.2581181366079627089973702846740973412504057467714317340399910118359510359367046849084783781814589599660436776802718606088815241341189186891638701837768811678056864831457221431600073062186407770529701e-150 2.2228355034425316841951557513906816459765494757478153028885966494535294243230304577075118406374985801983469631337727209634897648323514968114863117969550415714927944980455413542396797507600858120189877
-1.4462393174368016304205475081493524230045093807277646954749393515577018579418070474018237102387643985944016208162571237897435359873612201049662057445164188442533949461873814905584770516153377299017494 -0.00034181280653700156264025467143369448869751540539921480249358083961841082340524007663897598397478012369166063525644297452487799802417118556744294096210530318758560323285231582552619057820134278795857298
5.8177093401607707598592765264725957326339234565010725455648812816584620447204601998007106364960745959586228711111096025243621537824553130698920043162229561557355305730734806814284944698680579992881092e-149 2.4330828900658799649084442752568727814041511494901001110103486561861434667104718390418153055320694833377880773860797124427468450685158868234064333255456114886861757943978742403617784845725200380818509
-1.2144050276838682066079299990138206591750489369989322591821609239485871468966810593307397958330980281041711757155647103404526915275100471418218329593756346214936307229574064099220020188267014270497308e-147 2.6507140598569298042378150769791571624205740034928551016816892629375301979592342265532247051821623200277495524672080529581498171314328430183249991282883426437507084213462530840487032887960032669684199
-1.458272864006716640991535450491940615402918672875774543483110701653542034205388552699787348422255263254975601628308230040458847435880871660341597619280482791121490041361987899494739680192891264803194 -0.00025600833832631403340929052662681035989735536543837807585936680260420576923892248461411636514078019812119447601913193433214872597052462036927122927260547212212802359958813246995058066521810014146361096
7.8661484624927249610779766446531960270021871788382693534086194157730418045682904846731245077347528809259288259746267652222098754514420713290175079131903236728553069798357845333418211895852119293380947e-148 2.8770309388439930528921406508312995467102342293148265946069924225893246105079076361835134992576610650327697680463689760814762589871940530628426152954969821759361720750277943233168203315084580906448257
2.5530782508018964618525903902504052584570415208839957962976712834585648608231798285864840553115257296938949182901181898315771550442432209754810974151656005409626587115064862872643498116525934034470842e-144 3.1133012336608477560066315103114173925541772307428912754211252422474301975347279920490139651131516887136136122508675867984607408087578939887737127722144120998772201426430242411931723682376599279865758
-2.7081854221215115955789327144809639249668109292778145765691482320398081663812247501552169187835949409426400912853340359154051017383178738124756967985438527930229210285380736460668120530142557773399596e-142 3.3608003660309361057298840681764097331942412922609751528066809656646546920650649575802349605923732516983741692547224941046920158312396401391906620775241229593366669466616727457481480496461749192925626
2.3409106903394995247890721149791882031144982323479562018378452588732395428240693038181451135124932144289347691565025224528829054984908914825431398927908866280689857020515938700327345352678739130133497e-140 3.6208447439793909638467896941158224135172491345933255563116989580720504583850139563013972918847554558923795352307959834179179663446454813497988454116045123685020894976709880609775542687324774758461534
-1.9704744278892478352656696416604954581231894575513601241731772985641201835008430527295872219099006135491442969703441613940472192673036910400742891033145269376440572345231568672339505458870292140169059e-138 3.8948205785125204554654574837213670952199421160349107113067734862006184037710670002747219472044194301448557627217292633242008080579583952745206084700664373749079355345552527887065783692466467520853515
1.7131460395337133894364944401385834148254523601361663768837302221066029007590355250870127932297784888559696842136048360042880028000997710842278375787826296624036623034306079022261004363339798243482955e-136 4.1842109301234745186953324075463066848741635626178966903105421826819984444053436856034510629413546277366302664363400704045092803027034469970848918218530522367902399925735617961209407846916661166777333
-1.583873461830855846241926611993746177043315629544160289240225353905903834031837954316254983721198499606033680304836983387523197136670582298323695154506183197767905988137283231752015095423405609615547e-134 4.4906228778590424118284122686286795947401198856367636311234855760189665891376662013501238616875548170636479892814745260058875242407463219074354509452872367579926348141108359412492799092725152918894547
1.5860276229099304853058381389587064767244568727604377992066661118688380609391973805520946462388805545427670833537136797254213005616538515855843737535568661220659646654561390716937177777541748047999555e-132 4.815816309350607504613352128563427635296938827989207057752508647379177964741885312424591044517563718108804292588243447204735684147578028981315273308717135678190459468697068198832277291462949261282279
-1.7437127420992533515441546341980255676591152869501974630069498197526802032840964501363837343430458043528322103521590684298532283652001117147879328279651339669176506083391222651315014697446974355234962e-130 5.1617356714127359142251476296154669642892259552353390621311108651912666630770161636544407066271764079761095777822117641940754334979175726018629020497691761098771879287060638418209034809023257912191954
2.1289245400273612660511772846061461679617256479875463154542324117614500761010706904860833688007970470145050625977887486524351346658382014705376343200199564420912362729950242964604047374562588540054554e-128 5.5305460189465094766401523941731373587768512609365596500397418939035001584950195865286595853219790561383299030205127143388806166070395843821062539408743606918392622879559408655539057393271834569300933
-2.9166196318241806333405840389937497946677324935905786264122051054096012598974517636084548238444207356643639707732646633899874489392739848335083639433926477001792188291158400188314722583214783867604221e-126 5.9246748194977553644795867651275978224549197639498453171147840958679395397296457153376609371834170493550623192126439859763926463132723363536275151657790268528538464292492719916402594136195379226046715
4.5290381067814088317798672491466937654871626131798336033640397136766845643207345747347871194475577268879944312806181514820948875861522841671949820994167098985261223622844966721195103660774761096140027e-124 6.3468612014030260115960446945654146657198756179162292937126531902675136073523136146073818754288347426587162319270696610722753963765178199223901481734838524486070168967032087922126905429725776448226022
-8.052954194106602663539556302228265719260841608799214599563659916445940214470899544038333848650222138147159260351495519503762745746768710345297353515243231314050915426002642170177664664986305261271503e-122 6.8002146814141711344200537627645499551904470191613989587549547420465959024624177397684147117885848099910634570227005773042521040390526866826010332521149026391960845146563803723310656867942148479521903
1.6569858274834193594950376583526342428707209555001322701348606881018791619756897287822984791556381079381320468580460262471874569271278329913747815345331614480398682960319715930550376450976587843145492e-119 7.2882858935835374900135837505630160836104635558306487845469692999982731701470908796044568428675971815303856473838063087817541712927287279750405791717304832698954431023495005764241730088843082226179464
-3.9899429637053434168290447167151895814657218106863944818877448988912942383177174681835307911726821430652468045502329326116542364413722989848052233227823189563065752757453423783935956160090266822990491e-117 7.8151525001939644927347153100574741359283699343588900795828231909809182477335288103561867750177388997856909804508228940045183628389078544525333388065399225945488966956248493835553668691843111723847934
1.1379918478693082600207670821573504295208933210468550924877553875935447247873811300591909041913148729783832303774404630295235108699336806935695175363462875590897992156351636678664878724562670858177136e-114 8.3855243504584780387788625455145047200565894472258451964655843712287406904284117916678216856506239407716763268311884588894500136941678847219292472971716095966735279038093932819217377329561502160452659
-3.8952387145061903579292369384001549926296415331193353473652921302475317239824796922811496309339427177645132048005061625570928465003378544013747168928135848362716849219148981862690330522640785266890429e-112 9.0048731397890869203347759314215475409262341968081010711967692777863572152434515797302952430109678750589097696575185591156398674179107917542182023013279370854489662144866991873843286844978241132308656
1.6232898788673024910473562050531246864267036912792926488530696829900127235167983472111147079356049488001776366996278428580934333454386428341652955319872504880075371128308948331227545918020519796065094e-109 9.6795934203716469883844379587287264883359284825476428725691411096314047899462418016583580981767073462706918095820029199403644732529366723308352702700512491788055262859928083162302136038745147717311497
-8.3678033577480728523936306040578694989591202867957267619068164061900260851216940810048581892176909506947908863792803585160552006723762661751428361648817777115988126892858562689643363834607092267672917e-107 10.417203977948177167916161150757007607058713812947217178750327362595621836402410898341060738831447129299288908083582964964729081436717902981600064142000520605017111647939964393801238749305427012447726
5.4301622012769403665075298393014536764794195463873778135770202179123702803056015851388550642584754573374924155837123924789468356917230957343194808339241107646669900797949912971319495250828073143391694e-104 11.226601543640763728334450416423919685407743980344618626513394007580764834715336290000564816102274343448642775905056948498324105425205792823107025535533544513247506465963445082880785054100574209761396
-4.5237298546115400361251274122382477946993607250094111044747324107124525853932931319020834823518656305981282367593342417767012534742858633876215981245637909079133948856401642372401732997361275485403744e-101 12.118382878172043613792316811881408024589129323913038815386334485579661267345784833307256033229573753792400066494047232934161254772797399120636529360386433447554144975165744681833542117791469818376858
4.9449093501120768207462245488895973417681626733326531955140432918469870965863521168186901055814599039113545397494283780927701527187976738472416252569468917973817816175942959943852272429995758672460099e-98 13.105256926449542186724249904025924979945208511865570490804484102180265946348062224375166466688082907127898941526994525945200332935171434305288741552205383759094240654265214989349445954959915611820593
-7.2685514270129104814605028347011708985744288807710595882604454144710611317611851884820973324523978541819493034542524745326322967361572933923270773762882052120600249263874057657014628845666096506885685e-95 14.202576704254895998555788018481023853076534057357512559691953084246513572612483925583762901491310457457141381595151842836358236856399306020952925038306867532149531025881460327607395045303027075908399
1.4769053016435282657367589808686249976569673854946523858177997637604715008850062043137368704772035441856480263802989727226339822165288171411320351963007252360619696781524491316698239018318710332114834e-91 15.429031919473050894466699495437729008672383670337814318866222536332050924948957473493274427593698926869904002067072183224159536008325697351131922977386910442453456709860780486771212838144068009935881
-4.2796971401769496441150808486249435194841933437793454268560284778991798835598146593329063073289735950074786273225938445623777896538457885324157569432850085954643950593038038460367389882883691023397278e-88 16.807559693734524588562176878971219134287502126223004183590666829247633803042960758010257512111685515545057460277940404666548940178402620233935588422899662929504193023158550220011468347977413312958438
1.8322274047496692657602468789135600480931522480834563717519314024025326492685445341920571239124874520471092666705147219289672942870288446803590798045455912105398278089411191334019117003998191336745261e-84 18.366554699670214377437578778793294560957056451710223933615462282067030811778238962898126050515922421198805553844561538935522652415427983523604482942464288349740156677193168514013866208663163088084319
-1.2064835371317914829891772574475832980909185649738340509498719318646941525892074214618822674135668355362045121048915531824665251123005746641348857853095749336599162338841128551364868491801025745187407e-80 20.141495624383012581409104153496164125184999892837019471415270911122693882211554835554742920656426640901105187717311317675018702532524706290584368240202635706606186252610925103506074355079088388208541
1.2793953543493098050943579150105969475353304416898859296866487376777121058215373257035145618666025745768216546616536517328328455189230997371070537971215177021726201342071512369968170013007270729968044e-76 22.177158661226176291803149064788091788305827427556902577009915797807212550756223443735228637272693086159792335902610166925543055656348382297222333147227198685886551337516979294980911228616030637815275
-2.3033231736332337589691599473315002322214627301444544996495882463956959257344827456147513017915662779012016152930386116703836668335233723864658138643860330450518754424223836746718648205244963246339081e-72 24.530671496367524820703073252918175304540205596559953865427832683166641878646372079273098969163754273953869656480028807267261906678178239715117755234754000941014743931044628769407597608138360958019463
7.482314575111465967299253010584051777534480320195302439790137484716450307698091988115635952607426441391157830331332073851626968024957886258870832473310531780851352572697781522945305124608528973135115e-68 27.275791109046843926733230474590371434946252429092398302792574026439826741565552195508990293586647688413299628016904693718839191376684977197431940570224019271418707311769021129451703557202103055799195
-4.707441876385362507797333648369460872609701494640260462572931129615058842212786826344609939628470407002357431010775978258425351059384881722559611020906334555806862780669121973686712397247947369655278e-63 30.508996817471474659636661535839259751534158183053920989130138290964093919201429655941818782676175733462745725670017533044856764360901804208501392102203379634483419433408850801395218242763916361964269
6.2309828928814951193687383357852149588191092886677878993005414629372806208302327150968042610370361417455252003052918723182930285934611563667773886448146887530606805265632711254424435189735917846792433e-58 34.358331419541784584773166596216550904305796232329482673498111538975226405684521275278862418997498345449155577503560285131088012136343141860076839558101894483844579409901234465462811534805547575521863
-1.9132042254849734262153537936703162212244637697210965141033836465605024312295215875125406378652170862819391619172752759137791571577438965067858193765858705073254187584266407558164388107813649594769731e-52 38.9964980055190383881485623752699860524378142559222715151182026887354770934637541715763360180597804169229976768971249843173644385401281207328586965364366422364507206501572581017770919548877280665096
1.5307994131012708641269458509882483368164596968784676973267012177367407624709985965078474750368301534619606771815512685518412688730405440376208122088648229901271189529085078353190653537207750488638418e-46 44.660715604117312117023822352313564817627896802416913584433272784140620041027648039443030637923471739713560427803487463501889860645101757831242495989913955822582326830124912530092671710312009304295262
-3.6720141250663170903620582613160944528407182964889456185993079588982827893487719160050004806223042373423263619744861526631926148758151693166567069198448345062030734546606708860114398786647297111207782e-40 51.683617636513285229149834371634967025923142066040687758051798361226585097649056896592149677810758366770518992359574748197813173770715921630694921695905681246874463743092904162112252964193365569165326
3.1338839544483479917779272933942349879038076869039566585794509332350708024701940926467391064535121573349401947666263552434802119505108732187050125912359720169736036485773109076878700598323537551476875e-33 60.542779802480223681194173390452620862477257084350363724002815874500073263489557275028674253180440889644432562571282799091917139835022199785802992025643777842607322897657471617138382172371765110057356
-1.1769533524091853039506485825570021740546818603137670061293374704712913341538337102482137560145910264511752835173354080043159849669005110382252182662993003832932294307638689477948474461320270285557958e-25 71.94284611961924507285854689473910887469467086804035210618730924007858658373812456738317212747878009602719878290930114752091809724732829627098939803241809905060662076055424627623910798486869630876859
2.5450520813776750717857864084246023565598754492723413584480178931245420711855646130931547341924166316093012844832019841396886873394203478541024666752200091199559171735616636796178833711654254166069021e-17 86.957150715615769777590435241538573099957318755937171592306553606632304065137951516002353267364209300200088593591683509230866015468622099491191868870251850876095128715129813021596737322053997494038501
-4.4868786131216691371367019048955972509666646202705183696172745223548501501088374773962765421795717773427023847733334910375140749318645660028295675738244466314335529673096875396785600767449855943468865e-08 107.28339907639067952161628369254446725843684296901047242743388571440361558766978918563149899906583002239868462406349259650638939364277250895987688546094691525928975047770707176560850840554944069787236
1.2514581938387414854302896927909928450554265590953345185465118021339170418080391742529208592251584157145514152651625276562165997576907177457919586101263660710520484380513930087943348154968542079169481 128.93015525175761581954731558158669536689935970025355243892356540245122708919632458880621889221711188145399603429371179983185666224788684679911477102423145536964242881419613093855225426692928995107952
-5.8381158527181575620715375428019431495995905057686064263718927290323860362350337935883457558145567874343713411944517153395318808333316371134252945988219274129301550488713035369320943930414530309028521 129.20978656558996388801796308551959111448401443964936242949891932575098294521414019663601322746372708042598460670544543314164288240121255568019298657098187100484157398240642733859134975255303198659307
8.5550464675894474203034702259802354495330981166979555559647735878424514520406877659918031014745930326634891176146747831874516622754654240874808253710816376192096963945109808440089763386459105050241538 129.37440244931793157580999165626629261008393246098033132553423011399164452216844638632707310957683932991736849603084788716443783153737004515696333947272466129686847433779207186103257625934707967173088
-13.557184488383843248731682634898094039310724078305185558595948184537569219322223294804170926944765756552821361772577504246575393651917811457228766097276953020988587320920372774214023676615099367439521 129.66784383133380340992417543274825907097451832450302674568711758616017003771219742719795802552597916584787142861861112247108841473733364502807277375564454771801272803660553263374096492160876874928895
16.441741898922123934664682368729835493673890670206189228907618545712896314855549962102494146726063240103287416789861878864673046372566264523837633642232374725037482208255850167410558002050674962003674 129.65246501482923949215797030417938296039219225822404005982671509650098390242391792175039168860131318112873186375858130919342028991469388808697732381794020674850717895342116717164422803118894786769238
24.518738279768985116506279273386509872457097526697152048278244234533495127151089788132448873349807873104221600750831513711922976914621207095671547231390487217342454576134495386133904198902527651615719 129.41198114295927685471985303301353985409765039229481922435675204589600199743040214440390662991247351669395731674659828702223987352465112749997250882383588122485151433740072400641876261856591733307465
-21.591909984905496144979260451259911013284967429656620891778840769846110992684080960933207163053938301416666814396852258050218412462709754514022239354351504048225962312921873356792038537948945650755572 129.65519370654260061685662486931304513212172830354381162751087569400414687239255797151396211106462401486111227891799877859087305871337494724819357586584771548812205483042554187324729942055914319880932
32.624816236281068996980521790853944575884650855568926647265271914819754305979116396520698511518452566385245318290361538586919002461448876211292717831790097686681698020511969032789227541893360160889712 128.64649248746930391295375828114389276090751930869070061692536187343089983651632516919524957386510201700000130357303313210456398432058077258232778162166224871615212886735993095769821288329827574300899
-29.695788913125941348605532679124603090654924950201111362106475961485066757204148545194298082501135654360141012914271199576555954694805103020137367709306599436204551415228340367199255976909968274286515 129.11347343698163057979330264518007186513584659618043275537447384157949700477645840342889112081413894261059564727441998596523946757346577977508921754493356966399565395110960539225664722115246942130543
40.702865615357098777645651187901936113474636330153002689054288445896987738280414970773397519505438208427048363989393739612851306931020942055062799327209416212245853912673118313252604369152445618537387 127.36638573969700419150849032676473561115106888263796343114237176208216130848845016313605208137516686292770719867891256101967233645380051656229757347213719100292105954853523508007765240897895496904655
-37.790463071281173427457236365019092004230696871816291931570199045597542448279495251694538376569849362451624087761822928050432722751945697284900021103595915455632870591494832680025980422047551300144766 128.05401955147657782156338804762841114350930650373307205045157423863687545657429893595063406272052927499206862859489785973998318365516135289186538348844240583027289861072172663691853575725327528437361
48.716659839244942623703661365054591889475382313113105550572168210746284330261229504352028062863376696161352016282535564484921516727495172944530869004964448658317887246164579445000252114935581810414443 125.57751908914471635779952188426332334672838852038328447287385753443802247054026369554326949903788558946991349869134627674748223043201534045093732278250830399234125982672768564478128900739271906885582
-45.835741500699023795767759894935047192863616605295834976663173027954287334395420693516452114346252247413549035267762939841308929369342119519506512533449882252971636270460512272875958310437955378768413 126.48386144432834693688485866905190505330312972957245785629280635330240706211356128609888954768390731361498007063898055322983755945505281364796597782561115883122136411936623822237448939324815556569549
56.633736644169032089982446897194454277022717497134542308840701682240783059828756821433137015399793342837166857773448626706020846059939648795409268528191057508390773082699720746675969643007757473066136 123.28493408320826655599508473996442128459299075127892905123347930430354526195180723524242317816366489231905704122789440938266962944034242155208754754252714639602924475122879454766296345195925277838379
-53.798446264920233083475342586641957790113036634097329871598358369562563696198075734616698443518963542622366614392347580332102365332070725396967914508487012496700734925663221571301371303277833605027069 124.40788446624256263792244297578332538215681355695881716582439461955194385212011353189091139036241957950137449982414627683545932115651682338011225066116165315060140988820943596843100021263153737337711
64.422408816837085906181049070440020818716084597758619653694929284455458477678236310312623143735604442188553123958068831452193077402947621784378659787884672888923770650041730336116655928240653155176937 120.49482463705727379634236445400397684385257179873492100166787056140023759358482816419988962650258409188935358047701754611730130748996882832202588713747777110690666126923621853841405424952085130533834
72.051413638735368787491837836122994371606355383554836552359486770027716518359473042355275323659965114962569450049967510261664393643949283565380113702141202698646080592209125854565336270198131623345903 117.21515894549035496591252844093931701257524411128461770448932172866716437554167116229041121231808615016199497151183085926576180588856668086353068160329923210718679950290543915197505672475397814735815
-61.646677298910327930414223426061273783274711031384564186780048792000635359231708374703769786310138295205173491106701643115792024415693984710780759114982216736911526562282260832298801596084982622538551 121.8316143047137153562566647465415879408805609539149360705408454546634076186265120413966446545037362644117031651786818303199934517983838706342847454927698913828520261869245135924384929026227302057979
79.489996278559052451865941934616293930745168400320054704680645118270235819325701315119858317746082818996128336934749163269705224284869370503165393036115059386615330531945297486774607811173200242527064 113.45582490497806038881366728846978586563210300723800712554943587393314506674143439934912717643188801906350722922557890542152436777212044239300447360012860036679234658231227011406438173012317235774266
-69.348973866271101044749178661101384481712023971932572151971898724263549296150874855642938035278293856890690286983523048939117318803062798919299363700070136602888372000779360264740923810280058468525067 118.76220685059495179578541983798996411782660736950318465889115847294175822118940022901156940132383905155561802536744154929825974892804567761539435609127057413012600881378277097397567614126070757315971
86.708041664045614253687393258540304396275999093324204910743742253869325844049199759251774630940939291400219930463845777106779330118769682713296419692741631898437294475582414021180370005831732374323733 109.22863439334810032501852206971258248853380618084492735521146171020245350182471666286054580712411857809529096749894233718001450387608508642767726647976244952102538120511238367626292975326055248309221
-76.874328174709122145874015223240512848789067011468300406290029159319852557614455721728095265788846416619057608119250111537264177619527826582217905880387499760250897203613580175426058587590223756327959 115.20871162312431102100562189882251917179822781194554181217327372372114689817499749965040763631646576560764789323902127572749366543040645983144760824534563375679806646713104771883085780906743684727925
93.67620182215191084800482247888047081328056094744842410063239986714016824229264975688742908892485619230493567118863593483123800289688844738743531644048595235689862953723904078404799297239817537975433 104.547287238796203001679005724143252835201788478333849067975699659902969470495408390248724207416980244146342918466872318240169383390728671076665001532637736002104925155677728311494127036421699849639
-84.192313993568974233078733487748234122406425395681037518975432538703355622435568233195399003208347883348007262235957857383520193102263420420131655365950551401220140959777871680869859531204270123314922 111.18210971020109293528074311683629996135529272101455036712143846586482208380862143475853058656199874155749712231933735741083865513532982890173841749855684836832174919052205099827647285558451147883758
100.36601641234133182284872526008198172619303011707200325010887994956341813143469575377707197979766206606166616386389899737139887919641665836778229530783574826104548829549079037398638273558917910364942 99.427320966004023172822803272311672069521445970689740525847131464732668651487269878215443306611587437083485651087837251265278967096784740704782636754399859315828454409725336069503698224878303858099678
-91.273217338607934719710683397349363677171830230415707755310431197003287969237804131077042987989041559522771959022422499100289524591281496778521348656165531809797798032761977635195221226821719312602412 106.69528781932527594891374984641738242032770143872221425699802848754029940718400815207158429865055921537677526367445242420910518379847226067592618814521684189891330653828538506068202003376976343947076
106.75002824576428659773794791118650868695698859532772998814015052324445185617300958344641854434602609811903194392197847620640582320742019315088902550523490191857206170678875260183272752271387959542223 93.886052187973123663571011023389312009344307111158213727455174146933924737065439642891535330315137194390905974111692520551444102862107996847191150787569410055194095504529482666129757718808848812716221
112.8018944514296874234034021263765464566967264699468783288884065123530093528246593113260368976216735354535355191063508504723556003402666249494896619209395063263576030263883269376467880759826363912264 87.942510827074283705093027429692914976003935973762671230664768993330253946907069436234868084077286871084542083427179485262185594975220158615054417574874253587492867822195833349029184386809651508689416
-98.088159592841501210150310357489348967546558013636932581831358052992568676269499625070955629635097076232685748218231755354027170041079995712490279657905234692140241682039199790945944370965640372433592 101.76299241245287501623100925586826837720321831967158195840209053660200466911810569844451493269016366155129541885801979732191888492700500651802817963657606040139793697240106138904079696807184867031634
-104.60921501643475359770647164305608081728743049283811041033154093003660065550886249384270942250347764184779861354397877856711727984032897783238025956855359303206015794398740800782542779636800224886277 96.401774294659235025902445581672902446521653783388512355088489573508603261993702390815274720380054864684433241199044087832017037410841680233721169373179893465621365272832065428663442292035200740037694
118.49649320148040139357845015759929215914558209130720891411067520511859243649924266458288793748126775877680052817251733848451482937884764181347691478503286528444821793711080474352506823428823015377491 81.617367489329245978786563469580387946659976130078421788643405266219300665902105747019528230111099533345319257073096820619867227827273546390794658003463496997106767372382270122477480653767940067521907
123.8100256517055478497043724547520198898481664053767171980142967954247549364760248300201375834260029638227574377918486592537502262612879981621515442335459485447111303805188412548526668182967635802418 74.93285424312817861367860432031939838577289987354940167995263002167404442302817096283481140423473434175291963156735061416910270887437465618441837184340045906283951002818983383024656886245968729450432
128.72011269927794117109683046907109949814947721655017061822122006313131413143630792340665037998380126118782743954556943651163445990280669858554244320836547043371683148174805410039853813854317938015595 67.91267909423717246349995020416475587528728920252145804941702182267034156923540325621761041140141038116326151112418760120498585020926446869185648912920705787631833024174767717485941480475474703987316
133.20588616620738250691234619919721727345631524361954127663780003502972381188724449903597789547204487015400160558259169935527503119389586078231915330831006174762297323215165320381173679547255313004448 60.58193448798604086539477967151287545063611691953619917234433344609709369214421964826316181319763456257796065831728638960349068281673850923280892242535473057177613027522983708515609294525651025949506
137.24807403822777279342096580407113882773123308470219350748506156126233660224984798300397565396403070255263602998334821800353512282377926035901828144021604708414650825344257053461443184829595182931131 52.967000198898817083427879767008992106839317852300122280837137798416060868495861522836955881350612243597646094328804945100705155221481908860017999499532491979837279746759376708345993897810954609037117
140.82907941328602753804328920441679686579396686740034783677683755225519831379372314089796742113284823858371664647429932560296227399573669119332335756978735843024083838407689591947266729262555553780259 45.095440992097137884252648731602231892420892724918035704185745429329745099072275196447656854003671393317659424643774476351287688397394008375694860121981701974313300911108522375792602143850482235788506
-110.80952382153176241994110598871688827112627805346610697146779485816774521225135704654329043071504014587453996606088174476420715286874609865406630795174628618397301037625902430522690985837066456580358 90.629925783373506586646276005368605474705122752629496969846375000302391961368711043359806911574918135687423434486668833714956696942078428527773356254775544043659496147107649823022067111283608012532758
-116.66340094479911041977925548799525142963361293565584582429339024499179292143271286520611068868230048438204532037122065107260107525913856556709497925394945065053429975105555297478380212272597072257621 84.467410920792488046886331567880265908185761843692258009464473122511982512371899195377023575934961857074933492775845894622328843794853300635284582452133645611611945583370575530454698349410227208684063
143.93305283943346562455591040902506171337051328392511924980581854305607683137453159768151169977094072201461771026893757163247714289730790250696076179913944611323873313684834349981040309338920217067528 36.995899462179925482763826052117610933250381265025546080710555983051079708856709785148499283582926300875549864258912173885766666981480770970420304966230359326768548330610289105620771806858719291735944
146.5459577486139864631404320180887232069236489925311569836297040231854666254581577585020077671048186930569931726436148908136263756605808605751518954993404344826649356860032551558126095621178528914532 28.697984474810605484293770301788136717712047542473404241541745715471780716311847860025626662859759955811784554323792078016288772444063742780468581905038469893407358658038755663131725658321909168366694
148.65562872064368659953391842932432257326188010180561510509945515321691636511474352562826014739675032879194844399703581003171069171482639420224390311636677482343074538941009489832582319457330429455245 20.232155654071147187421603661777700995326356069448284649088668288721031019819656942664106670472166490625692596404104088512722633683998837488355504752510259279945711160161074032863256991807165783315252
-122.14644023659561593259771124679882575183484338719375690975063415214112626283853202774424392187446362625471479318870595106762466731323310868328600471656478111019955068114462536881317352624902092186533 77.935788978042688659966903714721352363192037988198409076508776004848141176729612001105200678324900784113819529275536786656140094085543233149880196686237207215252254285293171795268309755422951825483014
150.2518223405459074177858421743794049553249612273029122126297421126751140429707584782531976214639484152325577914367627079142994318805781129723106855872018095927582391326658280662617011760414943057109 11.629604374726709221464879874335596940658877617933216896398395057827814461584468563141705323311669565727278247815008742623347999742904123186129482207676392076056634715160202045364657427235008567178453
151.32626044224727673369129666438056672098615599158882751392306210075424829875894259202147876868222691975730725509688449017437284026046068213962173959115567480600081149415921275319621383358593258825161 2.9221317328159701468633026937445266609670589855908529215149232559020885780877404978385381553701251342594645278136896731210921365068767710112767580658272933660233339485714880693756304490307311620071323
151.87266556233297713799192948309004712340092646285103781107170935321578815750036807033268368439274741220392197944278751106725955428370323242111801913405404398666620920137087404870991342632228455669029 -5.8579760196198933902018184750435329658738306007726189989715573696972508290848724600073742756111091243681436977470793308944208924515355214393468954099630351749942202521523451710548843755965204197336305
151.88678845897314204357345558374945270832470777979730224510471040206800937553754529649370209359032379101843239077992842967366825676199432533593594811916848745337991080978394109056766136381868418159202 -14.67807407938074816074035923534786526167583598527814457155575550348777587930402132123996208447300669983164360452532332063346024096843845920718175538646981408548653282405635946298371454422534870240027
151.36642758313249399262286195647066130674643328912578806066811285749292612017288624871965998517929825907543836653783058099430356704170404162462306146874384271570365819724061773026850997230670009669485 -23.505287231720428177525158499722133477743717198213404674421725484820710932384972685004946764929267775556966315361002813260699213551244754958960541493459678278724900245050009487774863879828962946283359
-127.23561367723134873761172755163820303756249409761568743756388055221800105391319457299441019295768960212733920486718461577918935568240511313543686240804854055014886065226509402293505145492393159743825 71.058131529769925963130514954417484542763731251843079562915617141489379463512268652080299650012882683735076927651591957555117829654041834258251225954816692937788940792064152153892509402344675623884766
-131.90936522175730908962661301469218618252224781276884126313222755076975253689031854241923164454388636835497488438699061980362944373734800531484237097082348589074579719483697005563246440681218615521699 63.858933422622220208902341603722339532268989392749108505571666967646996758613121679402688440269173856098044660718137621428591768840978224523903880580804304184610690852070093329630480093859888418656278
150.31144042162437406731088754831916457477484891511092891593028242147454093101387107421222957730556011881149993479105456516955383483021750086740253885197413317549492231819544304458313919866847875696461 -32.306639013405409998499684331213643532798400834810651028640768541227187521149540686711677040519591584358680950816595491225975294890732288841014134758048982292114043779912339146518357415431025412590622
148.72374666432764288916288395782338113973264339526162326909527733254913890533056182309259069732110376222581193009527604943418799451819260843872033306820764797077845918208381541304315483858344559306535 -41.049181383394712632685857671033333271640695555807110632076712332204395365450960156164128751332040678520091245645242724215450750522064895591904147063145626051819478235617113937767781828755452634648687
146.60732318080790837074854150714335471250557335790229501443304635681349923846226377041144904754108592836265352558705904989454673261881592620138841684512506159490556037753506327824383005088075127735337 -49.7001243828550254552001037255384884101094954700404436810621187037796842962902122103178924475598146138431081533069666495952662544191556164344741634858299911613334438979054344471995913489821013546649
-136.14769889115195782112330562422665962714884535269899281011250515518817531600740067724629805536241758111010995554414645257186816142710200389149609150017844654770542584906578696037878632005517281995835 56.364017994462917909822841552754729105489541258952985125793218547396031180039532383016683159053905960035129170245560747647988271089594543321493113415989642759698852911942615581458708861513761881246807
143.96819082452934186445434863866853025572068169739355983935250131853840667686475225013993799849124087955258710341939065750494206182211174595434824323964994358178580220155301173579698722991189832904172 -58.22696526581731140466131889012038126183196889674008389401263226118971264857536154545845980245727331792596282304934212412854175438649042398609023656981896974347896263935305128956589118297948091778247
140.81439311566626607501215633700291725275871275474994906916758144345722309862209634686472979731524429099335262300254782377864306285188944282834005425502595172509805657883177604212162035657581441911141 -66.597616583436193982012918981179091870259798721643653223650539692739941193796381078741419920836958717333506042049467041481052970295529414941812728536806550182202147629335182391874141508787252839971722
137.15596688608259973300155396330314126667139193840542736711738577623204197540289253094433662496619401463269253317924170419673415101867357269704259837435711921389292006102217552003366068104021512942433 -74.7805327085354587047907995247781355027158477397091064956689910371914490553998554012135868789144810586436381057236107093981296552602576721570100327174264226236082478147006593074419119076209578676692
133.00490500220323671070019953758118510395702649213288580244714946937820314062774642125868793110287846802319127056257975212157452200662556672779210896539577694147034506494172188594403146321970325001207 -82.744834292911146681848045793326166479468609841954972301523560699355732832173737528570207066325472643598538867403678946816579619855867808592546169737989788693720300196838363034659717464342587262652922
-139.93226074951429730128275401762088188315231931527862975285714578567586641864969364395234827358597738081575370239440122008101434855847938005757202870696165634605888760078387065346175822068274988937057 48.600436926911842821019064211525717268272534722630621014008205884766489715116935581736764233672237452703882575282184777041406167535428675018358394851124253947569423340420111581133880375945743402743551
128.37511131312063250000811000060066540112590327456660927019342743681735312704053353875879787584476548698828116966038738894855770595088123442309564094845254061722050577674085115124008509224547296180049 -90.460430157711810288822027472321855260059613566319369647515974471994235521885617610003352642303261105996603592107040458161701273242185909752537823884641245707185896913826408079677115670304077593039918
123.28234800223508878657578947854677534682608070380813254782124577819093505366186948593392248554057308511754099454414557252717019322812596856052161953735254910759702659883275118860961782040053217447284 -97.898136127111232579148801544980659823322809948046568288534782699851070078339317355766422810543642328021388322978210225178378514894709614984517079893630805817393329810719569617755466613809418395838003
117.74417555089948346856891049547121135290832407042700199047346329992687457737549176172710640849004478242770400890415530205104228252940689417854857422462787171019563381344877241883808211057041602841406 -105.02979032741262514066789778221645023362932813737557028934789184255987713405813296498031223590560798489969347406135978809569666554688735135570290288054451698210685272914448079256600070755613605012608
111.77988555181877102380340134871815951557219670533579596476073501017712699028292023688245603235060620774893589236415155191251466089329659253455893893392626950302037809746870122275121375378278384516302 -111.82836448764638178498357940133177810891678289375387323193284476780993585275827445248714178264968041527200757204870544955445352677087746670901256735279541273370580232235118020433485320912328779265574
105.41042663824148597610860972069510346000940371824875276557051216564047075824228395543403985303545965417515957763407206996119080539716683279716891623524249193796411181070358628323184547064118812700539 -118.2680707936063838933251454905755173043374664393052664408489530581242249694342906784262033455621679509901957487434107653102468162511415594695663443207355683058140218238148073909705675603252851306094
-143.24641442995325430144576977867190942660526286881225216981492029497779077035871888339925455432898850921804715713741678336296181686129632176345680113339064511299573179247064796180656729799590980024195 40.596365135587831701150114590544647708725501758034553333482874543867186585558519190593872605663734221723933157728515783014953613119307992708549909525689957647742365944043623370513775928211840729853524
98.658323822184164310635141376691930620666597432019843205812567195846919433231121385574887350099011935633650690630051035874234785476304408048710982037225398954270728413840363122324702944306873551700767 -124.32446386506033211408250200071535180299524246820622909446874095003279940670197568484290856811184032178041819166354620503523287923791418817518983923496935677385050051828622710870649312055236519234198
91.547591560967825294969886414089244386663695209214466582745132837820405646189771942598051705002919755014937453973396618345767059558192533427454826995098868702350879647649015617635390347564592988161274 -129.97453744550081328649280865298541803303409723056088767071177577054672657594086541287895147145905709182272280877506046889897312085892206717757283535145673628094791468213186447420941253572069372070285
84.103640896142662024189219388647568938538144080704432435689800193943750602922106944820593299481299206311927140309331083204495241837404930206745372742820935687595367582973295136243077590836952160323031 -135.19681541519332271542646558973651128471356907380013163081108978613593308920587683493015319329238604385020739286640328432346689301683482109231593545832147772519798795876251288532772547643568162426018
76.353181032361131643665574719640175699456147355245044077310681463454412500870077950133329590674181706884765938779848851758693982215162091999993038553201901622333497639158462435531184424893538779118414 -139.9714367613267738471254666354883679814347840941226302615294141383147732289964814616152260536742191395151630459605236429539025637565486948942443850422738642706407727383962472964078176669122069196512
68.324115745860305654138058535647197789157300732846181861831738435448281062440279702589299343337081049470299387205297146900218727188283930445812529450278204649466887439112068016156722269211065198517076 -144.2802341636673921392794319389693265902225734404468339865036249131000436235447837383702031346945514623651399879749595605129997454335295244364175201142553889594696682802563340078400887327754060579182
60.045435032860002305774585689171679298966833518283878698835715845126396063228531719528427915236889497647765283741629702277050417598326622604849899303065059709885390722588264790185186162053492892742988 -148.10680588013114692234891237599746475158199338069756657461037422256480513083064937625173901329286296690343219482044811783798457192358267389024524329054890931642251864555675128387105093754124170593163
-146.07530989601077606147144241908216952516500288797642250109892834087922522076575772670008218874241551301255206752834810565245615403392362319047114498959588132294446707772396924668944414848354134547622 32.38099112156711413731654389663544938821545959990528641121938772249241470435739518449383080995452992081771984779516602554034428028481982758929559114931389922734943942243690212430066454443922125182324
51.547102427299019328762093011844197413127781070154469870876276065852108964044361109957947866646320984349280825951730534385895143743383834012012639418824167910536742282571295725822526083239202293906531 -151.43658064398535515104786956341617472939355759313167160225795633081061546632183229759401287480468172828570037975796171630385025454367155623727389391627763854056652190970255121749040653861072006713503
42.859938434838564420250292665098078186318551663325249124929788791302628224213434997403243585488779875000685147460857499535004466464187762302536339325342570684079963450881774477398829213595252820537957 -154.25687531282230905463931287287421162237587023825189412072215572873971756900515036800202560250734143467463772474100251090711397084269490700314738582747016542479316857685403341454355401755306771720774
34.01550054587639828354762725490981106360526191555328716024116440113960069799357731625428322799451150979164167776543071360438544444382443842279003925643495914549385943576754330055145904793863492733425 -156.55694503886952152666504455508488282634008366527173270879907857504120532594532228966877100637177670436925072179070234959203635177756430950488818551222647869115575723449010716307429837615857321393144
25.045960304351068014771241949720617672286054202174076224724302705710959231104638684503436886256540320307595126175327146430469902139519305470961217946102406163183734231030340470597264479250466248792626 -158.32802576046651707748870962352556185958396966973299507873004773609612422468816744225981864871585923003303708507851125382866742417672859790312998943006697183760192551511391161822803380084468220338969
-148.40594515093266279974813179691825702720904550063726812410533502390642801686324275717148057569354362678735616560649389629996144192007293881990264405351016898418515182227970319099036653340733023760132 23.984403224391745563734194338430552035477192422238465547245959576284031107711815464878885898579410834146447357395257895335525340088109130543427883847265940410800248397024828983505209855005093267550863
15.98397792128634584284468790779062834970202861329699757832026848113869373882270497310435001128157995902196369124992422583298629388679977370585317055976604932080042405797943927275470785620721864148224 -159.5633688455058488007805333225118561468841719707591405016977258786938607750008336535694310977251737221120449702191192214761065571757248898636581295128536719436139436842187501312999117146247161078464
6.8625749322479523562745309501044252960083978903370902535980219478194539446351133686851264353491998678907384862054408656202469305200689181168893501459736638643513457970627129495624360022225017700242782 -160.25826774917234313323856020765134287355812623088573643431727617435421128491813015187326911684889623450059260941429671697976038428072978960106185418725619540019378142548009864934901527441525295090287
-2.2849945939191552490921448444361369040999650330939704541580649317814502062974883068037391078773240592757368305982323811715863566672741369669817075394787067308715330368840312091078558075155698607416503 -160.41007658029437073104271475977314413772325641261420428654350624449954504202075412888218429658887143316196752427105053518268734400262294643441160975716271868106199959922763730855499321824496100295694
-11.42537378160081793494593409568728684899733155353339477289885059296192323481484715004400200947099503156957226979193157667316573404192107165456113062681705512148799335942070665907339111849328973385317 -160.01822050292813354157280768530439991703331350025114243384860968447137038684992298647212609198714985002271631353056026462047144735006602465643318063756087194053579826751562546919329082295449106079169
-20.525233092740363571677436048215110917325766379335302724036339390479742968538979763854506983857564381409950033958692046634749207789868750201729818732314141191174460614402404659152022572800398226356109 -159.08419793232268617860138236404743186046580758049750304085639151751081568924605820086665345675274005759120433602734961042734398550203159739665499068953272687631394635918502392312367497259638632936264
-29.551400369774571123497995349707141243936805131527269908107184747782585439696822697245266583456576799568141061742201683483503015825106257326056086850866141057698745124872831097415922553824935355109667 -157.6115745170584465511738830435504260535404936939362551224555630092103413324046194895454549873467753818712612532567525840437779371773037622137041532418179042497935352956043733912527586628859300151344
-150.2272206341139799417251665593721407019246234977686652542029353342450833585753472459904226674452261426858396779551094427776106473068360456059191443717481449618761369126398207714406455718556525317657 15.437472231508055082026185135782937953105070989830731624685759966678122024914310420799498563892546628422982385508295893156881078849002110237539404144552343088614338304147765727519789729125248570328774
-38.470990258395120444617061784885322658617592252163474465014033317376801417919488554120776801358023389015958980977926511001055697369806473456469169364410834273350427235080775343690967074349395895922956 -155.60596893181862587506590367973130446237399171184051907468907426596651575087462449044743666765539412727450624512254605449074843863278921561367990422339904228152870607803875996376651831704378106839555
-47.251532493975001707092855553346256433584400532443083378202597787855454853716896581000381588415154815766703913876631862666670926891249575642726904877987228323068523232248582025062933343074267577291049 -153.07503053784695019242190502351241641795451790067754548262209273180868963297317020581681974209301683401551478156350837456828977045934419464443276787620867307681093656316147536088806167462771147417158
-55.861098540302380492946955470420832269559032841005417740953628601425280655537915461053809878732658249055784042197487636124102731393794885864193156041271320878327060229734301194676176581997842935372276 -150.02840900057197060031531907112865538944954562456511405264310488792231233558689583168494344996191648301063728839174739562899608991772398073007434467069764987435096522179017812594120771893464608787377
-151.5299860727078152828358827914837703421768107185763520339272592675119924685033068064893656688313303040783927566357032559226768608979683804879176045707148272330843008879192732565106725677566114927987 6.7717308113458248592816132469272493194411485172789711744343620189655777366748048022761263585590291785756897640432654779313965307243743308663136185522149840093535070999730496325388478527084987117267416
-64.268426076208330531522714007513191971163349058663802706448291194866089670706973914824050534840220891024789640921653092914185251161519327121633924493319238120026875588065375690830315503308587397825562 -146.47771598604192994461409947290203357838449706028922025020052950876620480103699198409485046635143096550829396748268600698271556255179930644955956339651173941399171615273143416370412127502000311678274
-72.443040834702599339560268985899909439829497033727965314025784405483252513603225053386719962806231808106648756276096062575115599013235527919641086331178086237354619245500736208028507898949481143287092 -142.43647908961451418238544396432951929699893474589742566340626537329302412721597774257012181870144684781755519418046702655841480185877922427447126178872180990542349523483916206285674725001639198592242
-152.30707958672879228142129997440887442692307666261694380363612728295776486014909370052544711229795013544050471420394521414950585463255582653817753595952069048671659280518539789380077193745300223598171 -1.9807497525018019215033806600547926148879242192121296064557842087252748215210280134618588282367641199247685674742642262655298037437163913663693781210216392640075848342923470182736558263790270800088349
-80.355375310268985668417908864343199748886022948626003640489633448946137761582604019265740312867189323482287645826217682055647933184546893476449473021625072661816914377864097746902339468100403947497524 -137.92008818167722330613404611337829603640635821613740403217484047117454901882442681670649825312769040858770240609461822250692196248589096768966773391097695374759675427321103589944547167323029753769686
-87.97688386292909315515557383342647196331199881365124254486596468180396947524609266573213031529938579275813325461270965588503073028412960230629745157631592284662554638123058560848748365110247055185208 -132.9457343859235167073626012052524804993675472912719482234363246057755537191643529124886320232372473416859086566275793155965476168435294522797455360132886774369344911285284779128918505589288027189931
-152.55335887795162509866853719457086434027041909184043640248459715366333444754130312524456122915354171681409572595471991218164484379688382015695997130202040475545760516165268913627723408422301633037216 -10.787485040171186258132790532143269339517245154523558388568118737738132073643754215646727090013790835263814882687786801955797440589706182544056665356935305697174468103838008577964872727909347294989622
-95.280153762456476711259348095513130498166411130714288824436292180311318199823055892189125459774711318918667824368324708175499160467868381434201675765979410640894265039009076642189881469048414268266627 -127.53234193575496796624982550093461382289169610011582177706333893452665478188211848373898482619472886945661642376342377224175113828670272599469984190020178117451784154538460620040774869234440874873308
-152.26572436634746901176147150271823907795871293766657619547055996324999087448335094714751602278617569509055374288229804422261252701785374250853262529105668964544091217498426456095702166412628039278161 -19.615704694952151714353293226773301057091722583978045898120238293085815279863461429658211003920052959709386198721204750821385625037090972252633615945406813579531055114378668387220888400287059919121821
-102.23901173259764123536510062150970229651570082452876258190534294922840419135758533380245460720272024696066682629080968142883275028453149462249300788127720508757094564571524404026963628998250559826088 -121.70049318358667621880007006824773467058301082173293197614514732347758910422717203354663936020545957615023824914093741553815009456059013687382482005035496861348268797694933554508643313274511785122609
-108.82862557320966631879138255960840258175648403379571828709246504144173674129363489414655304817087104546904972314072277079645856497916163793201707624430910717331075978764098682320599637169831010295574 -115.47234706605502868767658452541981339855790694283631060331114264506403803958762437669182764802171335981963921844996077331019695593756871979867088022968957993288957019307121009105696736485033456091605
-151.44313417246180311816022810898333682927113134757809293473024482108267413123118610156840004102082476782150824135750165053464809297559402350832697776126684916535911916944453882109302212768887646243506 -28.432480845413271429116782719290863233239452198051199155546137703732112892220652912362176047525555952366624299960062731810525342113571508581219878837601482773393711975766559095026762562145894747446413
-150.08661087967043697754979204258810690876001959065451517475626864333106897953072564687039174649208072334710908541756168368197850621780898878287923612009876473875461224807439858821317068360609641313082 -37.204857248360517224288289856420348853935574711995794355283463610708837007817046206304212398634165699039758353457261935998992828557938858707080475618747465226420091501683523621728275380516550515359091
-115.02560045773175884566514203423865066517533665109875659215241451255885186104959026330894435251145615624271551389872379955208665183367357185888308990128591985982981443542713413439726038895177440127935 -108.87155135520161131747542053717725489203924902662860207251242791152449887246932147187938486178623828837037743621423049428461146720245333928253811397696893425784557266620140925378565434342030351518976
-148.19924004624359606174061263618835139074287116150805921792424664046667878550865461028418097639150320860480662336373788321860085255146090488368937898961865462531765156563460619556944999246501055428646 -45.899978647875183469039681054946730259996818668575500131910415675979932874716836782661466123775712018548279186071208838138571730597044909551832413891508744424710482920053200225553106472219739425055207
-145.78616047316452967561425056407180521627973118971063920396636401939779325901880397870724982269946091466367889716384627337857136586465701203453401930510364367889619393779927722041482959001573041834946 -54.485219843943248696725924943219620616191171720988786614220409760809488389438570516028286518874547031450084561925366452251337434472967146962478775425250642429663753636443094716659126601019943222377727
-120.80806952424941503495523061974876657739021309061595056966229489225401910186250038350162242359227560948622858153650115651895593061171507537785297740855897755442860224247855299504722089255519539909363 -101.92314905145738825648973062119500882708629923613254792862224533350141958719137621803650594957591339410988683790173674834092775747934045120062485332618401782324362366800719592442408919151805656179659
-142.8545462692685986648607931212596350085595609408729310066573673284080275760563632393687139518631215471519397051927366223219161239580018253508928016337091319604790179420583036559571555734768192874891 -62.928313963706445900804104637860361814803288959483170833709435735553201130449485447261105201267943354708631122976235744220833387771461301455069798916843965692614130995045859902113409602456073159396074
-139.41358079012808076778652453271926271028976265655271394940785514590047682745624583060892276381522820408210857289246384171437067920753155859784659807976828411818329732236169500768421925950168805729333 -71.197479429317416592087577927702584191416375646831944241644433170825519410825870116032135250610530496357855896634938468178247848308495225555221823050963314370520915803174224702544308221731212458003183
-126.15577840047702479058572039260848130550834375229954741983165547184351441005026065409062757099726740977609423833822280618803742204927968952245075437169332304678078104792290637517020811104330413386529 -94.653479298486371250123696711879454800333530949215887066847916059029008044176100609340932063323699132729621391738558475829991852957613644214019549280815314384761319482239834418361346692601491544914345
-135.47442256092909460161567583438559475968153325575341190948599906997774011678325671415859150130328964070425499906791708878725903639892966612627156187141990739905875168346811676673422008023985252655587 -79.261545119001810178166658760606764614649825220563951783471497221814322810645172216662553589340096652458543393175968372310165816839137989007498255078301834020775679060285130591027636067062177274892834
-131.05016332619060183907789939026163185709735242500218235240681562171036468037774533886631645775410286135954216253954648383701942197790362753587972726005857647452032403748813696935843402933974175109653 -87.090073222468005501510394843044151734310587311441593817493931247364955360352556634822325651102518327958814165292356315623404536596867953827302067183627458438460126769491711301363132912791003476409586
-1.468432831025890991235153498614225711224791066879862879824734960184689253911651752812383197528196281835942896516126099347001589794149999119111544904965901940784898572154789152043062935492039550618679 -0.00018720828656552375893584208182754978985859446009413562951367128861357948756370467439877092656532423767877433359806474519456960194435109920934572870460281615481332454544534797610000953653631759531029935
-1.4770548578302561116671399195767685211509478383784840261867803988419340179172731811794843828493718317160466209716100784547348999767451809117342785721387304105951756546314710567246324324448740257424958 -0.00013259465802909713435323282747448618691330883878989327718115943967794489957153069477067429667013521760900017020178835554788855241565867816241654521932134649965939776647303322548862005311574572289489208
-1.4845528145780337997450218235537601811657869917066071960931556150905571368605989878539180144718857361743652120953192459223328468621513489653744383757715700926250114934435331667469480725587192373188888 -9.0219874828696998943252361337209995161088120699000951182490041174050441440724383441286835002537376992451871715560693719634917533404777941539285204198885600423222199744408175017478455342362563350834298e-05
-1.4853246320965732095388713163523262570672399421919290722963237242581101651599991150158699630086109951122538968033336706176654532482755802614899807828146941738366490893620955363756849284254257329272103 -2.5389753207088554109055623141729932167490677005781717586373224179864984639578924181148789742238365482676697312023878766518752874211313839219184581371386018657988629165088119295519994882995021551146096e-26
-1.4876475623179499458258497987181535394136566677330878817835712520813862108851680761903716708271365614193293119210429742991709171703473003309313783983605520424661235739868945187327218021843289251806397 -7.9258390401545876371791488040207451965494896765032005164029937995523129496258425839769697763491733948366409776637439143146920483008583880574411281203541676554297546293243241167812272079715359855388698e-26
-1.4910347357297830733820575846481017222347181593623360455036334980376302491958455601312840032586056558727752554967262872026609786252230866044658694995788514219139017814561350027547647081037685039396828 -0.0027154649236935105324953741909422919742165118192531251508347909948490235277439761682676691996770425731579816430676178539006482091418202464827261134389203507059379653374299994655139553882018636542328568
-1.4906541759204419826148976830387023753853801745102746904741549828526703737462840215295588303920994923551024128817833863282008245785040760066364755804196140499676185388655652924168769184919034966040293 -0.0016187738673656871862013720127004796266336635243514161408805286103294294280120516617823846787894074990198771980744317699112777295272228348263752881117808801366220064862874495367352833818024678178711494
-1.4915849050379598536583361813948403031477280813531893375150862080403972052113161691887140574709027862956194187751456567019449382175242190927230725737882203606995146740289423423741963735691934438395512 -0.0037329091320585876330412133149365851269337041798357219932773012331874451005719911033179776665969249599395257500920760561895185762197101983357948079892291795508354356606639038316723081466094935199752293
-1.4904706916764972808527172843303335159373500620681418378191475464658278503505963187328922271094407849875018989153364815467515208041136191248706933522685615355001396811396189231832695870017840611686936 -0.00047550272244343980301937869235671576155136514803618818780178687161461086111891454559979281363335235446581147950588897444600707539471802743053178915266795622303983060494286519422090859383867281635620446
-1.4922733428373510691170875966193197238634093697096568685099847178396615635660847586454565223541992214399092430883178514280389378167376740811279840141287180094877084439713889870027026012473260354290236 -0.0046410139123139571355855044747963965407655273236325162299745901103672642291916025265699824692491941411033412110171585978592834511297155698113533308562357322512570513269504769538672752280568221094213562
-1.4930669348851300185540865484514895311558744203618683243256155304611581537753683743611397665507966077351758377428396878504368976495000183554407159628306908181263448014514654484565793662049271428058798 -0.0054143463110757728670909461641175325026939417685201839225437784882062464256143046713605752655112373227043566262537583940318019374159848429001504801747760218527020518538711654371515401546603375666140553
-1.4904997701811538130538614661786438377017904809063366978731547292676097457911873207038893327962692956419125741914621274446276912003316968494433865819950284630581793915313873347240389737842073509473633 0.00067979091087202460102326068832093136545200416875811997383353531294193301659119095232521583333735021849758667227793777223066457768559267517812644448834110737491782230007412684838026958567448802243269146
-1.4939325516174259043764477379322031165630922690045825536224555902810499834761525597289846444256715591214209403909355054081708772001524359091184910905185082968398517624948446059005377306270600000897504 -0.0060339585091096281262876363526947447389782541764513667523925970911926755420161223439186139681856280238287294072542785638432408981360308714420548417672772724578082989630036434515320738722476576157011807
-1.4907361452347492605700720674183499015581725424515760177811814108208920230358008087434097594296417677277409786650041801859318033945175720891800575561999147851015779864630602993030830821379209107237318 0.001811326303342799430195406147347437441373043753951479590671951023589700717675886476902239047233065121135662335805369388028081129514609818206967694103347346206032381902986979754190112544766612687577931
-1.4948402407223561041568802440841611776876462540931429240650393946258137526053081609286618971601926380511441742227993938155082239860581178287918595764738661989603946715818479948891154802505001498398214 -0.0064903135811683274533829974375052220766326328315228636020111911435428072364932119948543768055608137715614035537790756273979212923447573241989391385796935692019840043336547345899937740282666252292940697
-1.4911577906585969198946597398919921585247006008743773904308055344647798793076748689981126892646825193435128050893930266626845352580133525787153394180723673712938779691959467247267651019434877243716089 0.002885124256386021663742399557267804580931586301888873156827293495988518018753571788869184117326091377429957494538308716093439014708318611950195481966815130266495280891342532425209438828602732582610111
-1.4894685628054223766395817397639392838713274744104934223851524648931301384674247293364375866518575992237303990714023284934135916374548695755374735308501525694527730262591634766058910764821955842420472 -1.4802695592456552213601892952271554177403003078214505175923634876690222876983436054855891093850850618021938570904817890780934451867500971646248289431616146720145487398966717385111747119674231541565709e-25
-1.4957625175241068268738621532286974807729061101289613610689827861571633120025261150909060621922307910577496954520648678707849438831528223744098248762606805488642833477869265398969721820117103660648491 -0.0067867932754897401716405757266231310132266713062828694423928103921035650500408455948396484077642354471592671803210492815154974710596173457392502573650682728515782291303699841017891472539578645176570416
-1.4917360150328801797566782895377013272278607917235545964271924446384202894809220947606485447532054332007134744322782187297488660570681634076085943236763577113635771015607244361885416062477197559496664 0.0038706776818930683735183561405265572589154889860354958877464981745367765802314430025431931951896637816407937752052562128617108932434157655798630863192650093314504475669816985599451326065413013774603788
-1.4966704532632073959372680658819832165519160659158113369010927171248021087806214082446934192336860450037579252841629500295591760853839047815602493378300003408323817847573645136077953588637003110250963 -0.0069356997549182149174117713543636289975840829138273138346636738951350887038996292788231061240331004083607909228986450364688545447525873547615809646051936506114057283670692435675336711072455628539639867
-1.4924399080839890793474950340741730342762603322619845696978511505863776856822715270701014185154167482014313743128616401891138654657348896265632895708728210929861407374483427803757650298697026286578952 0.0047414299484662123348859061954048772697234594986709977713845005234274142569321957087292825974704354098988220012650781453551591042774594509309008983221383837259410423236408437919419771352404283064521773
-1.497537928319614520807300832777878464881993038968254186395020979398984256718571702911319599724659713261272303426770570200685978265216111178186951757068936688687576652025966726468020761201447307719498 -0.0069504375492322748753638701628574885995822427736675607613337731565594016950542477714267884748017294937151815172382986379366462448132079628834558855691103106497307890217783285932149932833630160618367696
-1.4932373281703485173305963640152729395129971990258010992483476866655157310012642886568926627918584059480384690440413660611133672827383973238831171163922132928347849004665355378366053010111624372298892 0.005475722070260576973827775039382855296104236715013911046458272767473575624377932552470536681894982529030453820252446181238166422774917854525438553008560567369735353222611285695266485894531031643110362
-1.4983475819447734088563666277996336335065135714401714348796538383239324589265320851510701521681053251333715772648048013959364982995641797868992370324390504356352933317793589027618877428948008403111478 -0.0068475203190417923568511030190936355585340200055665569062828965752840498938258095993749645235646553487590759722545399987987729805121025438264293150486900035317952813303965602530603635590715621397863211
-1.4940971686865455098541473962224391827689708382712749528067855104106705158066288879480687284959245089609789983124033891625055124103385538208418888094762393309747443481688940211580502503843394911299892 0.006058010612167414475577467849940503435067210983965542422130369618173188417759216206268515900515741635281267270845039099402991426581515503673165517489879495219978704242174378281579132735378505840729932
-1.4990859926262954871709138870891304983840839864572369299566322075545478977315903659054249242181522651749777494559486587178014756668198483089070387879784122189089081370068628440111443580140103869527718 -0.0066480099347635424704860232985778416135990242074588515303014627120374647545969342748849291078894856330135045795647806445062419459127530118699030620402284613544944501757233912675025285535763859405033476
-1.4949922330779839373463411712426335990677098660039352324404432538014841899379610161984611444556115165163671643113830750492390181207084210038551673365798130878267280106814454953518696215434201740228532 0.0064820114908969755455729723541343037804024846161467110355804312243682454506994192877108454595467471031909311760324670828901045903892173038297037698364266355563934861181724056850577794080399609394427714
-1.4909203437835030855113657333346705640831310231627864259062389078584955394312851420402850767885705769170281950801067522843651882955080587330221586883062136192211110004972658926111650483347963142402256 -2.1668525438194995708325095918395087113909486561863577433357651985934540584535224585606948376534389485587992686225383367922342895730899578618256755175856908171505155902432459846142619814769274775645609e-25
-1.4997437444198916068483982030342523100868467966039972853648806990811352986544563132097607372119966368813292527261673471276011984136823918454563696078587039106551634866596640205233436848614509924526316 -0.0063707656788739453603877983599447835390834586915232091821454878563810589112246245492211634953995692374764962624029599524661180003675076447515068191198303165833929533151131329409777497768046990751861314
-1.4958970066328195830210610665851772184405925968515921415575540972870462303139389743744349230516496623011302797838348016784746666050094615940155525853500370516238789405186803166823114794437917433421356 0.0067535351089407902130161850672544157120134530401585546833329153337365054758395710525130468664996848891849903410618895908883535244641906954176529453241717282616736560608779009473651947327991215048962764
-1.500318165260152384871809826399036474957522793621453180190714943190717396507659506947372588714663893424732009664079413283709037534708875984367560545278087954833603882954325715607329259218000531343825 -0.0060353115375622097959406361618247866184373989097823182572084780601494735499055004150247679528096653060398788445670188373381415403572051325467904249033143254284537837728421290965910654158905736300484811
-1.4967841010934463969787321158901109831596042959671054159005654575060216418966193594868340511030918052574394717283943004341885240241979811873748555794415074191382643496394615955373469064120568352938089 0.0068848768965687411668184566945672939879274261887507391738410115389918765510986461483832165332012146080414140349898557926629581213312925197099017646553330980556591693290636999202872950243034138129049803
-1.4976300456213555572880145871293450882984464878317406205839868502128974957343946355525786028644948366443548547020263086699400488188735169809602643126653271135670031512741417989003886503488507911007304 0.0068882674495366492771800572359912340602232530004753325108727963007594405462827290329530432767651488670823307694070975464490306530601628475120593858081212723522447084491874601317621418056658346032857299
-1.500807557195996414445153485379907236357601466724045934120837215964994924915421554346022503421480773288788809380264549815961823896808156614960105379207427811525382762387286277360538269755911587008934 -0.0056595847508362251690448687920568073371043964906792049874342338528851183574348869188929964891619308843999439757622041553835440109255191634459203419777973208099808941889184473984592804967693184717420055
-1.4920950875079416194989644019034964222988335852006388814831679882857023028847750559574176477713268788743549518162741971904870443973619933135380225127075602558849519147107840118659611877216587523707024 -2.7545129028430032843545153722216185876052568686756236374318493954333373405023333580537644743383166296375971888595975189424271412463871404369784124106360010156118419384384483597382395170941043420884698e-25
-1.4984195894697715534461373628177680590288427002546306897817122391399196747165349460947186306096784824139390524290485336294481704595564920196785010401309250607498114140953462659389642537338247528661087 0.0067798749955371618496530655266364614482618241145290704886425063422866133634216100736103346790724020220114071958874567106866642476404223337213757139604662394745551534670782689264721961659296347438609257
-1.5012160524779003597096217581697713681781308675254826233734399826035254340150582811507226522364322435478951894919202037806629852449570710858269917583343198443812396058651434145119692827788621543025455 -0.0052585231448380689700309166671123287557247912894980185312144360443986497568230717291480148479193300672725558315559497200476596500809659538611557590573751283795884975880000259667495065076503144326608321
-1.4991397416904866896800838797920739324108977959860660413140733513981891210670117725023253926495787233919751516533038665053951313331019276776658613112512646343205536699601841084901482293849811215349159 0.0065795367011163779854420682146435147354134574141967716689352038779670652681821016513122022272799030067292018797377639233547892079741870991338697981244698609447734811447002554240916518576976816671836417
-1.5015468665281685267226036281145620112867362241609941002473321225103335959335249815134869777144077605514520929610507580866766005748578023848498966919461310886723474332420640242938455677680637049592255 -0.0048468507943423722969922984840062762982117531463443130657563845335519392755265720347082409105419706854368548257771999932261401686827608749244004998936876245426833757708508819614792058661281844036398797
-1.4997821137630595271612539458513382884916319884709321695718572300114892575616084460745924582467703210891376732895928770390659193563339426718756694081616784516428842883144843746021977545039473442646916 0.006304405664019249539218043200254128604250753156967878546042493002516128632912985061708562827821805387276817284412805158754065002728507339124927080784377813397594407373924968696243949804367167958926557
-1.4930582492857631555664056417520025280358325909336205869352919442974324810592726255282712288361124047998639872944046228532631060243584942505282691959779049821530365737912042509933518324117265071882118 -3.201081078207183598485831717523377687032370624047492565817613907662623993686379502274800245332391993610888376765338313905370838226311886686884297047644049308641520933454484091595501085550763558556028e-25
-1.5018082947166799475536646621675152938925389636748956775759029979307716884016716223799325332847971120687471554171469013216917551619905590488625256027057887210532776185418548292367844525982428600532807 -0.0044336672803221491049833776504451790952314637076219145381094540384321029044011127254077288499213505569305676359109968427009872888635588920455400567550980053327777793599878724593627200513622062137882154
-1.5003440621465070475905734803220250538559514645414650798390120655654988598830927614212741913915780109969476778556733282249037496797709443500501900709796608694427606266973534076290238582813239594004295 0.0059734704353757982935313604154287385971896018905473907455109626022241227927850697715606663186836690147754451089143243506888561110160057960325093073014682668160970301996014744057281280707973271751761314
-1.5020047289822721084545382370284034012421554975829179912312764281203699745853048497912244078575228817241976591693810254852532004221292218957425251592190794889310872947999209878730954675352437203873835 -0.0040308874903721524742598742081674376877211600656658740860154879213210251673902011930836022493370231151614163502437039977987903287414431046724428259954725990841695895523774537821993666884848209759658395
-1.5008235703668259135674988066194305021199709507234557688906068851149799542822030864834728923313506723021790366035207933559831399293478696172013908693370026316449621029843556915542659953045951059292944 0.0056030616577730005716555168444431383567834826957844017066190479741127623249404489086828773309015216311377819224647358046607332719236081652961801137028394798330233546090126685629707351391123949912933371
-1.4938572395544811838230878507235374095453523895471026138333940778902739869675368955573873410441427415717902193028254037631216296722001226145026748037228708912869449047384126710766787515134835244154543 -3.5023623315554433350812346698795080774438055951993998394178459870162470877863073492774302309390211725958332479439273564196098947040088718661464848388769322933486993328060977117924953604042350879519137e-25
-1.5021482696562880065261100556137825992284377691549571575987263672324143683312905828264702540544902934859903599823343286025712427733024633370595709492916212951519842274515617961968499738801886295334384 -0.0036404016585898361374712932570941337967628938853939868422597820609509566554161374684418803283276583869434580248172195162583405218688384877124270022062775137298412008721867021568023942506588989189419325
-1.5012248779298555544265071507464413691048910747123989699937113209598251326449070301505447075287427891925002341838065614561456036248284028082801179988024645203185466048626539852145310364727112264897219 0.0052080559970968073786704912797753441230787016063901153664219680521471989207485211044105171972417149055885454831739264681767886781420512789494271030872759458528071005607546829248437426202971132462851561
-1.5022383100414841800396423033447008857270807447598413307541345776374008526672597372880502343332318401433627770941628296708524485394507139268948673572280773270241090011809911782082483100477293237791899 -0.0032749695993203876086473331239502899995935077730908538417010661745098336505464856828912584655302052936704374663104645119046753397373822663824969910448694059808396147382328802824186229736831291781400149
-1.5015500794627322250483026469751753184183429303807985513197817487278936783018597196673135761465667359350725073920665584806141080562691173981011771781670668829344359747948187722357627345612465237864266 0.0048019883103119751037106760073188336782519445075580979588837654096779249641384572576162564283577708674179147145575318591694929234766482333332826135286685264981617210435744465214697578788455727230293753
-1.4945270208813448725687399047139239973534458657281421398233903965555484420121322891531522492182497550484975235221997407052839098588407999974917581841165806474551327312994405408623954433684184301239535 -3.674243911528875139846183837539791679515769900816704164171404008822500248409491903043882992542389521165309293792479670470155984103923753615390672871584081904576380094669322874202616193777193891432087e-25
-1.5022983784463970945177856529799974711569268494660830459875880671791468230471134788244201842473804057532511871953401339515252169248603135964183008063213207248103863501916298176113346185089990232911522 -0.0029248863399687609467915342414929094756780001897262435136375730241436879945740851926858996840854049322375983502552604233522003256660924436358765269888713493062905349713783537181609639044526049313060899
-1.5018081356712151332537074864891657512292000692928144166163708498476809305609025931440646108830910299642666734217795241110061013152033899570123812888856173041808931806994415383607592587468952220816885 0.0043944750366424785706984935704881454169060015040263960140352035559425440141781398356878647607593508208406261972896504544343668039316625140523415516881160110681143087835572377190437322783411174050316088
-1.5020013893098365720982126198266900807708710337364906221271165504340451358932021328563962566449549146857162123645263421509056566620065484231742833960919940063438888958572692723155357823079264395340978 0.0039961304265527675319577543297420959284776141706164043028117380427495663210246664232463917477428235868231633076359295533449388082008187380865207105775374864180830294323382631375373443513416346535742391
-1.5023013982628499303743511798811464744387269092071676985595246273309228615111935819099132814905024318152197748341360763038300619257630275356303620818968856168185472548854092470680523979889555068917497 -0.0026138062245521453564783876775452001042342366513576815056096048005656063562865546238396882632390647421317729218584228256154002713353340341812045581482765031201104346026254595467113254127929563613425546
-1.4950937988006250705197182045125776700933783356138499953224587471753803043272267704978233752891302034732440736622259242499388418963121899246688185755921770749873367025354726913138861436794327295693819 -3.7403695716226806365696439930596391836527744562262818818631252920656138509772778357083896409865563772403917213412722865598629052785418146265817858505727475143928924007329825773210451044088126054517226e-25
-1.5021442544645564915398172089690271924118691297347146819117688085121567832728036261537959171012386303733741272926206296463432693526057815616642563694487735145065956733293401552513088880927208099438583 0.0036106670935222074322667970705730521397109892404941874171217904000893907164060416711530479401222813702264680003325049612316176545452870091432092582985568323838891350699199082638787010398145069160035373
-1.5023274642222650806247869138711959382685042550775011759909596048166917802979367688928051331890048915465606141560083098146363425289356002196928065810840451298692208355050791326465133156629273493096528 -0.0023090680043880185323624026284517444951970331743324341374441991369493786728952491995852012637149498773614601031535079463208378504393327305144113815413451556281151549463836168548804698264062704778387407
-1.5022315175714482178195161897542618941780177705775954212054499325482091326323447913983611412473148678084906668686174194846177743881275921649582477234323502453913652529628727826342354004740628421413761 0.0032473619980738874652790976073588253755593663668076694049688173800776339336922931095477912276550317373967434939916127375839776612206357626739160942110233185322328076124062942869333302315422116260024895
-1.4955775070281863983115219830609052484411944530770273376171015458962052916727724824412428936460148791986356735056753553872356268998811879613156876368920831443522764691458269554565020055965398941204711 -3.725151686161258123554203854160246119079002968374335187225683580555556350211837011392154079180213670129699394057608614679832148104205664803015552522107189403245606885746487685184194270372088637118194e-25
-1.5022211947064894373638215390380554139561844487590821422128212220009389711853952144405526132568820414716001066310616773247344087660318901632960651881782435711274540145639006443519753204396312865639817 -0.0020652856283861059169888340337382398348170233716544508723439993264106308473373225238171136498941987709848667794422282737585783420385510034867606383545812123830107151664347814880282223924348630385137203
-1.5023129817667482406408927144209929903479906982280834135687927482392546475436931915785380946915901838842048304392262996083054271965812783421040029769712041390853322096680510846492837694640093696675359 -0.0018152491629058091815578937562103881806270312952624065321903927453000376335927541767256555411388280463231323749323300570245623048467200290728491283437768198976619962756090345197216815336642029513449266
-1.5022937940976414982228395493443825997606295300973680056939093580847489882299959718406982740219159086728541630375198075091330536340863937952730880244953203385527321730326307057595621469054319985576705 0.0029037985989554708702948527168808213072952602668672761075617591282379232710699836845304453008450065817427178679354674501153479197883256821038658773744615663807724515568173523366343650564628090789377852
-1.4959935133308521550977509400303316174514988533623017082207028331319504139600552652692117168314823548607091020483187636415913253512488779856448680315124667696532716896110389277070601335947385844455406 -3.6504464332977435923150407237873271186742533234294657380442705761098406213066359202724111845965458761904722359825982984064333159308312811035782348004180933702403175487127867727441800760529757574992512e-25
-1.5022912427156325319673082848468497959101900483095624447986929044009569603133512382704910101748911182154107206507402911256488556140509607290459416808027053894000113245701848449309359064266520148133566 0.0025880646165878060026079243870975185177272912779171719298056530997084129956380411970882666163490525618495518584241831917398628885989146451931893002003810598297899883401443821530208910677189735098327654
-1.5022777995390703485193632435601214336953559658017338150683634481795688489196495467951809496187129533032810690171577045685505549745636355102999065886003839503805178942665881093901075104331069706520019 -0.001405120728218428315248403074047949916638162631876253382017750086549233406694341480495847168221601961790694589401024491717640770755149315701491353946161585073589298351180740693497443646682626839908244
-1.502022369662299805024477174161187616811243610174370576880460613197689632694050263160293801447277603844110520062995155580915798376238466843005767453333979252761388136312884444583362358314209329627265 -0.0016487706675692675866237008501504829311010595594332221203500106719786427950925507541143362039490986864490945107881191367129898770729994168345063085318353902202410481174049529297230251508780994622950296
-1.5023235464694647062931838727067141906968013712058238163906032886303797719601817084647771964938786405187261444857732655623242222422966432768098663738630722560830757450366964266206465424566659159051314 0.0023022036967669396794163523005413494206212599779894890764720478593715029049609993165736936150879740303828532781894005536922784918764706856290995838913013626513408278151621731847320750974586508553302081
-1.4963538113149451617782120583746178761810447977399793779792465144427756532272473753982940637616301824446221955721262426954408033743376586774743810651205143297067167657522244569024028954121140502377378 -3.5343701536664141727358348749694461588472340305497222213044370284118407061522660693645323447354290582391368215105246192376992081079619994934025536785180161381760984043739469246714350798546645598990579e-25
-1.5021920414606844288014590924000990811689398721594604886762163238053948299560173341818767725375330796083861950374314950673991591934204897086643810846061331719408349116954099782160235052770317003877846 -0.001043962034551777572220477466166262476885884896794370694910361792700351901331069729135812969103198430631016861736077389277911996701057032151131828666877604768997410874648174951878788884042086879482625
-1.5021997160139341231724183701789983075919955798026918469336413169232447458861988404430660002981657196090090442437243055859277482019911405583844415677827029188971217747288505380155647790978970413556657 0.0020287232587753183889737588003057110273907396769799572176268436743329262617387624925425608592404098088731548128206169915462348524102721482861951790168494792403934812033252456042038465662866137113158826
-1.5023094926847509552090747913893466746049210625551819794926234227434175173980221784202798227889018558154128804887680802086316368585806717965232192804983317809896208722343863506811932540723226069175294 0.0018309012418537116912459881941942998405404513827393056856096791983326889786592002035923357826852524786635373378455019756976329883675193968480418724039575223762456267280063017500781442867273786313608384
-1.5018112216550067986443582848526264031744502213823004442628476479092458807015576588191899607604854192568402195893566486959187858849363435459388100686580874001986241848672290686156171314843960512520083 -0.0013375167111276312834479493940555706816468343804390164036230084814272861062712212291501424411933211818366994743083177530279104251675086828673443887912651412631079896390452540891552987584404993780619828
-1.4966678667012126171209098311730492398473215361178202662717003221663101036678464651443322143575927590945657200555610532954970372427278877143671819295790039350294554653113621008058374631947587128230357 -3.3912221773229212236682758981735614806206892162127812810503018408260843267546811354279311319806000944345581309264543504392427540210379378817701949025454880701782305136211694260811796167156982893655938e-25
-1.5020648371840854377397334754733900317572752821105650229142616043391658881445485679417067826110268043744051991644099830701948078285423999864293002974389323309526134094718071198878010979870509530871111 -0.00073779178263716273933807311182952182814915693199231367615686244036886083648698417958367074820491170404656495958042897335100880477812283488449924429033650394001626719181038054492494346563987806857817723
-1.5022829118191928641661717748383632607052906521566243794119826270969032542910745131821869483360662568919141416886795000402139614567894311288612183823192850391912293448163197166130987122525999621238662 0.0014216107378397655650239940671661227858295156438284442062003594359680151497431208748045951430152690910956868209718669285580286627684352092598102324829747355915169468287712007395689694167227420426271466
-1.5019915289918848302030588566445171719410469033940096381047974051805138535385120718011478984852647639263172537737821990524892720390163889480927008980424843766203614651444381625097465986889620425708364 0.0016140784992992753203008229374970118342091568437057084490175216802597250453706159732486314200283579972356628416392798740725436127277482707295175750532617641261276745520653916809863879474073554679133362
-1.50161920491407081537555050773028942756784004106775886021223845022245174786591118262072938535680456560175274672368620273792127291063595009620655339168654666753774380245265136609807763750155927949867 -0.0010993021156172094206788858934395198855799924160200059896313205803786188645768802790774451041351262050707316096289527062267388724292619754107010104232691726876699726885382945978387064035865217679414565
-1.4969432273210666207901893039777722954596263836805254735315729580430357887824397348233564227803809366178462760987592225369412606592358600946527505110635281005324514212107261447765024678970800202668377 -3.231900618268281757173462760149464854576977465865246709364596735872670696893671862155420019612033316762326853614269579027172533059061829981903092612904492986504578823156803339697425721193984736309006e-25
-1.5019093329707296176280181597632858182047211158267058159855059211983497135058321371856163496266044171815770173545389710951879405933933713213306050111724888458177082244998517041171325888060662402322975 -0.00048565560171692751614623572565151207407606269387429653414128304664349550332548966185331453678792912104442557572409384522323746638754766447674395861598117440076392349867665668056602542273515709332822338
-1.5021992303013147581053507739905819284169426085477081327903598552098885532415281069796389179570939734169305985737633683213995214624578442171346468828011324562840759508629845160181212889555387388122664 0.0010579255206404743370372107373528254058142736058999524832572404488001413301668845978404820717230292131958477626080383623532069152168795873257279372684711169177708485251580203935293258582274199428867101
-1.5017833000083679978962516927546324181139935654511143041812994662607740425707684362682629563221893211199102397332261995685173670162129547629832766096751486813726918587441966716893177595080362872438856 0.001310215213268390921601606378755703305095799656519001739620435608969692409651829493612295106140909711790679252657205657528464098889773009662380394566765455455180930277405562097696317345687696036485361
-1.4971859689212035425246175206840964708508620599049108785896036018320667303465006847980663490866930261190809170214086998105182287209593849100554350844548568049974026855691213530172518479940636724430498 -3.0644806533512111709233926381014768719500375130255655476863220172112906356697543237759823442947707098654155091541130896276146948569246854890136335889308231753039374047668251687914992652910281752947119e-25
-1.5014484879294916971389310361938419808170430172410375236781998573177866874987526628214664314994922528448649240536853560643031125552435543262140407039399497015801744673773020173430674521087755575764096 -0.00091426016466282446346367257109590401622073548634413671970168641705725161991238587723937563313569961842583561996726520390807210330855086947368593402505186474155564312322668868607674135259111387300863662
-1.5020734676561115104098117682433598258654056496629331552300309231654081405086357916898283562524868337790421619297813530218916826749784293968538379426757628854073491951125688799341476457802991585902746 0.0007494503422294204271789614170173354632443633896764627914155747066367096431790474744500866207753656818318281681271375694726020545920263305796318213461312876995202659071060380842454461568660841170693593
-1.5017360898876329071887307083934318687438063165280011089886595158062928481895009919751499594897624736963121886006209558793699724027165606402386415447180136010152166523558481386210687261408262544287753 -0.00028541488781968776170249800209045901030921102969596087888135545371437076150951997984310227654876489485706683073707813774418556322801736715153860505755476023877635890487592176494745150772571360133766295
-1.4974010251614946542300468906034640572130925487209646290312270726312359479320506787170509508262198826388878982782116793502759132007029266241475585732675022095543887199964409172711675916073749264269876 -2.8947936493760968693191227609237870281571024504781555539274000031744671064965426696985097719515849637187421329482349990440765502028537609340172967810545125907046221138197325111365727848415125966853651e-25
-1.5015944050696170391346367192301097730517059132989049799357575270844595770018383596916591957255351271165559101541228661215715910624491334312751093567754285098995390067389004314719963851781594968321201 0.0010776679716829136749809559535312796235405382749870089622398108248087061778597878048933620000842741819350338800505052063058167912842925820303471633692015653567436256464672613701682709113709658100237518
-1.5019188727781953713506604877347526992635700684007252901170232574940882396423346195023565778058291754135623889242766780226925814067656021831076325879743649037460016074161170404880580672939160425237486 0.00049500111607773102620444583187810618219434307356596010420482662259875162187223357146679286902566615724260178383608607696137721224436800558990631706262367892309741338519634971073525839885079706808816308
-1.5012980181072776394091945011334683368502910786932551949802943959815664414091155617860840428651543173663180566254747073776387788964920557427142476175091882030918091882963166948974899549143359473051063 -0.00076845461932048420598919753499974797747397319087264610336308602794654765741840087502680471440097706811926162433743957353412296702812178830423750151906385606052706694013153031376115783505405697234085416
-1.5015537422397661589193062691950075008755106132679350982144715250642811557168422147905646340842334950809343845918368036796579354543145606369791284630531424602425950465471659526770503527419166109496837 -0.00013482403015048915998395918092502463903530262835332062300761527213496813028420792215745345610254999799125093582832061134114440657496346380266169538517652358653544647466273011947208772330839792153140729
-1.4975924347981152841788107801877758544540729499196766012891016442815588515169564944801339706848286949408214089162899426729614319216608091792823653430143360062473303675127723244434721665819475923537548 -2.7269386003086717126484665553377264532451469496999145938763027552078001240804670392742916201267207635516537240434457806779954089719192978784802695584239514364696803607472889803968359861310577134150436e-25
-1.5014264630155067726956285693740649053830147618237111454621184256187489317221198183256619703167208317349978208163406921853020959754776198818938440915149573662883999710323758040787863107740776875742809 0.00089688194612813422976633825961853222634233017050006851799561521324063044235763267151683381508146074688867613033965438585986008955352684632336743093040318794630836949264485089874257934841600574177595784
-1.5017460682977118120923304103815525151440645444575664791113640905745554767690558388572549175455144273408599554857235851831887118960573810898984835308502551651808712625942585336535100184444002469820827 0.00029250992921425402744801655551236296637211958511523021855324569698880595072869564560395861445661547792432234959084530052083737868709721855136737020665061946705370681806565298235401870686136006236113616
-1.5011658129394636742827812747791843035157323662799424844030954000000650677200384137372977584311048565060825216207406819243359349074568346005414684907162965581939805848213575778498615155147841575758468 -0.00065202639386326954755465068251811711163586708313602143750770652439752125350617264692235596432865038934675857409342080741975462076914079961048470700643710865106338347628946282549596001668489470047020806
-1.5013701384515654063046508247255427338400456379470708751104729990891490367836571152252351667915218452584996624446010514171942735630541971991054218566620768136084047868660214018624402930766660029139881 -3.428777543827697812144124190592157950387077378780582042364329611022351621704885177258747818472356142231982353511352781584089770841634531281826534916372109982888270987627898045982799104317632516403222e-05
-1.4977635288806731150831179658978384488486281010910080857091238213303301313318072573267502971288984073482941117994938981961693923412980547399653378541515525730383599049278553338917618954902386464846146 -2.5637051629751100682451051197887023955706604155090605437818946299609767807709344918250667840848936626408398274610130449579128253848985502177702259380370011485561712579468381514577472801424901249726323e-25
-1.5012784151285984972262133868401263287061823805281113966728215550848510834782414145500127590081928669654618140709541547205650114741246430416457564711976610743492522303098625282972976376005878695121885 0.00075431855675363474100627584103505576716875644387998015757757677898630120283688531975031383160331516317647052145294248041210303882775477529670149466412105549797520885741101997973838536786096995259120984
-1.5015637522988211840096257737324662231905045437884879153368862678584360547325856110778614464391135998142891203817789742403416280512481912419741409405459902480391050908463196282708075312042611371269345 0.00013975871076829094600756202288779377297507884019764719195634878392090505416277399178425537853326327892340018397828693391310935759636739326954899182360505713839569661128281524000755537092421101046920722
-1.5010496820428653938677209748447814240209617982310565620974569889134301005196947861765253282720152729935653978282767114884958133623594538409413434768843976506827811757476185530636721595892622309203628 -0.0005579167856843617190791558970056052450943354617037225228588199817152246753727652039192421138188817179296407965629496859149720152771599419794958235851099753497075927378885756157568478891088703115808994
-1.4979170739773694998660817241749362145088037576887351710475091494285270066804591306282710043525146619519761109179017904844905550161651855400446325244782609476732613115344316032944498192646895330360155 -2.40691009973847439926440051612506050289689912573656296342189810765762421366899126133838432575325213683178344259826930868515762468082955896043475201703711513337652964138591291646499605354439796704411e-25
-1.5011483088286989733937280010823710951628060492912652312175905631540349604068993421836827980996099700106259403876284124640863775791059374781852546022043233598970946919590975511115640049847076687573851 0.00064039590229549913655919940534427763507576655607134042364433209698381150545250354530808703850071822249744554962894565595455543099638981834356205698024158817945844731504828211910407499605398660006804253
-1.5011772462202045984541165098198203269179394548680598939362044866108891012952091916260866198639034783667434877587628362717618428786001276273880131298524463985804166144526061537636459736294016782314759 5.5122627007234615602015981108705469126252241473188309419173255161730885001940456047154992701388330680580131665990327841934992432050859180426739689319186121280727938970553377962108541277780556407190151e-06
-1.4980553828062621079232503463895990234607930337283114164357630019433948961643169586137365343262085992594150631448856404757293236110597610380972592180899292536840375506199989024098065158228565283938194 -2.2576580733396853853371285381686492755804265072106321221562023985282722284660920148382099244988831720827389169495567341202989349355061012280752188436849275359941742265837891269236426362002650678994398e-25
-1.5009475308278694678507477073943239884648230751415041063022204328456904393864858761477658317599124292556103621851321902084129023826935907699449167232285346196738912415582497833476300869095383495964828 -0.00048100031752952826874844123761949608636701502471458654064262388953491393515227908808450888196796867338429424045736303958431221050887703908608727834525958911463951658522142855135185736594019368405290305
-1.5013798141779947610697904284481590260855836774634323361215262116075113719003803982674817071670266182189620703963990849621123811289992704709183794095615383735610812060679500082230173241988879817997417 3.691611095768477541159296073761198354359752381886824169079830067930254645223917340257021779105446450878443192534489012242683824075683164448924191861995439932586229898745653429643237518775504050801476e-05
-1.4981804004539705251436383031204334228535609145069896925835242536140136011298331014061142388797808832866192215403060861784375701285853375322233367886161287129195878105604659764359995392513402580244812 -2.1165402120765427891092213355342011335658312485513621871814631601248373308720446303953980527345580779387203203597242877916158962685492928211907792743755926706524525553389362693886068319678158412792752e-25
-1.5010339929019107221190793245209456741838184688796175662346332374005028847103924249424652592128339373139809776012570401108315554778347033742822830408150824482440352373403565585278038439838892425639704 0.00054824817959470179434203075252141653589558038947969609938559802855234415767790311699090685309692034424184286093619664802378515567058025640001058755231160074865375207220272118775142890073686328024044835
-1.5008574753230385473854569662504773319371523885393152146713805458013180650942142647496921951596165226516633494376522502397772613749705603861342034449821943886523246368815655394912145335173070193704565 -0.00041750201512115900549778653799655881409404876045543717545198410267075296809117173424668266909845878375334281657765853404037895351154088398558709310838015895183481152372310959789623192770987492615056029
-1.5011874552465662793125474392950647113964889066939396137852965072160371951414144973748648199095338250484690011679616429248797795297607630417951717771752805696663648521866140730191173892883414502454422 -5.1823252528923709166167609710112584968855411090454076594013047503550704703649968511171790651371329744721947804305513065986226105757074129615257296466573748635063586841951218953127945315220809881056726e-06
-1.4982937721307479805023096939689735135792725313332933417726011544114418572375843357859635197780968923633640025178114529660805675813968893996061535885297633145517706897326966049665764494992744907241785 -1.983783292084413333740189277824569805084390261591990118119404443530073687316904495148546977683672565670082692168970637170931852689069614642084160559128986771145559245047085577186858071366522337031545e-25
-1.5009334121496105109451164493311627151354598650792150131834557237625402069420720188839592421827433340579678870888949216280749967784906170484467410092616560048268431542024662178935002389875282012433692 0.00047288636216426229037418202060360401615545304903649023663345526556194513039156206445035280515825999600702326059458213269915311076556154205205541713927514932759309752487235193579835797577657151258940715
-1.5009482813271191471735761522339208614091974566755689077192371261352747293266114501499816023921913081313601203951925480086736046928351228472080441710147587815391686535865868645285873844294288045389584 8.9078729396893703181064714725170565749591763714698310434787145779391120104267512636050354109939706920852608559395602506464115178719533091568394729206059116222268272542168428704009064762431529707020665e-06
-1.5007778736065214225272110543218510808260755207962249226949039960430313071916273190834137032322884644649614983820413648343948824747191574959970421004702343104914350525434600770659372723523263685079295 -0.00036460086664145055750377470635699490102014847810893946477144792067013521240370154399916643155204063934230203926960270743669075393314588805479946949604380371070490170055452908234598378854792106492081319
-1.49839689683318999125256419007914987744972697891880173320756179827634988733908635221462882581005149395679047627846444685667754579785386891751501163755657824424457678326431784468709849411869575449886 -1.8593606313184537513785107878038880125907146407013223867826801669801233278931404074214238532947402915574229524875082172268463093032600353959968494399549131670619482688413407188424523612105013501810241e-25
-1.5008447192489997522660095447668341900811145638013827274848683442160508513172172235413396051618829081639625534210233380142215731636342471162616052201643360860654122088758831761273257003182497584645282 0.00041063355827630189774901440971642965094475992581407382113344522023099619081670899496641212172475890741157242975326090237869105333793416332456527835403322145336720532660383322652377691585997929745440825
-1.5007073089103369786429413632263309690751128597188239357770809591231180534769233386804072503120903553311266298718099152748235879583464850853950712169873029534174397394113841529355827448285264871339164 -0.00032015581530363114391557147428639663439130111876867618804341075478706112415927933537550578888696115097843822942469288589364307111627499157772846706526421113504907104788790235847293664236494756201874615
-1.4984909701583917008638647963820503092629682384063520444977803441244702196287057105090533782223585062901797380233139905560609830755929629714512424942492177709893775740687262917657609851254449447637857 -1.7430737635505539953486341885702085664223319299549061911866767541216429697014951386513136390484368790269641435320279388293364218362404918133130333559233745805227365405306007712876364518246834529305171e-25
-1.5009588695792777111885370173477223897467313842015639345083238607514037229741831943352909732778479058807356107316150013312845231979385842870210372651604360084802126306820927584706296714500179708290066 -9.1295774288574999237743703444032517416118137158849087040890417817874834637665559693725927648356537467719031734065210975333261415232737941801171471094395217771402379793309936326606544124939502996681457e-06
-1.5007663038708622865072529520691873693584293309390872170161921422820357912502042122771757983975338430429035354828018080299772961320423655341326821240505191140718880652810056815570977895667819056844151 0.00035873855478449179401789191165379030050803666442779508953354314327423686123935650057613815745170872885712408333171483506953841798303571020457187327147332091220338924590353622227266946550586809661546766
-1.498577018699117003711186162459395524374165744167682719307778234598536115419520152637619533128722365636284117498213260155233959900867566712604692535271782355219294685182484559796434064289430715444892 -1.6346120633398553453057144224183447813014141638079838729828606639560386894643485991121864850557996679994043687532050119996520485398959891717152634906768620615484604407375439890706462054675754579315911e-25
-1.5006445640082541881317399165898283228304982833933748222559570410897319858073034703411216328601543003216918371142279393938299760223518120808650236567761347263632079383559195771433830822522556350421837 -0.00028254074808945579647246503588811406583462297443738654634479440803036439808408371444433561495437245238414926952912193206344932294800618285497859372534819716592011076537637437775473648599428389864076308
-1.5006967731570750861236126738790341571105441323670326773563131278423371467166526986759312004850412252503700868394053182063634588185249873735129107571068881362595668694976834307575056240678730610177733 0.00031511498923885667818844331531501238342880062962463931637896433260746139889881555021238835246403388210933816400323283610356471092175727132632384327283806081704123818618269986067864290307221585180579849
-1.4986559278556386963233946102724795570765616848414727932637763546755176073629209152742174648149415526456330893077334266375499395238046139864909409063448612270608680054834117958852083905263274101798098 -1.5335958731342601666533232787869219864071857361394310417254637158240716783183940081562250559707734496007324201722836699924247590628819479785812282543882078556799435129718023499295521146782771820904034e-25
-1.5006909825204125724481086662266282946504353863423641277919266868207064344264625327424751328473871680861520766897996121875671724195364847822335431270662830986185992502892716636651930835638848479153085 6.1260866587152690508966469075324009322047766863624358482997822837747368010183228069338549012768240134440777005961286264414508986008264870175168510121895676456213508487547007862520213800746744381595734e-06
-1.5005886356868591723511987856077249800772598959824772558394189383654298509470585140446467276412331117560698703379312909617688995703429011323131032656555360638770035541053891720403609378785386013000178 -0.00025051163215733561272962524734701760714418733389670753357223117481982891268308702244554779099896450929597809301130744758334690640469186854524085385146530093374461769069077908244168738534217969553688698
-1.5006349391728583589101471460333909313885531243449404438432992665886258037443198918785915057177348452082586428561219978155186376396744688159807272123974465512668873347540868742748857712085394740395666 0.00027818306960103950976509922171608682725293947545263429301186042674703125500783846806527616259627596174722574249817753661770897352540987491669343524164523387571370942068749511589775861482918727524445086
-1.4987284644626539789001247735184038030032261891192088950845000280125398634219306691453875737936769591638725896756493128561784722993652710183178842864594797684920702475217112734486792314926745570145827 -1.4396073686242009752293035829397663501726266383056732239712317348587621478183259184747093064680660474141182962155573567271057032265465880911889248508580777225709666686268313444691183218103867382052125e-25
-1.5005387066382498857669454764794922056008140153538851403261400032122214247369310418509144033802702163265840359767217563899649501139368806904319341961166044937944513588098219359463476599790840841327383 -0.00022305147319627889888902438882598874934598008977088082564337474874950669088725904890851788432686054840987099375838017121745323676999809688251073084776245913797483940146319177667000366749588104187660369
-1.5007007166399881896969410131774748945059779901123390428410121295634630271085508553156020772975529103641987227320210037710867692276348086415527022251973107092833334740459698456173652684145695515934803 -6.3528450685936761949169645406265674369915375066843020141229853731088636555775309973149027536836593342820068553188010051836826873505983079855926100377607886211489946431045190620186763512440973112505461e-06
-1.5005798324093581224084227448078421529659825476519043623869951922074628754939722152581223872620392091514083145507802390482495235296032114334527051897052704973208497390149035024156612996727324523071789 0.00024671900938020942264190417932476980163066290564583481998843861172197604958248244793412081527458151151667197152846429701212402717753056538931771299552966564535931964925674270523923396861991020861581913
-1.4987952953049003575875991172692785476107003525543891317688283411036483638654829474192491751969113569865627540959898944034308114281037846389836853669412701686670780966528495323617023788779514487819585 -1.3522123628910951650925513629648073077824226796737384792713312054093059747982925033616241478990486946769888047745382432175244954611308663179722377217122757359992572670236676080464236559631411474544918e-25
-1.5004940493339074216207355026286834696776426845256171572531423715284442595474861719367755837656850719363163962942546429441762057259782390105860249577218259584535023210499707511124121547617438583241008 -0.00019929469916631339308760905236676801634155424612297721061961781232243358588924180352975657622176389762490993558531540153462495971838433729247619295341679541794450353160885890586794771108298193498427316
-1.4988570023518375721487918865755552432130248932454600472084120179227133841767800777238079004783877944958192795346407688642471443675192521896925269023873977946451843825068813131289503701141970841341069 -1.2709754502358595873441274376805615001116859709660192415562975913063580541748110053764732215743269983155158892470995151574066484892855798220735163926819128496466881032853028862960102631230397763627918e-25
-1.5005306460898566207117832358099447246821260167701151779157225730265461524684181914844947077279960184436293270039153737555629211801403825715210134138712969946126733754499724739453023131138840991756829 0.00021970601286197513121559129377310368828039470946542196174761314063907745496961223744169336306775630607244673955795484236310480815126071843905608032523454137999593683545316220585326162823587976200431947
-1.5004539793685573646764843315889759230157446564703895861653734909817439972197217449081853563201768410125297519189795536652700002620284941938123135211728807873564917776107551169387270314827074035219197 -0.00017854269717306981757069535537106220415592690155473216037483321608704919616052495471182047140002510462680696903680072533515779723734547742519562473828311293178814447284687603109695137781271321781748546
-1.4989140953581127866136880051996040232565117564868284207409949454657504285312958199004896342293646575816713974018265031748085107460859783067065418090176212453393336198067632196430223848777047309710757 -1.1954702811489124460190257935936975218128833989355293451553025311406001192921786534190427875058063975615487428520478457986381752073703664260684671969632411950653551212879133872921757066598017611917034e-25
-1.5004866427000945013078863879822657630202389671519897231814078912642122039803286566153505011389667326581233183543230504906840122333620194962325862240775373379475789978109937950862921077519423193004021 0.00019629033063806493125568012828475586082405298366518306267305447049324490413310795982829038731606708659030869719814482703190111407856477655104923611834986317608756782201078320876262914267159248454296894
-1.5004178768958684839491446765454410013046786405671366356717580552247484203172603693176133742565551787436952665901524177494220753246141204673611570667863695716676344833203354880813658783426081176171743 -0.00016026727387735472127093392833046711237312077162220058925750945203990917947290748081009189686036074783750581065304748279326300888762314348559590994690860226771442451966757105291343021900141429656119115
-1.4989670223368369949857976149425190270465601360975273721106120236248295663245639380231439563054229882172829773696071699019200469545341185430866756243248896259484995971804601094714637257827595545599112 -1.1252862996025551536479791685030533018419430917075406322372857115719466325831118444454316105221735751812947636424349637523260783685236389244107917186594473846626989463899123361146690522974942075496086e-25
-1.500447133173293505614401850757244844625131129067729351095716703137842940703369374972681375526712060502453520815025160777173488413632636820045819395574816978143262239081212975881741818124986146302017 0.00017580033216514911115981425917144653942215070333209263204765203864193284134415648861998684475656696770348063172070834480596512283036156577977577749239622978282136841349585407372035951448174016181178602
-1.5003852099478536260551088054642261056548461034841768454109265326423594017483571105241167902848279607777232826548216020364342451579495793648244033600169980266035230026467976282848389335955803489057498 -0.00014407593902072220241387671502272305036875191120712286739840314596612821514909901854726629248277366258267720492370386404041641266582681981531380811313905422253057736973157374142024012274147287092651639
-1.499016178305688474835997734740433174922869726652976007503372682627093124514557831476976415502313005149593954264534514253578629813840816441824543490697317283422667183010344187598681253283386526153824 -1.0600329283894783052077953997667595409621154731027967999628430133360788254271073245165327231931240757036260160298609381634068616199052124801628782701760759326521918744116479798865323993022427128815401e-25
-1.5004115054975173001203428357698511173879671471613769686189181816488890544239709612312180449968338542391098437374515211189516874645597481404418262318251763857459996530504108609874518919556597835997387 0.00015773432615641947757187477144588462688753505626452105615556916867821961229964165901181364558941269341764816858442478408692003907918915976282490323312001758160509469355245123691171105717044719055872686
-1.5003555351808064836666990354767588551681473103969109338540942507779427024430351849047101450423566952397562261452318153317645130907184262279980754617242635941768185558292049871150132534683303027409133 -0.00012967013305772890903378729127288343845904573328259162863403913739018704713040484062012572692420418030018210666607842039065323680994780924670850180277867624025555708806023759484618830220488853997343957
-1.499061912623323046030469106645748908935308823661248144401731002022700132792430547641831540269608310643708737942083358387771323279029208400232989299523471435133773155103669648854091113748885930053767 -9.9934193010812107952584852014776213349730568919435986077734790379703280472009673973614955961524836172839881111661954187231556599093694300300144930916760906373573286721610214251117780194343054263967296e-26
-1.5003792413044569428149638006087784778255965737999076387056240263448864525868046250201754872377292168584966980943068353467547945777322632802785427675318539905200254682333397337769722245139413214347614 0.00014171824394029639499684349931420839384558893751604591478870312545378868501317918569408701187594387430213612401033866185691984902519184857129194809713413050504038775280673199232976354406069211974177292
-1.5003284856898554714240776207706899275347009152512067307315157952526072119320824725847837086864792584848459430303410434788001597082182187025981838524281463507349282420188970876655564485651926947212291 -0.0001168141017970257812831605547225099793874307768252819200299977338480965256762893714432058212686861041911308503148821468173900048638352372722446416503349200852925347188416793351672251293829677839209786
-1.4991045351695010816423656867744500103511080614571740615181885169560542889477015446042762538042493201040056363841595487157990300812332887063192084051504372407312653158712338326597224264103120339920044 -9.4286847915230760393803886234788420606521183052022032947726704461099497462302606037839707776417359920161839059313355183376463238872889668287613183352041165006656503955118102222391669871708232917886486e-26
-1.5003499108128450078300392538985029990448230516588372699377350823661647713971649831106246292095578004044696032983626572032590964620874702584901614166937174269421809740603651470824314576933409892056744 0.00012746459956170004275201004140217986073111670648696993012042012219677519557714220231242744573282114317565972693093614637491640344564603109946901765417764322243869099450759046896590367067043701077343718
-1.5003037563013830158277098672349916232176252517182140244203223607190633844210874631809101881478090031569967601984137853267220278012687203754752280066987261206444034351717622396414885017686342205364742 -0.00010531520685745168640598498924105665296923054613909919960083423911535832165635487133530088403059280767039924098157853521783096002898387019535375962620206824543266087685848739985933223507757605726573139
-1.4991443215722998253316430390765875950467686599505886737400997477422448226542086807792657860217478745025925231126982813620118369842110083554213072544693041562158592842669300664859247760783450073174677 -8.9029133723456651065757932627361164708752913569923389744496466556189313404768799708182955596280892488848195877515930026761276563099246223763576343846833594615888599923438428863091446866211568683493197e-26
-1.5003231584790206030449231191850963373537297577374926812746709402726221506512324357708761611349609786454801730293114582593239717143691167835073128793447975858746688620287479912554538083550722852190702 0.00011474402130264714645175223324201527326152781947832554949282585493605550468290911262081841008731365647487237457232833223571016361039939989352960416290160284392068254455837555078968357492675073406407404
-1.5002810906847190883151154897557605842953511949901012307956104522335262852154038731623246425959210962712330895970242339151670641198886268846919070691099923240973025217725932176440035014544548131656414 -9.5011936946371717675678012736751728588065580619177080772118758469766828123102373909583609024348877868725558388894964214006626809882281369238103657681088220408376165764558925505363761564384914642098841e-05
-1.4991815176464654861750904071712627151656746437531412484205858534483668167740487390042499023309322612233713533686673719205875327918123361213089225597894394814979357088856343675817546891108832315469214 -8.413124190664766816306936838957638574086344034440863105611410442414001829421839800908282241855102245555940958123883351846637459999163207396167861176283847232134895674176528779977973053652419221557697e-26
-1.5002986880601623592266914861213285526377277690576853178727816707564584264713173409272537237949418283013806143390031017043704454421254498601035560457712685469462203239311411593640959758513178809064344 0.00010336760993359200028657087253758374051635712883339833365362118001667556255135484047500537592263947305048478131350252092479831498036902902496574173228128980075035964444316295979651686441548900647476341
-1.5002602711787472512859227291738651596333257380454967067789171257905935170454140370637045662476954505469705805957009598411151265155039807444755741956179698108103156586861489985708892079343363298635119 -8.5766443505214844869155872967830312800261296531166995938630255861211895108717938364138784729573219802908812993773578414406101347705564204677423329932957761040267744571035589179167561389275935347792547e-05
-1.4992163431759000870571617058195482119513841175541809763276465902073386056841174110284138984294630704143958387838768816078251795963467982474868248557704761064836842843498491718611561616636282416313671 -7.9565595642734146799695907735562038232024365636721687099409215408790315761201912659199662180588840315982731492444320182445493182797137273862814504713585249231905143521584895674811159835753936626324687e-26
-1.500276250116160658513831261222815622532259798421970608074109093611506358677928507956803850719306542232585633790954099626300863614620055856193223440039258773242386842828434641630751381629086834086418 9.3176161427105931255442920708673916940422058284041850627560529090402012814088834043585255567148933835747633833012106413349327341057265466149071139696249864227447904284556730021944907287998736197365065e-05
-1.5002411110355515503910759946840304886694259982697219035792045985926930532939648402821791219951770754867427303401155101086494097262885728190533874260205298717581534226939381478335841189329359247899323 -7.7459652593523074053506803432442521389283652548195758336704886104920798566144016881304456050473240231480708657677282923354874527032868604285734482444850576543474933344795101073536355583103642139371803e-05
-1.4992489951486085489035079541882134608806752900546711727431970130567758675261986594742046128510927681392036279110398806906820517233868411644196909998778369626834448671634035859088930426705161817936542 -7.5306741092649863782095726112453242893880686760074708562661461464396401071305676420672415653125569330288508391139444496200077786405424397841519124127317949286895188572323125619236632440941362486785584e-26
-1.5002556323080184641634872381886705532597134015059084170231345792980366626171660688965469214714634461499124866478835488440170428181319268616866724073609233638504214504371934020619403979975533252422973 8.403335757704253567593009548817053981586715781473904461612010694851876854957892652009808928714237983229394676316299393066953531759663898205674387541732571313524693633822215507778931315559346526683972e-05
-1.5002234485415710624850244674404383691262558957970561071067498390784306859385716486077385741860678526398915869418085406686538800334533740545550765899131258802661795063651267557391556394158741518679132 -6.9987868194146387832157095105853418244523943139905164790241388063127392627888178354198163107652335554177486385111129164806913400886907608660671854137130780260945749797279255140669405407573368090237407e-05
-1.4992796505327370037187252116148430007205348362637307874321684912542981698005485589723877377389999071867561181845050157500200210878905647237411883648483559421743391544934220641613714597512548492026147 -7.1331224304284891905734479712039648022092011448241449280242315008784966070261282814994257868128696798089689460461532506198728614399003134093165555248581251030371468432045353439236149085307790543525636e-26
-1.5002366520383300548642646840802093100281994902051457953883676280603896310218510717539449334649820508203346390003655685209395714564106833253078217159396555484616034087280854833029560600914601509536084 7.5821222143948276523398200038583932750128076719462454991397232646961561340803209045315264492452616265505861689121160242277192560362175408114466834697853788492873306711840294983906732684894789672879566e-05
-1.5002071425312705134636808591029034365675956084258477740445171449543411899433854196684916112683004474297153795800663078158065711939716449158986267523450263798892006938501603461648693845630870532634386 -6.3260275456352482847432721234496592321211165307817621008786258095327070017246773484596580338951684335607746550922373942417107216266945566099883428216741193977473456581243909945468172340087674958331869e-05
-1.4993084686665334714495478352754013729272541123030136456390273585519195024431085015949196638615654612261758837477775436141226817755802188445867206871297292896613319529471853158261341665939837694790431 -6.7617461358832836162314143262205447336017017418573538824207505892889287278163101379397035791017845292501954732675842476449136976815119601097138458515809501564583569635520520040124443568943173632037029e-26
-1.5002191508726645538428956809402765633396876990044524843601165029441562657078398415511366149088246838300338514789801524012292874428393056605337348090856350803713787391455927811831585523399706299318808 6.8436904922056929704562575575413267277564089548642344727009120678266707524441861291815781902929342329278735766149186272805343815848052471258252571218318859431581614463525363289736941537424473579116203e-05
-1.5001920689212172572786479951040165816611800190960687735704096882227595608655127790881530708314587637781433826736242614706531264003109168698962780669253153997076959861133645931984874019187076367761784 -5.7197017117659587357951784344997054659391043084159631240093590925601646927089754691195250166088979753894883941908517663984339157784317391064936536061206170078281705514485578797953020741751677154744627e-05
-1.4993355933223270997134275351330801317717832880165385395423211905394107460607981469917697368978848681789066941313869478629020737613506852834878610441184537837164082966259381971719920823087081021181564 -6.4145607067467553501107646258755753465972935431031940618573110271142030571912260756751654014352400001784958204553798933823106569881263432132458937983653983371796145272471911156321503733655742409818849e-26
-1.5002029902723182988348256967933040814732489893959626278625332443758618116062031645691645292620769923706212080941117992164070165194757439799171582529973536029849862644083423606002578078135334330133312 6.1790281143908852442436390983241715614156093956900720754067878152171092102711083046325192070442642258934006009207971960885308169031202797229728805020587437647772282102032439096138891893101520137027807e-05
-1.5001781179941376295173097915384807039786058935668129254342190155664380544083606582796091032466480165301391056860708622149110776656635759037533378105560577430436451171169177983436645232122872057705517 -5.1727656776515855829669960957279800534612483599897436926844357140312710116950387495980329605117999940718056292099161989855015521701021268465691218541644334582083912040788052802409078493691376730483408e-05
-1.4993611544943113743184620274930727502363157706399354198485252442620635300643687038554080241578019614789256234083614263931514029827179134432419019499256635634309165581777884698086679907896350844735831 -6.0897425839817309320422077817035925637695272460642253252601575748911877115935952515656923066188209491848980521425404909170871811005446958912775592287657664030000227675166655886884094444251748581230185e-26
-1.5001880482868902875419246818102985754823788572722683964185912965448325460454923680420354871555425858056320352467614130128916484667147278748585240318313750243277168425295738022266814929282361653000969 5.5802080232809713855156361569367048517115186355664071252603137933433826282652307021518156287842075588927155730512894279401071725532982581906305547961035328074641938734785674752840899573386973955434998e-05
-1.5001651922397111311175613541039001716523440264272400605381366250575466440625308323474250901441082602014112428935299433181300784540197711969731197729107456733431546585689871517071261335208310457383481 -4.6789918094859988007940807878936892837644114953350473594713375966805223128437981256175789695911526989168569467222981153471709605895881471289493593143379576895902733083920220956888722184363046294663374e-05
-1.4993852699515325339971196033710644617017940685995719440253911299603064609217678125669976465028784550399852494359625802543146271780733918771497370538016334004033053229647822289937884368549565818677522 -5.7856167118535785966647282271486595865090033855866396388682292541677704682414292810096766417904011334535614166077344353160947055150474085913623324639111020150438387360563714473798043333378231470779786e-26
-1.5001742169534472095420633394150110858464596594686453243417993083655797284434601862012982814690465520321046487553084235524160519617821719468649121876391394046798087776783685027376008812865261453560005 5.0402378483718898848790328473822240612821679907623417058872734061263867058782349756899814178474595791089501568330250520161581815325966620824909226951159252230785010872786207546530024835458642046034623e-05
-1.5001532046140795718832718714175200478282594461417943390078201896841966536353120100197819089018160694001544933474734782680184274733976376048372538830880199930008673748689038163191583868233715368667027 -4.2328630525536405539839136434139271940206557668468574159095467206754266978646601527479430900666586187515144300208627423295545191792645912135966270885307969669182378809623990437802442173597130558896591e-05
-1.4994080465906385668070736879885306166623236079426669611734652845926576444988419398887501468905283755425968040776770324183181884143316214112563118838615321594125434620487873306752294202088092716808748 -5.5006446886834057042210857110516655311607667131409845614166390463318477194616458762633698538477029463801825347308537351109476799990899066668050115788161919050404457667407866467100444288591923590463144e-26
-1.5001614002217279758863861881964867121236735998247902867753264621367628095660662449410103383674843631100180371470643091417312672693438282420197480521000993344003652033987325796035856248384462831389773 4.5529355525631445752527706770942374462454554969888055621497327123852817975979287009676232354196069424179802111634601641466786621347321603419855881811893069478055175530290249013708055533841548095082937e-05
-1.5001420771187603862094574783255631939984187534461543801616408514845562532818836550118102071303404174955829147255360632635143193839224115723314900711620952767946730560402745493717148941252438742393509 -3.8294835788947177773347426148696154472273172845350758585977739905431702219659994480045689538860561599841573515084853501230355944013647568347588627284512417261995012635146842678453685298376707326108124e-05
-1.4994295816173320760552256672766516485207518917542443186791488693010413341942216937870482294012522370603083345030161255286366229770754363730366000398533909575807714582084687615158303326366186834918159 -5.233413611933040513748689495446039038814313876344195557302629166257453888379054869239879235408696105827424593754703220795949371564920060426879165775707347916179580313222552882315220805769936490175231e-26
-1.5001495122763214164942638956752834069461365817989836673655896011506056645133099213211471431315318139310120428174345468303319062317271719199624995987149240666603648012097039743050587523158588749455562 4.1128250766700488489881797082467281522173632748592289782978964142510170786756843761078020601618443763405798699742173321651083700209343802736521153057105630980323050640593097576026649307484936734922679e-05
-1.5001317396267081952953737593679089207603643872970825950765527204730305385654502424692786440982309506937464644549933244977898890540014793423819452721839817148404947961361183679855251969586688469270057 -3.4645023310556062961538867367922247827512346683755532135365196288244269305776310838052229025007400040589085219645063249060389944378694267791141551212298275285976756872201123053001589025838374533890013e-05
-1.4994499635808519731544836384053653000354888919354894587439894297259435439319752917526543822519047629083265621200682391754756652775712022660522337304092011551021425144022437063997023582977228108189549 -4.9826256595038005768373726590913530943043675247791015834854299424500403353928110158728257656869732650289126307480724216368236480464274845627635502587185118125618430003116354024298584825862058867256524e-26
-1.5001384761627352399409138799340643869761107366212085157578877089664286561361634937809302513169671007131512364469869105684869672910740995273401134796102638991778277069864828920162058695132181016369344 3.7150476997044939455089323205843598402761088542722640447856488618778115604204487834028196243315284713656677920817965991850147057738584035582971939480816163081601844544722758241431021873913566851687627e-05
-1.500122128902274136583203894261950708741849338259273787592185377169848295764431082348666825550520142952589283400170042013554916947865781949139541776658892765034110609519660562960207573122724229534206 -3.1340471479895702863283889340730237402939226348419175810590109871221940899420970825037518101848248656375074151731181393131141314897311032088237654022957460937397154362518564336518582418553446041510201e-05
-1.4994692732819943742011121794132943786140101636668450304325918899640439538356566181332109858972869017242344921318230759020180834295936194506210068786333071305108002271799926618358231024565934783250539 -4.7470884175756302597610233725143490343000938489944057674333999057602211771162780037628629815456349795963884421831509805286754242604475467264984110085169420043947384225034737131161865696177949382526342e-26
-1.50012822264942883656056616355091392925387803304418630070198595958918670538270750383946045689722380462451049483675208448861587624296055480723000642542101341402995591289535634978278514710896301772586 3.3552860931695363844902191868314444499741576134183336506187554764346649943037153019440932607344404098291280006095476324869955585884129266750171737559768960994936781576090447260997574911056632257707066e-05
-1.5001131877752880207325032940466237730076063229860853882883580091247593839265596121928082941822233546044333541785867044135709937604442441031720237755521400145925966342092910102971718756772568171927963 -2.8346677193075107137403664361555188059674806978337847218116653127350063368292531942511382119189257764371327838526202568855261123942310444448410674119223476786402299956853020485204469217594644709030303e-05
-1.4994875845720211549118041491291201407746686123052931796988899279151996917413103704690045656754305686343934646818916032567213657746788283000304101936769265526445325993986855257265872324866792485608048 -4.5257059437174116945780233928928759422953652806988650849207822240541332494541734077357126405542254870487739049665767159695416853997794606553782920447118340603058215936258167371934906874080605629435984e-26
-1.5001186892755857434621483728142336565217878080901936261972338452383551985798969243160003127457879508110380074641559766956024904641967562141785851511567730101859468472315451422897184474888410264264492 3.029698840023710522558503076969311640530542181508097339904586233665451617542805038573186223669792056298870637948745834902158266035283616780050992968228007661880843919083877574368342793297484477414224e-05
-1.5001048644391518753356666896532790721986311929947634676571252157304235238545996767216953376093247697288261617712155380956305163608609075273293817206654623873541756262820327716985432102487917292195369 -2.5632859941375689175748318900693265673391496661061431208995851382558588953317052919078344711780181938672452301258654602605043079729713125423485414837421187967898530828252277941263413752675433395953481e-05
-1.4995049650571746990165676174972649594361234534076678041413447282310895950985863308486692112104522335337018134148279771235602488838063163553723875208469289080677057866590795192746380518311251813562884 -4.3174705396590232138228113841238603056385157128807304020498034633965651969323537312260871480496383410384288533361270920149499398069711893253953340519088959575838391501063274269316425546539654585443932e-26
-1.5001098195469870980306574732661186195641922824477320775989457026822054603053605091891772596103550234804294737232663859613085753662968814589359515458097912140632865326814991895590486425116604096820949 2.7348637106316966305236635306741372381599680161163316615837010382844324113985212726986041505965573124249672464573754634614447133851410308266836049187445948094003497634487956083205875097569602363079339e-05
-1.5000971118498485448793073434516364339994788361724460725870186942252707896919016780923190768552494208813391090943775623510564508493886644794086202971531033283486209654619325829550935016765124825759129 -2.3171529404477628596811509916684370404750082875453774180138368802087542268243758805754900054757369506492806402031235739921616375140989832547454475243838650410302931070399846691552704499689114671193141e-05
-1.4995214767213227117774888585564320855453320405216826068068930046092449662233900489173708920485618383228655637630513722352537497287319496570638296567097093963573243920381567911981017993147444265101635 -4.1214551990167583530360812125188863207269412526263686020176610497909173592395947048767913679556283497750710336746639063561656937828656242760587545991899009351396301128879529908454271543076392835859497e-26
-1.5001015622513998748799562512960150134780938004480208308342603509624766128583836378400521103002000676030785696099865763596451776733982336528014100724477072394251141058268664500611582186079297355163006 2.4677283474986973754296416953076905068278210597212664107665334286355526699051164349023098233662548164085178125925511169620237466282843794696285181850254675840058838748533520067242560693995232771096684e-05
-1.5000898872079256310553052456208969208567623729787164981044876395228008297267525821725911142580604806431378887037927861815914455705567394894628159431326779419248706252867350361283572241781016353533163 -2.0938107497580679806622364155586746045508889393828623031429854936660646207468347585090800344837804128526288096837546715940877385282738567879307363123282408978078818797127746456918988006059407984197826e-05
-1.4995371764774196809889901091793867093508651527210280427101592521374916324473786403188687962152415027542866219964247410329348770084518327625468610265110966334596553372553979980431885070995101489159798 -3.9368066898935787639505351042413841944720525294019921201196481456753643397276079492476388284464295104726164770207333480491422697783769848372939364356661485475093401110683002875350884229120545858051107e-26
-1.5000938708714859399372434007244068280532786637242059762866544830405511013925820535790329754984371895776201217226778391909679877181613381993284056901612608830331895386974348784041875509283842299614024 2.2255672691258087036063933619739247705418000205611558064674304646646156938556106239744863424080931132078821701161954607907142940897680100442834683582997409702391437587587131179851876016762924283763965e-05
-1.5000831515093529150657158286769445911952646052305688421993853555727384380691986549570782672472969201450378127907018069961701059061430833270702892108816784994699146959416241779287848770326172709450997 -1.8910597343243011897224287326443465105453364455427121846194688839629642017787306347526462624585834818783220552881552691172026891141429669217296558582043982436467156116112726244224367527193263736701409e-05
-1.4995521166569287172646782022793389895036484915138218341077229078603437559749075309495260078247230608844010520161532128747468070862179636905054093615814072126987080862571752880603104754383739868528982 -3.7627392294712486644268620108844031756253050218687086515062883990244419556271954205197628114517081388570554932912739276824340062828439657840717940658029223605503199907195230809987167305883951120989697e-26
-1.500086703078099048451041607912121060805683761251188075106604248537679782216940238054547166319035323301669446660723590243118190076042205805069047566002257767982628611981043785693726064051090413071068 2.0059442964605471168764457114344985258636828695764193826875400412363103412603125056031425792837622551036032815041832677958671270542781871611333986560358592886167315408564264019788483471315937502850322e-05
-1.5000768691540426381386996371049347014410284888960016222574654962381754913234743832232676280168444360077819838366057038121690178777258576063973570653822755247914420101122034961014774412127953406903541 -1.7069292835233069172229849017499722260785834513265532162551184341641225383965670684566911067724515829210841577557210611639396648257929643908490721923394177506983532844921094212561291977946243041510397e-05
-1.4995663454450480488661425114137728262339876840349246805610917806063769202657274278357568619669393775915482651742651366642842796519555451243881979678445908029467008965895493846224678584424670946598815 -3.5985287065196875217781037367969879685579713337936742663671461646322467341259529503612321443445431734162638392070814226545764838447501279280141557039636486671188146571701185127490509661671726900131587e-26
-1.500080020290466095243163790373352012113709387094974745224981876122639472148503752510734480819628177174285361634701751514849229010511073331740758871052238697551542536900536573740906282231497739239216 1.806679654416850388538540299375325461659994259398022425828030394569396933213350977278348958852891751758550212139870679114453574814858543849004350897310429182221373341690784374696107886999258710341619e-05
-1.5000710076030258290282505968458528625534806710436211146215454368323365322926403447919570859189236989733257225415980043399957365257921651107543500178694060044245251875056856438593193954434496945230012 -1.5396523424075701388771464333912948810751883535478675667421183416189594664555116162223755735552374340038354532279413554318135987517406789176254476180568450804267516087681454704344833299835879239569634e-05
-1.4995799072684888354990043589577675360970852600695779257314894073459077736131783835987067982579063870790546795840144282962252002001528849997887958934081214766347933415677943259125245369227530544514725 -3.443507407272025364102058031351863397049274039800445137161513291346484338582337464205379050477894897683397084316011036543226300049153920546646975335627924226103624058688817691858061540194128102425665e-26
-1.500073787292491290986613382026234619729361328352806433879357821172824190281660233746258801346168082132965265325038741804667121189372102789956495412659783751146768114046141997064853117189150615170269 1.6258211189567029813436299272637836938146056605860999783689881513479786727496033665321218245822973041737003491210021325441135474704292048122929160274956152801880962225054999263843804790169288728599888e-05
-1.5000655370769767429030334312531217934270204779521830608279055350929975642103220705323144585266018515387877703315139802969355289947278041714005914408676979904601780394980194451139538266599952606923131 -1.3876429541871151866174945188844857838531734414581026440082167338808317210027830918719701049499972839242652941072933736656432799608190536665787743655688861614459088457444446782642629467384112184977423e-05
-1.4995928431416212652909714724892557079106430766726596831048927948288627241813683517614203490123306643179186314808897546481080073000219875578745782935620106878242370958023088060259273784048337765876576 -3.2970591992932689059266224793493823197618033342143159413138427665530265393790326774688519210458410398567744419703867879149909743233785821224223314629707733336824881867147423091300048130461675228781363e-26
-1.5000679718965185352898733520189518679479308043513861450203816491096557548250273195870963200263707483189465109747678361369503897162058242534463704119032730362649796953807257390746642157053446132300779 1.4616186756906150400341698404133256767144032052277851159886523058427812361097915959955040711527616183185507746605245716806687718977355956191300818669054280986600655504434877150652573689972952143976486e-05
-1.5000604302901012949233310747671055165909489016832872846030666446652971596984640612057305839165005162697250211501484207395861057197728018838263516467763645908962231848991303294601699781781126747105797 -1.2494764737876025538035832891486461851649160881607757487297067564624418500313558359352259164181254763742848257525139453067134311684453135701499454040165315469436522544901863557024542427129424429623262e-05
-1.5000625446475082972390776102221190177250675729474849618126493052004077093710762426715744934666971263298118650969941680477845122110679274799778502013614501767120602579871907376265438527877925392490188 1.3125022344735303000447879407597508440946150560104310335315979436170461168851185580886009382032529469760487597671546505161489652850164964045535066127383589995705818933416611886009569246360099352487279e-05
-1.5000556622144475826539147626853557614800493440438181883789592680192980088291365474955287554551548064746158682065937233619960450791793665819514371270457587131334064308748320617658803018652702590741886 -1.1238721144819085343208691393538855495836584615689281103803136743512061374863900389249044796451848577510423712095592829675641424866174733315319669962339521228818424955699990508062233017881550853842138e-05
-1.5000574785618523288430985201515768168726478135662768765524226372245249085421905849497417352446557142623022867450676766518347855500009306979934211352398113238658639889357468314585217843576587762124637 1.1770620099239966707117727486218055588109877231696631548905024342517272876363208748759970572754883327626512497911578072621148119795251475078300508944867863353553515276635186187733696616085704437230203e-05
-1.5000512098705251606583095843861332177874578016869089351765684330884023517040067928115490072334130173437791272949604576692123008504514737146042398306227752795392439616037032215213469975848932801841674 -1.0096775359854568287251407241904718185956194370103537659146358141148012419448207782645795064417682102552797028319393418039051149341282314231372485605343077259206339496453612123872160514641262712286159e-05
-1.5000527488960502923068058981047468811783230649127389857349572750905666024022669192709683786111599809401568038635114243057745285054665050838719882001380360478654296289651079410902294142770137780950823 1.054031232971682808774194994612081892505141596856467231977929351824801195275140770092509478050542277953017314890252969885720691108661588153237033408641635896031957692925688479991682471941484159126738e-05
-1.500047052140784633576887845667416498139626777911693739389384964934150250563874769178811927584527622619816115781636779335712423174516910910485351754504624944589990415141741838237002286437685911269301 -9.0585522192211628562715328961743648962455030858399212218225666518721468328780602627483958607892632507916842723955562226657826648576645216665245091849488076830738142647713720247208299384345057338234524e-06
-1.5000483329412710298205737506257167316635871305506799747576957524618298709759469408442887258173532989033079428967366255029157078449721585007852988208910683723361931858368106104635916310243095478372347 9.4227090554974072977315375063210773498465962616997951220939406211766133686175912271145282259346534965638979340504213456196981626079798467630665857117925171409260601171391686675478759609342278829270619e-06
-1.5000442098404652986651323561287435269152962149017540579601587168233115531852016129530246724361816385315491704596165790305714762635810132875937955212839885961855699430280009687394785627365660510489001 8.407563510819240415500238770054012580014571855348086400157648653755966206534608443389159487660016851864305619644093389981940567680796044875416968869824295138474324693393765577463286487532663754615964e-06
-1.5000431696030475471671254601656174191498216838285291211523446869394099027123439247421694796334036333391256246781932538578032311458639530229337830287646569898745660703907301568856664039669092496050672 -8.1147042844343075909827454310515583378680763818652286697782572311517395480575543109155678660633743231741103007507060686906452182793211456137038981662424952510737678999521972187574001029192472756656214e-06
-1.5000403604252222402875726529254240062387578201880446097662113788024494983067387230962555516312372828199578654423226317633227039563855987808134905647891567576574120639956348447106451510518289289713139 7.4856534894946806141415839955063283332530522407549588890490229651295379572442226708535781786473251748221708345756457915399129513489265082231055754129429730398410360197513671564434939364925543107961405e-06
-1.5000395443814165245025756218259758830941221012304987550060208683388704581783634886067274192295343218103354162107039452032160038742037251524278013649420132286052788006827735403395470404704093237752416 -7.2568051502263190561728649444080575791004026257273536142208487718938920783716506022344057332405510298104293323438223496855707256279909012859659920460683853760054962121222110841855094501790970708795986e-06
-1.5000367670699964481471609410790457276652579910287303122990861955307885015478744024476827413508199733386902756152852787195818862462345274461516551955252143494452412960375207577201050801228952139258129 6.6486767316549349738986165734901547785742143459573007574382803424519159229488781016528130017978450433075524375213797153725086136713431005767231006276770426000746792074101047402433372584406698537738775e-06
-1.5000361600125587110005209604033115088436042625921244139984846985434858299632633162092805392830163635714596433542721970767770249675189949109067256885853741157016543708481592044415804930000372682322575 -6.4772549389730189404282782520043261632007301754732843152340579021137797214253313360276787586515219008464058492009012071952875367735146085169614861632046640334147456053518945534822701808388185240104012e-06
-1.500033413561698262561191312517987611596517943897314102714433262332147481365212800374744866569186874509252328782327876033443054958931558298980054642233361621058649205217173276983398155850955439642793 5.889158859343588143448555518804672929479695833015779682651910702791229884317620063260829352559784294952433511349482255147884852350120070632068106994893424237932329433205258405365059962170183909972916e-06
-1.5000330013255591176498904790723348818715467708216672208877178739935698521252362033089737360356892353892659432762272369973683947891193099948211822877954817337045184352299337986679765424027390893783368 -5.7691965706402870565646328790519202415674161778586457314473211343234355341158107649410907984794121458118868919879044065429939000121351804914908733400465832699278162235609628885811052303341994687916001e-06
-1.5000302849829533591937198106448854811547714510374685845390747392689606039278918555514114668740646385652564008446945694522347589018005338106729051748172198164929229025673365226247980825764123442346575 5.2003726862232377799025917937559081488183578883906387213035413312455849410950858143219443785699623353861896098816956674960277834197749687538178419793952642629313097596986679291367838072965915902619925e-06
-1.5000300543337992644372341788507511244826320986273835060871152119777795771793946702576796518329099535963154396551270339874478618155477118016350609667297446103384387050458316465717460297812485668193818 -5.1264415986704362312192833433416805613765468498018251759253916274854091566403249164613097467503192634279302593339643398776318847084945567017712437884772816180547936854423179442747519738299936878386259e-06
-1.5000273676076043115850515513934023853396304153314614362688409246032041756838619561241642181167892185224306758581559428897587081799947026110928612430966613583284625360813434551326106804130133275802697 4.5762681138792101302759126404143199997424325714643844459337386382781252188125442197367849424720161566482325617349199849899421444251959826245437595957690312080994391990681114298874067039440812842902809e-06
-1.5000273061375454061626028675832199101856279752097367439469725348030410610104371219111584972690463788084770008357342803676208488003008000303909896205476594930733274962488907390402057148418780111942166 -4.5434045881478084987659548997972636289208278797235273149326688895661319676711524270329921854466367365829948093657959973627709306829947424301159845277777425091628977951538434494719824616855488680832122e-06
-1.5000246488072181614069151203686129395280672008095793941202312704499737359698873873919097837912172115973408334131780327899904578301213394346724204298508450146606011067677647845325516532486759808636512 4.0114123883061790837308173104337302137160617348809875601907290609484911509557315025217732381169183901836484454107916172414231226806695530387463643184678671328672827396783606673049611493032153584717478e-06
-1.5000247448361476255818081518788750685262094293877470512740024199888336702439774954642549009352018064807070471592572211342038079554044982403194446951666780231089650903508336593294741998583225287782989 -4.0150451905337239163503826230034386518423101949735478900390129816217674366982153080621589169788176325680707911917300426893459041711028742667181997848809610462707108801427602231576114910381205902254477e-06
-1.5000221169673459480571679897889579361620018318874618714924958811338248134232954355021443201492861427653194104788331416086773105561704089313473071166131916018321755985574386806501540358472976413241814 3.5009414180896025282242849368903830460152505673679920466064672271162702972824428001515208358909914206540627715492000725569466373326105117737332993126915795198306040745032215547335763267124082338609948e-06
-1.5000223594489831297999195373920967354181386377153460226938602589525536223267987500923604021675788522709956437505651668249963949302775211871595005245621928076335682090699536827977436497095483491090214 -3.5368172450421024818486909507179783336934559389712046641765231290349336013514219736304184062054516227954667693370367569664644282539876695989061356686933913322915034935396773309806221862308998348945386e-06
-1.5000197614116193268938950720649609970141357876112237541397770458168142156169078957122923301399442915658918005268855908883878334874520434810213053780901443832951742581511084689370039972078090166842813 3.0405244472464067676798708661371439340509465705789813131259249446007240529843341823753722395842708734436693253011617213111102119529181396022441077727475786021911301518384468027585502446570362693336175e-06
-1.5000201398445691680735398940506747105038830162511383829487838448634460932090537152472699586472959505329647790600119339291782369724509622584298551051226327389812940507191381235762222592317868921730947 -3.1046244077228780372690533931104475916855963715352304115060433116596662025723054953456917256300403154852150049920841461242060571218786389154109185179130509581872811984490510810257137348215926515915533e-06
-1.500017572329289904261175230212995987821987648627031562596645476986784478341185060596596231728086378604532252059739370685537133117258684856417153331568785724021346271498746675701445916832984079797972 2.6263468611316030576010052647505307828818090650921534873960397054621166420063154797068560771268090926027283217877566199357708060401257493430353927047673441986500852194708341734120191256322414164686503e-06
-1.5000155406948359815427270424407139934385152901867509348037139855114591207523256358444661019522456767623727461623440376816049948468447407304080908683990251211205190241047034916150305184084893907795324 2.2551185315360958118222157100733816250578399475858184094444483863177990285296608654948108098210650213557008406273051687616633607206244074729805971594925793803477626840358279381911687969009065051592826e-06
-1.5000180766776989805584142463661961944445869364266069839821440724699722152389152161272792813989959152472723935388884006051186433156554014066732142447273159504392590171328094318869815988296343396731728 -2.7147819449308597643688804815036414181763733356169178655242773920734560206853909351103356763810563967110582902020387391865831318327742918696308492555404966396628032931471313183224611141802056399965816e-06
-1.5000136581522442944965309441774000011992854312331587428092523375434860361968450002232860319866220593142796786471816865379413260667740823082424931103550280814468188434017353626749738541260298974920227 1.9241130759057401099532176829181139012536807756263782214287217426036611137586935155725553226031110435400642573189719034177781939179833986792461055839834731044451839232757797219220243551758924030306701e-06
-1.5000161613351340170633233608449412850275258678934672248013072426717258125011153268132699233281847433616285029797768404368745906829413337506761376456015196896578653944768250867302164784541863729680112 -2.3639843205364772742845507617893097925812761551784977274595037413329154574290554843696155857214093443141466638173301289399532752589757535374348368152647939736988591804052884449344239302507114821061691e-06
-1.5000119168095293701343772883982802233046016727135659399431722328834080993057049805311026846319258865937212150297552243446973342886521135006614367072886983878791881060247584676374567394567456991563146 1.6312209002578581325123736324002443302316012689459844492961742551083073999441077668024499855274693839240746265217339434795334922026659449242090181644707771152565791387668255742900742734375429925853415e-06
-1.5000143858914456930443316854072007736471266780695804494868336503589645938124265525710043939223033349483798522694840023652285982650095756395233463897850015043719594118383483055173712337880115805706865 -2.0492777663064207728060516995994106938778528259174733538395189917457098211637859733219040292628850721960220758927107125264350075929620908145496451842414298569834752889428757438410534298155199342899407e-06
-1.500010308873497278800750288740925398995373486761612605202616915508689803385979567749402535524352998290744228578588460182646720562856030161218486306981466128995203740309385259269019556741337782681789 1.3749242100971921413254600009748962024623702798491903977104579533545356279250818937370020002087404102832909836222644703368455636327257249528695734386459515005116934419230321320492165661867676616224476e-06
-1.5000127430780146640972897301308946722553450290229616737683448096254293187772715263543721504124476297536243925658418792421572486881657241274194267631465946002037260521021380337809774509846058360041384 -1.7680355035979745275329456901258498383039574558465672484342970141675863137277840958495190257296502357041457535602555193692207299109686556440235821038070087967074504737692562234990651420259145242481525e-06
-1.500008826144638313270703061309466763254602911251582043681764037473488872308572347316823230970077658992730960813426362441836416921191056019232341894999466051606476620067981479724674345170174745455276 1.1539679108692849231330326371412798682264498092590709310143262982146793892379561179166440521294548524150277342933878632372633196950256302353576797945373120080306661668665706895314034259478323221896845e-06
-1.5000112262692496011773070674860098002730416871813641884222415543701190067361133058374082445602274735090460639346411502964476737376769569599801210062995486698429924933141651108860150746300394445514366 -1.5179295362114449846033828780032576495198517996310439506889688620315626779321228563687709149955325389346923421900080066593385655347850037431107087898118157723107511719813182946500957680276103887200838e-06
-1.500007459716981878525405811704651125095220099441480847426318429521561157118102626911335165137086959843474723995935326973908062100264837526964084324228964222151440291537788315867298931500728267133445 9.6648468896692940182826396547305435504522544930165807188829995443374451473406164590082022177355314943290188629950694568126956916891060394521583152596516976867755567061546887553430860511250297060854484e-07
-1.5000062005426585453888295222672129724352100829445107829159628417316921788164206643196574997166805886721112234515186901184841452149018708657428725762488677786124767031144928238460346118277468588971833 8.0884736043038056336325451859341758649009604784269219597793779162562829819187339553426751609949828892572618965621942242512564749996051765663275838812848449332588793671028317162483498591398718961502645e-07
-1.5000098294881908183110080439052972447950835371057049121453158753888824078477005847475435996312794555467033516387814184636038562761899282168098263341661298521915125337712146271756036341037242426481512 -1.2968858070020797042838414678693793559192234742122036273110704528143610893008544112421746482617798146307711387191632962123801221112385806669425912656718879826560008742636198952585414666057894680893817e-06
-1.5000050409261543394396349281947320906541648211378803788721209758235029228125459924715028143181708132811377061588323454670185840785681415432448143814294984703955495378214846146862873921882855845011176 6.7532765227467343560684897713163321357069149264238420921150645806400097233998567464639424395028688692412017878136192611699877207346301802605329598721379548717107040885068566415521093948874046818764795e-07
-1.50000854742307607188818354534471228068435607653081872145452489248483017911287183527839417746777204851170090142595225036595413179763994531541509893468800045667758046253871043342225982080034153989128 -1.1030005552265179585701647383817491635007847886746065733124441331859577632112472096185739751792246624734958659075977200748178381424354582949216118288162930738692689823134877178877279654807272173976266e-06
-1.5000039756382463909898275354265699502350382365578791018852685924980032270646877393787919046606580506917156803763407211028979849872860768158156148776997089349655694146099932024120521455103454584028239 5.591945675897981957264138662904914932405691098817566138402735567684495899418993276671451008704034625492083946624242540309590209421620215189860593505863056950373917977778192258894440058910575306289259e-07
-1.50000300129548320744067216564873455291406800207320044477779537239227035138131146115096938267618492544209135002606513390135553256494966562816344369373618487606929000945647905631654180812021191150707 4.5419256497094326709462808948811602968822560486388793657765696730397403376883084136772668735627591299029467688045357845338169941148026047882965422623523386616891870235155528632863245776611925517216048e-07
-1.5000073754210076232725447253711983794304740915381721498843121179736078852555613277588976061973159550188354714734771432704498653317991467418351276934151200004479422684209363538256716164758013576426108 -9.3439556990999606598702439638456577048829751465351695904222125448285297463490186484002271823231358995338875893124149088259392910722091754166894420232943549333100528948657065789863605834048964326529072e-07
-1.5000021136206396903338883130763163204675718571262403998454757517139872616523562727047694673508500753039824337689630330747830253683092707814624148996530074992809870305310709484190746990494295362914405 3.5489565549071565675718230871476987007924882047027326177113828384516612129218139465726876690950407621643968026515798095231025716561419661564373136369146202852751749802815668315242043430120753818528349e-07
-1.5000063093933650613267898362453795107430903224297201921731254713923936035516470167010713201514881219657518652453564078821864812859509750005004607253150325729393807206633789224224983376139327902578087 -7.8902164295281624099388332264487930012467093290248673654774539580101573139742436270109736110325952672081842545660039756711808027737440257705602848682358207397901842662276746766507038285965794477999897e-07
-1.5000012983116948161779993782607639311205690037491849835686196940584816952867368994783140013676762717887310207694151277767949298286536291555867489994465391351903259654604738247909043764545996547936565 2.546731784964733178517172865080998666476175038828778457355662531154098745434279508027917364479256652333147740648199465239167901855654331905941671475180835607282759619213952435802822373481588252971673e-07
-1.5000053455753514748379818523055718655510036154703977906427259511234004133089479221775100605521974611371466232161305499658674090878932939911320590500630190402912702781455598575908436517760628607015345 -6.6449224497588279025248192314542892113905822703768310609910564080644340118958663328660898318860261838019654318429584528372623455920142114652597699674018571275055025348858531957420303896323664645141042e-07
-1.5000044801786858798272776657683274476614313126890420322956709786615555694327777998124095794160596831587052181909477472588036250699410934957097647940206460166211749166705256837808053878206820721020332 -5.5808063955530326522622154478783137141638845809934384341555282301253728275752637643362947308052044566127285049929248112632050428712974186029135662928496189187207786692595351739162112793852472544551627e-07
-1.5000037091002140291439407497713792007246955646895754180095022373192230598281604894360418020007687228787216355796676788562757824198931087835513316100783755770603797140845635424530849273017503871759126 -4.6693615559683870468031294595430802725855749029910411014186097837929047101171931550912283889291156408674030062975649879507104967211492600280759287580213572584206443046414998617633820021207542768634945e-07
-1.5000030278358166072500705983160707335078211011354379358475097422963573699757606595939587079793340010575603131131556178962649125381593946857339694954225601179160591596174477352921090879113287536433066 -3.8840450700189577569690632690192366701326158604295525676320432927118847426939307624135728438594324345882515666987279620808514970159035284677956441831225628893798829059934686406865375404029560468469589e-07
-1.5000024315871191109488336068211946875645171631993806980595739904429817658518169715795462935482812094084981844110163842946482034216254332258561875779854909362793547804042523881028843884624082691387902 -3.2027043190883920812039188027373079097900518692869273159877135582541140265855475606721949043246899220590782266518505660621148456637533392668297629082622563161956593061652901755793723002012989207225648e-07
-1.5000019154290664925554039200816124149625425231292089827731597470422827678680752233573277991326019943640778662109564002281084085118042665283108293675581224507240341916550772692061336881639424415021219 -2.608402539031838353595096014703836437117821002774473883354827713225982906428346274376516170331768341673070028117843005034220299909471901932326088684626739381205530354630847932488804294770113270967166e-07
-1.5000014744259267403050506192409714291187767326666879977292027946371772401276398719024873169440673240164755769018590514013644242243595825302707386607215819539809451552164498074582340715379046729113934 -2.0890096736640004645244590602850867078302121460728910171007576064212796177548838289296220050690168312414844957686034946428962579424874148169987861323603477112811314467124455660712631652874394274883834e-07
-1.5000011036590183732079325135335050584454210360990908035611351237344479640488184507167771536826123383854333431036053693163993544072538282911988933672434117487370778946242854011549194907730691060054779 -1.636274865014646997265192824736148790898144667832545177959279488958070517758814955738523714791173255589843069858881733560282582670856420575247147319048455812429416926083738779795389772720016150944014e-07
-1.5000007981772518281705673227236224382869840936568623917394076805804808667362349649792579809057675383412216284576828422351239349499957977798301695460314871358134676144295930972565515420930422969679998 -1.2448602893108578085674898337709611055070601245104680439304524595219844585042781479104477914073465048477202441513239681638569600733139343991844580570421664025040832138723085366214208887275069626080721e-07
-1.5000005528924552943211474946362216967264880414306574506808030983845092619579628115553421416423099641519190043074825755731001870873465125927906230518650730810148219717317044873881951553130968562526182 -9.115057324296854270726746691551703464866245484484201578796527132237870691606090143568778786234788637778893962022439560101042705985080121968062669929157816355208530457020458541802903800407970625759525e-08
-1.5000003624371016589275961736022944204457827489720756174411716978551645969880286933048101109428755573544708910744066554834922929477401424708909795922603506767812104794716796741805347561743891261816342 -6.3430416592107409989780402862305475907018155380700064104799328288827663064039954892423164521954190305757466801050555083289186172793164806627429162264725519580255650662850022008181710065117780101858308e-08
-1.5000002209990984778555531176215765669427526527849807066170174674046036978946052778465693753474524568972996574075119241352170877361773877690170949488900138273455040141203077227891696548025307794831068 -4.1198337405793515746469604491015978655329304161165765241181002365964303038425322372920769343876564425595164760167289845853670494805339425793900747182430574512666864202001326987456419382107026030412839e-08
-1.5000001221552998008390292621030242078271277629114462937786132387386010078828883915018262193777322492883394033539918986548421354476396517098153464886080710597105637247121342079765356274976040043214103 -2.4305974656588811048675337220740648315915206814490619733734797724170233069461632549909485911321891034818277115980692019480798401452315843600220249255391914950666970709191656126037311079161884682370616e-08
-1.5000000587485611247804809853563821175078893252280567987126522824921061398700908506677694367664573159219008058797797170185541892768490367500975024807055220393156271285788244579770281166102911966860673 -1.24755420025530146946429047298034136637315647165787163235438208026993826145271517645817546798691072675104279499142075859659678506352309779368092783609567954543586293439184519519023600783457643914388e-08
-1.5000000228968378434148532903223770980189215759317451146064988246829390613763849744529427083683653576990788680067869494619381719379446416823350143598085964607139405825305993804822398490009341131272633 -5.1716979784715776868264894260447073200617831296011463004608710732337966941666872551640905701248709272317278873079150037233685481928972761400856408770724742061610084212815486913730548562624976840019546e-09
-1.500000006277435293314457567183171640261461094705115940957613062254133575551823052103746389923145372116683154503332617815534722002689137664971860079905813673124588460063034933687576038386368707580434 -1.4962695579298563859333673184711963735609048560065064039888126652232221703179819063236471408930462602774045658383363125420172756334700264176620311090754998438175303678322268133786584552279624823665894e-09
-1.5000000000106286052697227957690772068354634810999628489412015009374786635041974977659285205691879454664119144668145289684775082152168489538790766944600511037075519995683222574894283910303014452749718 -2.6965016349981251457909231806838832813020883043689915381622584350613128716080109807777651150488396876989079295796591633997736661268115413999630416798103193585717941914592788851982488837901739045562316e-12
-1.5000000008443443888366270499119323702450338914548852712086202409447966036508591666462054839077488680587404397519120684423338706777378583507632127745622990515335663878320645895888874827172809083539612 -2.0957033526734808211027657920341199904561003460622374963720712644066021163758766647243385451096987569272698195604523997886840542596635165077594287568030108465436626720656514852887519352659653880262624e-10
-1.499605190976016300229661274507480011971289981366252446185588791500976614331534802783954779916933036506087540497509240729793812348753681996452752099125602893742968139059615839587354169201575114562512 -3.1586151252324326950612652385560140748276668484154564339136810372854825672339159326205391450278895926561342843523636999916091364692163139350768611764517505542106869994768196822588345670137460826092139e-26
-1.4996169858577380747570520342344521675941361240297970972994821189060705877770191735485816619314409220283354118799840781234157040494418050546755305824705895296246865557997004238261374597935583021838957 -3.0276493509716372314907753442999740322478774477036407089864017676469984645699071630502907911651532944837658790297703174392466170587734905860507767631456036322144245898532221098814087734446786634538798e-26
-1.5000042798552827612231898119022474348228943091051209167316650212548323834686788131823822232868034271339739117080536881208392171064531220080741083320912506610497523431946820057612766264987184497337792 5.8442953803693394121502657483724767570113770104152537111384359029859277692331094854727873900179039355232174570867223185693950242892616892906994783353286290842694080398410320715773513230454844346212627e-06
-1.4996282602961679749466297584240641205119178919774129108014060727590588862831576097178003278358577964610986347449444663020605607086394945754539940158112422491116283221256282246467892422378733214579341 -2.9036753956431782172918552778028504077892990669689571349296466984152599393816672115190895538325773430626983617800574807321247071414364076416362347626001720812622370017996678013662500921008888808750091e-26
-1.4996390444476502348931580348147629705085444866353122764475156791137785768705699175686213615618447381142310054802942595552711844795548306915570844463162676670029777427236594791431032296599434570300156 -2.7862425348032465993120325255655477740319743845943912242170686656128056786620525000725807495028331648138479939480511273765151730392284179454926195583398592335063012113452270512329221156244630864248173e-26
-1.4996493663168275431047652501229826840691070386690897403181772214814541712602112467998588273870565285896785803203316988207681197711496222189277575811210959199795619306849741890962462533243701270355367 -2.6749321948872767106808133035517192007971872914865998097551692647688285376627689989345360209373132559822578345916434694569112213239585599872764750091931522727463422109100378052128102844289086339473212e-26
-1.4996592519381728893056291171764855799995492747476887171793594538022564248578324694376773877109129028745395059939000588110544508350507233892647927831020987055583484614259596166984147046108274827285727 -2.5693540135903315015528715745311043350481714264980262908346578995166841500786326303418085624940084943774885312778404955051839877558517121230016396199863768604193601529264491694266401328687840705055114e-26
-1.5000007412031301714717612494502924252087794100631253717055509035593672569288045979109638990400449741741499765957915886383689933131644558082250785073543909903706380657541754595359184958233540411971654 1.1935570584344323342956129481492470626445303026595042578778696724606906814263915298165514621215160468017322916396637135694626999299616883908554797370091603150379674333784572276704306495345254707075922e-05
-1.4996687255399117196598135085803743369866961259964426748113417136731653280054421902852152286206713609572157870548386925988377241246317765758171222967317660300198581927990175620015728268458876736928335 -2.4691409653641745355993359969148191206378988196612817665121070042394216353508702755394176415587906720441823915617636023080209631512425726503059031262442174469483061905324229103926535356840462959212177e-26
-1.4996778096922588928332914002521726466214849359221510466815600155297844298606679375394530973839773529993175788723377624173381676607766693572478141117178819499843312610494513833245504972245415476788954 -2.373942431002471565372503529667657290850412716882196260038032164800029774739913988633430431841955454884433066328443199487097388136180414375388378064757236095938474983954887873638953448144952159542828e-26
-1.4996865254416616392420902325974269616962941856443594111790225510564152175092945835796189391650935585253000085168338041080858794962260783076556448039606788212977332346364719153322071538640977414539014 -2.2834131210987115604202499244416948640249078051724058563669754754164318290132559659505393301561631156435906861901520476961003663194106743037896564962717648003711292861165211099847390321806227679422796e-26
-1.4996948924325374230636870700616048352379748764817224636187448042681746613025665851514852659978952935706080994127974790507508016905409699340406552883451962989982640802300539380141656548638526416039909 -2.197193979101390661023637699530441584563110799634527895313263098016984222090347454789349401331721390267135642020148557836079149675186797478455244849179637303227412454293062011107082365731045987381641e-26
-1.4997029290178198253281297954755284836160905773855942217691879659743010681863856299985270811855226708539501084323209578218537728510839845905118921895599504137955810536254363045187254029009827992281276 -2.1148779414402982378268518491928076203639815042761258449137172957130988550024537394240521721642130920756158280730018193790043007334039812141596636626747259054111810408716541782781821435442908052978903e-26
-1.4999943881844250275504061547981751868824751759394794960257613350194600921118430983840754900822430798981186849261097891704947821078414477821274411833799972826117146388569440630519517123097627828878895 1.6687854256345489794718923625688421595334329363862675150276064358654314130340783049218910873728825721224770499173245841170682979225416201376167371404257556032035555069256034369284727964158203431681356e-05
-1.4997106523594725335221889599469622097282288482671036437600754652625005242967069493299530667432479471144163296022570575451898142053300894162542992623794668416435353363609838518675309060875310296304552 -2.0359475781550537773072157702267818813237354698947753916405846671545041711792047444985062869619315692883378674786044873338822516482793893659797113506164987284335897951132675491541026848989101892995292e-26
-1.4997180785199980433166321701147700332103123411631324775605427754425482759615472671769591385147232675906846346874565713887531918482004168801633534499490667925607157918324922634938814695129864641168425 -1.9596611881530052631712558945311542865604766072202093675719745708375953878713737473180403723777704206384797639607246993852329759755160914575883812836393547848483040072082083170254744318704738400497698e-26
-1.4997252225458510391570130423305798805025232031512073652443610720757525244324290947533724925982707424636062781242792215662897113029982106820658426776965260335309063305732598907040942930599266701940911 -1.8848454406193419577361557215536941894949226107138091265033581450673401900572908817128816706197457712739281295718747217643734017150355803451835611556145164559552217306259217720313173241560221272641841e-26
-1.4997320985435643155077698367632862857654074984312846344469325788942631983861931935612975380340172482764229460304488584495420496121459559705279703351430829663602104831064267418425570448870910464723758 -1.8095202441949009815402697647879445968323939903732944358501098299332424568882444375669823404395239295390136758499083782074366928585454598060446765136369395920363461334814555555128990987268395484261518e-26
-1.4997387197493055628404692046853009965981783511405567661359373671057112190051326034991809468536380179068457248867717977568848993352169787722477769293114943337808574640096760133615352363712825575517837 -1.7302251606214669502536281614210035520226107136700707338350371404725824703065299306351263629357307149242562852186638846246388906393479049023062046613242105928647278615890652034097710256658438455779344e-26
-1.4997450985925046919946469932536286798545476995994749284482422427969564111147516980195662879488813295219875993803621784214622040489203353133526327061281406569296821513810504024158495171997253359801173 -1.6408194224565385490031116257703312387110881006032530991247118856035061794657372217268084424601854298446389873902250153090770687249426437518651184432947792858936924149298109695486158701352705309219353e-26
-1.4997512467541221692519895230740695034253754413706017564173535848737069849620747177613796286768954379914988602814846264933792251621212667009612973638387963344635945839209325407186571293440846764858705 -1.5303610548301022596406586952407878371541608096951822678230960844647620404797474850742576349196996133391409958409557442457338729307108841871415149236611291163600055347291993820609489516250692924694247e-26
-1.4999862180941580064258288512742219511770191713839322742501887708386306428310891021005917089570649464429957368675074268420940391064117687695526236135589448403788751020071395624666835741938400313048674 1.9573837010120847091533878604569801120640174091671129315856963182901581270589349113111586671158548382523549448538630630502246473433778202857621622825452299955870599747676784459462296101194004438054153e-05
-1.4997571752200678489576273325095403785972708477013693844693489819356369138952329211514649503774808140919863578922665245815784067545357201854121537558106844515094965337391732046335778826951168951640405 -1.3793873968290247841000454319797423628831256392344644656582891382727975340930100893125397488835131003438597512416195387294606133628122088354172960315453811678978333692200709981163194802099121918901211e-26
-1.4997628943302259608973905769400246473373803589507022842989253055925322685559609713271522367973970092398677446435003053273728057666792623017042416651311770885459431152007345067894761099004389752895364 -1.1534410736215384708375583612588882611310164352484481835147941536830068491267368795750802315576510987784138988731104744689773797042876706525043635687548694264962828889789557143111470523140701501484293e-26
-1.4997684138234943233725678074679303393289105474384195679653526864009249266540551124044036677718410879078754805388363752694412515975325882640821653562214063845349793400753519904389064978326713552030739 -7.9188314499714039712453318558947903541456255546809350829750145366885531010739869536913736319024574948546879548103748428509377289184885065442909818227259175298661012541473977201409759286081587611388476e-27
-1.4997737428792037229178319161460182221714109831520200848955774560279197084925379553722320520128376470042504954634279478462886821787673049116025473207389031446090732252085614822967225170817826185610809 -1.8869755637798269230548206067532108286611340447954151811632195700777246065815506308036958136887387215228980612303246312699484358297931829762799674867564373005501783526230546187836637225802884649506558e-27
-1.4997788901552460477746173731864159537791515934876408792648514615809961789165064736382977679334573889288278162358616348177325089472612805097254939102911425683429421538825431872151742761407922896077276 8.4022562091792062069954436986745161881976655110083676157620741629410889855408143110262622108874539853066582022240330996653600830882897412069284312616313701874414907214199488050061184054614720400897846e-27
-1.4997838638232065958607113400381890914780043437748622217148883012557876532990150230814539936986017534543295105752704214032711750339108077365110957091524883686625258581145742508860174181446260876154446 2.6124930031212322577914812903120725729265272547119413809101644890864076913834340982319021544603502368242005857749339851237713538822211594987300824810545221325856368892509208472776573035837840954423627e-26
-1.4997886716007664886180192834748557335690761680067921860261377312065308335830760290516875147970756996761380295690006383029721182813973678610826648090211864969239572420611823207058914031110078681976704 5.6724465270494638460062420199599417717514501013273428878878826161576182386298668865908705589407354076192791701003796309447815378075792598261721365735114882943382678233533657376400947400400231667752502e-26
-1.4997933207816148664362410740953285840163357773498101475542471875583968282367238346058221002123688466649617711980240015937131065706900840138628841614005832343619468706958654305421169210802553633433631 1.0947143482010059415375502577423900479637736197388412210404226956592087825969152408360683328541663640720438718601472482790478726073006748279830624051967935054474760614193926771412215062399335742703571e-25
-1.4999772319123577401922791833319379045566217343194244726851417934433030476893443989168070904315312544581962653953927493559630012729475655271705514395354772084650247695758811414439581129696983237765433 2.0340676319261643740333515881752963396036528511513292635105306381936521341631833719547850851058781496041991260265846134576337721383880880715287774648803910933676926395374786525004713811009975178744139e-05
-1.499797818263087133661818830143891732117928151084750440616926890835455482124820423203192395400760870883052176079603116883543991954050555096168866849236844802959433475435456217107553030167849248626123 2.0005806305179075468241834693144536105563627955506281101076889690605358751267011723602865845738222237001553827202216843502066057054016459509698818927313859100774294488255370579098919409999490675791398e-25
-1.4998021705717246254557279156666980105866065124780750967359780887162190590933740403438793707298197534066140733589050254777447284027694698387048679569202142129839370033407634313031674221969149884373043 3.5489009916221329165275696478225023823463958087791048992574154740354200961388869501787643849566043507090082649268466872121546281996825800178052473274377160101056989668239695739808283465269527468819382e-25
-1.4998063838869323916910308969335740596728722818476594971861298508426672177920010538504033818894027035543641696726948244511614472066428415148834286730334000097521379831508478983595479987463889700519822 6.1814907749855137831178787328298055578407679632457910079201576108808356649387587942751943168888779267727020090793705162656939815238533748758463544680830605312124640126051922025381467057147712140336038e-25
-1.4998104640628950783591035130014150548924958052482953465244891386733638605875013426299828263016149675632470906182018626979101278600104342699106068056404760934102688704183870774038264149572101307692928 1.0633543462263082043369213142585853070649516459173717239703907536679060070242267791688271833890353279341473753417431133664467449387186290059192421469326493394143391039195479633436375897121092913589452e-24
-1.4998144166488959102180210650802583042308045806378641287848057664897642874976817190811999296380842042687162546655613333457543519106500624963754420371792344034586298509857117528653616682269882844600204 1.8121997539838100026566705730061609232055840645835710706676668381891331458612872570441640553737986966147129908346326571694269211709413851100419077128899646885403762018269452582037567909614452114640127e-24
-1.4998182469081703429913097639223603312810678804827273096067447332181190492018100107070183763479971022821655171725615387186805672252397008434150619173444166039572065484332812626462694792289042971603569 3.0650985298778549130608104133058300606069542691742547194547681387358690558499583731444141405836498914428427005359944200667995565011208191983372315739846621897533931994008199950177371719579040615712546e-24
-1.4998219598354138866586127206510109495341736584952837945194363961495393122768267983130812524258970755796817669569573062497553692016386498603605010988372707821698214568959201193405401704041601466173129 5.1504911128707952642575398347859063292495876908210976614667501452018019031613608945483527883564953680850344931157760519881346783245949193786977434360090011079015748131718739160934558014170020091863015e-24
-1.4998255601730527514989435947614284552588988711418556573294017375734575644370559337267849678125514973491576727255743617476335708825692433251854208301290806352788725075287416948233399943317794480368155 8.6040978442617888180488669086285863115145523339219735475091702580356589188773727323818507644682952940154987820631018343725685959117153278314530485293156395547827557898762860595303725813323706576351768e-24
-1.4998290524263762019507880489310066811743599209253185751839410071930747181878319707181061693619821691020791655336101974804400468691574713025214155391908560778470396491384184042929198276193850863098572 1.4295773844014215036727177106284999940893309778039819237977967408148671393758828038444013484356243012772403019332115676756746748704406691701680082915053025490629192418708985208144969701228073126771444e-23
-1.4999683955493370715272895498448652408451458155498165439782626152272509384338959511621631546119661085865365852592724260262050235102576259881634371525256314794717036353522525370750727811323308823157435 1.9005230237608493944613560443745908543239832728971207051443056258573479429533480499393644191371900594455346804761450668548123689364633553793317990405239090602039144110733895328439519312799250582514319e-05
-1.4998324408776207022786232152737919867297920705380852601422643649770881751664627188733793140850441681414373435077610340588458422733868756035420355461970927002726967429910117198781714539243200969790525 2.3631748977508172301822342644479267469453090749571259029824048133934576915253586892903993456743798882402465281484060230895901401387035937349466955876682123931593063732761052609387929825244468501686969e-23
-1.4998357295990879985446366869476478570944743979413071436279500072756725588947401563038454346983289975167752427260178605380216427306439845825020907728589500104030085561503480560271476340559033077304411 3.8875818344457395210577407745023803589831038981990418147331839399976046646540632791929756342108315239560586541539928962125235406999476654281685837384943001501972318902469721519496143790584364297872206e-23
-1.4998389224653721116239332438855677051013753496611521618819596992638825914495437795764930828420054960867159591206564323829136520230666785840796436483561907678126040873152747763626429814354941580370388 6.3657573214721556467545128770202119622882535134044669631074995260668123952969465526244138089815456118892121855102379455308042600040723312922235898348597075692728795895854998329282521482878229632031614e-23
-1.4998420231647637346949271915815765851609598392923469380596046338195020187634312219629127592914393903335613860089672773449073515249371795751307061293349937248775053884956180602149425951763602317838757 1.0377375963285048967691129887473229044802247203659800173364960149512474406729235952672776954425323158053414287830418901129502138900356026051612805338142859258148441628705426854098875715306197361731024e-22
-1.4998450352098946637781623221174289215756330824692261401566547532943193410743378000121624910078964735411099158874055528386787589179731436905343501333214864742204207738850675326028300114923998216161172 1.684475595307511432418060332713004078184461133627958424249677052639540051171613610041630087255754403295848927465285537261989593969340088812891736405698344854182079904811989831706677393001761178979567e-22
-1.4998479619476795776168790778161602915154936287675719669166782690415569183788628215384900204674553025685502253388238653490320392589385196446669011811885759800616607381761358026333683199985489841756628 2.7230105478240835371984336367863586521594963763512876609191834064302097025682721208324298693244978385494394809452920925108301939094242935800661762871006387757757847977855610560974715164763144300174068e-22
-1.4998508065686076667714387926695923941020417006999123272636116805219920757119250355050184629136418223405523709809332346084656857637147935336015975698338142491171273302944069848184416319519050250136578 4.3843518627217171648812576658466272794758456683607636994206001655073563110702303777647421752398177102994949126308496618278563339605182140024975438149101032234268668965221743508744054867281734802814362e-22
-1.4998535721154322408083498286366808366410852299133155457071128081030879694165014909366117642355859773083581679477253890253866519012707181726514970578934284909711861082871551133752527785441195201689563 7.0322473973863621039058785926160234409465653796865153486423401606387758653108466002925302513552132994337111485277895894626717393948243580508447495141403309961371098835399978998367646921415229385554239e-22
-1.4998562614913024720164285308584413209373975165644141120078686071690137076006341731197883104944854743842118434099433965730899485659796674287581617128975057108002450801954150795286215647118867717744007 1.1237620950013790355348493826761954443208023327324066663166876544576445467361281531776068176374393170438741587784591679729704577318126247724260549221623949251554433736899950879503356309409537025532433e-21
-1.4998588774673778241793612725677079083733421651300739176803461353185116146844299729013628194969968307131709011613120305623923554462634681613529411310468872083177205958559647841635106934079121662640082 1.7893814614537910844345727752548518176623763898262288995157423402645824706949051372450221815006281227460392614171861026341351287187536797919417173686930488061159164429302997802158669420613356564371598e-21
-1.4998614226899624298944610605492103038079693262585850572375081035895945826400459181269887369045921043661367379823451001588438495284453490030862678083275617154495899198679597960698987657125398154717708 2.8394540031278363940182777514621585105203206967815507596951782665399486597270915257769758324018313212077802512706312820748627875363251138555523253241559807269423368925397714364575217132346552853209808e-21
-1.4998638996871936878874864026077844295102077746904408540665819500695295570405489595334635820021818444310177469451906394343765909669975361974145282478559813457063108844973435873798387237075758608820067 4.4907978808754275508307237210172676463714545868204886505096177478996261047637716654158938954754701709836831229066754740327525206188014026514574289232953924625653681522417269539507298771163329765172451e-21
-1.4998663108753166242473533453210623611154305471310705474004292668451656623854072214218416037591740823723218877178800509531588122536168797879236036784585622657043250645837284814823674703137576650863512 7.0797982232389675450081282545216283514439357327796142722773176418581616308041304486802727136412479192611871851122373593581780303867635420506399207354662373040668218374486863929654389085106983644857867e-21
-1.4999605651036192549929546599373629263893401033137659740620255239929262065082362532533428834003875467865157780628257063882656049277740512713440598079194741195348109657334029166797746163986717371605096 1.5794194563407205937210049109460516538901131410497803263375793350575142885569732918975854392924837129349500650842715844450595373166099027705975481747728117837519728910586714894422567191090799209905234e-05
-1.4998686585645730730007573317569348722629475881336411200472317602985550821399670826451214699383744703106644023965317290621045641549831737745812203801798592827411598611747939813117109366475135554121511 1.1126985174049855232179633282324244147639056876238389227419052156555776621835658060454518359176753476645401580112156877094928239105322853698256953735781737306009460937883050779441668971959012956875427e-20
-1.4998709449647324591295854622321252394612380777908941448196275492163100498565571513234085563502313644300035085374841843677030795498885435619880197160905086844315810476701334732939900338865399261664415 1.7435831846106845021366280230967938467153135057480621634808891851820541013444419781700252824185699457615397233327501945739192252279174613903913272055202730786660223407499244367280146255428116303514621e-20
-1.499873172190288890526948652706272878166294574531781446687205528111548935964652289259531539596604281623793058207795160204533491668285852242109457651633133482167955713781346911081080860177278518974158 2.7243596869415761645003435651013231208847747030665740370465935182839089257274350941930582781172448035161921164176057198166794904546025996005985320411972161453231899266712752762303926042639291767715253e-20
-1.4998753422653473661113759721347889752437156406211934668602460076815691213945017481631991935287850313424030400892390411191555556101689381737303732979877791358820692408847136628816030527605907434965862 4.2451181732518322957437585271555494868312906888938594620029240514786668205510734081372315074841684355712694197455410552646478674700695087893850924798356765952685921407078401893502076684263374247646325e-20
-1.4998774571282201688604517735488674182544387216968581407706592239417771511931494758167230327703063392549223117279181718515773665631942826741834145745763819855714757222963540385280924832013180551800035 6.5972750857591521897194088865241774080131009595255649550853606135659763046633282901253939414007184649861975313158518103076053264405232674151346898596650355725898114671191256269201502554420445296215496e-20
-1.4998795186357529200351865904976060677349036662131262238984982727829610600428667051465629789865177271814980815451345083169038996057488836461041672587933913251139532902122416382845260817934693999444399 1.0226659386065361386230500192982775911631716679890420494799051070290570048261478359507101811429213899791111785877625952028933031502753046371948360563780142208484226012620140822653816593013233645483709e-19
-1.4998815285673983109780401246125787412193481591990444745679260807229090786345626872729834312448118187446217389188241903419631793799736737742802318987243437944804272586695802405901018927445738695861732 1.581398702835250123552982304592839590695346035249504002307109033964197891949984905518545846850233643836774932018539106548805054308381706960849424670323604047043857520237866997923825697821925205186821e-19
-1.4998834886290541895380940388743240364044524191809373275319975307777237792910455728933237058431886050519036129127176268941861727913075175052961195104605809247879014454334439325558681297207394619670471 2.4396666722730319225117441875680508385764342713748121170728887035433659785159851405510490552292706598147688775760929159210599549382463831016396017757064289972511637845073682544388148183412080528304794e-19
-1.4998854004566814485468483762331026872623631058249746947625352374972339263335444790599147784381011787585513950049355321307468855153540821160621205462673127464872848365928748028119731252548579912043953 3.7552899563985378770369449769692051311759872019416631090819943925132913207294286463627016723387821308245417116176379618731218741985274493918111170813223618783477343637141194355160317436577140950249576e-19
-1.4998872656197160340361712835516107325662680537095223037113350652840645633015715191579789464779399405606783245680208773687886534515629417576563875211470998140178370380135230856830281489673432823988701 5.7679557418800948656806665201294062454559103550122443654455110715789428580026086355386825993128122826025749795288893171896979626329915271525387504962966056719985213642654945568571485616685815727323522e-19
-1.499889085624288352202193392551697283304240548112109896154923272421586520848708177280061138868536933768468893700073383802203566181598779946703133977124197410024128210617112916388337114761446760249904 8.8411086720842992233883209848855685023553205747387452385971398001947396949060294936483740597246449828784685110015798077951111294784811885476261426271067388828791130866781025200853365175884339751318185e-19
-1.4998908619162623984705690953974317429650487561222738531463331354586776183359871171406986743243482390963780962311858070889832491426293580289722216619818573987200124327714900171579285995885543723196751 1.3525027975456514432414966312852106693994555893247666069206639303670059866496472223298221129278810053348908177721690593691456010738044853391773511833628619628431274060216986976614113489677891737627112e-18
-1.4998925958841060521662391675071141825475970872608804518788189869607716219331753413598708636076707781146495498082840372306906908536997934094794702125728124462079596300380955633211367479549539660706393 2.0651705929015971741301326725255827402162672054914852325933019328108614132576920937178786164317420050013205849662858966111490905483967308915918758676260501138718315513850764495780707101032712449929697e-18
-1.4998942888616031696750243930698751018466414313413424905996074768786388464358506543259805225838568387549747203197094417097726355454109181717547863529212537983132413333517708994253779464069994711188682 3.1477422124382907213944749868418492841683148580455682142813722058307423629295400942570539369777573788263669850434292634562752522182961432865689669215150402803803111082588679467732471317110132437370318e-18
-1.4998959421304173616597924480639678841003311005647125391206105797603593434869158127770587138181183385780870433818252445114956064825475390966476538798467000643734002812143138959930104601305424612904384 4.7896801622040103599150285759295837417968970834656457392997698351668666564379452304028825614473504952014266252717062643244594277393452558609114825871151177578656529592905127112214393438247820567367668e-18
-1.4998975569225166504677952085564269988697169337382787054359386834482777640346329902978151753541634227501442168471362220960780070783352577881718924098302844358599425811549991064615071956282760929057406 7.2763943298103391536625946086936167998990535297778575591615575081261591492225700443819645098548062227303491131222328707041156893725645112543877134435383188447964331783518507038245175377902781354215548e-18
-1.499954436325551646233908285995667086829122659258368753525339451806748737234636181704009497293034813736945435986070075364847383429038017691777332374019006190342513777267209159926137026971078053326313 1.1078258002441839534515590149865215963054245383196665632711180087699079365269561773687597411775819775899914793507429615693928676885116720150942949452582785258584985474966619224940635620173206570390666e-05
-1.4998991344224675674425917463858408943613799216840193915404209833163192818055952739022827755078467629838577461451555289299008581965957363209234671717952030868016116971699618475743703933630040271878597 1.1037383598640911952272605564458945314384791573011896391971450259534443216367522229769771993844638042223774201339249647978982526622867729822151859270363757249694235451451589499368939520607980176674408e-17
-1.499900675769606661986261674139927670815418629959838875459818014704999069167129399259258018289591861933492927407538354871582662934851501909544051520883946077350010564405421264733212442959692842062265 1.6718362627211602264366197565568985148992822392853105333414214454075823815436401937897868578660064049577089702569379537213113189686156317374846425439426318963098478397335799083764192522722767253870441e-17
-1.49990218206009685086177612929518029546793756014224603050575798254377772949616761569649461602790029061406002413080719909535370826370692081006966504324173517949969192361149094504039146832775303807748 2.5289267123869086881768380295727719715286544257079695199793631054602871101782834399142100544615224019849232102449350462527867836018365512371512315109124912328045474002644942785848480610131743618290937e-17
-1.499903654348875533702255412239894860647840499581084499075696989199923989585697116547255727090950779861680752346528426252593281889281615702306146718383844492833902261988966819902050702680450465910806 3.8205914569881347058276193888560902024463958486570269482154355562162160157801739625556197405913119738997780645426845413115804616886390620232047762390558419955266132101630716298736501950183489804380947e-17
-1.4999050936515009356532831759837294557001987517870966241647793610680924334807726379552924538802803731623689186893247515933130687593639765640551226902767847974202874524184317801349400586974140033171584 5.7651891917255885231259737739195664246647169278334539890110284889360234072071470591680696730181174423969561355783113714172015208275146603861163164906548499037570443307566668146979535248998957259285956e-17
-1.499906500945902707463666401166055422493100513336501579841707150293007876680300799479184932714969924976448656957237036757537860909744558845323653089826811296979432251495129825108935832789642309295998 8.6900391268647748650224727485745041708146584093856182110495540122998963932300832244446175317617838423223799968644554884422836931153406365738075351656800810459306451997188434548998875393707520471979066e-17
-1.4999078771740424143750300496808702088110548302678837901858053189667095343892512813843584057352632970475859983949204065113191241355630151206229858253086869944809515869280461882994766764189225210988035 1.3085538281065459609236680767912202735947482182237137358910957226652036853932718116426187326003046078502126266788318885065278666855581349389706939338003264417442318642341444774631651897879165102148926e-16
-1.4999092232434891753005443110793409670872688961671789208224823931282748008447145079812494739504268136516614969893329129756069147549940478370192478137825344382352510430429348227270433504561423193786541 1.9686094675758856228345053749974955666887737208582891180500295767295915457906958433256419463869291684957929431514980079207950505958262792417391317042447318239510784320432621823358938392376650432152281e-16
-1.4999105400289153707069750683347274242771695648984430313063308397093282945770839088068389236101007476515790425897450169539423412619471381540837452578638872114195352826064834939571086523155286597697264 2.9591165489897702918683667466314994146341749872286494366669730262229052301564768862967609981871901861889708148544977748457390881268443321352573886469711807757543368787180695385350327626651105994003064e-16
-1.4999118283735170192001257149660909480661937937427170634189390573373391990188070282677719836826212612383235391689690265860994720281371429311572811310595824632907741104340831241999020838449563134821093 4.4446291918315013761606322747056910669840041094452051564125718033501437617635934754619934652888421675024480699398379014386894692418277805486003081271486148736649811869556421350372321051698268458958178e-16
-1.49991308909036312711934565197405084396744132247596441615531648014938235757573564250283492436530606952142089601584733742551692515562746173019026691245646577273573359232349837926475195144265983979552 6.6713922465083643006927723809291119815880650355303963960899636975352740706782481769129187196010390680733293520129204997666426879051809565368859697188074410397355100099729084672797592032293514207218433e-16
-1.4999143229636780406919126526854646623822737398360251707769985214406801847508736531200781128504236410209001628899476488767001488360887767708316049607113529958595021129017720818366775951514657763661519 1.0007867286802673253132687221163357023700605335591888050052759630545714519474306485816342619362031676878054491353304341978592990974933877697773937793354487498717787127837887235697364772117524009385763e-15
-1.4999155307500605748479981335512223024590497831091715913978855993958819097040780286817456925507880000269070388736348862386266037082073746701444025804076436764201467346553578361566835180956156843319932 1.5005398625622342361619779564343354034383291344255053491224519899607462934903285917143388948264168005214173053153836246612155954245434426121589663371550304802021166153049210779349673849487367513436664e-15
-1.4999167131796434551462958076573369160211208944380076453280101498165676664591172252529542368177063777525715949798136203769349649050903157824339061018669812170680241373776268612853904854654999149465295 2.2489071119683650207962197713396104232295688401799715131693742451004247880672391936653740900296714920155582973192562255310164024358616686822173075463027158827169731217262523049365254262953327886642294e-15
-1.4999178709571963880173394282916640226014010249680961975543771408262764540043375543277412060622371211015564146327822258385512459891917762858633774172923500863122751344731925972327680325362458246376782 3.3693862548966172988959715511862468799382359092672019500252187470653057884390004674249118645297751087642416346756484964238282960094305074819936984062613053712956354138499853926223060181388927061822893e-15
-1.4999190047631758684005226077494845580293999302857837748223913213611197793163810075216622305436608066211029730326704326169731237697732918242150087000637927405292523902934175205298166126400571381311158 5.0468806266432073336640149519473525354299725948378263285462160169144633987032899457787061240967939367980378723371407107876763594929020400552931383591438835988182203527534988745842950136675150932149354e-15
-1.4999201152547246416132658613404563637385602307615088591038591819324580880599818045796169935908725163879833560094397335088791194948247729889993061022139246986421464023424347304599611746219031232548064 7.5583369388301043697783440332945763774370800720527625689086644800553888950904435766570880587213183231026300945714193459645730602090554810307906894956472504938232277505833428786439864706443007034934297e-15
-1.4999212030666235567810230056843683098950790831462336062665455118117857107812135254382610406407682440414156850477043423239029868697210502692267930442256660689570134599670106392462127998095050817864908 1.1318761715890948921684500086025241010404457524448106009475397078369198968395442995914228079436783756023781845289342226586020058772203380861945492434284234738612095576524817292173065612966170211985325e-14
-1.4999578222443726304716928057327894357926046339487033496331473023232988384625031922922132570322994149893804449717363916319749021818937773686261390455183125581999358266992342257728122779500934923246951 -1.0049136342840716411747677122436170820914026146963698183898425867470405427966616717258863345165736695846650471527204216362110597578058588356195942993374416431166959214471111242894856363870358907370255e-06
-1.4999222688121983812303426881498403563994709580723941628482528841454292017630386675662475702152726423718163976903092942970140845044804779471775320321420228925176893073254050573574632751493907943396361 1.6950402082744792328550842225753133870483906135570768509286163820564994868094267018555432302909171469348530088451171895684878154977800160965889596243337779821049561241942409276332895224055575984302968e-14
-1.4999573937945752242965598272533100201236872499604660388538583731455893283209403093928377645165780472184825478545382911432735917402975793710975613551059985998036057177310337663191051218726571909810595 -8.9608728501530958510849528481304450964157161834523878227117431300703174993744143071913852302820646869964245709189059477569287571201546275588774277536440977293682547748371998910867682205528853441963525e-07
-1.499956959444606041123210881672444746583997063608553320341781675010401682447783674983964237198096465467281045761254260473259088905162110407424854837247171466488601740970749284907589432974044112430547 -8.1323705308802212610255997537925346454545358283807887143384496650469069248582608464998176864457544836183139011943892019105037451563533612742408143333607278798713486164432751017689300626560331993614103e-07
-1.4999505184691403186274280712219159838745520534374457489663896580874328151254157593727859500193410194711371910700044106327786842518392456947831636786751458053033671192368947998606231955281582287634112 5.3173077644735979703724625558693990095323948925839911843477482637921733501221476588787849685284928832787298559208911068355559129478147356903835832204689806219710926415616944376502242370555967461589069e-06
-1.4999565190568244636858372361500506452251328532264970683816278246872355739015173038246708609299928710217333640084656430953776945192482580341135152311315680091234165650882717677940730396697700773572119 -7.4311460797031303875330814996856767275075921029403533232335139532933006894314593725890256869201816378301011903014272658531404505859430590025519727092006366266835141072960101929235018224059020638839732e-07
-1.4999560723755684009430891763569496591814413702941624605689529820081903264335222935152834122126861588267832610764437085040285813008019236789890243277153951879602536182835129783876300676284061863879841 -6.8054583172337146279393595969638873029729711297770511214358744382305026708890572310295743704065923716088823471811958617548039648455304959591008374972797768040988822874156404604529729105586212385315205e-07
-1.4999556191701418345368686354629665870680830797516034733562768640181983846241497885818458312217391499008230242049768641568571288567039892490307500756978404697656793676525905503568374800315846775488922 -6.2291031687599820087240480674150310381658286005267128913859928525331373774412092001237913644641018000926456964881093643087758802624485592306785010752749162830818506254427035907089732713779545297920603e-07
-1.4999551592384962980725058896271682904692811043264410155959335450146867672156146001764754622581182420462297682280739286703712763221831357329553224957798178517838953810050773596278650057108222250897135 -5.6867042835230347638017885541159348984605472102243658718634270184051908301751775898516988759651396279180906159876405841014742336495317464294356897158313689585721264760195813220958543751245770704547135e-07
-1.4999233130841839877354191411270244911315280470947547509061708049317999609364323089125555133024960879997424228053157869507453293645275933959922723295601940108611443981092072346289766770274429047889868 2.538686236022269454950359289491797320034778616667341976007411473283706581534895347595143412445473110597780025671929127759923545702579960903545035189857136564677406674241114708675203026575256039024325e-14
-1.4999546924005426803074974176188509908469582395896881185251858723520866558758507455988903194741800333426419700339908956937196839442204796854621480742840334400950773087773527099204195639967707614814468 -5.1683024685873314180222016743032740957678040602815140148129740311665889709657233077269558791998682275055809320408471923253005640925539799037336026274850697200763783520803057875206520222604534663287296e-07
-1.4999243364555481781518754703192293060278950755825108637053220542127300619449857374902340133477703586179665850139647590144386348352785307329359295889833772132651108622204480360893560277334274294257539 3.8029981947041675551055341794766908669931508129592116202702717968063066060227179427436746523991262241834650591331284373814483275277777087292452185056465609870589406814160920049863901372334453164673758e-14
-1.4999542184958561501395999127540214191056544818672616802330085975913937215804133655182428991795594642940294762816788356538165587767694114854657987558925381548439400593029310757172153764927160472289914 -4.6669385475498829530999354529040144820050088200714528402331386754983692078384234708523619069896923128662173018520402575794677474679327343537216291404893164445821092291537566074019070182728182394229511e-07
-1.499925339480277266316625185149373514874594225356138474016110408101619060253367713622053543756217002606433602677757534158199233912082832469291561808872730885099855517616580862843874795584929935042372 5.6986512835986457879037836037251026442227381905680564921696966818161944099046799856490693668697700099987970980985096440925055204523548750121435989415064926455451391350696416840663028129479068196252715e-14
-1.4999537373878900657919666479648521986625179548198311793718552024792245363441402633450447763987689492618051964873057909152076684531178836306345256906543074854385608512832123275442376518938907586631345 -4.1774026711917779092933155870092776763405840032911722610489605936590865456587846055790132119081987776231210495019763844607740699567861721020159270955800616928156104052175361625720982782743307874412835e-07
-1.4999532489771365011527491697289350679905120688575607298029429726374339582573717054992980198793509128291988210458914999603179099837741630403937844500629944113554262551520116624498751867554608656706135 -3.6954861093403067224647114844597561680792018232539844799670042243426330861710542899149596403584506725230949084968537181497215620449365106729841371340265742896537915482463208550832435791923426175261714e-07
-1.4999263226941254083317083852677339282471137647401795980772629641038825680114622304652753873209439062480149856536253580823957559737682021111355975021877079719178774249336331579730601699464284785513879 8.5425682920154629550568875309464446465142773922167374116427962412363855092203633027616493427360815896982474047529651546690277685924890260614065617091453939775104214844717632464458394628247612893653733e-14
-1.4999527532287666882709803375409101393517632261939213171486533579551400318720680774950849438799919990080806466546451717759497647429208591819942283211177116423957441965487270104299306254935164269757495 -3.2174464888219142812706784759010734390696839533946940802074787131910560186377200514793359655965248135193235459643784885148724357751666450425064706408022085046718318217546921823223027231415322807973193e-07
-1.4999522502265239255275863139642734052835733720669665061115773493115561986461960862763769926962613481090959236082162239824119704172690973935363200420646409035380626895296821250657874512713412963067014 -2.7395436402874661288946969954506836329490894731956960022131128381246845879230709159528202815170634115825201094279364185340279186515097791464615615833733572795878753951621366587010718735166220482252576e-07
-1.4999272866153295370648821316468112468288295243414830110757383931776292983513860272489940555445218984242039262283676097194561169253315382260904201532619676869493758298774781269813462266513340094794217 1.2812019643407017583593876066799631434812857580334469554114965746653507447616416871958210161952778856624566919918182130127630581932586984135490778586894959628316123777660609586216485714327272064474927e-13
-1.4999517402780634141399062090957794991187792712670586251152933398844857096242848069955814000738407925710373454121195141966853642131647899012662568937722633932716037229657674510874905237242837256769034 -2.257607124349944615526671275885934645601759581820210583346717562270511841604209564292656072151946138272720380881736473978715098212184297673986681560212592707340136484994807088213565646439048360757079e-07
-1.4999282317452916264513243402750888382169354883350796448928749430200371210853655603928927308721045273618889821646469817895115686769839526686357031058798177305227688059743678064549163512549338057281461 1.9226609469974189864520572349802909184763796952867818054797931183665733649867943380611285166154927854203080109387767388817164274884200541599108899212467827152079594795646112154209269363795566938238559e-13
-1.4999512241267716536505307604688464259115502904891492850454813400470797065491563193723648445188099065039911907452507824357344202330255888055109596796771262211471293376907956923505680259075708515895784 -1.7668482260154750366899511347088285618328511051695662811864117470023847223061514547275769582550374025762688712795925968499513705962995499271410105062024043853271799487683878349968788040230625257486002e-07
-1.4999507033801715364714547793279227764915355137187024277750014380572899109284729806198013668844179821831180688005533498743149584925106623621040284812668163084662616050729872182375848529959869640675682 -1.2631227313998708751092934456588220097329530812575228399337392637017438074286405129838251181427046090987048821045816045940587934933333508351699769830710530247958955096388794750807309764151181019835497e-07
-1.4999291585692298748440526568098255390248277189215761647195219997241468809145850713366803377379661366396956622094716084418746015229968685560048706481651641701699409908662337824982788693838136545650621 2.8872735801602644699734481355747695797877232159755086943204193817800084166326643236580917078161512229163705795584357960495422372051882835768847718196010508822383829787839267063871457167366235748517884e-13
-1.4999501812393770784791314515014513507786420594219446779330541702476334228165888949221718341327458152676364291950400406718613290821043227216973949485310137822241279000892746507361479618800612097425685 -7.5063475166817795008944312081345070228708731057815676604642795001269935570802477173523578149441668417873488295117620316158409494941173147145507279680376618770152370012349561081238362331068889963736608e-08
-1.4999300675568002473415293343009554065842607574608229034396936157798060661075145569509120460696832240078603753009721980590351537246712305367997901414122276347687189313995630301769923917214941636033748 4.3392877155571119616752412175997680346974034013371970209852254508509544895143954806340192820609425059617404976115298881727478033936533608793363327997655472547394941242212800685607493352024115625651719e-13
-1.4999496625080662155272148198078416512454303903536532820570279420223501156931468692325091516172133867239332117825425986832725192591740358132325177747414029772761443389478234231641594169530117591245748 -2.6938329538192835792847150656508111378439188814218539341484141554945516602962508195604933438380893826517764981344387514381560884863955222494763748566626034523564116001837688209601401992496491150901218e-08
-1.4999491477144596839986555860666892661021241086896857799052228979642874210917213744034908274247806073495981603365880948316005419298033986537517268627772133657713305814127703368387165835174732351480565 7.1258595278855646924070683542952359764919351480791484831867371690250263192476569956949921662549262053773177394892560831963647913218353225947353484668942913778962987802331986315025781325785272909896117e-09
-1.4999486240439009495783554631608154096731546985926044537940713468800914465532621907132706452098014908589725426391004268417414746638831809502629810110495808278941196849800442627092885110616503408046855 1.9094591539593822139995278141184071145804570911690401519758952700595372438256628956862905075248958691200466802345067623004802969899214873838093743871915408652511062981929567353668083642639715114595026e-08
-1.4999480789104344289413228760869195654325547668558551345580005756311982883818349544066539532040160469712104540851437117713312346281944594755169613474609308568417280559920400347275516244040406478393024 1.723611411420916735528267767556906132395784062912224506459965240886573466108431336855317744282944495692402213760290082439145460566101414288722249170819575037998748527689424517201382210877449748025973e-08
-1.4999309591626896422819428669305494440912325266035093209691540067438919548997837525799782355972192169289899257632795381461606833609705678913576929828866294474918882422509231680681001188853173563055368 6.5274035850780695505913411987580760224090013757609303776749186729643115286107335720903601659966151291420725342056030537536257528267875361475666105620312637510826702378959878483835834219426464068678917e-13
-1.4999475128879307480329601463009238437928184392346780222554429411963697618870142898871551539640706115305317343904707788919541335271843315567872092212059543986911455728036221256216603521130244901209957 1.2275666394998555803517444041818365601523969734349544519231540459515227048752548611066095947593415711381573525024043275827992409538033223880040832922069161999889367610817171045991251104200865895581881e-08
-1.4999469304936303833922539513612137596834526855921870233793522327399737848447793790689080478438448655969259543749291714085056102516903076758988137609934907100050595826010798025454193567410589406212808 8.1062508635714823521324202065101756891322535697165333065044167878398566639793188892326893635820266523925623134368600208540227166023122064364769461336571383187413721768016276398982707438392941066594489e-09
-1.4999318338271817270310236853166486785334711424571141075679735654258305862100811177695824227991226053336961256121500570911462313628136672526615062240894106111735758673111851780397840478114535745710093 9.8288197158528512842571355483316773640310418482003024167837702436997259130337821933264771700889511116362055082186142456858175080866385114944547601080128556526794500164960931568164138001884244752948959e-13
-1.4999463346411845147888667082238845209705796596320399408075260755768700650334702273928712798905843388613743405817121875280636804578823319401595411143291369908236427651702012149618120399452385122666895 5.2194536926270625335252288521764452374417793140570045990683774768070177079890305355589204394344933740226120547859762693874387448836048983138720839882607783716514819481869767686478246021400496223260718e-09
-1.4999457267303459155299763020821198482702031192146984254822658028582697344471037860152444001485222063772850349030248386078646405002177568177108290682938022338573587907740466871658021102760438738441903 3.3345874569517447392480787315164786850597040289729499290827738257363226347898834975518637648295060031338461694219994181156421312568095458637021424567143405448368761652403885901925573750084314214736115e-09
-1.4999326919766961905929190568106226235844490116382953754893331914613985528846113528140248300949317741355388068932484276193496240214404704918236466737329162689508173492366335018128216374926303055070455 1.4816640658633265209225329375459638903235033487482100909287536950105889969985240482912015849486035949604644842727386632349822294691328508610577170832162126313583127354247218221842400028359384784566007e-12
-1.4999451073568737268593308031398487348972292912633578166022744115457175228128328646585374158282575601332051713341571752336750703294776635668981519933074759958833646134489065571521768765626075187624437 2.127802844871587777691131680958057372570324358265049696488137339762271158587545041983008545100960503760236778208102385946243511248537919618611334867163771817271740506036686409934499965308137187132974e-09
-1.4999444767163671905801730307367795152390130669175428787892281195610920287756325361262475467965343441421550422898425824534410725658191265627372753937963274454798692039727958469781821639892676185427569 1.3596728260598695259443041849604127835444963512578640688919814977736489190382751920281227413381383889569171504225976761636368068718371408137113859478375869687948429938603916153815630639131225711260245e-09
-1.4999335340243017328602655651398718793043594124300298659947140048479311147090064273543927495169679237446904861331986199803959935413357820667396551778739876004625886595214944939310309661104226141466868 2.2363278776811943898602907161548468240363750317255700027503031508868431417142146042625642468564553113616693628552304148536339707103667126156000692480133357850241963085258524109504473127185651741783583e-12
-1.4999438347986683976569059012775037471506288246019025934165384294952251826332906234036142519497073026626343832450791764461234861048827021979159616673609097393124753639193392629871421870202312310626268 8.7098641330290796423398341264774984938149088386285631543463222912273073829988400825861891112755134512688610045115218334148631379496751038177008018575934123487382214591315212029421719801968221258535033e-10
-1.4999431814819511011832228033541583717154024210200787782899627784998128457894528312655173025816178818830123114726865034730061817679394910535020103381389803275909921191173073126963028918593932121379548 5.5954311701012991310850315477841053588892553857819520253981831493059707323610608343314695665802218243835147798787238263684922298269625601873593626551315108668637615258784644340604538742524104688922123e-10
-1.4999343603702024660275163224242078414284573226878616013962553947853617314081886995997252609650636943997008977797566098494231651955906937398745585220664590712807386918175177444334026982243546150797552 3.3799461567279352656955350711757377934532783630554978291597592576837192441752414272813359987547906237176733451750692230287710519027104003247914712908268889292946437557613313270518332317096457710565303e-12
-1.4999425165800628765518268319140305946339367340750469726196745607269214597351045229032103328660815925146487332634183815444043881976578273559545658684709439875397634801422532535856332485265600267461779 3.6053196835095977307036827865825050526925686169913653304706666948001600978961295704628114553641296820585517380181180065198356530744838392548357552597351803010509778159389701703421131256917521746143657e-10
-1.499935171402196399688710854229659926625849552798806312787927596446629576067416679692143520937815557046440461402962593784165391240314704896632872313576020324410709506808826363836519729097322855051207 5.1159382943202477881729343143212895784699586132354402297618446975344712600299188730687191024390934248291813987355924459110331832669901579486711073580537699005728142265530569899916151044109168133726454e-12
-1.4999418398672922107372071399586914007130759041165430122196731854519934778627378507344676086610280807176973121194494334252956754921544239134061330178933080371222010096428456664664925734218994640954797 2.3298398712410091521064782998329870802496737620627428425467340202800535215641627739074147977732271655400444090298752058584116679942467515419723812943716873472868378800060876141897664990629033834952671e-10
-1.4999359674961030789115124572068171636788280934809015080374364250641465259787124042123644277014764736046307179059952961573452354616931613612594455805569833374712146142499588691432004503205104307224159 7.7559701436839005043248356694628522618224323506661831827164212290065292155340801908490412326283615427888261086129716034413250276221121199078391294635241649493569373083371518051589744971663858081816991e-12
-1.499941151091721399454246163425421969152126662731043347789678647945532302150247302458208978410844840585598719871976736087311762992144829719826387129819545660962817437008663123734293861645537955628751 1.5098621725739593828175978974631190632595270328925067648893781945828502740436978245215607549415170815314906418836740475757870437427848976608152069647185403613627178837944460806499754090023788696547438e-10
-1.4999367490161548439153971863678060849709892123320360264029310045947550963422130252287781991115467008150895937650450242129168507821861271166927775466304414745427711410251578532315523000133882097405533 1.1778714360751097369722202557015809965651200741989734024142852511130462472881158353110511064336022301122887292123318270597894139157692065632062046361018166846957759355485987114561011183716896248360217e-11
-1.4999404499825629036600294898520004298146022201792729840541119770836275714912995868594425323764467632528750446430859715521166408099982064362670031730286090362929037166551856184208165906088976448220575 9.811197818875608886045892900104914360178706903296732448063126754956392573192310012702118214751472935107922407305419343116202349638821757463135316802490540734923155360109639349484087007803486635039511e-11
-1.4999375163153419043378974599589590644761147691170635739437002510461825587674459706078726681245177457593101939415832023605445228624269415480761316918806182143809651297832919607678641883426825404406128 1.7921226685391900941670539213971952727818304982399609060722824659151363055543177716367124928247844816593625718812377448697345126986083491285360761174484544100535545939340905323638497860521253265297194e-11
-1.4999397362542140427568337498434286097765140598077404834724289181413219245777754106547074662214094448305156496985535366091934832249142068549915688672853067109798490130210288245184512040040262559275639 6.3917479897523219317659698809687244156578207866892486329375185253011890480858480703060302983102338851066130823618254659824489599879988428457025526745267852521363368888069798702496115029497284407038421e-11
-1.4999382697356943171389866104399883692246525444595275069435833349242416938088159938516534676466092180700418491014329279078016065944420086656606065272158951819497835145754567036192019727526499590919478 2.732148726802416770321145486959164539867363862895995643340956291340558590891540712970684430893048498224647946975107680373282695663048699656572512989334711137242571451258986045501795387309152579204018e-11
-1.4999390096084720397823247466919491770602971580744912323701078920291311485439755807488830445277312896258366791811218211701916670591340407829125999578012484035133997838284763165987708494039223374579724 4.1741479388933599841521435473913185295177220368623532935323917184672221097882771708623046574433862713338052104553466334687711523919021860198712661929192101762380690457424763862107083866603201986078594e-11
1.4151142586474784478381487275623236504279299464638160317224388534508946092793234590444634293543836976320964024482017069403374835600516356387234294460981985440118297360136136486138746476906611072106535 -0.00057854473530421038629964787626746714894147946966537094005714033963895697240972343204400867704214338421753306034470639345371358071714720290247830529772302751179996127198011107106766064323149695956140429
1.4319836005846244724068100182867749440891980803652970038074762204699630891517664607200695616028745640604660561383036327305108493918897753874719094024760792024404770506544018124244424851825112506989954 -0.0004479986639804750250261395012648008537555462757576078220483062342288280490571412477009814355715555225554207294021425213421490402598867878955577934341913105911358863036602498900928274445950635669116055
1.4462393174368016304205475081493524230045093807277646954749393515577018579418070474018237102387643985944016208162571237897435359873612201049662057445164188442533949461873814905584770516850796628971851 -0.00034181280653700156264025467143369448869751540539921480249358083961841082340524007663897598397478012369166063525644297452487799802417118556744294096210530318758560323285231582552619018206951001129551274
1.4582728640067166409915354504919406154029186728757745434831107016535420342053885526997873484222552632549756016283082300404588474358808716603415976192804827911214900413619878994947396801921161156425455 -0.00025600833832631403340929052662681035989735536543837807585936680260420576923892248461411636514078019812119447601913193433214872597052462036927122927260547212212802359958813246995058067043515997278734569
1.4684328310258909912351534986142257112247910668798628798247349601846892539116517528123831975281962818359428965161260993470015897941499991191115449049659019407848985721547891520430629354920409006830483 -0.00018720828656552375893584208182754978985859446009413562951367128861357948756370467439877092656532423767877433359806474519456960194435109920934572870460281615481332454544534797610000953650439992621132704
1.4770548578302561116671399195767685211509478383784840261867803988419340179172731811794843828493718317160466209716100784547348999767451809117342785721387304105951756546314710567246324324448740636900579 -0.00013259465802909713435323282747448618691330883878989327718115943967794489957153069477067429667013521760900017020178835554788855241565867816241654521932134649965939776647303322548862005311580464669559365
1.4845528145780337997450218235537601811657869917066071960931556150905571368605989878539180144718857361743652120953192459223328468621513489653744383757715700926250114934435331667469480725587192340632068 -9.0219874828696998943252361337209995161088120699000951182490041174050441440724383441286835002537376992451871715560693719634917533404777941539285204198885600423222199744408175017478455342355588378033148e-05
1.4853246320965732095388713163523262570672399421919290722963237242581101651599991150158699630086109951122538968033336706176654532482755802614899807828146941738366490893620955363756849284254257329259622 -2.5389753207088554109055623141729932167490677005781717586373224179864984639578924181148789742238365482676697312023878766518752874211313839219184581371386018657988629165085462839052718165116214643298893e-26
1.487647562317949945825849798718153539413656667733087881783571252081386210885168076190371670827136561419329311921042974299170917170347300330931378398360552042466123573986894518732721802184328925180976 -7.9258390401545876371791488040207451965494896765032005164029937995523129496258425839769697763491733948366409776637439143146920483008583880574411281203541676554297546293243107793238231936423002004197737e-26
1.4894685628054223766395817397639392838713274744104934223851524648931301384674247293364375866518575992237303990714023284934135916374548695755374735308501525694527730262591634766058910764821955842421659 -1.4802695592456552213601892952271554177403003078214505175923634876690222876983436054855891093850850618021938570904817890780934451867500971646248289431616146720145487398966713158136237574506355610134427e-25
1.4906541759204419826148976830387023753853801745102746904741549828526703737462840215295588303920994923551024128817833863282008245785040760066364755804196140499676185388655652924168769184919035269612296 -0.001618773867365687186201372012700479626633663524351416140880528610329429428012051661782384678789407499019877198074431769911277729527222834826375288111780880136622006486287449536735283381802479621846458
1.4910347357297830733820575846481017222347181593623360455036334980376302491958455601312840032586056558727752554967262872026609786252230866044658694995788514219139017814561350027547647081037684428819762 -0.0027154649236935105324953741909422919742165118192531251508347909948490235277439761682676691996770425731579816430676178539006482091418202464827261134389203507059379653374299994655139553882018545347330608
1.4915849050379598536583361813948403031477280813531893375150862080403972052113161691887140574709027862956194187751456567019449382175242190927230725737882203606995146740289423423741963735691936051097559 -0.0037329091320585876330412133149365851269337041798357219932773012331874451005719911033179776665969249599395257500920760561895185762197101983357948079892291795508354356606639038316723081466094136775670221
1.4904706916764972808527172843303335159373500620681418378191475464658278503505963187328922271094407849875018989153364815467515208041136191248706933522685615355001396811396189231832695870017840417210491 -0.00047550272244343980301937869235671576155136514803618818780178687161461086111891454559979281363335235446581147950588897444600707539471802743053178915266795622303983060494286519422090859383868170909123084
1.492273342837351069117087596619319723863409369709656868509984717839661563566084758645456522354199221439909243088317851428038937816737674081127984014128718009487708443971388987002702601247325857604588 -0.004641013912313957135585504474796396540765527323632516229974590110367264229191602526569982469249194141103341211017158597859283451129715569811353330856235732251257051326950476953867275228057470474258244
1.4904997701811538130538614661786438377017904809063366978731547292676097457911873207038893327962692956419125741914621274446276912003316968494433865819950284630581793915313873347240389737842073537682046 0.00067979091087202460102326068832093136545200416875811997383353531294193301659119095232521583333735021849758667227793777223066457768559267517812644448834110737491782230007412684838026958567451068677308434
1.4930669348851300185540865484514895311558744203618683243256155304611581537753683743611397665507966077351758377428396878504368976495000183554407159628306908181263448014514654484565793662049266039019474 -0.005414346311075772867090946164117532502693941768520183922543778488206246425614304671360575265511237322704356626253758394031801937415984842900150480174776021852702051853871165437151540154656486723232647
1.4907361452347492605700720674183499015581725424515760177811814108208920230358008087434097594296417677277409786650041801859318033945175720891800575561999147851015779864630602993030830821379209153420846 0.0018113263033427994301954061473474374413730437539514795906719510235897007176758864769022390472330651211356623358053693880280811295146098182069676941033473462060323819029869797541901125447665855541871136
1.4939325516174259043764477379322031165630922690045825536224555902810499834761525597289846444256715591214209403909355054081708772001524359091184910905185082968398517624948446059005377306270614643448908 -0.0060339585091096281262876363526947447389782541764513667523925970911926755420161223439186139681856280238287294072542785638432408981360308714420548417672772724578082989630036434515320738722645252069322965
1.4911577906585969198946597398919921585247006008743773904308055344647798793076748689981126892646825193435128050893930266626845352580133525787153394180723673712938779691959467247267651019434877114821803 0.0028851242563860216637423995572678045809315863018888731568272934959885180187535717888691841173260913774299574945383087160934390147083186119501954819668151302664952808913425324252094388286027703610549155
1.4948402407223561041568802440841611776876462540931429240650393946258137526053081609286618971601926380511441742227993938155082239860581178287918595764738661989603946715818479948891154802505066512592132 -0.0064903135811683274533829974375052220766326328315228636020111911435428072364932119948543768055608137715614035537790756273979212923447573241989391385796935692019840043336547345899937740282134703275484175
1.4917360150328801797566782895377013272278607917235545964271924446384202894809220947606485447532054332007134744322782187297488660570681634076085943236763577113635771015607244361885416062477198292828333 0.0038706776818930683735183561405265572589154889860354958877464981745367765802314430025431931951896637816407937752052562128617108932434157655798630863192650093314504475669816985599451326065413162156651668
1.495762517524106826873862153228697480772906110128961361068982786157163312002526115090906062192230791057749695452064867870784943883152822374409824876260680548864283347786926539896972182011658645558151 -0.0067867932754897401716405757266231310132266713062828694423928103921035650500408455948396484077642354471592671803210492815154974710596173457392502573650682728515782291303699841017891472540799070517219877
1.4924399080839890793474950340741730342762603322619845696978511505863776856822715270701014185154167482014313743128616401891138654657348896265632895708728210929861407374483427803757650298697025482282634 0.0047414299484662123348859061954048772697234594986709977713845005234274142569321957087292825974704354098988220012650781453551591042774594509309008983221383837259410423236408437919419771352401899511627694
1.4966704532632073959372680658819832165519160659158113369010927171248021087806214082446934192336860450037579252841629500295591760853839047815602493378300003408323817847573645136077953588638818775117581 -0.0069356997549182149174117713543636289975840829138273138346636738951350887038996292788231061240331004083607909228986450364688545447525873547615809646051936506114057283670692435675336711070454874550251072
1.4932373281703485173305963640152729395129971990258010992483476866655157310012642886568926627918584059480384690440413660611133672827383973238831171163922132928347849004665355378366053010111621671183476 0.0054757220702605769738277750393828552961042367150139110464582727674735756243779325524705366818949825290304538202524461812381664227749178545254385530085605673697353532226112856952664858945308183738250496
1.4975379283196145208073008327778784648819930389682541863950209793989842567185717029113195997246597132612723034267705702006859782652161111781869517570689366886875766520259667264680207612010267173559725 -0.0069504375492322748753638701628574885995822427736675607613337731565594016950542477714267884748017294937151815172382986379366462448132079628834558855691103106497307890217783285932149932835591816074282929
1.4940971686865455098541473962224391827689708382712749528067855104106705158066288879480687284959245089609789983124033891625055124103385538208418888094762393309747443481688940211580502503843390799731262 0.0060580106121674144755774678499405034350672109839655424221303696181731884177592162062685159005157416352812672708450390994029914265815155036731655174898794952199787042421743782815791327353830888599046439
1.4983475819447734088563666277996336335065135714401714348796538383239324589265320851510701521681053251333715772648048013959364982995641797868992370324390504356352933317793589027618877428954759555997564 -0.0068475203190417923568511030190936355585340200055665569062828965752840498938258095993749645235646553487590759722545399987987729805121025438264293150486900035317952813303965602530603635590892135098065719
1.4949922330779839373463411712426335990677098660039352324404432538014841899379610161984611444556115165163671643113830750492390181207084210038551673365798130878267280106814454953518696215434281098768791 0.0064820114908969755455729723541343037804024846161467110355804312243682454506994192877108454595467471031909311760324670828901045903892173038297037698364266355563934861181724056850577794080245413298618528
1.490920343783503085511365733334670564083131023162786425906238907858495539431285142040285076788570576917028195080106752284365188295508058733022158688306213619221111000497265892611165048334796314240289 -2.1668525438194995708325095918395087113909486561863577433357651985934540584535224585606948376534389485587992686225383367922342895730899578618256755175856908171505155902432459246720389621608878423863233e-25
1.4990859926262954871709138870891304983840839864572369299566322075545478977315903659054249242181522651749777494559486587178014756668198483089070387879784122189089081370068628440111443580133101552293213 -0.0066480099347635424704860232985778416135990242074588515303014627120374647545969342748849291078894856330135045795647806445062419459127530118699030620402284613544944501757233912675025285531463639525411142
1.4958970066328195830210610665851772184405925968515921415575540972870462303139389743744349230516496623011302797838348016784746666050094615940155525853500370516238789405186803166823114794437646733356552 0.0067535351089407902130161850672544157120134530401585546833329153337365054758395710525130468664996848891849903410618895908883535244641906954176529453241717282616736560608779009473651947328263683011959044
1.4997437444198916068483982030342523100868467966039972853648806990811352986544563132097607372119966368813292527261673471276011984136823918454563696078587039106551634866596640205233436848618078205457393 -0.0063707656788739453603877983599447835390834586915232091821454878563810589112246245492211634953995692374764962624029599524661180003675076447515068191198303165833929533151131329409777497775243316775485396
1.4967841010934463969787321158901109831596042959671054159005654575060216418966193594868340511030918052574394717283943004341885240241979811873748555794415074191382643496394615955373469064121078378628835 0.0068848768965687411668184566945672939879274261887507391738410115389918765510986461483832165332012146080414140349898557926629581213312925197099017646553330980556591693290636999202872950242725208461808149
1.5003181652601523848718098263990364749575227936214531801907149431907173965076595069473725887146638934247320096640794132837090375347088759843675605452780879548336038829543257156073292592180105131109108 -0.0060353115375622097959406361618247866184373989097823182572084780601494735499055004150247679528096653060398788445670188373381415403572051325467904249033143254284537837728421290965910654153245750289486013
1.497630045621355557288014587129345088298446487831740620583986850212897495734394635552578602864494836644354854702026308669940048818873516980960264312665327113567003151274141798900388650348777490869809 0.0068882674495366492771800572359912340602232530004753325108727963007594405462827290329530432767651488670823307694070975464490306530601628475120593858081212723522447084491874601317621418056947127126571209
1.4920950875079416194989644019034964222988335852006388814831679882857023028847750559574176477713268788743549518162741971904870443973619933135380225127075602558849519147107840118659611877216587523820392 -2.7545129028430032843545153722216185876052568686756236374318493954333373405023333580537644743383166296375971888595975189424271412463871404369784124106360010156118419384384693782642238799791326631918504e-25
1.5008075571959964144451534853799072363576014667240459341208372159649949249154215543460225034214807732887888093802645498159618238968081566149601053792074278115253827623872862773605382697560189446388524 -0.0056595847508362251690448687920568073371043964906792049874342338528851183574348869188929964891619308843999439757622041553835440109255191634459203419777973208099808941889184473984592804970739803052544432
1.4984195894697715534461373628177680590288427002546306897817122391399196747165349460947186306096784824139390524290485336294481704595564920196785010401309250607498114140953462659389642537339415274091053 0.0067798749955371618496530655266364614482618241145290704886425063422866133634216100736103346790724020220114071958874567106866642476404223337213757139604662394745551534670782689264721961659050801913258186
1.4991397416904866896800838797920739324108977959860660413140733513981891210670117725023253926495787233919751516533038665053951313331019276776658613112512646343205536699601841084901482293847625133104824 0.0065795367011163779854420682146435147354134574141967716689352038779670652681821016513122022272799030067292018797377639233547892079741870991338697981244698609447734811447002554240916518576910177236919427
1.5012160524779003597096217581697713681781308675254826233734399826035254340150582811507226522364322435478951894919202037806629852449570710858269917583343198443812396058651434145119692827784725100598611 -0.0052585231448380689700309166671123287557247912894980185312144360443986497568230717291480148479193300672725558315559497200476596500809659538611557590573751283795884975880000259667495065070080741736126048
1.499782113763059527161253945851338288491631988470932169571857230011489257561608446074592458246770321089137673289592877039065919356333942671875669408161678451642884288314484374602197754504339973301802 0.0063044056640192495392180432002541286042507531569678785460424930025161286329129850617085628278218053872768172844128051587540650027285073391249270807843778133975944073739249686962439498044638878338984083
1.5015468665281685267226036281145620112867362241609941002473321225103335959335249815134869777144077605514520929610507580866766005748578023848498966919461310886723474332420640242938455677679503366606002 -0.0048468507943423722969922984840062762982117531463443130657563845335519392755265720347082409105419706854368548257771999932261401686827608749244004998936876245426833757708508819614792058674207240527172196
1.4930582492857631555664056417520025280358325909336205869352919442974324810592726255282712288361124047998639872944046228532631060243584942505282691959779049821530365737912042509933518324117265070411518 -3.2010810782071835984858317175233776870323706240474925658176139076626239936863795022748002453323919936108883767653383139053708382263118866868842970476440493086415209334647311256055953216974756853799332e-25
1.5003440621465070475905734803220250538559514645414650798390120655654988598830927614212741913915780109969476778556733282249037496797709443500501900709796608694427606266973534076290238582806754619861214 0.0059734704353757982935313604154287385971896018905473907455109626022241227927850697715606663186836690147754451089143243506888561110160057960325093073014682668160970301996014744057281280705232300759637698
1.5018082947166799475536646621675152938925389636748956775759029979307716884016716223799325332847971120687471554171469013216917551619905590488625256027057887210532776185418548292367844525994848012861745 -0.0044336672803221491049833776504451790952314637076219145381094540384321029044011127254077288499213505569305676359109968427009872888635588920455400567550980053327777793599878724593627200503276239154114161
1.5008235703668259135674988066194305021199709507234557688906068851149799542822030864834728923313506723021790366035207933559831399293478696172013908693370026316449621029843556915542659953055476979674064 0.0056030616577730005716555168444431383567834826957844017066190479741127623249404489086828773309015216311377819224647358046607332719236081652961801137028394798330233546090126685629707351397335674521623017
1.5020047289822721084545382370284034012421554975829179912312764281203699745853048497912244078575228817241976591693810254852532004221292218957425251592190794889310872947999209878730954675336867698832024 -0.0040308874903721524742598742081674376877211600656658740860154879213210251673902011930836022493370231151614163502437039977987903287414431046724428259954725990841695895523774537821993666882780595025832808
1.4938572395544811838230878507235374095453523895471026138333940778902739869675368955573873410441427415717902193028254037631216296722001226145026748037228708912869449047384126710766787515134834326714302 -3.5023623315554433350812346698795080774438055951993998394178459870162470877863073492774302309390211725958332479439273564196098947040088718661464848388769322933486993330482037690516915416605911406229574e-25
1.5012248779298555544265071507464413691048910747123989699937113209598251326449070301505447075287427891925002341838065614561456036248284028082801179988024645203185466048626539852145310364716187925811621 0.0052080559970968073786704912797753441230787016063901153664219680521471989207485211044105171972417149055885454831739264681767886781420512789494271030872759458528071005607546829248437426191100643228722307
1.5021482696562880065261100556137825992284377691549571575987263672324143683312905828264702540544902934859903599823343286025712427733024633370595709492916212951519842274515617961968499738808473607073895 -0.003640401658589836137471293257094133796762893885393986842259782060950956655416137468441880328327658386943458024817219516258340521868838487712427002206277513729841200872186702156802394251660170326253196
1.5015500794627322250483026469751753184183429303807985513197817487278936783018597196673135761465667359350725073920665584806141080562691173981011771781670668829344359747948187722357627345620600379225691 0.0048019883103119751037106760073188336782519445075580979588837654096779249641384572576162564283577708674179147145575318591694929234766482333332826135286685264981617210435744465214697578805661204550153499
1.5022383100414841800396423033447008857270807447598413307541345776374008526672597372880502343332318401433627770941628296708524485394507139268948673572280773270241090011809911782082483100479424540921145 -0.0032749695993203876086473331239502899995935077730908538417010661745098336505464856828912584655302052936704374663104645119046753397373822663824969910448694059808396147382328802824186229730012567895850908
1.4945270208813448725687399047139239973534458657281421398233903965555484420121322891531522492182497550484975235221997407052839098588407999974917581841165806474551327312994405408623954433684172251223869 -3.6742439115288751398461838375397916795157699008167041641714040088225002484094919030438829925423895211653092937924796704701559841039237536153906728715840819045763801617016547493300734500989167400631319e-25
1.5018081356712151332537074864891657512292000692928144166163708498476809305609025931440646108830910299642666734217795241110061013152033899570123812888856173041808931806994415383607592587466726632638204 0.0043944750366424785706984935704881454169060015040263960140352035559425440141781398356878647607593508208406261972896504544343668039316625140523415516881160110681143087835572377190437322765171006117435863
1.5022983784463970945177856529799974711569268494660830459875880671791468230471134788244201842473804057532511871953401339515252169248603135964183008063213207248103863501916298176113346185086461153940113 -0.0029248863399687609467915342414929094756780001897262435136375730241436879945740851926858996840854049322375983502552604233522003256660924436358765269888713493062905349713783537181609639045271210651137272
1.5020013893098365720982126198266900807708710337364906221271165504340451358932021328563962566449549146857162123645263421509056566620065484231742833960919940063438888958572692723155357823076659007958564 0.0039961304265527675319577543297420959284776141706164043028117380427495663210246664232463917477428235868231633076359295533449388082008187380865207105775374864180830294323382631375373443527960067236004255
1.5023013982628499303743511798811464744387269092071676985595246273309228615111935819099132814905024318152197748341360763038300619257630275356303620818968856168185472548854092470680523979891577643570639 -0.0026138062245521453564783876775452001042342366513576815056096048005656063562865546238396882632390647421317729218584228256154002713353340341812045581482765031201104346026254595467113254129815406717733521
1.4950937988006250705197182045125776700933783356138499953224587471753803043272267704978233752891302034732440736622259242499388418963121899246688185755921770749873367025354726913138861436818183815535018 -3.7403695716226806365696439930596391836527744562262818818631252920656138509772778357083896409865563772403917213412722865598629052785418146265817858505727475143928850596162715175530333331223134247867284e-25
1.5021442544645564915398172089690271924118691297347146819117688085121567832728036261537959171012386303733741272926206296463432693526057815616642563694487735145065956733293401552513088880931958699845472 0.0036106670935222074322667970705730521397109892404941874171217904000893907164060416711530479401222813702264680003325049612316176545452870091432092582985568323838891350699199082638787010388746594321901415
1.5023274642222650806247869138711959382685042550775011759909596048166917802979367688928051331890048915465606141560083098146363425289356002196928065810840451298692208355050791326465133156629360658185898 -0.0023090680043880185323624026284517444951970331743324341374441991369493786728952491995852012637149498773614601031535079463208378504393327305144113815413451556281151549463836168548804698261340300866437263
1.5022315175714482178195161897542618941780177705775954212054499325482091326323447913983611412473148678084906668686174194846177743881275921649582477234323502453913652529628727826342354004735269983583801 0.0032473619980738874652790976073588253755593663668076694049688173800776339336922931095477912276550317373967434939916127375839776612206357626739160942110233185322328076124062942869333302320356824210499245
1.4955775070281863983115219830609052484411944530770273376171015458962052916727724824412428936460148791986356735056753553872356268998811879613156876368920831443522764691458269554565020055740806781539355 -3.7251516861612581235542038541602461190790029683743351872256835805555563502118370113921540791802136701296993940576086146798321481042056648030155525221071894032443807695312302341852329415583059178768005e-25
1.5022211947064894373638215390380554139561844487590821422128212220009389711853952144405526132568820414716001066310616773247344087660318901632960651881782435711274540145639006443519753204394864246301589 -0.0020652856283861059169888340337382398348170233716544508723439993264106308473373225238171136498941987709848667794422282737585783420385510034867606383545812123830107151664347814880282223927174249580505782
1.5022937940976414982228395493443825997606295300973680056939093580847489882299959718406982740219159086728541630375198075091330536340863937952730880244953203385527321730326307057595621469059230604447353 0.0029037985989554708702948527168808213072952602668672761075617591282379232710699836845304453008450065817427178679354674501153479197883256821038658773744615663807724515568173523366343650563901183471287826
1.502312981766748240640892714420992990347990698228083413568792748239254647543693191578538094691590183884204830439226299608305427196581278342104002976971204139085332209668051084649283769464121787305106 -0.001815249162905809181557893756210388180627031295262406532190392745300037633592754176725655541138828046323132374932330057024562304846720029072849128343776819897661996275609034519721681533609893438700067
1.5022912427156325319673082848468497959101900483095624447986929044009569603133512382704910101748911182154107206507402911256488556140509607290459416808027053894000113245701848449309359064263237059281782 0.0025880646165878060026079243870975185177272912779171719298056530997084129956380411970882666163490525618495518584241831917398628885989146451931893002003810598297899883401443821530208910675024982853839489
1.4959935133308521550977509400303316174514988533623017082207028331319504139600552652692117168314823548607091020483187636415913253512488779856448680315124667696532716896110389277070600185997518383790642 -3.6504464332977435923150407237873271186742533234294657380442705761098406213066359202724111845965458761904722359825982984064333159308312811035782348004180933709408086545938295324450716725208840411992258e-25
1.5022777995390703485193632435601214336953559658017338150683634481795688489196495467951809496187129533032810690171577045685505549745636355102999065886003839503805178942665881093901075104331254073560567 -0.0014051207282184283152484030740479499166381626318762533820177500865492334066943414804958471682216019617906945894010244917176407707551493157014913539461615850735892983511807406934974436466845694710686288
1.5020223696622998050244771741611876168112436101743705768804606131976896326940502631602938014472776038441105200629951555809157983762384668430057674533339792527613881363128844445833623583141313867207335 -0.0016487706675692675866237008501504829311010595594332221203500106719786427950925507541143362039490986864490945107881191367129898770729994168345063085318353902202410481174049529297230251508110999810773549
1.5023235464694647062931838727067141906968013712058238163906032886303797719601817084647771964938786405187261444857732655623242222422966432768098663738630722560830757450366964266206465424567131197649308 0.0023022036967669396794163523005413494206212599779894890764720478593715029049609993165736936150879740303828532781894005536922784918764706856290995838913013626513408278151621731847320750977169055082715149
1.4963538113149451617782120583746178761810447977399793779792465144427756532272473753982940637616301824446221955721262426954408033743376586774743810651205143297067167657522244569023862387583574895855661 -3.5343701536664141727358348749694461588472340305497222213044370284118407061522660693645323447354290582391368215105246192376992081079619994934025536785180163559411968003125399029897246481225460151709392e-25
1.5021920414606844288014590924000990811689398721594604886762163238053948299560173341818767725375330796083861950374314950673991591934204897086643810846061331719408349116954099782160235052770346093774975 -0.0010439620345517775722204774661662624768858848967943706949103617927003519013310697291358129691031984306310168617360773892779119967010570321511318286668776047689974108746481749518787888840422547828335621
1.5021997160139341231724183701789983075919955798026918469336413169232447458861988404430660002981657196090090442437243055859277482019911405583844415677827029188971217747288505380155647790979599952949023 0.002028723258775318388973758800305711027390739676979957217626843674332926261738762492542560859240409808873154812820616991546234852410272148286195179016849479240393481203325245604203846566082049475425101
1.5023094926847509552090747913893466746049210625551819794926234227434175173980221784202798227889018558154128804887680802086316368585806717965232192804983317809896208722343863506811932540722964987987209 0.0018309012418537116912459881941942998405404513827393056856096791983326889786592002035923357826852524786635373378455019756976329883675193968480418724039575223762456267280063017500781442868101871370040974
1.5018112216550067986443582848526264031744502213823004442628476479092458807015576588191899607604854192568402195893566486959187858849363435459388100686580874001986241848672290686156171314844068437091218 -0.0013375167111276312834479493940555706816468343804390164036230084814272861062712212291501424411933211818366994743083177530279104251675086828673443887912651412631079896390452540891552987584320462535287437
1.4966678667012126171209098311730492398473215361178202662717003221663101036678464651443322143575927590945657200555610532954970372427278877143671819295790039350294554653113621008067384477858857352798746 -3.3912221773229212236682758981735614806206892162127812810503018408260843267546811354279311319806000944345581309264543504392427540210379378817701949025455114211312468900904323886609289993407142242105935e-25
1.5020648371840854377397334754733900317572752821105650229142616043391658881445485679417067826110268043744051991644099830701948078285423999864293002974389323309526134094718071198878010979870511665962132 -0.00073779178263716273933807311182952182814915693199231367615686244036886083648698417958367074820491170404656495958042897335100880477812283488449924429033650394001626719181038054492494346563971676324333636
1.5022829118191928641661717748383632607052906521566243794119826270969032542910745131821869483360662568919141416886795000402139614567894311288612183823192850391912293448163197166130987122526027346308079 0.0014216107378397655650239940671661227858295156438284442062003594359680151497431208748045951430152690910956868209718669285580286627684352092598102324829747355915169468287712007395689694167299127228588083
1.5019915289918848302030588566445171719410469033940096381047974051805138535385120718011478984852647639263172537737821990524892720390163889480927008980424843766203614651444381625097465986889818119359519 0.0016140784992992753203008229374970118342091568437057084490175216802597250453706159732486314200283579972356628416392798740725436127277482707295175750532617641261276745520653916809863879474089780212514853
1.5016192049140708153755505077302894275678400410677588602122384502224517478659111826207293853568045656017527467236862027379212729106359500962065533916865466675377438024526513660980776375015597796553153 -0.0010993021156172094206788858934395198855799924160200059896313205803786188645768802790774451041351262050707316096289527062267388724292619754107010104232691726876699726885382945978387064035881882751793187
1.4969432273210666207901893039777722954596263836805254735315729580430357887824397348233564227803809366178462760987592225369412606592358600946527505110635281005324514212107261455757316699151218254476359 -3.2319006182682817571734627601494648545769774658652467093645967358726706968936718621554200196120333167623268536142695790271725330590618299819030926129027680110765317488957393317564632617105205699066055e-25
1.5021992303013147581053507739905819284169426085477081327903598552098885532415281069796389179570939734169305985737633683213995214624578442171346468828011324562840759508629845160181212889555394107638877 0.0010579255206404743370372107373528254058142736058999524832572404488001413301668845978404820717230292131958477626080383623532069152168795873257279372684711169177708485251580203935293258582276616319034795
1.5019093329707296176280181597632858182047211158267058159855059211983497135058321371856163496266044171815770173545389710951879405933933713213306050111724888458177082244998517041171325888060662380250443 -0.00048565560171692751614623572565151207407606269387429653414128304664349550332548966185331453678792912104442557572409384522323746638754766447674395861598117440076392349867665668056602542273514254865802003
1.5017833000083679978962516927546324181139935654511143041812994662607740425707684362682629563221893211199102397332261995685173670162129547629832766096751486813726918587441966716893177595080359221191737 0.001310215213268390921601606378755703305095799656519001739620435608969692409651829493612295106140909711790679252657205657528464098889773009662380394566765455455180930277405562097696317345687141970965802
1.4971859689212035425246175206840964708508620599049108785896036018320667303465006847980663490866930261190809170214086998105182287209593849100554350844548568049974026855691214896368880960838065185712845 -3.0644806533512111709233926381014768719500375130255655476863220172112906356697543237759823442947707098654155091541130896276146948569246854890136335874129857398084206118591675393978665903579555059235586e-25
1.5020734676561115104098117682433598258654056496629331552300309231654081405086357916898283562524868337790421619297813530218916826749784293968538379426757628854073491951125688799341476457802992089963675 0.0007494503422294204271789614170173354632443633896764627914155747066367096431790474744500866207753656818318281681271375694726020545920263305796318213461312876995202659071060380842454461568660610122769687
1.5014484879294916971389310361938419808170430172410375236781998573177866874987526628214664314994922528448649240536853560643031125552435543262140407039399497015801744673773020173430674521087755177892676 -0.00091426016466282446346367257109590401622073548634413671970168641705725161991238587723937563313569961842583561996726520390807210330855086947368593402505186474155564312322668868607674135259099591974793989
1.5017360898876329071887307083934318687438063165280011089886595158062928481895009919751499594897624736963121886006209558793699724027165606402386415447180136010152166523558481386210687261408262538229264 -0.00028541488781968776170249800209045901030921102969596087888135545371437076150951997984310227654876489485706683073707813774418556322801736715153860505755476023877635890487592176494745150772571418245108836
1.5015944050696170391346367192301097730517059132989049799357575270844595770018383596916591957255351271165559101541228661215715910624491334312751093567754285098995390067389004314719963851781599319256813 0.0010776679716829136749809559535312796235405382749870089622398108248087061778597878048933620000842741819350338800505052063058167912842925820303471633692015653567436256464672613701682709113710951042182109
1.4974010251614946542300468906034640572130925487209646290312270726312359479320506787170509508262198826388878982782116793502759132007029266241475585732675022095543887199964388161977494978719723951012974 -2.8947936493760968693191227609237870281571024504781555539274000031744671064965426696985097719515849637187421329482349990440765502028537609340172964418042960191957061506201655815749442091343760955595009e-25
1.5019188727781953713506604877347526992635700684007252901170232574940882396423346195023565778058291754135623889242766780226925814067656021831076325879743649037460016074161170404880580672939160402287927 0.00049500111607773102620444583187810618219434307356596010420482662259875162187223357146679286902566615724260178383608607696137721224436800558990631706262367892309741338519634971073525839885079776358866102
1.5012980181072776394091945011334683368502910786932551949802943959815664414091155617860840428651543173663180566254747073776387788964920557427142476175091882030918091882963166948974899549143359489555192 -0.0007684546193204842059891975349997479774739731908726461033630860279465476574184008750268047144009770681192616243374395735341229670281217883042375015190638560605270669401315303137611578350540686636817704
1.5015537422397661589193062691950075008755106132679350982144715250642811557168422147905646340842334950809343845918368036796579354543145606369791284630531424602425950465471659526770503527419166110795596 -0.00013482403015048915998395918092502463903530262835332062300761527213496813028420792215745345610254999799125093582832061134114440657496346380266169538517652358653544647466273011947208772330839795539203293
1.4975924347981152841788107801877758544540729499196766012891016442815588515169564944801339706848286949408214089162899426729614319216608091792823653430143360062473303675079181327744333819141422513680147 -2.7269386003086717126484665553377264532451469496999145938763027552078001240804670392742916201267207635516537240434457806779954089719192978784802680706241894304246855693299395480694217702937590572375991e-25
1.5014264630155067726956285693740649053830147618237111454621184256187489317221198183256619703167208317349978208163406921853020959754776198818938440915149573662883999710323758040787863107740775909792861 0.00089688194612813422976633825961853222634233017050006851799561521324063044235763267151683381508146074688867613033965438585986008955352684632336743093040318794630836949264485089874257934841606007561634762
1.5017460682977118120923304103815525151440645444575664791113640905745554767690558388572549175455144273408599554857235851831887118960573810898984835308502551651808712625942585336535100184444002468825907 0.00029250992921425402744801655551236296637211958511523021855324569698880595072869564560395861445661547792432234959084530052083737868709721855136737020665061946705370681806565298235401870686136117808967875
1.5011658129394636742827812747791843035157323662799424844030954000000650677200384137372977584311048565060825216207406819243359349074568346005414684907162965581939805848213575778498615155147841555728647 -0.00065202639386326954755465068251811711163586708313602143750770652439752125350617264692235596432865038934675857409342080741975462076914079961048470700643710865106338347628946282549596001668489707680251123
1.4977635288806731150831179658978384488486281010910080857091238213303301313318072573267502971288984073482941117994938981961693923412980547399653378541515525730383599042637067085332360200881101025986503 -2.5637051629751100682451051197887023955706604155090605437818946299609767807709344918250667840848936626408398274610130449579128253848985502177856656938529957271013048889287951140126546523451577237015021e-25
1.5013701384515654063046508247255427338400456379470708751104729990891490367836571152252351667915218452584996624446010514171942735630541971991054218566620768136084047868660214018624402930766660029153032 -3.4287775438276978121441241905921579503870773787805820423643296110223516217048851772587478184723561422319823535113527815840897708416345312818265349163721099828882709876278980459827991043176331691848116e-05
1.5012784151285984972262133868401263287061823805281113966728215550848510834782414145500127590081928669654618140709541547205650114741246430416457564711976610743492522303098625282972976376005878725472654 0.00075431855675363474100627584103505576716875644387998015757757677898630120283688531975031383160331516317647052145294248041210303882775477529670149466412105549797520885741101997973838536786095835578958264
1.501563752298821184009625773732466223190504543788487915336886267858436054732585611077861446439113599814289120381778974240341628051248191241974140940545990248039105090846319628270807531204261137205271 0.0001397587107682909460075620228877937729750788401976471919563487839209050541627739917842553785332632789234001839782869339131093575963673932695489918236050571383956966112828152400075553709242110466874396
1.5010496820428653938677209748447814240209617982310565620974569889134301005196947861765253282720152729935653978282767114884958133623594538409413434768843976506827811757476185530636721595892622305355596 -0.00055791678568436171907915589700560524509433546170372252285881998171522467537276520391924211381888171792964079656294968591497201527715994197949582358510997534970759273788857561575684788910886793308056594
1.4979170739773694998660817241749362145088037576887351710475091494285270066804591306282710043525146619519761109179017904844905550161651855400446325244782609476732613626323067899547036818587143905387711 -2.4069100997384743992644005161250605028968991257365629634218981076576242136689912613383843257532521368317834425982693086851576246808295589624316696434250113975590544710426492730192158143363393610979137e-25
1.5011483088286989733937280010823710951628060492912652312175905631540349604068993421836827980996099700106259403876284124640863775791059374781852546022043233598970946919590975511115640049847076699628581 0.00064039590229549913655919940534427763507576655607134042364433209698381150545250354530808703850071822249744554962894565595455543099638981834356205698024158817945844731504828211910407499605398582286598143
1.5013798141779947610697904284481590260855836774634323361215262116075113719003803982674817071670266182189620703963990849621123811289992704709183794095615383735610812060679500082230173241988879818090405 3.6916110957684775411592960737611983543597523818868241690798300679302546452239173402570217791054464508784431925344890122426838240756831644489241918619954399325862298987456534296432375187755053038779918e-05
1.5011772462202045984541165098198203269179394548680598939362044866108891012952091916260866198639034783667434877587628362717618428786001276273880131298524463985804166144526061537636459736294016782383516 5.5122627007234615602015981108705469126252241473188309419173255161730885001940456047154992701388330680580131665990327841934992432050859180426739689319186121280727938970553377962108541277780377793500067e-06
1.498055382806262107923250346389599023460793033728311416435763001943394896164316958613736534326208599259415063144885640475729323611059761038097259218089929253684063998226247142525583468642994747824949 -2.2576580733396853853371285381686492755804265072106321221562023985282722284660920148382099244988831720827389169495567341202989349355061007962215330779031292951757285083705187916306328615488392483469776e-25
1.5009475308278694678507477073943239884648230751415041063022204328456904393864858761477658317599124292556103621851321902084129023826935907699449167232285346196738912415582497833476300869095383494646 -0.00048100031752952826874844123761949608636701502471458654064262388953491393515227908808450888196796867338429424045736303958431221050887703908608727834525958911463951658522142855135185736594019378239081708
1.5010339929019107221190793245209456741838184688796175662346332374005028847103924249424652592128339373139809776012570401108315554778347033742822830408150824482440352373403565585278038439838892432633505 0.00054824817959470179434203075252141653589558038947969609938559802855234415767790311699090685309692034424184286093619664802378515567058025640001058755231160074865375207220272118775142890073686361012802899
1.4981804004539705251436383031204334228535609145069896925835242536140136011298331014061142388797808832866192215403060861784375701285853375322233367886161287129207338448238709739235711463967234324898467 -2.1165402120765427891092213355342011335658312485513621871814631601248373308720446303953980527345580779387203203597242877916158962685491987957400996761340003157186368845763794162572892953114957045019481e-25
1.5008574753230385473854569662504773319371523885393152146713805458013180650942142647496921951596165226516633494376522502397772613749705603861342034449821943886523246368815655394912145335173070199161745 -0.00041750201512115900549778653799655881409404876045543717545198410267075296809117173424668266909845878375334281657765853404037895351154088398558709310838015895183481152372310959789623192770987542386240887
1.5011874552465662793125474392950647113964889066939396137852965072160371951414144973748648199095338250484690011679616429248797795297607630417951717771752805696663648521866140730191173892883414502559626 -5.18232525289237091661676097101125849688554110904540765940130475035507047036499685111717906513713297447219478043055130659862261057570741296152572964665737486350635868419512189531279453152205969003764e-06
1.5009334121496105109451164493311627151354598650792150131834557237625402069420720188839592421827433340579678870888949216280749967784906170484467410092616560048268431542024662178935002389875282009259744 0.00047288636216426229037418202060360401615545304903649023663345526556194513039156206445035280515825999600702326059458213269915311076556154205205541713927514932759309752487235193579835797577657173175968504
1.498293772130747980502309693968973513579272531333293341772601154411441857237584335785963519778096892363364002517811452966080567581396889399606153588529763313739956543946780527817740285824012146756014 -1.9837832920844133337401892778245698050843902615919901181194044435300736873169044951485469776836725656700826921689706371709318526890831355635782912711703201948721544985819210804063024107128514272700419e-25
1.5009482813271191471735761522339208614091974566755689077192371261352747293266114501499816023921913081313601203951925480086736046928351228472080441710147587815391686535865868645285873844294288045484425 8.9078729396893703181064714725170565749591763714698310434787145779391120104267512636050354109939706920852608559395602506464115178719533091568394729206059116222268272542168428704009064762431557181756956e-06
1.5007778736065214225272110543218510808260755207962249226949039960430313071916273190834137032322884644649614983820413648343948824747191574959970421004702343104914350525434600770659372723523263682227411 -0.00036460086664145055750377470635699490102014847810893946477144792067013521240370154399916643155204063934230203926960270743669075393314588805479946949604380371070490170055452908234598378854792099583198083
1.4983968968331899912525641900791498774497269789188017332075617982763498873390863522146288258100514939567904762784644468566775457978538689175150116375565781886825612649863463920388293507048029034646789 -1.8593606313184537513785107878038880125907146407013223867826801669801233278931404074214238532947402915574229524875082172268463093060511125489741445946386789859894118737511925718936025602165006414818278e-25
1.5008447192489997522660095447668341900811145638013827274848683442160508513172172235413396051618829081639625534210233380142215731636342471162616052201643360860654122088758831761273257003182497584265581 0.00041063355827630189774901440971642965094475992581407382113344522023099619081670899496641212172475890741157242975326090237869105333793416332456527835403322145336720532660383322652377691585997937449460544
1.5007073089103369786429413632263309690751128597188239357770809591231180534769233386804072503120903553311266298718099152748235879583464850853950712169873029534174397394113841529355827448285264872339923 -0.00032015581530363114391557147428639663439130111876867618804341075478706112415927933537550578888696115097843822942469288589364307111627499157772846706526421113504907104788790235847293664236494749346198876
1.5009588695792777111885370173477223897467313842015639345083238607514037229741831943352909732778479058807356107316150013312845231979385842870210372651604360084802126306820927584706296714500179708218732 -9.1295774288574999237743703444032517416118137158849087040890417817874834637665559693725927648356537467719031734065210975333261415232737941801171471094395217771402379793309936326606544124939374845791108e-06
1.498490970158391700863864796382050309262968238406352044497780344124470219628705710509053378222358506290179738023313990556060983075592962971451242494249244986218361060700598233090829784340698222476834 -1.7430737635505539953486341885702085664223319299549061911866767541216429697014951386513136390484368790269641435320279388293364212721211853453646879942718625379362702448161779451917232427704514729469991e-25
1.500766303870862286507252952069187369358429330939087217016192142282035791250204212277175798397533843042903535482801808029977296132042365534132682124050519114071888065281005681557097789566781905681769 0.00035873855478449179401789191165379030050803666442779508953354314327423686123935650057613815745170872885712408333171483506953841798303571020457187327147332091220338924590353622227266946550586777946920034
1.5006445640082541881317399165898283228304982833933748222559570410897319858073034703411216328601543003216918371142279393938299760223518120808650236567761347263632079383559195771433830822522556351218819 -0.00028254074808945579647246503588811406583462297443738654634479440803036439808408371444433561495437245238414926952912193206344932294800618285497859372534819716592011076537637437775473648599428387548223858
1.498577018699117003711186162459395524374165744167682719307778234598536115419520152637619533128722365636284117498213260155233959900867566712604692535271690026847181418185302483434002521280391857751705 -1.634612063339855345305714422418344781301414163807983872982860663956038689464348599112186485055799667999404368753205011999652014866892369065871426055381459016739099894897224792061237663743842286681164e-25
1.5006967731570750861236126738790341571105441323670326773563131278423371467166526986759312004850412252503700868394053182063634588185249873735129107571068881362595668694976834307575056240678730611113798 0.00031511498923885667818844331531501238342880062962463931637896433260746139889881555021238835246403388210933816400323283610356471092175727132632384327283806081704123818618269986067864290307221607590730354
1.5005886356868591723511987856077249800772598959824772558394189383654298509470585140446467276412331117560698703379312909617688995703429011323131032656555360638770035541053891720403609378785386012366346 -0.00025051163215733561272962524734701760714418733389670753357223117481982891268308702244554779099896450929597809301130744758334690640469186854524085385146530093374461769069077908244168738534217963177004605
1.5006909825204125724481086662266282946504353863423641277919266868207064344264625327424751328473871680861520766897996121875671724195364847822335431270662830986185992502892716636651930835638848479145307 6.1260866587152690508966469075324009322047766863624358482997822837747368010183228069338549012768240134440777005961286264414508986008264870175168510121895676456213508487547007862520213800746738721935019e-06
1.4986559278556386963233946102724795570765616848414727932637763546755176073629209152742174648149415526456330893077334266375499395238046139864909409055902655863525964250551317524129920500843060315600393 -1.5335958731342601666533232787869219864071857361394310417254637158240716783183940081562250559707734496007324201722836699924441505552266123722084198070149127724820917265441812446177456474079649906130216e-25
1.5006349391728583589101471460333909313885531243449404438432992665886258037443198918785915057177348452082586428561219978155186376396744688159807272123974465512668873347540868742748857712085394740946748 0.00027818306960103950976509922171608682725293947545263429301186042674703125500783846806527616259627596174722574249817753661770897352540987491669343524164523387571370942068749511589775861482918714150435831
1.5005387066382498857669454764794922056008140153538851403261400032122214247369310418509144033802702163265840359767217563899649501139368806904319341961166044937944513588098219359463476599790840840640194 -0.00022305147319627889888902438882598874934598008977088082564337474874950669088725904890851788432686054840987099375838017121745323676999809688251073084776245913797483940146319177667000366749588107059174176
1.4987284644626539789001247735184038030032261891192088950845000280125398634219306691453875737936769591638725896756493128561784722993652710183178843896734873918922708653887352045366739641599027130129432 -1.4396073686242009752293035829397663501726266383056732239712317348587621478183259184747093064680660474141182962155573567252259034356660633184195713394455979511580670435014805485182667881541621058285346e-25
1.5007007166399881896969410131774748945059779901123390428410121295634630271085508553156020772975529103641987227320210037710867692276348086415527022251973107092833334740459698456173652684145695515953874 -6.3528450685936761949169645406265674369915375066843020141229853731088636555775309973149027536836593342820068553188010051836826873505983079855926100377607886211489946431045190620186763512440949266319184e-06
1.5005798324093581224084227448078421529659825476519043623869951922074628754939722152581223872620392091514083145507802390482495235296032114334527051897052704973208497390149035024156612996727324522723115 0.00024671900938020942264190417932476980163066290564583481998843861172197604958248244793412081527458151151667197152846429701212402717753056538931771299552966564535931964925674270523923396861991026796010116
1.4987952953049003575875991172692785476107003525543891317688283411036483638654829474192491751969113569865627540959898944034308114281037846389836868580573789864484522582357828346799980010846570541208332 -1.3522123628910951650925513629648073077824226796737384792713312054093059747982925033616241478990486946769888047745382430539625431540173999075174505860068598553202328726023796074702192703284908804318559e-25
1.5004940493339074216207355026286834696776426845256171572531423715284442595474861719367755837656850719363163962942546429441762057259782390105860249577218259584535023210499707511124121547617438583406272 -0.00019929469916631339308760905236676801634155424612297721061961781232243358588924180352975657622176389762490993558531540153462495971838433729247619295341679541794450353160885890586794771108298197486623745
1.5005306460898566207117832358099447246821260167701151779157225730265461524684181914844947077279960184436293270039153737555629211801403825715210134138712969946126733754499724739453023131138840991170075 0.00021970601286197513121559129377310368828039470946542196174761314063907745496961223744169336306775630607244673955795484236310480815126071843905608032523454137999593683545316220585326162823587980107398245
1.4988570023518375721487918865755552432130248932454600472084120179227133841767800777238079004783877944958192795346407688642471443675192521896899702875186038022990492801834342145466754347821496767300278 -1.2709754502358595873441274376805615001116859709660192415562975913063580541748110053764732215743269983155158892470995915678103775982244722799925243028824773102911882100238091957989423072650903353624021e-25
1.5004539793685573646764843315889759230157446564703895861653734909817439972197217449081853563201768410125297519189795536652700002620284941938123135211728807873564917776107551169387270314827074035536461 -0.00017854269717306981757069535537106220415592690155473216037483321608704919616052495471182047140002510462680696903680072533515779723734547742519562473828311293178814447284687603109695137781271322930151703
1.5004866427000945013078863879822657630202389671519897231814078912642122039803286566153505011389667326581233183543230504906840122333620194962325862240775373379475789978109937950862921077519423193904122 0.00019629033063806493125568012828475586082405298366518306267305447049324490413310795982829038731606708659030869719814482703190111407856477655104923611834986317608756782201078320876262914267159247655070766
1.4989140953581127866136880051996040232565117564868284207409949454657504285312958199004896342293646575816713974018265031748085107460859783071978320368381841470322290957199005582096029012298362768753106 -1.1954702811489124460190257935936975218128833989355293451553025311406001192921786534190427875058063975615487428520347198519162225197862402354113658429702965426871990048740806375062337217191246842772498e-25
1.5004178768958684839491446765454410013046786405671366356717580552247484203172603693176133742565551787436952665901524177494220753246141204673611570667863695716676344833203354880813658783426081176146546 -0.00016026727387735472127093392833046711237312077162220058925750945203990917947290748081009189686036074783750581065304748279326300888762314348559590994690860226771442451966757105291343021900141430111710061
1.5004471331732935056144018507572448446251311290677293510957167031378429407033693749726813755267120605024535208150251607771734884136326368200458193955748169781432622390812129758817418181249861462495136 0.00017580033216514911115981425917144653942215070333209263204765203864193284134415648861998684475656696770348063172070834480596512283036156577977577749239622978282136841349585407372035951448174014256017371
1.4989670223368369949857976149425190270465601360975273721106120236248295663245639380231439563054229882172829773696071699019200469545341184825996482475350439518945494931915040129987424663538590335173726 -1.1252862996025551536479791685030533018419430917075406322372857115719466325831118444454316105221735751812947636439909390549372084518674844285409659809309585718467695836421571917169610977158764390852154e-25
1.5003852099478536260551088054642261056548461034841768454109265326423594017483571105241167902848279607777232826548216020364342451579495793648244033600169980266035230026467976282848389335955803489067733 -0.00014407593902072220241387671502272305036875191120712286739840314596612821514909901854726629248277366258267720492370386404041641266582681981531380811313905422253057736973157374142024012274147283186117901
1.500411505497517300120342835769851117387967147161376968618918181648889054423970961231218044996833854239109843737451521118951687464559748140441826231825176385745999653050410860987451891955659783609079 0.00015773432615641947757187477144588462688753505626452105615556916867821961229964165901181364558941269341764816858442478408692003907918915976282490323312001758160509469355245123691171105717044720221679567
1.499016178305688474835997734740433174922869726652976007503372682627093124514557831476976415502313005149593954264534514253578629813840822147088469134535070343629987221209565528839329676580563797145817 -1.0600329283894783052077953997667595409621154731027967999628430133360788254271073245165327231931240757036260158848899343964149693239456899398722447042425314905519988737875234336345121639268922889395463e-25
1.5003555351808064836666990354767588551681473103969109338540942507779427024430351849047101450423566952397562261452318153317645130907184262279980754617242635941768185558292049871150132534683303027048837 -0.00012967013305772890903378729127288343845904573328259162863403913739018704713040484062012572692420418030018210666607842039065323680994780924670850180277867624025555708806023759484618830220488853163768246
1.5003792413044569428149638006087784778255965737999076387056240263448864525868046250201754872377292168584966980943068353467547945777322632802785427675318539905200254682333397337769722245139413214412383 0.00014171824394029639499684349931420839384558893751604591478870312545378868501317918569408701187594387430213612401033866185691984902519184857129194809713413050504038775280673199232976354406069209157545254
1.4990619126233230460304691066457489089353088236612481444017310020227001327924305476418315402696083106437087379420833583877713232790287670140763223482521823566021839166363334967619339070517484816849674 -9.9934193010812107952584852014776213349730568919435986077734790379703280472009673973614955961524836172839882234346546971510345972428586951588365850436871164088190559904155012799842769019498863875689619e-26
1.5003284856898554714240776207706899275347009152512067307315157952526072119320824725847837086864792584848459430303410434788001597082182187025981838524281463507349282420188970876655564485651926947331449 -0.00011681410179702578128316055472250997938743077682528192002999773384809652567628937144320582126868610419113085031488214681739000486383523727224464165033492008529253471884167933516722512938296779956289813
1.5003499108128450078300392538985029990448230516588372699377350823661647713971649831106246292095578004044696032983626572032590964620874702584901614166937174269421809740603651470824314576933409892078054 0.0001274645995617000427520100414021798607311167064869699301204201221967751955771422023124274457328211431756597269309361463749164034456460310994690176541776432224386909945075904689659036706704370210476225
1.4991045351695010816423656867744500103511080614571740615181885169560542889477015446042762538042493201040056363841595487157990300812623332737606362889258423817864963331290078058875994027416566918002196 -9.428684791523076039380388623478842060652118305202203294772670446109949746230260603783970777641735992016176448371942680681053188926457355045393073546235238750135805037992304515239911976590695982300965e-26
1.5003037563013830158277098672349916232176252517182140244203223607190633844210874631809101881478090031569967601984137853267220278012687203754752280066987261206444034351717622396414885017686342205222244 -0.00010531520685745168640598498924105665296923054613909919960083423911535832165635487133530088403059280767039924098157853521783096002898387019535375962620206824543266087685848739985933223507757607494483413
1.5003231584790206030449231191850963373537297577374926812746709402726221506512324357708761611349609786454801730293114582593239717143691167835073128793447975858746688620287479912554538083550722851965872 0.00011474402130264714645175223324201527326152781947832554949282585493605550468290911262081841008731365647487237457232833223571016361039939989352960416290160284392068254455837555078968357492675075505212335
1.4991443215722998253316430390765875950467686599505886737400997477422448226542086807792657860217478745025925231126982813620118369825478670343139742084106754131922659168712647120251652402144802094536172 -8.9029133723456651065757932627361164708752913569923389744496466556189313404768799708182955596280892488852532748971278797424482935862035436221929163106987966381329254990609222259244352711023281692891791e-26
1.5002810906847190883151154897557605842953511949901012307956104522335262852154038731623246425959210962712330895970242339151670641198886268846919070691099923240973025217725932176440035014544548131618697 -9.5011936946371717675678012736751728588065580619177080772118758469766828123102373909583609024348877868725558388894964214006626809882281369238103657681088220408376165764558925505363761564384905755952372e-05
1.5002986880601623592266914861213285526377277690576853178727816707564584264713173409272537237949418283013806143390031017043704454421254498601035560457712685469462203239311411593640959758513178809220144 0.00010336760993359200028657087253758374051635712883339833365362118001667556255135484047500537592263947305048478131350252092479831498036902902496574173228128980075035964444316295979651686441548898538449798
1.4991815176464654861750904071712627151656746437531412484205858534483668167740487390042499023309322612233713533686673719205875328760082600628954877078065144343231667982880258321080768775654042837102045 -8.4131241906647668163069368389576385740863440344408631056114104424140018294218398009082822418551022455335380697755862427529096150451954247465142295821833651170668899788014780749211113028872352947095485e-26
1.5002602711787472512859227291738651596333257380454967067789171257905935170454140370637045662476954505469705805957009598411151265155039807444755741956179698108103156586861489985708892079343363298693374 -8.5766443505214844869155872967830312800261296531166995938630255861211895108717938364138784729573219802908812993773578414406101347705564204677423329932957761040267744571035589179167561389275952187756573e-05
1.5002762501161606585138312612228156225322597984219706080741090936115063586779285079568038507193065422325856337909540996263008636146200558561932234400392587732423868428284346416307513816290868340671868 9.3176161427105931255442920708673916940422058284041850627560529090402012814088834043585255567148933835747633833012106413349327341057265466149071139696249864227447904284556730021944907287998750585432252e-05
1.4992163431759000870571617058195482119513841175541809763276465902073386056841174110284138984294630704143958387838768816078251757835743918835700997552266702488683563826283151342038809797469772029397102 -7.9565595642734146799695907735562038232024365636721687099409215408790315761201912659199662180588840326375601694221566759415982459107071511809316599961610605274781789326439929113640453663042221514228016e-26
1.5002411110355515503910759946840304886694259982697219035792045985926930532939648402821791219951770754867427303401155101086494097262885728190533874260205298717581534226939381478335841189329359247887258 -7.7459652593523074053506803432442521389283652548195758336704886104920798566144016881304456050473240231480708657677282923354874527032868604285734482444850576543474933344795101073536355583103638403875362e-05
1.5002556323080184641634872381886705532597134015059084170231345792980366626171660688965469214714634461499124866478835488440170428181319268616866724073609233638504214504371934020619403979975533252484154 8.403335757704253567593009548817053981586715781473904461612010694851876854957892652009808928714237983229394676316299393066953531759663898205674387541732571313524693633822215507778931315559347397186729e-05
1.4992489951486085489035079541882134608806752900546711727431970130567758675261986594742046128510927681392036279110398806906822075761456025759179748195368985195592627880464814205589094071562261870463343 -7.5306741092649863782095726112453242893880686760074708562661461464396401071305676420672415653125568893557183784826684454091959788562394967116263813752540724953665543867531157630651773036114336916204069e-26
1.5002234485415710624850244674404383691262558957970561071067498390784306859385716486077385741860678526398915869418085406686538800334533740545550765899131258802661795063651267557391556394158741518656015 -6.9987868194146387832157095105853418244523943139905164790241388063127392627888178354198163107652335554177486385111129164806913400886907608660671854137130780260945749797279255140669405407573372901190541e-05
1.5002366520383300548642646840802093100281994902051457953883676280603896310218510717539449334649820508203346390003655685209395714564106833253078217159396555484616034087280854833029560600914601509662809 7.5821222143948276523398200038583932750128076719462454991397232646961561340803209045315264492452616265505861689121160242277192560362175408114466834697853788492873306711840294983906732684894792359432298e-05
1.4992796505327370037187252116148430007205348362637307874321684912542981698005485589723877377389999071867561181845050157500142287811613218840417316162458808281010659299664719593673575203830133758319585 -7.1331224304284891905734479712039648022092011448241449280242315008784966070261282814994257868128713539089655998114468952627796675166493883267777853489643541916843497374965835929113016936812363803738545e-26
1.5002071425312705134636808591029034365675956084258477740445171449543411899433854196684916112683004474297153795800663078158065711939716449158986267523450263798892006938501603461648693845630870532680845 -6.3260275456352482847432721234496592321211165307817621008786258095327070017246773484596580338951684335607746550922373942417107216266945566099883428216741193977473456581243909945468172340087680837914937e-05
1.5002191508726645538428956809402765633396876990044524843601165029441562657078398415511366149088246838300338514789801524012292874428393056605337348090856350803713787391455927811831585523399706299319837 6.8436904922056929704562575575413267277564089548642344727009120678266707524441861291815781902929342329278735766149186272805343815848052471258252571218318859431581614463525363289736941537424473065337735e-05
1.499308468666533471449547835275401372927254112303013645639027358551919502443108501594919663861565461226175883747777543614319566760301853652400039827815479679007208515897649610537929210726550888907782 -6.7617461358832836162314143262205447336017017418573538824207505892889287278163101379397035791017256492474362983688747759109179313534762112900093815401800943874644652724632561742664281056871872490548447e-26
1.5001920689212172572786479951040165816611800190960687735704096882227595608655127790881530708314587637781433826736242614706531264003109168698962780669253153997076959861133645931984874019187076367935446 -5.7197017117659587357951784344997054659391043084159631240093590925601646927089754691195250166088979753894883941908517663984339157784317391064936536061206170078281705514485578797953020741751661588739342e-05
1.5002029902723182988348256967933040814732489893959626278625332443758618116062031645691645292620769923706212080941117992164070165194757439799171582529973536029849862644083423606002578078135334330190937 6.1790281143908852442436390983241715614156093956900720754067878152171092102711083046325192070442642258934006009207971960885308169031202797229728805020587437647772282102032439096138891893101507212081715e-05
1.499335593322327099713427535133080131771783288016538539542321190539410746060798146991769736897884868178906694131386947856751469488142160555919665302988791875195605033852043982131048348156122274361054 -6.4145607067467553501107646258755753465972935431031940618573110271142030571912260756751654014371495083571211916072551139795616261144769631285896845592613326612809066888472689116651804621149338065680143e-26
1.5001781179941376295173097915384807039786058935668129254342190155664380544083606582796091032466480165301391056860708622149110776656635759037533378105560577430436451171169177983436645232122872057603363 -5.172765677651585582966996095727980053461248359989743692684435714031271011695038749598032960511799994071805629209916198985501552170102126846569121854164433458208391204078805280240907849369136989086928e-05
1.5001880482868902875419246818102985754823788572722683964185912965448325460454923680420354871555425858056320352467614130128916484667147278748585240318313750243277168425295738022266814929282361652972147 5.5802080232809713855156361569367048517115186355664071252603137933433826282652307021518156287842075588927155730512894279401071725532982581906305547961035328074641938734785674752840899573386968471436333e-05
1.499361154494311374318462027493072750236315770639935419848525244262063530064368703855408024157801961478925623408361426570463589396485891903809306217141389587847516400356618685920711572172713436731396 -6.089742583981730932042207781703592563769527246064225325260157574891187711593595251565692306561476175683247445776831590700973945530971598372816342195749759359192904755459348602773563158883488003501356e-26
1.5001651922397111311175613541039001716523440264272400605381366250575466440625308323474250901441082602014112428935299433181300784540197711969731197729107456733431546585689871517071261335208310457324446 -4.6789918094859988007940807878936892837644114953350473594713375966805223128437981256175789695911526989168569467222981153471709605895881471289493593143379576895902733083920220956888722184363051649035184e-05
1.5001742169534472095420633394150110858464596594686453243417993083655797284434601862012982814690465520321046487553084235524160519617821719468649121876391394046798087776783685027376008812865261453424574 5.0402378483718898848790328473822240612821679907623417058872734061263867058782349756899814178474595791089501568330250520161581815325966620824909226951159252230785010872786207546530024835458651696392503e-05
1.4993852699515325339971196033710644617017940685995719440253911299603064609217678125669976465028784550399852494359625755210672937697430264375019666730060055801517212778722313546034372177089890989351102 -5.7856167118535785966647282271486595865090033855866396388682292541677704682414292810096766433910689072491490216927950949640299425226611526472389311777207527797693076194411887358855105175094600973101991e-26
1.5001532046140795718832718714175200478282594461417943390078201896841966536353120100197819089018160694001544933474734782680184274733976376048372538830880199930008673748689038163191583868233715368495858 -4.2328630525536405539839136434139271940206557668468574159095467206754266978646601527479430900666586187515144300208627423295545191792645912135966270885307969669182378809623990437802442173597128473497145e-05
1.5001614002217279758863861881964867121236735998247902867753264621367628095660662449410103383674843631100180371470643091417312672693438282420197480521000993344003652033987325796035856248384462831484635 4.552935552563144575252770677094237446245455496988805562149732712385281797597928700967623235419606942417980211163460164146678662134732160341985588181189306947805517553029024901370805553384154878244409e-05
1.499408046590638566807073687988530616662323607942666961173465284592657644498841939888750146890528375542596804077677149750456338677004672213734398266502868602837722854334701567108151554346517060004178 -5.5006446886834057042210857110516655311607667131409845614166390463318477194616458762633698121828105496044375949604930549131746657579076930554717351972826441717155421405624744336078699260298446844033306e-26
1.5001420771187603862094574783255631939984187534461543801616408514845562532818836550118102071303404174955829147255360632635143193839224115723314900711620952767946730560402745493717148941252438742479149 -3.8294835788947177773347426148696154472273172845350758585977739905431702219659994480045689538860561599841573515084853501230355944013647568347588627284512417261995012635146842678453685298376721980237948e-05
1.5001495122763214164942638956752834069461365817989836673655896011506056645133099213211471431315318139310120428174345468303319062317271719199624995987149240666603648012097039743050587523158588749473026 4.1128250766700488489881797082467281522173632748592289782978964142510170786756843761078020601618443763405798699742173321651083700209343802736521153057105630980323050640593097576026649307484935273366975e-05
1.4994295816173320760552256672766516485207518917542443186791488693010413341942216937870482294012522370603083345030134182883627682086601493038574289881618143644103786060651826771750769698223084838035463 -5.2334136119330405137486894954460390388143138763441955573026291662574538883790548692398802497214066176902472028688730252912186513047298935578209868206909650429589307709426777567286410931013190329333347e-26
1.5001317396267081952953737593679089207603643872970825950765527204730305385654502424692786440982309506937464644549933244977898890540014793423819452721839817148404947961361183679855251969586688469275137 -3.4645023310556062961538867367922247827512346683755532135365196288244269305776310838052229025007400040589085219645063249060389944378694267791141551212298275285976756872201123053001589025838388729467115e-05
1.5001384761627352399409138799340643869761107366212085157578877089664286561361634937809302513169671007131512364469869105684869672910740995273401134796102638991778277069864828920162058695132181016351345 3.7150476997044939455089323205843598402761088542722640447856488618778115604204487834028196243315284713656677920817965991850147057738584035582971939480816163081601844544722758241431021873913563179656182e-05
1.4994499635808519731544836384053653000354888919354894587439894297259435439319752917526543822519047629083265621201264885683643830598985904345670284772696322373115298311887002423952532555289578815476779 -4.9826256595038005768373726590913530943043675247791015834854299424500403353928110158728026105647076340431397938934986789644135457582819058205567299027537496026036659110363127925037348128245663980757141e-26
1.5001221289022741365832038942619507087418493382592737875921853771698482957644310823486668255505201429525892834001700420135549169478657819491395417766588927650341106095196605629602075731227242295467448 -3.134047147989570286328388934073023740293922634841917581059010987122194089942097082503751810184824865637507415173118139313114131489731103208823765402295746093739715436251856433651858241855344048169555e-05
1.5001282226494288365605661635509139292538780330441863007019859595891867053827075038394604568972238046245104948367520844886158762429605548072300064254210134140299559128953563497827851471089630177270761 3.3552860931695363844902191868314444499741576134183336506187554764346649943037153019440932607344404098291280006095476324869955585884129266750171737559768960994936781576090447260997574911056630163481912e-05
1.4994692732819943742011121794132943786140101636668450304325918899640439538356566181332109858972869017242344921306527748093639987088244912639535497998531336551085239526669256049416989060944662834868559 -4.7470884175756302597610233725143490343000938489944057674333999057602211771162780037633598341644412140455561538484126558781806050835842911487429377669210042341774369827121113064371151970113952441117723e-26
1.5001131877752880207325032940466237730076063229860853882883580091247593839265596121928082941822233546044333541785867044135709937604442441031720237755521400145925966342092910102971718756772568171975826 -2.8346677193075107137403664361555188059674806978337847218116653127350063368292531942511382119189257764371327838526202568855261123942310444448410674119223476786402299956853020485204469217594661414591457e-05
1.500118689275585743462148372814233656521787808090193626197233845238355198579896924316000312745787950811038007464155976695602490464196756214178585151156773010185946847231545142289718447488841026424724 3.0296988400237105225585030769693116405305421815080973399045862336654516175428050385731862236697920562988706379487458349021582660352836167800509929682280076618808439190838775743683427932974843352239137e-05
1.4994875845720211549118041491291201407746686123052931796988899279151996917413103704690045656754305686343934647038649051200642668328326856426214586587711294045570385672905724424389090311902906822050406 -4.5257059437174116945780233928928759422953652806988650849207822240541332494541734077256699078748375240695727639620449961191389789660192829227823366300058766604350720882779407637677034051622206466387941e-26
1.5001048644391518753356666896532790721986311929947634676571252157304235238545996767216953376093247697288261617712155380956305163608609075273293817206654623873541756262820327716985432102487917292420947 -2.5632859941375689175748318900693265673391496661061431208995851382558588953317052919078344711780181938672452301258654602605043079729713125423485414837421187967898530828252277941263413752675417529853671e-05
1.500109819546987098030657473266118619564192282447732077598945702682205460305360509189177259610355023480429473723266385961308575366296881458935951545809791214063286532681499189559048642511660409681524 2.7348637106316966305236635306741372381599680161163316615837010382844324113985212726986041505965573124249672464573754634614447133851410308266836049187445948094003497634487956083205875097569610394709975e-05
1.4995049650571746990165676174972649594361234534076678041413447282310895950985863308486692112104522335337018130292143496074642684585094897474857159276523018409304912806955754820641396977935360750752945 -4.3174705396590232138228113841238603056385157128807304020498034633965651969323537314176796372602229527328761260164076139560273101122699618756997867621214618221729029442255138164946289490160474490047045e-26
1.5001015622513998748799562512960150134780938004480208308342603509624766128583836378400521103002000676030785696099865763596451776733982336528014100724477072394251141058268664500611582186079297355187457 2.4677283474986973754296416953076905068278210597212664107665334286355526699051164349023098233662548164085178125925511169620237466282843794696285181850254675840058838748533520067242560693995238922152738e-05
1.5000971118498485448793073434516364339994788361724460725870186942252707896919016780923190768552494208813391090943775623510564508493886644794086202971531033283486209654619325829550935016765124825707111 -2.3171529404477628596811509916684370404750082875453774180138368802087542268243758805754900054757369506492806402031235739921616375140989832547454475243838650410302931070399846691552704499689105190091799e-05
1.4995214767213227117774888585564320855453320405216826068068930046092449662233900489173708920485618383228655700838366784429268536915771376682378815996059906804265976916066019427519731323129260556237454 -4.1214551990167583530360812125188863207269412526263686020176610497909173592395947014206111254300919105861117620824037071018137570769787542090813451560621909203377875292728903152411969300065019582876626e-26
1.5000938708714859399372434007244068280532786637242059762866544830405511013925820535790329754984371895776201217226778391909679877181613381993284056901612608830331895386974348784041875509283842299587749 2.2255672691258087036063933619739247705418000205611558064674304646646156938556106239744863424080931132078821701161954607907142940897680100442834683582997409702391437587587131179851876016762916046798675e-05
1.500089887207925631055305245620896920856762372978716498104487639522800829726752582172591114258060480643137888703792786181591445570556739489462815943132677941924870625286735036128357224178101635344617 -2.0938107497580679806622364155586746045508889393828623031429854936660646207468347585090800344837804128526288096837546715940877385282738567879307363123282408978078818797127746456918988006059398323255285e-05
1.4995371764774196809889901091793867093508651527210280427101592521374916324473786403188687962152415027542865254053048093729285595176429312353556748324183129303044426897318071787409681587826899400156284 -3.9368066898935787639505351042413841944720525294019921201196481456753643397276080082995780020572367256310701948496603077183216472558730628371439088271063865803927043642221624996177288930555262371546401e-26
1.5000867030780990484510416079121210608056837612511880751066042485376797822169402380545471663190353233016694466607235902431181900760422058050690475660022577679826286119810437856937260640510904130800004 2.0059442964605471168764457114344985258636828695764193826875400412363103412603125056031425792837622551036032815041832677958671270542781871611333986560358592886167315408564264019788483471315919544718593e-05
1.5000831515093529150657158286769445911952646052305688421993853555727384380691986549570782672472969201450378127907018069961701059061430833270702892108816784994699146959416241779287848770326172709457224 -1.8910597343243011897224287326443465105453364455427121846194688839629642017787306347526462624585834818783220552881552691172026891141429669217296558582043982436467156116112726244224367527193266812569497e-05
1.4995521166569287172646782022793389895036484915138218341077229078603437559749075309495260078247230608844024230238743852427348102631670747991997488512339913421521590159564640768105240968748330348547336 -3.7627392294712486644268620108844031756253050218687086515062883990244419556271944633978309356127844791986135770164816297718268903634467049515376189549712753490396704619222430449380104848793410634714897e-26
1.5000800202904660952431637903733520121137093870949747452249818761226394721485037525107344808196281771742853616347017515148492290105110733317407588710522386975515425369005365737409062822314977392276531 1.8066796544168503885385402993753254616599942593980224258280303945693969332133509772783489588528917517585502121398706791144535748148585438490043508973104291822213733416907843746961078869992597469145547e-05
1.5000768691540426381386996371049347014410284888960016222574654962381754913234743832232676280168444360077819838366057038121690178777258576063973570653822755247914420101122034961014774412127953406777441 -1.7069292835233069172229849017499722260785834513265532162551184341641225383965670684566911067724515829210841577557210611639396648257929643908490721923394177506983532844921094212561291977946240140991586e-05
1.499566345445048048866142511413772826233987684034924680561091780606376920265727427835756861966939377591530313086651629284972724158272309887498583805209417800956351401925141223572563814686979200110131 -3.5985287065196875217781037367969879685579713337936742663671461646322467341259676878777120440108645289872828684524582346947989461438005317357840629676871890479320221888791956990064727905791825263873134e-26
1.5000737872924912909866133820262346197293613283528064338793578211728241902816602337462588013461680821329652653250387418046671211893721027899564954126597837511467681140461419970648531171891506151765556 1.6258211189567029813436299272637836938146056605860999783689881513479786727496033665321218245822973041737003491210021325441135474704292048122929160274956152801880962225054999263843804790169290149764269e-05
1.5000710076030258290282505968458528625534806710436211146215454368323365322926403447919570859189236989733257225415980043399957365257921651107543500178694060044245251875056856438593193954434496945320902 -1.5396523424075701388771464333912948810751883535478675667421183416189594664555116162223755735552374340038354532279413554318135987517406789176254476180568450804267516087681454704344833299835886111876708e-05
1.4995799072684888354990043589577675360970852600695779257314894073459077736131783835987067982579063870792687827550499832055185138430519242837965911235529856001096406229238479869810143833920745491411388 -3.4435074072720253641020580313518633970492740398004451371615132913464843385821215941568266892181043183389727222795284105674305844956638804312013984809376262564523421540757883302913107449200524965255658e-26
1.5000679718965185352898733520189518679479308043513861450203816491096557548250273195870963200263707483189465109747678361369503897162058242534463704119032730362649796953807257390746642157053446132346911 1.4616186756906150400341698404133256767144032052277851159886523058427812361097915959955040711527616183185507746605245716806687718977355956191300818669054280986600655504434877150652573689972958585910631e-05
1.5000655370769767429030334312531217934270204779521830608279055350929975642103220705323144585266018515387877703315139802969355289947278041714005914408676979904601780394980194451139538266599952606930131 -1.3876429541871151866174945188844857838531734414581026440082167338808317210027830918719701049499972839242652941072933736656432799608190536665787743655688861614459088457444446782642629467384107354265638e-05
1.4995928431416212652909714724892557079106430766726596831048927948288627241813683517614203490123306643156523119372248004951377907407851749899223770052103075096754077290123538806596260715285663041801466 -3.2970591992932689059266224793493823197618033342143159413138427665530265393820444471647547014482332227399919102327769380632448793004644527576167961918675175865273053541364934358397409530034002253531981e-26
1.5000625446475082972390776102221190177250675729474849618126493052004077093710762426715744934666971263298118650969941680477845122110679274799778502013614501767120602579871907376265438527877925392316975 1.312502234473530300044787940759750844094615056010431033531597943617046116885118558088600938203252946976048759767154650516148965285016496404553506612738358999570581893341661188600956924636007961916341e-05
1.5000604302901012949233310747671055165909489016832872846030666446652971596984640612057305839165005162697250211501484207395861057197728018838263516467763645908962231848991303294601699781781126747114032 -1.2494764737876025538035832891486461851649160881607757487297067564624418500313558359352259164181254763742848257525139453067134311684453135701499454040165315469436522544901863557024542427129405905812182e-05
1.5000574785618523288430985201515768168726478135662768765524226372245249085421905849497417352446557142623022867450676766518347855500009306979934211352398113238658639889357468314585217843576587762388603 1.1770620099239966707117727486218055588109877231696631548905024342517272876363208748759970572754883327626512497911578072621148119795251475078300508944867863353553515276635186187733696616085710347471625e-05
1.5000556622144475826539147626853557614800493440438181883789592680192980088291365474955287554551548064746158682065937233619960450791793665819514371270457587131334064308748320617658803018652702590600592 -1.1238721144819085343208691393538855495836584615689281103803136743512061374863900389249044796451848577510423712095592829675641424866174733315319669962339521228818424955699990508062233017881573204453496e-05
1.5000527488960502923068058981047468811783230649127389857349572750905666024022669192709683786111599809401568038635114243057745285054665050838719882001380360478654296289651079410902294142770137781079006 1.0540312329716828087741949946120818925051415968564672319779293518248011952751407700925094780505422779530173148902529698857206911086615881532370334086416358960319576929256884799916824719414837768253576e-05
1.5000512098705251606583095843861332177874578016869089351765684330884023517040067928115490072334130173437791272949604576692123008504514737146042398306227752795392439616037032215213469975848932801992581 -1.0096775359854568287251407241904718185956194370103537659146358141148012419448207782645795064417682102552797028319393418039051149341282314231372485605343077259206339496453612123872160514641247304972815e-05
1.5000483329412710298205737506257167316635871305506799747576957524618298709759469408442887258173532989033079428967366255029157078449721585007852988208910683723361931858368106104635916310243095477939817 9.42270905549740729773153750632107734984659626169979512209394062117661336861759122711452822593465349656389793405042134561969816260797984676306658571179251714092606011713916866754787596093427178669168e-06
1.5000470521407846335768878456674164981396267779116937393893849649341502505638747691788119275845276226198161157816367793357124231745169109104853517545046249445899904151417418382370022864376859112705374 -9.0585522192211628562715328961743648962455030858399212218225666518721468328780602627483958607892632507916842723955562226657826648576645216665245091849488076830738142647713720247208299384345274101801626e-06
1.5000442098404652986651323561287435269152962149017540579601587168233115531852016129530246724361816385315491704596165790305714762635810132875937955212839885961855699430280009687394785627365660510383728 8.4075635108192404155002387700540125800145718553480864001576486537559662065346084433891594876600168518643056196440933899819405676807960448754169688698242951384743246933937655774632864875326545176475259e-06
1.5000431696030475471671254601656174191498216838285291211523446869394099027123439247421694796334036333391256246781932538578032311458639530229337830287646569898745660703907301568856664039669092495944554 -8.1147042844343075909827454310515583378680763818652286697782572311517395480575543109155678660633743231741103007507060686906452182793211456137038981662424952510737678999521972187574001029192463138644381e-06
1.5000403604252222402875726529254240062387578201880446097662113788024494983067387230962555516312372828199578654423226317633227039563855987808134905647891567576574120639956348447106451510518289289974186 7.4856534894946806141415839955063283332530522407549588890490229651295379572442226708535781786473251748221708345756457915399129513489265082231055754129429730398410360197513671564434939364925264531269415e-06
1.500039544381416524502575621825975883094122101230498755006020868338870458178363488606727419229534321810335416210703945203216003874203725152427801364942013228605278800682773540339547040470409323792465 -7.2568051502263190561728649444080575791004026257273536142208487718938920783716506022344057332405510298104293323438223496855707256279909012859659920460683853760054962121222110841855094501790892325002626e-06
1.5000367670699964481471609410790457276652579910287303122990861955307885015478744024476827413508199733386902756152852787195818862462345274461516551955252143494452412960375207577201050801228952139303702 6.6486767316549349738986165734901547785742143459573007574382803424519159229488781016528130017978450433075524375213797153725086136713431005767231006276770426000746792074101047402433372584406311923652476e-06
1.5000361600125587110005209604033115088436042625921244139984846985434858299632633162092805392830163635714596433542721970767770249675189949109067256885853741157016543708481592044415804930000372682357127 -6.4772549389730189404282782520043261632007301754732843152340579021137797214253313360276787586515219008464058492009012071952875367735146085169614861632046640334147456053518945534822701808388192599888661e-06
1.5000334135616982625611913125179876115965179438973141027144332623321474813652128003747448665691868745092523287823278760334430549589315582989800546422333616210586492052171732769833981558509554396327057 5.8891588593435881434485555188046729294796958330157796826519107027912298843176200632608293525597842949524335113494822551478848523501200706320681069948934242379323294332052584053650599621702269456495328e-06
1.5000330013255591176498904790723348818715467708216672208877178739935698521252362033089737360356892353892659432762272369973683947891193099948211822877954817337045184352299337986679765424027390893976899 -5.769196570640287056564632879051920241567416177858645731447321134323435534115810764941090798479412145811886891987904406542993900012135180491490873340046583269927816223560962888581105230334203686656591e-06
1.5000302849829533591937198106448854811547714510374685845390747392689606039278918555514114668740646385652564008446945694522347589018005338106729051748172198164929229025673365226247980825764123442518457 5.2003726862232377799025917937559081488183578883906387213035413312455849410950858143219443785699623353861896098816956674960277834197749687538178419793952642629313097596986679291367838072965727864524163e-06
1.5000300543337992644372341788507511244826320986273835060871152119777795771793946702576796518329099535963154396551270339874478618155477118016350609667297446103384387050458316465717460297812485667476801 -5.1264415986704362312192833433416805613765468498018251759253916274854091566403249164613097467503192634279302593339643398776318847084945567017712437884772816180547936854423179442747519738300044061801474e-06
1.5000273676076043115850515513934023853396304153314614362688409246032041756838619561241642181167892185224306758581559428897587081799947026110928612430966613583284625360813434551326106804130133275839156 4.5762681138792101302759126404143199997424325714643844459337386382781252188125442197367849424720161566482325617349199849899421444251959826245437595957690312080994391990681114298874067039440878754793814e-06
1.5000273061375454061626028675832199101856279752097367439469725348030410610104371219111584972690463788084770008357342803676208488003008000303909896205476594930733274962488907390402057148418780112461642 -4.543404588147808498765954899797263628920827879723527314932668889566131967671152427032992185446636736582994809365795997362770930682994742430115984527777742509162897795153843449471982461685552542825885e-06
1.5000246488072181614069151203686129395280672008095793941202312704499737359698873873919097837912172115973408334131780327899904578301213394346724204298508450146606011067677647845325516532486759808520408 4.0114123883061790837308173104337302137160617348809875601907290609484911509557315025217732381169183901836484454107916172414231226806695530387463643184678671328672827396783606673049611493032167884078728e-06
1.5000247448361476255818081518788750685262094293877470512740024199888336702439774954642549009352018064807070471592572211342038079554044982403194446951666780231089650903508336593294741998583225287436936 -4.0150451905337239163503826230034386518423101949735478900390129816217674366982153080621589169788176325680707911917300426893459041711028742667181997848809610462707108801427602231576114910381028478371062e-06
1.5000221169673459480571679897889579361620018318874618714924958811338248134232954355021443201492861427653194104788331416086773105561704089313473071166131916018321755985574386806501540358472976413150787 3.5009414180896025282242849368903830460152505673679920466064672271162702972824428001515208358909914206540627715492000725569466373326105117737332993126915795198306040745032215547335763267124365332495206e-06
1.5000197614116193268938950720649609970141357876112237541397770458168142156169078957122923301399442915658918005268855908883878334874520434810213053780901443832951742581511084689370039972078090167301389 3.0405244472464067676798708661371439340509465705789813131259249446007240529843341823753722395842708734436693253011617213111102119529181396022441077727475786021911301518384468027585502446570149100383322e-06
1.5000223594489831297999195373920967354181386377153460226938602589525536223267987500923604021675788522709956437505651668249963949302775211871595005245621928076335682090699536827977436497095483491407514 -3.5368172450421024818486909507179783336934559389712046641765231290349336013514219736304184062054516227954667693370367569664644282539876695989061356686933913322915034935396773309806221862308815125100761e-06
1.5000175723292899042611752302129959878219876486270315625966454769867844783411850605965962317280863786045322520597393706855371331172586848564171533315687857240213462714987466757014459168329840797022822 2.626346861131603057601005264750530782881809065092153487396039705462116642006315479706856077126809092602728321787756619935770806040125749343035392704767344198650085219470834173412019125632293138024258e-06
1.5000201398445691680735398940506747105038830162511383829487838448634460932090537152472699586472959505329647790600119339291782369724509622584298551051226327389812940507191381235762222592317868921561916 -3.1046244077228780372690533931104475916855963715352304115060433116596662025723054953456917256300403154852150049920841461242060571218786389154109185179130509581872811984490510810257137348216264987813065e-06
1.5000155406948359815427270424407139934385152901867509348037139855114591207523256358444661019522456767623727461623440376816049948468447407304080908683990251211205190241047034916150305184084893908337337 2.2551185315360958118222157100733816250578399475858184094444483863177990285296608654948108098210650213557008406273051687616633607206244074729805971594925793803477626840358279381911687969008623936525786e-06
1.5000180766776989805584142463661961944445869364266069839821440724699722152389152161272792813989959152472723935388884006051186433156554014066732142447273159504392590171328094318869815988296343396592461 -2.7147819449308597643688804815036414181763733356169178655242773920734560206853909351103356763810563967110582902020387391865831318327742918696308492555404966396628032931471313183224611141801388852540307e-06
1.5000136581522442944965309441774000011992854312331587428092523375434860361968450002232860319866220593142796786471816865379413260667740823082424931103550280814468188434017353626749738541260298974801563 1.9241130759057401099532176829181139012536807756263782214287217426036611137586935155725553226031110435400642573189719034177781939179833986792461055839834731044451839232757797219220243551759976895140352e-06
1.5000161613351340170633233608449412850275258678934672248013072426717258125011153268132699233281847433616285029797768404368745906829413337506761376456015196896578653944768250867302164784541863730008401 -2.3639843205364772742845507617893097925812761551784977274595037413329154574290554843696155857214093443141466638173301289399532752589757535374348368152647939736988591804052884449344239302507151652359024e-06
1.5000119168095293701343772883982802233046016727135659399431722328834080993057049805311026846319258865937212150297552243446973342886521135006614367072886983878791881060247584676374567394567456990883869 1.631220900257858132512373632400244330231601268945984449296174255108307399944107766802449985527469383924074626521733943479533492202665944924209018164470777115256579138766825574290074273437429704126755e-06
1.5000143858914456930443316854072007736471266780695804494868336503589645938124265525710043939223033349483798522694840023652285982650095756395233463897850015043719594118383483055173712337880115805755659 -2.0492777663064207728060516995994106938778528259174733538395189917457098211637859733219040292628850721960220758927107125264350075929620908145496451842414298569834752889428757438410534298156119685998045e-06
1.5000103088734972788007502887409253989953734867616126052026169155086898033859795677494025355243529982907442285785884601826467205628560301612184863069814661289952037403093852592690195567413377827223719 1.3749242100971921413254600009748962024623702798491903977104579533545356279250818937370020002087404102832909836222644703368455636327257249528695734386459515005116934419230321320492165661868483051640692e-06
1.5000088261446383132707030613094667632546029112515820436817640374734888723085723473168232309700776589927309608134263624418364169211910560192323418949994660516064766200679814797246743451701747453727203 1.1539679108692849231330326371412798682264498092590709310143262982146793892379561179166440521294548524150277342933878632372633196950256302353576797945373120080306661668665706895314034259478471444728965e-06
1.5000127430780146640972897301308946722553450290229616737683448096254293187772715263543721504124476297536243925658418792421572486881657241274194267631465946002037260521021380337809774509846058359967496 -1.768035503597974527532945690125849838303957455846567248434297014167586313727784095849519025729650235704145753560255519369220729910968655644023582103807008796707450473769256223499065142025790827923079e-06
1.5000074597169818785254058117046511250952200994414808474263184295215611571181026269113351651370869598434747239959353269739080621002648375269640843242289642221514402915377883158672989315007282671656526 9.6648468896692940182826396547305435504522544930165807188829995443374451473406164590082022177355314943290188629950694568126956916891060394521583152596516976867755567061546887553430860511238287764902639e-07
1.50001122626924960117730706748600980027304168718136418842224155437011900673611330583740824456022747350904606393464115029644767373767695695998012100629954866984299249331416511088601507463003944454929 -1.5179295362114449846033828780032576495198517996310439506889688620315626779321228563687709149955325389346923421900080066593385655347850037431107087898118157723107511719813182946500957680277101579014977e-06
1.5000062005426585453888295222672129724352100829445107829159628417316921788164206643196574997166805886721112234515186901184841452149018708657428725762488677786124767031144928238460346118277468589028848 8.0884736043038056336325451859341758649009604784269219597793779162562829819187339553426751609949828892572618965621942242512564749996051765663275838812848449332588793671028317162483498591405660858290885e-07
1.5000098294881908183110080439052972447950835371057049121453158753888824078477005847475435996312794555467033516387814184636038562761899282168098263341661298521915125337712146271756036341037242426981952 -1.296885807002079704283841467869379355919223474212203627311070452814361089300854411242174648261779814630771138719163296212380122111238580666942591265671887982656000874263619895258541466605772830612438e-06
1.5000050409261543394396349281947320906541648211378803788721209758235029228125459924715028143181708132811377061588323454670185840785681415432448143814294984703955495378214846146862873921882855845014272 6.75327652274673435606848977131633213570691492642384209211506458064000972339985674646394243950286886924120178781361926116998772073463018026053295987213795487171070408850685664155210939488725238679459e-07
1.5000039756382463909898275354265699502350382365578791018852685924980032270646877393787919046606580506917156803763407211028979849872860768158156148776997089349655694146099932024120521455103454583958736 5.5919456758979819572641386629049149324056910988175661384027355676844958994189932766714510087040346254920839466242425403095902094216202151898605935058630569503739179777781922588944400589103740065041524e-07
1.5000085474230760718881835453447122806843560765308187214545248924848301791128718352783941774677720485117009014259522503659541317976399453154150989346880004566775804625387104334222598208003415397936055 -1.10300055522651795857016473838174916350078478867460657331244413318595776321124720961857397517922466247349586590759772007481783814243545829492161182881629307386926898231348771788772796548072296493334e-06
1.5000030012954832074406721656487345529140680020732004447777953723922703513813114611509693826761849254420913500260651339013555325649496656281634436937361848760692900094564790563165418081202119115140146 4.5419256497094326709462808948811602968822560486388793657765696730397403376883084136772668735627591299029467688045357845338169941148026047882965422623523386616891870235155528632863245776612185648739855e-07
1.5000073754210076232725447253711983794304740915381721498843121179736078852555613277588976061973159550188354714734771432704498653317991467418351276934151200004479422684209363538256716164758013576829132 -9.3439556990999606598702439638456577048829751465351695904222125448285297463490186484002271823231358995338875893124149088259392910722091754166894420232943549333100528948657065789863605834044199020593218e-07
1.5000021136206396903338883130763163204675718571262403998454757517139872616523562727047694673508500753039824337689630330747830253683092707814624148996530074992809870305310709484190746990494295362887057 3.5489565549071565675718230871476987007924882047027326177113828384516612129218139465726876690950407621643968026515798095231025716561419661564373136369146202852751749802815668315242043430120840182445726e-07
1.5000063093933650613267898362453795107430903224297201921731254713923936035516470167010713201514881219657518652453564078821864812859509750005004607253150325729393807206633789224224983376139327902626302 -7.8902164295281624099388332264487930012467093290248673654774539580101573139742436270109736110325952672081842545660039756711808027737440257705602848682358207397901842662276746766507038285966923082203285e-07
1.5000012983116948161779993782607639311205690037491849835686196940584816952867368994783140013676762717887310207694151277767949298286536291555867489994465391351903259654604738247909043764545996547939714 2.5467317849647331785171728650809986664761750388287784573556625311540987454342795080279173644792566523331477406481994652391679018556543319059416714751808356072827596192139524358028223734816090221920484e-07
1.5000053455753514748379818523055718655510036154703977906427259511234004133089479221775100605521974611371466232161305499658674090878932939911320590500630190402912702781455598575908436517760628607545451 -6.6449224497588279025248192314542892113905822703768310609910564080644340118958663328660898318860261838019654318429584528372623455920142114652597699674018571275055025348858531957420303896321693507000604e-07
1.5000044801786858798272776657683274476614313126890420322956709786615555694327777998124095794160596831587052181909477472588036250699410934957097647940206460166211749166705256837808053878206820721063429 -5.5808063955530326522622154478783137141638845809934384341555282301253728275752637643362947308052044566127285049929248112632050428712974186029135662928496189187207786692595351739162112793856520016159244e-07
1.5000037091002140291439407497713792007246955646895754180095022373192230598281604894360418020007687228787216355796676788562757824198931087835513316100783755770603797140845635424530849273017503871713415 -4.6693615559683870468031294595430802725855749029910411014186097837929047101171931550912283889291156408674030062975649879507104967211492600280759287580213572584206443046414998617633820021205532785701167e-07
1.5000030278358166072500705983160707335078211011354379358475097422963573699757606595939587079793340010575603131131556178962649125381593946857339694954225601179160591596174477352921090879113287536384432 -3.8840450700189577569690632690192366701326158604295525676320432927118847426939307624135728438594324345882515666987279620808514970159035284677956441831225628893798829059934686406865375404034680633206271e-07
1.5000024315871191109488336068211946875645171631993806980595739904429817658518169715795462935482812094084981844110163842946482034216254332258561875779854909362793547804042523881028843884624082691297971 -3.202704319088392081203918802737307909790051869286927315987713558254114026585547560672194904324689922059078226651850566062114845663753339266829762908262256316195659306165290175579372300200961041160195e-07
1.5000019154290664925554039200816124149625425231292089827731597470422827678680752233573277991326019943640778662109564002281084085118042665283108293675581224507240341916550772692061336881639424415341117 -2.6084025390318383535950960147038364371178210027744738833548277132259829064283462743765161703317683416730700281178430050342202999094719019323260886846267393812055303546308479324888042947703726251523285e-07
1.5000014744259267403050506192409714291187767326666879977292027946371772401276398719024873169440673240164755769018590514013644242243595825302707386607215819539809451552164498074582340715379046729039836 -2.0890096736640004645244590602850867078302121460728910171007576064212796177548838289296220050690168312414844957686034946428962579424874148169987861323603477112811314467124455660712631652874592078905587e-07
1.5000011036590183732079325135335050584454210360990908035611351237344479640488184507167771536826123383854333431036053693163993544072538282911988933672434117487370778946242854011549194907730691059819265 -1.636274865014646997265192824736148790898144667832545177959279488958070517758814955738523714791173255589843069858881733560282582670856420575247147319048455812429416926083738779795389772720002826801329e-07
1.5000007981772518281705673227236224382869840936568623917394076805804808667362349649792579809057675383412216284576828422351239349499957977798301695460314871358134676144295930972565515420930422969778479 -1.2448602893108578085674898337709611055070601245104680439304524595219844585042781479104477914073465048477202441513239681638569600733139343991844580570421664025040832138723085366214208887274636272388584e-07
1.5000005528924552943211474946362216967264880414306574506808030983845092619579628115553421416423099641519190043074825755731001870873465125927906230518650730810148219717317044873881951553130968562578512 -9.1150573242968542707267466915517034648662454844842015787965271322378706916060901435687787862347886377788939620224395601010427059850801219680626699291578163552085304570204585418029038004088257140270372e-08
1.5000003624371016589275961736022944204457827489720756174411716978551645969880286933048101109428755573544708910744066554834922929477401424708909795922603506767812104794716796741805347561743891261709662 -6.3430416592107409989780402862305475907018155380700064104799328288827663064039954892423164521954190305757466801050555083289186172793164806627429162264725519580255650662850022008181710065118547911777304e-08
1.5000002209990984778555531176215765669427526527849807066170174674046036978946052778465693753474524568972996574075119241352170877361773877690170949488900138273455040141203077227891696548025307794883097 -4.1198337405793515746469604491015978655329304161165765241181002365964303038425322372920769343876564425595164760167289845853670494805339425793900747182430574512666864202001326987456419382107147321688978e-08
1.5000001221552998008390292621030242078271277629114462937786132387386010078828883915018262193777322492883394033539918986548421354476396517098153464886080710597105637247121342079765356274976040043188337 -2.4305974656588811048675337220740648315915206814490619733734797724170233069461632549909485911321891034818277115980692019480798401452315843600220249255391914950666970709191656126037311079162557132159659e-08
1.500000058748561124780480985356382117507889325228056798712652282492106139870090850667769436766457315921900805879779717018554189276849036750097502480705522039315627128578824457977028116610291196685369 -1.2475542002553014694642904729803413663731564716578716323543820802699382614527151764581754679869107267510427949914207585965967850635230977936809278360956795454358629343918451951902360078346836104459788e-08
1.5000000228968378434148532903223770980189215759317451146064988246829390613763849744529427083683653576990788680067869494619381719379446416823350143598085964607139405825305993804822398490009341131264661 -5.1716979784715776868264894260447073200617831296011463004608710732337966941666872551640905701248709272317278873079150037233685481928972761400856408770724742061610084212815486913730548562607828983467814e-09
1.5000000062774352933144575671831716402614610947051159409576130622541335755518230521037463899231453721166831545033326178155347220026891376649718600799058136731245884600630349336875760383863687075804823 -1.4962695579298563859333673184711963735609048560065064039888126652232221703179819063236471408930462602774045658383363125420172756334700264176620311090754998438175303678322268133786584552267299897133933e-09
1.5000000000106286052697227957690772068354634810999628489412015009374786635041974977659285205691879454664119144668145289684775082152168489538790766944600511037075519995683222574894283910303014452749568 -2.6965016349981251457909231806838832813020883043689915381622584350613128716080109807777651150488396876989079295796591633997736661268115413999630416798103193585717941914592788851982488837436435516267351e-12
1.5000000008443443888366270499119323702450338914548852712086202409447966036508591666462054839077488680587404397519120684423338706777378583507632127745622990515335663878320645895888874827172809083544639 -2.0957033526734808211027657920341199904561003460622374963720712644066021163758766647243385451096987569272698195604523997886840542596635165077594287568030108465436626720656514852887519352690640188023084e-10
1.4996051909760163002296612745074800119712899813662524461855887915009766143315348027839547799169330365260858529677779395580816102142474367498574076512352494060752824678078278165734067415935878913540736 -3.1586151252324326950612652385560140748276668484154564339136810372854825671938449708281247500368739605978882645428339795899037601812702286433359509410319003554655952960025041061115239423068395152134126e-26
1.4996169858577380747570520342344521675941361240297970972994821189060705877770191735485816619314409219110320155236319635579941362685348513306440693521560551813660914570263443788646181552661734151247411 -3.0276493509716372314907753442999740322478774477036407089864017676469984650788914626234942131146846706015302630398611070222060377691228535623539474315479168714432688432054782141271670693224588654160205e-26
1.4996282602961679749466297584240641205119178919774129108014060727590588862831576097178003278358577961245923289139097409165548171564845198912281441125904843723559648095097303313884169748985259951171274 -2.9036753956431782172918552778028504077892990669689571349296466984152599332028221749810178273005344846122774859575350658779158025518491753155424309531916524271799552882396261734830837180038547061031335e-26
1.5000042798552827612231898119022474348228943091051209167316650212548323834686788131823822232868034271339739117080536881208392171064531220080741083320912506610497523431946820057612766265148431876081242 5.8442953803693394121502657483724767570113770104152537111384359029859277692331094854727873900179039355232174570867223185693950242892616892906994783353286290842694080398410320715773545903944490991543398e-06
1.499639044447650234893158034814762970508544486635312276447515679113778576870569917568621361561844763721121901399750651821160373716685310266344097473039294613189303095713586713184553420741217672345217 -2.7862425348032465993120325255655477740319743845943912242170686656128057504210989348523508610736125033873412403407600098461534138605259006240023825132629627739084325016852123786228111470657604962204863e-26
1.4996493663168275431047652501229826840691070386690897403181772214814541712602112467998588273870559876589428618329909599229486424041285368607027328400596803122777727406332467535133118343545056970273751 -2.6749321948872767106808133035517192007971872914865998097551692647688277396138810802205524848575173604084817618186664678903892265483809011889276622450128598464305525174320574935971844821282908231711601e-26
1.499659251938172889305629117176485579999549274747688717179359453802256424857832469437677387710921566763895582872212087798650415317522174138037911918571157926715326231490985338367376951044864092278757 -2.5693540135903315015528715745311043350481714264980262908346578995166926568343240151248430509760307713844419419063438498888906275488817023139036829958086452615226156291018127012863963066751365691668189e-26
1.5000007412031301714717612494502924252087794100631253717055509035593672569288045979109638990400449741741499765957915886383689933131644558082250785073543909903706380657541764578007231071838699207226 1.1935570584344323342956129481492470626445303026595042578778696724606906814263915298165514621215160468017322916396637135694626999299616883908554797370091603150379674335718657887081470498826123799481028e-05
1.499668725539911719659813508580374336986696125996442674811341713673165328005442190285215228620551330070682472550986071661283407959873716520360512522215975064417464816729000719151153628891773787592891 -2.4691409653641745355993359969148191206378988196612817665121070042393346469658409350990365986863821502846081224996476981632932948256613692049915248083586167296992888132479961269284625685099003075155483e-26
1.4996778096922588928332914002521726466214849359221510466815600155297844298606679375394530973854829709516147052734955645459861912315066981133275331512900091828834137761444032446657369388516462296509349 -2.3739424310024715653725035296676572908504127168821962600380321648008838329861714750791285842931168947960386238021792288651660013841616424051200675459548516753355281334046353303190435315965895034434791e-26
1.4996865254416616392420902325974269616962941856443594111790225510564152175092945835796189391476215790118588233607494003158427609545591283558155078326695512799196950572649274547912323334209424405966669 -2.2834131210987115604202499244416948640249078051724058563669754754083744249149428312716175589006130641304988950788991462283660670840863154939891259521885266804427191561931604555559396135162659675783943e-26
1.4996948924325374230636870700616048352379748764817224636187448042681746613025665851514852661877475809083231411630897453926780847329529258393104466387583290201825719029540407394477747460849750913208066 -2.197193979101390661023637699530441584563110799634527895313263098090085441735374677416290398414441023704186105975569914803170535721717021760248226760081196901796740027981231777860323048085808249936336e-26
1.4997029290178198253281297954755284836160905773855942217691879659743010681863856299985270792392050848203978016072484017021800215099078375027977899851145042638038861582534039274060378859731148681235441 -2.1148779414402982378268518491928076203639815042761258449137172950748273672325554534898381957504910058109060205843875776017904520315159536180132694580377485890069710509335989292377172225928492566557022e-26
1.4997106523594725335221889599469622097282288482671036437600754652625005242967069493299530856647272734823041984519706138471398398660753881399359619985710838936838418070700633993424029629877521299675829 -2.0359475781550537773072157702267818813237354698947753916405846725218224711340262897419603171968043591155055492044433270077170513341945527278562860439337713700600644153235593803623437635683516177137402e-26
1.4999943881844250275504061547981751868824751759394794960257613350194600921118430983840754900822430798981186849261097891704947821078414477821274411833799972826173303032320534207918725445230719511585103 1.6687854256345489794718923625688421595334329363862675150276064358654314130340783049218910873728825721224770499173245841170682979225416201376167371404257500987577310311457223588617833924137612882308136e-05
1.4997180785199980433166321701147700332103123411631324775605427754425482759615472671769589634351298872364578721480878591680772422862671466502366450711874669326481137615086529598688215517033087283860427 -1.9596611881530052631712558945311542865604766072202093675719745273373984495339768100707532025407107102423840021299949777329846352819486068283614983407182393953817302586076305430823208511908973199697972e-26
1.4997252225458510391570130423305798805025232031512073652443610720757525244324290947533740387680676244089683221564091192626543625825154511194506269204247383162895309297331237526942292889630037212224769 -1.8848454406193419577361557215536941894949226107138091265033584850915316575504749245358172948705146787197626194443107904088559352268475868355500679137491078178708091868239752609111444996774871929696537e-26
1.4997320985435643155077698367632862857654074984312846344469325788942631983861931935612844775143673790548834543751210307044152401465364092015304413716457302264376551533424772696901123864767623279326568 -1.8095202441949009815402697647879445968323939903732944358501072648095685196297771836298184465332325413884502855271716753650364959969688938523346645635226051790229844657266270309485299171611372244436126e-26
1.4997387197493055628404692046853009965981783511405567661359373671057112190051326034992866538637126807590203241966401696600274449133099298298451998056774564077630603459771917226505685335003009973496113 -1.7302251606214669502536281614210035520226107136700707338350558289809386154759065425968689496387407743514080995380907912849285569010058667765715902019096998667050003420766252852194971062125442552866172e-26
1.4997450985925046919946469932536286798545476995994749284482422427969564111147516980187453422770643893499983899086810218152555526612979342273724702389970454832872074045935702135777693457395477326654715 -1.6408194224565385490031116257703312387110881006032530991245803056792524864749957349651372339238195667434768503575092730241671928576001049295409268563771027386632460080901053480191889385331246009477456e-26
1.4997512467541221692519895230740695034253754413706017564173535848737069849620747177675048523795283312448193541618438771724754296780287737388868554293190358519453245879073498150800641976952951797615489 -1.5303610548301022596406586952407878371541608096951822678239919171336544094014506900845375449589447134729610383873526790060559205975425374134001354749125368817088365904796272671588782366892711433544398e-26
1.4999862180941580064258288512742219511770191713839322742501887708386306428310891021005917089570649464429957368675074268420940391064117687695526227918268706009347193012018226188009144216227084353127255 1.9573837010120847091533878604569801120640174091671129315856963182901581270589349113111586671158548382523549448538630630502246473433778202854557361167975838514967201276929434784796016204680343907960665e-05
1.4997571752200678489576273325095403785972708477013693844693489819356369138952329211075126734603662427146277496724996043669552567488748387112886594753234069349680301118205320913937785242920569834510384 -1.3793873968290247841000454319797423628831256392344644656523877731012239143035688375241612285977501500749697849558063592681613948915331343158235114937489485327250852873109750357568623241151220801387529e-26
1.4997628943302259608973905769400246473373803589507022842989253055925322685559609716307434768517310634026726450418233173869361476922484509760319984467501102622697331497770929629683303194846683232241843 -1.1534410736215384708375583612588882611310164352484481835524319646588720577391833608160283667552299879863025117148599149913357846551546905279809950308125270752210349243331365049736596011430490404368776e-26
1.4997684138234943233725678074679303393289105474384195679653526864009249266540551103841990861785574011491640399016594532397381884216193606851280730139804046648416101491765971235452804243582504023240861 -7.91883144997140397124533185589479035414562555468093508064964728646019668438502410049539925021427334856484471685486200738400763789589075443884140554600152824366621072923726474667250949220691293707981e-27
1.4997737428792037229178319161460182221714109831520200848955774560279197084925379683324252970863633395097920120793653322348989127176666230981883638458527608132214887060633223843514943805412284146518871 -1.8869755637798269230548206067532108286611340447954151950881573061437376615477722664343150703024072025314011836686723504535795139612603242080825563687178785450644788856567268206256350448724108687936254e-27
1.4997788901552460477746173731864159537791515934876408792648514615809961789165063934302749149136924063060215590369044311800222767717702226043781653086875604751080299481989018962781391822180921376673718 8.4022562091792062069954436986745161881976655110083676966265326520997205746563194947947756904128496282135967440277447770615438701352470087495138166651519625465669705680018725462193721864748139332227752e-27
1.4997838638232065958607113400381890914780043437748622217148883012557876532990155022275955927470168543930423719732432811904322987233999935752251821041040629953571196122529300579176658281285961181930414 2.6124930031212322577914812903120725729265272547119413353483739421669102972147207499344503970883086765093082230586527372791082618670339453679819211778597107997809199498110752033625914730201553965658354e-26
1.4997886716007664886180192834748557335690761680067921860261377312065308335830732647018276988905043262306263673553912760529336754222376165614804947956256858098780412057976862500916895920984080015810459 5.6724465270494638460062420199599417717514501013273431370746832347519165312445162430761826819223472796314756521235461548366314999305783424650257082944917960727035045471260211380366535768863546118081661e-26
1.4997933207816148664362410740953285840163357773498101475542471875583968282367392446623035752031801539599292896715372901151801979334568012026524910153882355666793271050877183759413819800172298855645468 1.0947143482010059415375502577423900479637736197388410886921840882739802544811891461490572906818113160513866497758458168190732161229306142986144557734477407948759987934786529676680390085648348218435423e-25
1.4999772319123577401922791833319379045566217343194244726851417934433030476893443989168070904315312544581962653953927493559630012730770397384999464940962681903021193057702298320245371017494691458299646 2.0340676319261643740333515881752963396036528511513292635105306381936521341631833719547850851058781496041991260265846134576337709691151481903173708533549670723334618219498099590432166170776890552387225e-05
1.4997978182630871336618188301438917321179281510847504406169268908354554821247373815642083752436345546457421514852986445269127358856584301947388714753058882239436648929959664286144070018880495694558927 2.000580630517907546824183469314453610556362795550628792999711506490406261041118943646295466960953974017060742797187483889371428297116063649236117017997697358543695010277141912340945354049779450784701e-25
1.4998021705717246254557279156666980105866065124780750967359780887162190590938068003771082795896459843161780547939821577138583821357349410007014707255884239119630556386631050145932941976074439981309392 3.5489009916221329165275696478225023823463958087791014748793453086895294478567257481316584900010750597283550928122658175511384353751598150014784886266962475126131701384776158751305135080025111773969791e-25
1.4998063838869323916910308969335740596728722818476594971861298508426672177898192108887018078729330193842533979394163253070163570479978890185580669180326676908867012683409100152473856394290618651435192 6.1814907749855137831178787328298055578407679632458077013175996072504617576337804081345593075899742100674736614322406005552323727751823152085813239561018179630695089373198467790513550324716749577964247e-25
1.4998104640628950783591035130014150548924958052482953465244891386733638605981471425223636037959754966290279552699391460933296508110647292167693261044822427142617162070677091570674865637262744616460737 1.0633543462263082043369213142585853070649516459173638106120325341517816588912821730351852030797257675797277036654522473842898370005510450752789484954949386754398997527865098204752482974491670666376715e-24
1.499814416648895910218021065080258304230804580637864128784805766489764287447394938814522706598659497643439139521150733817426083430962900135151497064429251410639390215594621059270971010081770868654789 1.8121997539838100026566705730061609232055840645836075571393636215973593706338582568664789324196932029230869478789053099129637651109286424185898342131180004305225514675318123936786444647985036712755016e-24
1.4998182469081703429913097639223603312810678804827273096067447332181190494318387805094690913197332156928299826496341452765411016093757750713986877005354894775582409172050122845531265682347397261557888 3.0650985298778549130608104133058300606069542691740910595813407580239791972409027455652649606990371539103529952789895904902058175498889402308664471463654211321393204714839531931151054181425717260874973e-24
1.499821959835413886658612720651010949534173658495283794519436396149539311257564546498239412456095739401535124321045176150097965986451077317748726307854067649125547204381698525346484368552557131344248 5.1504911128707952642575398347859063292495876908218119266306677923824090095026722154018253482928497264007950723802981028082878067128327336032238564064457342134081185774110980015862751961976100013626562e-24
1.4998255601730527514989435947614284552588988711418556573294017375734575688130736500321087220728095880243059376728692871806204915050778242683344463149243163580919250024471466171851206492671409889156203 8.604097844261788818048866908628586311514552333918940106607568684545781105577743423111809214746998737401577918310488487445257765466278540408214958511610431760531190849734363874571805003950562007137874e-24
1.4998290524263762019507880489310066811743599209253185751839410071930746999796237978556293011673654279552438181353132782627854216317496919502388707709942276162571898073490503829476665772120735532547148 1.4295773844014215036727177106284999940893309778052356650708471794736636485398423997240156649227766860523919406790211363966273880939090318450919233610406937930518003864554210495654832847347759188638193e-23
1.4999683955493370715272895498448652408451458155498165439782626152272509384338959511621631546119661085865365852592724216500323882434989506886662680334727364501816530692218440879937988236369090680348649 1.9005230237608493944613560443745908543239832728971207051443056258573479429533480499393644191371900594455346804761564848582108197456106627410218925952336596893419769874476959096898100928533654552558245e-05
1.4998324408776207022786232152737919867297920705380852601422643649770882486090951714498260252277665161609852679176507598712210722503620108155066989960358661514606426466728700002529946277335795975684242 2.3631748977508172301822342644479267469453090749520827601796793524739330812694737490782968331249901450807430307743351507722274186512259133003963035730669965249609825526682933143103496688987377657782054e-23
1.4998357295990879985446366869476478570944743979413071436279500072756722716761013910508176083541272290813632638330740810230044663949237792063097116615286828332506095327022063137338543073235573902310547 3.8875818344457395210577407745023803589831038982187855356447337053218198873908071101353082450319273318449735777196690219006808155854372021817350011540275452612316650950914209910916977391595644051432057e-23
1.499838922465372111623933243885567705101375349661152161881959699263883680740091387172781935455662908540183297709917578859368324848980330340858261764281959466585028254009475751713873637529328394230613 6.3657573214721556467545128770202119622882535133292362679352457413569765866421318419878673482381711818870527560821831354728110833122219596243201287467699372368805245983158874769025973590237010296856932e-23
1.4998420231647637346949271915815765851609598392923469380596046338194980117749080822424706347005995233749897791915958818336160077041857264370309304740313132900861567058513811663981450681115299383984425 1.0377375963285048967691129887473229044802247203938794654918785129164404543003626920674176494941250849962099989155104102562379587944098835369385355449743212826752031967716271433753787885956922342810485e-22
1.4998450352098946637781623221174289215756330824692261401566547532943336400709452113510062091892240620881620036983743320577634731382854804609522612112895290525885574172638132810811609293294187342827121 1.6844755953075114324180603327130040781844611335272604918840670418611018711202353981773076768689975909318486655908763315371632788367617797298385365456575701576854972980868509278627853558962457636979403e-22
1.4998479619476795776168790778161602915154936287675719669166782690415074110543085208840973108610454491076721303385503175014658066192578162237199171207196852958405267065818021983354035277631434624688429 2.723010547824083537198433636786358652159496376705003993878339407700733138692080544100475246971715142794672398339059535365696121671836080425439911654630841853062884967742366050418564136995384977437702e-22
1.4998508065686076667714387926695923941020417006999123272636116805221584042129520994476880834584204473427409127059848118467314005271773642776538695023007993569874773670652814025428397537327554648149371 4.3843518627217171648812576658466272794758456671516111020949966555229409879099575297391652383875722556398440080505454534576760779693975289080978702600487251067685626657742636923611468550991372904884288e-22
1.4998535721154322408083498286366808366410852299133155457071128081025456592925998552200671226616522233099979689956707110779130401811272933419982018310118262306536373336421285675087222732323892013187264 7.0322473973863621039058785926160234409465653837088490589539377223136253961920556966813063858525602699715512117595918568179736569588290329242630769152969013655975136843519237393155400314105374290289102e-22
1.4998562614913024720164285308584413209373975165644141120078686071707298632294862497367367498840676086279511309374397718618330879497492606378843886126417116831045496145681430309437043907110534924424307 1.1237620950013790355348493826761954443208023314303667877251980850464911406041681527967590077222973578463762303746509810566944256102391419127776058947091807273709815284280271476367396892110430884359361e-21
1.4998588774673778241793612725677079083733421651300739176803461353132401514674596904812374222059490245014983830341791264270948985072015568580025230573353836929578597297744128358871416343965886386428968 1.7893814614537910844345727752548518176623763939273000286141988583729243545770845452264264614858743103078916087327123854398835654553990228999522357848779934364851605901978016024432562421516648245443042e-21
1.4998614226899624298944610605492103038079693262585850572375081036053127643750728949880621599684195479704003938171202192089657131055913472159535526252793469604488052840794991401372846335347173216562156 2.8394540031278363940182777514621585105203206842133025715995151519947410309595832394603491521163940080012774157507008517430529137580377689903850272425317285950128133983747052371448285190976188485227083e-21
1.4998638996871936878874864026077844295102077746904408540665819500240313423467820736409341645244113358668354724714073881055519195638299334644278576947908719674880841522582516899041326841414476965463508 4.4907978808754275508307237210172676463714546242948809212996249366570624639977388191233287822567471812968489328064387542704246692079859742850518109042162859559214087175075561251098719170774511521838346e-21
1.4998663108753166242473533453210623611154305471310705474004292669730227038114096251637229295371341143134380768537634368652038268033221516627334471378895953294404063562200200449596028724109396809918327 7.0797982232389675450081282545216283514439356240731309807613046054935763957459971022276551947251541449182277029034221964358924393075164537162293775106630078247636716776104928874289767088403718138923522e-21
1.4999605651036192549929546599373629263893401033137659740620255239929262065082362532533428834003875467864964377497036292409441917136040684107483802474327311783608070230583225825052822698571793668064749 1.5794194563407205937210049109460516538901131410497803263375793350575142885569732918975854392924837278501606709301854767438552725321317292273773342832106685130613653294978105224844765687296305296872332e-05
1.4998686585645730730007573317569348722629475881336411200472317599497336144932210940926248333368578894793395833905650517618414117917143695410761356882223418646112176545530208952870164084143967878008708 1.1126985174049855232179633282324244147639057183011032122380466143699777890156273257034250697695851952565379917982173461465579487709934969919212137036019799968889303497769563297875088384385652840883393e-20
1.4998709449647324591295854622321252394612380777908941448196275501402256921431171056753391622070476095197169804458385274715808441775724492241450045653547573765532261678382764221450625348987696198918156 1.7435831846106845021366280230967938467153134215313585734027269918658081802994422124548701147172939588279474734793182748952314338104515275455828844536462080515080937561935419182251853422058209487012217e-20
1.4998731721902888905269486527062728781662945745317814466872055257357697483547314759569843220020252624707160600510951078001767263921785671715713069275453383695199646414576179913452453806504860810338423 2.7243596869415761645003435651013231208847749279622270979289960343089323789636282482515819699584999469045958844533056023165797962497357526820889435797252460789564373877434098188588413046380474416090353e-20
1.4998753422653473661113759721347889752437156406211934668602460136123200038983671173562113513758983566611276389151787463121745469854267921429038218085469343522442504369927394346555583316120827259879121 4.2451181732518322957437585271555494868312901047142016738424727524967941136181831235033952698766782776898724503087898834518277375072654965094990819688018830112465129951825410137796787333250214275111143e-20
1.4998774571282201688604517735488674182544387216968581407706592095697275073517056296076891577088520742798922238998040488404552388287926408489575578533461944404492401948565154657395577101298480871416426 6.5972750857591521897194088865241774080131024354904872105696608486924694120569825244814117283116657432614854682994886146840078555010387256882183504270170324249196387647048377850632152966460738035775048e-20
1.4998795186357529200351865904976060677349036662131262238984983065892950872165885077662895586162097436601531973477450149483636666216992222102737224282878536437411424529283596644347950400884926282520775 1.0226659386065361386230500192982775911631713052855819811487536109786388161150275958200666765141652676985214371033353898921837003998477066992203730394718374974879838877900689349358063069687482960403115e-19
1.4998815285673983109780401246125787412193481591990444745679260035436055973882594195275609880760291482519308984106217509643069488695931916129417963663840727104081169339200261147459585035987650463452953 1.5813987028352501235529823045928395906953469021217613658371698270396899477128699965442494352410147470533243823485040553660020166489778868685808679982518859358533986172378129371771379332165230362302229e-19
1.4998834886290541895380940388743240364044524191809373275319977017661492532979467980624025979078839603304626597336830600780664328591366800855378486629345434620216857783296538112379053843158705393327737 2.4396666722730319225117441875680508385764322564097019496480586271829665079856075466140399916182042034289147119614161338566997603087992987635735162589660435768418967486030434010000089741602430408268364e-19
1.499885400456681448546848376233102687262363105824974694762534869944194853003483369846435952216629738005077158021366579359891087759819139134850860728838463762268264559804879020212630421776179352581769 3.7552899563985378770369449769692051311759917567441993341762102994582230956952187606785424533692973526579806105528773498400330289041371359625686968198911958635863260802282741073742882313145232152651059e-19
1.4998872656197160340361712835516107325662680537095223037113358317050589139309619308028803567662798951353984144443552190119710666572275591756100842096666859442027478311051493191056378253617577048892591 5.7679557418800948656806665201294062454559003425532047782674674711771235504715525661123417438739721466775397462276921749135282831222263709866005277592744214677199020938912935130362379079664042285204937e-19
1.499889085624288352202193392551697283304240548112109896154921722553947419043030458457754479206295723476084302485058533164136879203385514233457974958019003750107340121003678087576017638945484301893218 8.8411086720842992233883209848855685023553419769873890007317622854028010178219869982603130855168209843557030863331781549688472801735953466519327235885905097806864624374279508852835496345991411847115223e-19
1.4998908619162623984705690953974317429650487561222738531463361739820068152583309842979551218816821870652973965428632124897927951895429396904747731457603704236586790930457564180306610251272572216484952 1.3525027975456514432414966312852106693994511409415989232945273582567419087417906867189615133088834830895212245504468542157780180905807498468546681788876745671518803854583212111030833873310303318883015e-18
1.4998925958841060521662391675071141825475970872608804518788132139540874290785148929390507357460950904296895181800433596674924698839907324179332635077973160002288302816830012488839328635217957993959078 2.0651705929015971741301326725255827402162761951640638971911493830159646784489435562249148979997770647137775291588162926713770903059778842115886273127249080297770545928229370083920095662415092703631983e-18
1.4998942888616031696750243930698751018466414313413424905996181013349891171200195300026846950161602809142401340555805146637730398898988509341116806731329495034918197221892740771373716289893549436095436 3.1477422124382907213944749868418492841682971953483463878125480439271952773369391839404340226213251503358272348135645974050282158251714430083010339319125202554178556553910795226511965516649245092268572e-18
1.4998959421304173616597924480639678841003311005647125391205916509368194446675444656649525196740896634580220627779295522447925470758764042648416160444533604542684587252830859707999477558982212418807519 4.7896801622040103599150285759295837417969308208717619612685195012480703741993137345011621202845570694485654269338759663969316698639067225787509863167192426235208143873159155629395202512625685296820993e-18
1.49989755692251665046779520855642699886971693373827870543597130767808947660525979049877024016714546731183895651185002640219278304131117010754879060887255168717309549997602772363657525549312834293189 7.2763943298103391536625946086936167998989908864098005695525365568387001929941568167956248272684513906207670762125927339370660788426118468148610659774524808717526879357486382073522204674530440805931122e-18
1.4999544363255516462339082859956670868291226592583687535253394518067487372346361817040094913737647935444661845098179180500199840929876053940395558625093348807224050344841138040120933856581011992531535 1.1078258002441839534515590149865215963054245383196665632711180087699079365269561773690945139547183665874014442798825875997179168649370081306212420623801797939679610000738351433786650458880508659424259e-05
1.4998991344224675674425917463858408943613799216840193915403666374875396996442519261462130014623965203691431818967432712799521665370742562476773474640826662143799895967702757476057870710662764563605456 1.1037383598640911952272605564458945314384904633630677166904449295375083846401207534086642339620253248952496591445143117840204301067741114622796672439506798571060164949076425872722115757375433246571938e-17
1.4999006757696066619862616741399276708154186299598388754599054137350216853971106715599248389379212844113226794881448856847427599137321130791175333832972884438191208557772137528788948822187801605476705 1.6718362627211602264366197565568985148992624066184002012552377061040450869179858542140656980445231089918496215065522993277007523992320730279509693443175966693507966477215492196121465969206147821964535e-17
1.4999021820600968508617761292951802954679375601422460305056224877096870228775738077901922585142279508052495555438725622815741300745488190218567658317198869137845521967766231017221970389408647850534567 2.5289267123869086881768380295727719715286882354033966573848833392643953405089723020280928565483470160686075018232422606925293240083408901098408083506497137550596147596210450815408160096580129242335189e-17
1.4999036543488755337022554122398948606478404995810844990758990914619882737632785632187886321994864047279201003276067867422897253086626169242648458722855234683488115885804591813648287451200969156820256 3.8205914569881347058276193888560902024463398413693690393370607193352984596218867662660596310323209135309507152000221480770689054929024846283670066926042571269181450199657196946110774351304553611178271e-17
1.499905093651500935653283175983729455700198751787096624164490089366380133293635795307093038799684311641146119924331583603402304002015397491794102984410365860599894962280881736272635905265821292550273 5.7651891917255885231259737739195664246648070723365148962307089911208823699249056901421564260485020023585947958214906724233252413170643509876378117500578255920475178719979424027315026226037994268532317e-17
1.4999065009459027074636664011660554224931005133365015798421029839952215174354198567215675913142437272977278671349993509897482682514013034817588643978599319528765335415809349470076589050771982385763788 8.6900391268647748650224727485745041708145174581774449694312248068294620756933198876714384959972815141056034191211199637006607328302708330250101505822115726648475684068530997910142758982624149093772628e-17
1.4999078771740424143750300496808702088110548302678837901852903162856654555760141589306805367514507532671578075840344125903636717180921101010901925408247972693356161874850788426398990720889913031982015 1.3085538281065459609236680767912202735947696259895320976328231474047090431743865343902089567634494906230535527667198381741212559082872716764031694215194710903081213591291329508037026087595885268635549e-16
1.4999092232434891753005443110793409670872688961671789208231140160763522836959948933581037914288821085572241945028743882590782232707441141455649616003268753297250942169392069605235728240653125655950524 1.968609467575885622834505374997495566688742143245961876798283152030026403694981701469694371406505245551780196174578898077687942415898733072066608677616649375916647231169280003507659309281791899456766e-16
1.4999105400289153707069750683347274242771695648984430313056112731618125237961550952780380278934312378458612923048502379883612750959177581551037382575193450281294089570189826421528742626142639005590672 2.9591165489897702918683667466314994146342202164191836132280150871490938030480619008103710665211609812017982941535358789013866495741192074630722110439028159621948526651697046366862789480233664956009581e-16
1.4999118283735170192001257149660909480661937937427170634196791283437035975762449695872280348828478228740802593111382737176648610049378167717605347591683589855337456668899721219901696288186358587295755 4.4446291918315013761606322747056910669839412154300425586641792633081891862216914088128991366266197435429948409424063189588864539951817406181194940142947089790607316105916389597361243000720016249994215e-16
1.4999130890903631271193456519740508439674413224759644161546744870651041540367206318389242375707896121960536931343438914251715892364585077994879613746563331685904790655180751987396444526108570551026021 6.6713922465083643006927723809291119815881499267530410890109973837422862716517766594552272016154414031271234082116842217840384078883462570293297809651646835342889217687078896558204820707078826150319999e-16
1.4999143229636780406919126526854646623822737398360251707773634541407969106035839736066592477039843918436645354639969367871076282472630056879840761306632574696754118494431875873386475553105555858400149 1.0007867286802673253132687221163357023700494141151533115132797554541608283206172254149650168838255232382167396695737913842118631050820391418231758665664462836280197978149661602233541303522977394014459e-15
1.4999155307500605748479981335512223024590497831091715913980397542800672704834555876148957061444340297699782624865745654685358575550732336728735176220721201379643265727342925335023192605679071086311589 1.5005398625622342361619779564343354034383432651713054173253939056992497447835399658823010479124801270653961218590576057766992525203155244096247356544841479622047779429826346098476167550637072879271369e-15
1.4999167131796434551462958076573369160211208944380076453270392209396214649103351960565861804093382381515110994174725353109077298364263161052463329927697374146938802548141635034769590668163398600877683 2.2489071119683650207962197713396104232295514223587302255186631813508833091725173931476827204988823984731036672743522258100095577747979182779555204020211824609225077063414918057943977667377252936604373e-15
1.4999178709571963880173394282916640226014010249680961975564983905040798233864550557795229435938426646959837351632314283323112435792177055231677286388750740193091883012400152116623194728044581544199177 3.36938625489661729889597155118624687993825672747321509730233890632666823065902509385609037681130731648829999024118556857836799634320464241900862241364544606975590115706711237392281742234022661791272e-15
1.4999190047631758684005226077494845580293999302857837748187828733893947434402541572995961713608717061386076650915131592371316484923810190786443447838602434177683601317761329099939507872295728233930145 5.0468806266432073336640149519473525354299484749570706317489556638900889919652154179431689437566084555899096546661601550589452091101937239153981386999807698247047899807473777359693102877838254143430347e-15
1.499920115254724641613265861340456363738560230761508859109252303584574816328609913078583969942850726158828447112129604394688729837862123900157518090819930990789971571547066818153791706473365382910238 7.5583369388301043697783440332945763774371071513334428332012873545118899147751861883219429557157713830260442378776850153015367459807025509338905195643007368392793181160277419915945211311342681658793791e-15
1.4999578222443726304716928057327894357926046339487033496331473023232988384625031922896334923723842772200859037668744918840326492916006758235083451597855975094439059204657894726978295375841972638226332 -1.0049136342840716411747677122436170820914026146963698183898425867470405427966646539132495040686356549836192330661455729947761551209671854778507480828382272769350773152757869273705180783314837262507593e-06
1.4999212030666235567810230056843683098950790831462336062591570143477751456925784301668746909596785334517412726004147327358903210002300942672902688142916693956423333238912582345368631443697456580094292 1.1318761715890948921684500086025241010404428076089335545852789091764103441025828274649128106457425388271522030121439783055460110822793902450676950842142598633828329393619269119829543834431744900990958e-14
1.4999573937945752242965598272533100201236872499604660388538583731455893283209403097960921317033220489155093977409427853615659360907551510799788891540207416363162800190244444093110146650088269949751831 -8.9608728501530958510849528481304450964157161834523878227117431300703174993729522286711691905841586652761647844866322557901439574019531163226494548383609243700680176217056547736504220987577123254510438e-07
1.4999569594446060411232108816724447465839970636085533203417816750104016824477836524304103625439742927900773986250997067287340464161675375394458491914820331674277845941503619564160354166618715611229534 -8.1323705308802212610255997537925346454545358283807887143384496650469069248639971348414899574232461463907013192628561076407544537039470808178483159287721939935942243556068266733236965464075117287319265e-07
1.4999505184691403186274280712219159838745520534374457489663896580874328151258737518873779311200161762140054620737490558774782232055281076564469999199499712093479225332968016099044118156718416235495582 5.3173077644735979703724625558693990095323948925839911843477482637921738647554440100188146424538309967420782698154191751466718803938236514749356024495112507901459426608426510549082679407871243423263415e-06
1.4999565190568244636858372361500506452251328532264970683816278246872355739015180612059180208369340562565194305458275747257763564626868390353554401042366262694249081083734409688094573676328394223357957 -7.4311460797031303875330814996856767275075921029403533232335139532933006909659668837016301082288486745538215543003791453040817191801814753658396293701360035382425092841703640561101929234299976104566724e-07
1.4999560723755684009430891763569496591814413702941624605689529820081903264335040761987631732354215890595579716490692599368150321405924258929785002469219593573660190776326610457605407665886213523436054 -6.8054583172337146279393595969638873029729711297770511214358744382305026012333389352166972987330850445769745940102440944225789505386261323803248693832276862023517318948042456959053641644508121585516627e-07
1.4999556191701418345368686354629665870680830797516034733562768640181983846244923365037574720896297351096833776900927025292930218753943949664449988786539931537682125430122584261937646205407212215203716 -6.2291031687599820087240480674150310381658286005267128913859928525331392020710675403774975283648645320144217668503665553267620346424643851271834629376932643296332737814281413025148117432893246160788414e-07
1.4999222688121983812303426881498403563994709580723941628577166450970722833308257253942456824489568483281560757826382856370334862307857875151755858469833898376057886007763418395964189934278658816200079 1.6950402082744792328550842225753133870483937142644024001714888043809927675974803082125068140918163413218681154534048977613149362172829877582110822554174387276623524806195274874560650110033785868045571e-14
1.4999551592384962980725058896271682904692811043264410155959335450146867672103113971614369054045205284604807780004354162148306473853182467788853548352561471143611062892099698701304506108761056377428037 -5.6867042835230347638017885541159348984605472102243658718634270184051558077694512214017553848681352442889497771366997422028270272158568666457181051882571170765399730858660997484607951189104451336905342e-07
1.4999546924005426803074974176188509908469582395896881185251858723520866559457890101808341815727909645821682711355655899951891368866409363547073320775473023137179616735162886239455731583197423510289262 -5.1683024685873314180222016743032740957678040602815140148129740311671261319032435744304063969266158294171813437035334695501381270887153748399302449334774156090925236345907151331294227081948000501959973e-07
1.4999233130841839877354191411270244911315280470947547508947145187422816298100104060285598002335034428779297109073102584088470272758161318553277502714865363487995560885291221997315275606396134015314236 2.5386862360222694549503592894917973200347754570916154625119849843446148793733528465545630334369820099108089496758327390041794902143461840911926581665950497011804943295577967909094394942101872677027009e-14
1.4999542184958561501395999127540214191056544818672616802330085975913937207758238022468619355776687052973057931286728372681433016339767417420317333408927714299007270297761987945679656007082935081362932 -4.6669385475498829530999354529040144820050088200714528402331386754914777801848370201638925984204349697839562796525610755933678516341271284782346510949664615377784685284699904348062887729032424106115174e-07
1.4999537373878900657919666479648521986625179548198311793718552024792245445585653704040353687680437259267338742909255240366766856341706956568092636365616206840615239746509850264851019671045569531935569 -4.1774026711917779092933155870092776763405840032911722610489605937351980691687856955928057485618017224848896383512027785486728800597915341150438044348770202968962950784114333897176661870919412476254013e-07
1.4999243364555481781518754703192293060278950755825108637185137116865547545698967822335550351460710304601056419906888663679347676557169902893809864559943833761506908470863500888400539527038658319015595 3.8029981947041675551055341794766908669931539270618739746698626143873245085903363098175697916148631146085696666450847931300940487866942488417586189702436378262806527279528472303274646581324273965348909e-14
1.4999532489771365011527491697289350679905120688575607298029429726374338828940227482912583849665702319741325792242594243664865456759440831184793577273392448286549232034711519186501809568458295320091067 -3.6954861093403067224647114844597561680792018232539844799670042236042600891569505477874154784806528621645727950929635878564218177487097072993062278185273013020103085308599103877242893322283027387530783e-07
1.4999253394802772663166251851493735148745942253561384740016021180845140825314233835412097804891267932228825705729063568664626046024008548396665980751304703670465542122576775156359529965009807381897231 5.6986512835986457879037836037251026442227352236081330635049412456855745988662413481454450701232611706768766701064783703358382164206433492170698468572309464418343312477583842903102291726505463980157851e-14
1.4999527532287666882709803375409101393517632261939213171486533579551406587421965466320258300575257255633083956475274685605910087302817990309898503672679514353538758129767116783667055654012318101016052 -3.2174464888219142812706784759010734390696839533946940802074787195803374494540382955242382414121200566424800115693530693124530099837432781381345106796296302020099023651665481959487712715959719616736992e-07
1.4999522502265239255275863139642734052835733720669665061115773493115514446249245146854582291742455313057073649220892092676319672429451877544798359639359721492345847788985678718384049453754919904378258 -2.7395436402874661288946969954506836329490894731956960022131127881778983823991465438657238179711040671996553250378802915127180403646883953051674323975952573020566287735728442845149850628231409959749674e-07
1.4999263226941254083317083852677339282471137647401795980925449180541167815722157680421775589052978710701425343569010888257117282712625911711130576927721165740509835330224028985815134334041626754388765 8.5425682920154629550568875309464446465142801228791493281260574335324852707581927602290177892884008120440849495217402412209050622889873821472254966237296509012246232631039782445571708594478861539655389e-14
1.4999517402780634141399062090957794991187792712670586251152933398845186443506381897334368829582150759250142485678610343019424540892815213163401388163821486626774287148506695715257798721823576456637984 -2.2576071243499446155266712758859346456017595818202105833467179190964693923398055875163788628564924580107118061352850933936198494942850468295315512887163018759073585839044344766196104355843791194533506e-07
1.4999512241267716536505307604688464259115502904891492850454813400468720203353313948400006371779093676964092361008851281784355239576806377539012973786424292938628409571371165429122888133984589011463855 -1.7668482260154750366899511347088285618328511051695662811864093914299858466128351161721958670191715029694189779636844130257627981783721410963594811151437545580903283420734540807044939304377300061682957e-07
1.4999272866153295370648821316468112468288295243414830110602932830174274965890300334477164655500809534415631102499748888464330550310377169744672978138900343202110297913141885448315832370934841017482653 1.2812019643407017583593876066799631434812855154498127794031041737352993606634226434724631907395127373540901186330249348016846369310873808765165817884780823588877603455938177332258783913911742704315826e-13
1.499950703380171536471454779327922776491535513718702427775001438058464916019912947268624235206313142470931601594889613434695986440006019873988630135135662644245615788926505364583428862492161698973818 -1.2631227313998708751092934456588220097329530812575228399337537609357862696858032034082015264864143186905234385243787134952504676170200015733282341336348720672605697113191328913042345496451968434581459e-07
1.499928231745291626451324340275088838216935488335079644907871840458640212261675226921493992231436242609470231167103859561932193890846961580069929620716482840921364065331189183837094916307656783855839 1.9226609469974189864520572349802909184763799031117041242984284404178324994902580955923457191144875386750644116071870344628333052120014906833017871307578635376261809746640413111711172280472093425518322e-13
1.4999501812393770784791314515014513507786420594219446779330541702418913958382482469211159598454973687893229358732513933410906990809803560646557171440132345319796948223090173286065083072783151963295153 -7.5063475166817795008944312081345070228708731057815676604634501054229501449218905173643286123795850965988290646994444823094604696355083205837145151851648808505806965363069249742229654935926078469369503e-08
1.4999496625080662155272148198078416512454303903536532820570279420449239667836330506525315471327715363059105613754711494338110714483585741519720596371190058147674909264206328135567994351550621423221045 -2.6938329538192835792847150656508111378439188814218539341526594132034586241530366112358640123619379866220572158349758519212059099115211048185827613480027809000945520479389472660160294790739376072817419e-08
1.4999491477144596839986555860666892661021241086896857799052228978947712596158915607905266877115667290540528307771453017777716018556990765385605218896712622515534903109297874211840455127004714933405881 7.125859527885564692407068354295235976491935148079148483368504806234545347912879663227496905077713659986447912123103126265155973937576977564948189715073618937370965451376654263916127047401891364543874e-09
1.4999486240439009495783554631608154096731546985926044537940713470787740092263681803999350244280207705856986165654506173951461164332936710895955331228162205936442842087591298062119271040395327487634763 1.909459153959382213999527814118407114580457091169040151910931483591604292238240756962596711755705577102523352292665059054449341048327593224036420952693965723543587780221255322210110260154592249389557e-08
1.4999291585692298748440526568098255390248277189215761647055203239652594136946630749884474298154158519875966981425633973904293403964763868279200427357109476591394768860185323926047987499647711931985883 2.8872735801602644699734481355747695797877230444561504850882710762938226018005763341342406874897377190071312712881181059415015179860080168766338966262872697473842482698512859604473464710384721309000336e-13
1.49994807891043442894132287608691956543255476685585513455800057498536044152656580802435595117969998244608022006491907385700429642972122469411192186189626824022336852425493625643150658539747652479316 1.7236114114209167355282677675569061323957840629122245066664041425943070751969801401171713144847959762366691242034157429140007908907982697296562490625371348721278643243228984872182224987806782906836092e-08
1.4999475128879307480329601463009238437928184392346780222554429435262910999042183320774897164332820084870488227264346728705877782601704931627852148833539067997710064905402073517408050490208991466103894 1.2275666394998555803517444041818365601523969734349544513117630688529322003858999396401917140786131931685525872492626063482020247782150837113528339680288985247497216572439793355670479305307168123351947e-08
1.4999469304936303833922539513612137596834526855921870233793522243985513057664886468703617569127533363081484065973086970791898645844748802275967010525428894750199249296397018103974902969754101595462588 8.1062508635714823521324202065101756891322535697165333236267610670048211968934994430627229547990924118353443942905238978137250644189697035412087126947148269829762419629010855394431128104034494253525064e-09
1.4999463346411845147888667082238845209705796596320399408075261036870069008509452030508773109951676208502888918778704744589905570361604867789998923261287663617665152516128418453158093304183429802061452 5.2194536926270625335252288521764452374417793140570045537069659963527824388758024854863984060420107491110180466792366300497322239634172598647578683249393470169447972212439550103438548035884421441791026e-09
1.4999300675568002473415293343009554065842607574608229034522702816935383249116174128369184890424766434375263668987231210824379902580079551853405696247297021786378548349798362155634031983691442435111353 4.3392877155571119616752412175997680346974035375303989554464827927195785110249959634836584616052037344496300409297264224424065431142583623692941623842490239772703810095617039775772948371674908833736602e-13
1.4999457267303459155299763020821198482702031192146984254822657147526934455341384936200230949674196094876255996551212961051665262286598123235470363822255013987788492878181410988827219127851067222411957 3.334587456951744739248078731516478685059704028972950042509248275806594186260057350684631330569055652847668844619823966003150822736509129961336578658818274587779494447411382983904787215741385639173709e-09
1.4999451073568737268593308031398487348972292912633578166022746686976811677665865724504685659753387093667437229956333891824474582069344825713817152330424402528099214084895276833076120723245405351353498 2.1278028448715877776911316809580573725703243582650494293799512031030849245219605301411626989815027759517458989337387453621669209849036277989301333038799555765308889210332939933780225089914151325046506e-09
1.499944476716367190580173030736779515239013066917542878789227417651400657957497156855372374931764816138490241663077762499183610160507067770850670489978999518542887279958531285197863153153292457602838 1.3596728260598695259443041849604127835444963512578646599275379823370952336919344471692309446021581900347514948298466461721140566732551355080492321872650055092130055075340641302479322494077910678055796e-09
1.4999309591626896422819428669305494440912325266035093209582823300696980790977651958756650644920924646966593736204104097682061106978897946127751952560173487939391093417372725886037429799236143488962019 6.5274035850780695505913411987580760224090012718759641315134933201074914922020173187206696138675441538218208270387556651521041042145778497662816750881807994307445521392397589325008488052638766969915978e-13
1.499943834798668397656905901277503747150628824601902593416540229267917808828547005913871512290876564634132194022420545592203924504527036468451715374271549824368046111936713904467119538488279085485486 8.7098641330290796423398341264774984938149088386285509035772451072111008874471798440285096397175644225653102431964707331007757504992681538968015096088972512081876656903024691917440033259434117813452665e-10
1.4999431814819511011832228033541583717154024210200787782899584262201152099028889424069088732619083021795216542972142123872504872050648420307216386521831080444963794968270159116962473641064141067972967 5.5954311701012991310850315477841053588892553857819756964578170744235906295285173375071913356741543707432152682830387897946652521184796792149635625343387753085143219000782999102017699066304627458039138e-10
1.4999425165800628765518268319140305946339367340750469726196845201549831575480032066091844529214053257449157392008540508078822600299731784968469996588518684755990779966020802790813599876130407638619449 3.6053196835095977307036827865825050526925686169913230537412513154911434788638487429017997217639400927204249086893665232082848413714141728981095479931847503076083600466378868514845033257412154271705494e-10
1.4999318338271817270310236853166486785334711424571141075770190543868344951629610197799809063466187761210788490398602595165883943538031813333770416984993397049643509570742930905906414386184726776144486 9.8288197158528512842571355483316773640310419241750885356220811458718467236097147159749614160038353852076440926337344300451580022323955422230276991425957774493884247526454147842232779279995647891443813e-13
1.4999418398672922107372071399586914007130759041165430122196515586470018403445666218670712503051888568515468210952849766273091234957991346615510380996831819965308960284655271585599966299809477444531837 2.3298398712410091521064782998329870802496737620628115395329263939197970862659705331663203786495493952577994717374378786267900176666558094516142710371905945586730024295956244042221014310622674269579945e-10
1.4999411510917213994542461634254219691521266627310433477897233182058869281137575587027705801083726824903055464888885047780838886126912086307014715038065240897926759980388097093650670396921320393488338 1.5098621725739593828175978974631190632595270328924085357733686345651166535868478051811453757481708386522299676129678693098820155598838953767259200463450727010957307636344090008304412333184207164285201e-10
1.4999326919766961905929190568106226235844490116382953754820894099601560871043125291425438883172296726030634602372957368516840658157725343737021917980928757568362785945677466190418638225960090220886675 1.4816640658633265209225329375459638903235033434340141348471239000936710761654560459686216653557424762607427547773158903961001980556609605703661847342177260711822514307387279518190665983322989207396511e-12
1.4999404499825629036600294898520004298146022201792729840540240378685326801959602978254610408069613525029195409683133279893186669993412827437338524233520249418719112741883919538069000605859533496665988 9.8111978188756088860458929001049143601787069032978642601960217343440414689040524011510804443970851011410760629685305439874162932725845893674323400729603715195115427886836565211619589483891797622726207e-11
1.4999397362542140427568337498434286097765140598077404834725942002931792551154890101955977316961271862155246114920926074985767849811990567337597276915198233876710628109908889376441361004078341632615563 6.39174798975232193176596988096872441565782078668855237527544496564783079114764309849280985917623020141868985321401691352684314579764604804711874180463174331166341826097209623573561339358277541202557e-11
1.4999335340243017328602655651398718793043594124300298660002965608234064578768054586597973858955570964135690158593351072054624809956003239500541515485869298414622879695399514731950308835383696090397825 2.2363278776811943898602907161548468240363750352691636884740225266706473379529131546299824441158980982838149008504601979235611539814402787940957978676715804675674762664943112885638503349152527457024188e-12
1.4999390096084720397823247466919491770602971580744912323698108729416262978328839066424817674080479233254035267452333432204172524929339819911198626204899805375643752355617528890588862837935794433373026 4.1741479388933599841521435473913185295177220368611242170761650338886943370414096619846124634425372481058623321619726214933863820512129143109181476421465810120148789098272732301139547798581259453146273e-11
1.4999343603702024660275163224242078414284573226878616013921161484165986391105912754086240887318382089487435062296247584442219205963329325455104999750353626443109109017703978848017359731434678220563618 3.379946156727935265695535071175737793453278360812966470658378036936538247826535467661917388939059668788730188395158316474289793513735135510417318904754769059541307645497263453479945991243028378661726e-12
1.4999382697356943171389866104399883692246525444595275069440943170210878808718882447792054378418925794685383427063146106536955572984475674260091725016126012473282874164228838445375621897780003746147724 2.7321487268024167703211454869591645398673638629022856467081260371230588115271939352697122935984941204808151486397553874187103815091758566374439664499612232594045477809135758574954274659781230068083294e-11
1.4999351714021963996887108542296599266258495527988063127908792722774057975699233151244966818985778746079815475448080263102854663029478807904197680038408353678732111865883241157244878034031448670652856 5.1159382943202477881729343143212895784699586145735170097678840160980601778615345096222114096075374900072146129519548617713972717354691435112132409049660344959846897155105261542441770084635301828758819e-12
1.4999375163153419043378974599589590644761147691170635739428577636361898171271603563769645276613267933528716191513635790358493253991441388167408844818295137092924026511205238462825970549896737887915347 1.7921226685391900941670539213971952727818304982227623417893225449183528732762896457519456612974243366209457058194726581171032763679710748215534637949612277107707318863217994697587609447461977396615831e-11
1.4999359674961030789115124572068171636788280934809015080354130882213583031223286515705572781866354410602197345988948074142674466977582947053988019857235105532486709483071364924406600395071998083526598 7.7559701436839005043248356694628522618224323499210565784275623726701973442949790793517339177069943258249362629098714059474798740841079465986548945572490427169183867283622491018535164074683022379263562e-12
1.4999367490161548439153971863678060849709892123320360264042635032431186553778972480022417806375978050232863550696057986052292978313696230690827402006362583990035771906705001726804918889629163503122301 1.1778714360751097369722202557015809965651200742370209550253405783694535958123854549901578025628843325312270249057437459733234688778075504992933381019779354812063624186581405383956743103767223344864782e-11
